example_id	label	gc_fraction	cpg_fraction	distance_to_tss	within_2kb_TSS	in_gc_matched_subset
chr17:59220177-59220777	1	0.58	0.0667779632721202	33	True	True
chr17:42676884-42677484	1	0.6483333333333333	0.07011686143572621	155	True	False
chr17:7435033-7435633	1	0.545	0.04006677796327212	10	True	True
chr17:56833712-56834312	1	0.7316666666666667	0.12020033388981637	86	True	False
chr17:57935742-57936342	1	0.5866666666666667	0.011686143572621035	11121	False	False
chr17:77958315-77958915	1	0.745	0.1335559265442404	3	True	False
chr17:81295018-81295618	1	0.7083333333333334	0.09515859766277128	12	True	False
chr17:17836074-17836674	1	0.6833333333333333	0.10517529215358931	611	True	False
chr17:63773459-63774059	1	0.59	0.08013355592654424	96	True	True
chr17:75979242-75979842	1	0.6316666666666667	0.07178631051752922	38	True	True
chr17:50877766-50878366	1	0.395	0.001669449081803005	10089	False	True
chr17:4555067-4555667	1	0.6483333333333333	0.09181969949916527	16	True	False
chr17:80260153-80260753	1	0.86	0.17529215358931552	353	True	False
chr17:48107428-48108028	1	0.6666666666666666	0.08013355592654424	37	True	False
chr17:39980290-39980890	1	0.6	0.08013355592654424	209	True	False
chr17:59964487-59965087	1	0.6433333333333333	0.09849749582637729	28	True	False
chr17:48908068-48908668	1	0.685	0.09849749582637729	1	True	False
chr17:1491464-1492064	1	0.7983333333333333	0.1419031719532554	83	True	False
chr17:50893528-50894128	1	0.4866666666666667	0.025041736227045076	15653	False	True
chr17:39231074-39231674	1	0.605	0.025041736227045076	5430	False	False
chr17:78723326-78723926	1	0.6016666666666667	0.03171953255425709	123	True	False
chr17:20155630-20156230	1	0.6833333333333333	0.09849749582637729	58	True	False
chr17:75720923-75721523	1	0.7733333333333333	0.11686143572621036	34	True	False
chr17:29591507-29592107	1	0.595	0.0333889816360601	433	True	False
chr17:782014-782614	1	0.67	0.10851419031719532	14	True	False
chr17:38704882-38705482	1	0.74	0.12520868113522537	61	True	False
chr17:76540661-76541261	1	0.5983333333333334	0.035058430717863104	918	True	False
chr17:48024972-48025572	1	0.6133333333333333	0.08013355592654424	1666	True	True
chr17:49707941-49708541	1	0.59	0.04674457429048414	92	True	False
chr17:83051591-83052191	1	0.7333333333333333	0.10684474123539232	63	True	False
chr17:67366357-67366957	1	0.5983333333333334	0.07679465776293823	17	True	False
chr17:50064539-50065139	1	0.6116666666666667	0.02671118530884808	8400	False	False
chr17:10114972-10115572	1	0.5683333333333334	0.01669449081803005	720	True	True
chr17:47189221-47189821	1	0.5583333333333333	0.07178631051752922	210	True	True
chr17:79074536-79075136	1	0.7016666666666667	0.11519198664440734	13	True	False
chr17:75046806-75047406	1	0.735	0.1001669449081803	88	True	False
chr17:82458324-82458924	1	0.7416666666666667	0.12186978297161936	62	True	False
chr17:46922556-46923156	1	0.5366666666666666	0.05509181969949917	218	True	True
chr17:64263011-64263611	1	0.7166666666666667	0.10684474123539232	21	True	False
chr17:77451194-77451794	1	0.6733333333333333	0.07512520868113523	251	True	False
chr17:7835336-7835936	1	0.705	0.09348914858096828	97	True	False
chr17:11997220-11997820	1	0.69	0.1018363939899833	46	True	False
chr17:42017194-42017794	1	0.66	0.08180300500834725	31	True	False
chr17:36486337-36486937	1	0.615	0.08681135225375626	9	True	False
chr17:15262331-15262931	1	0.6316666666666667	0.0651085141903172	61	True	False
chr17:28318731-28319331	1	0.6366666666666667	0.08514190317195326	65	True	False
chr17:50478527-50479127	1	0.7	0.10517529215358931	8	True	False
chr17:47492381-47492981	1	0.6016666666666667	0.08180300500834725	66	True	True
chr17:64836934-64837534	1	0.6883333333333334	0.08681135225375626	28	True	False
chr17:40139931-40140531	1	0.5766666666666667	0.05676126878130217	46	True	True
chr17:29148637-29149237	1	0.6516666666666666	0.05342237061769616	8455	False	False
chr17:47889801-47890401	1	0.5716666666666667	0.01669449081803005	5692	False	True
chr17:31859016-31859616	1	0.73	0.11853088480801335	73	True	False
chr17:27456036-27456636	1	0.7866666666666666	0.1302170283806344	111	True	False
chr17:18780900-18781500	1	0.6416666666666667	0.07512520868113523	18	True	False
chr17:31549746-31550346	1	0.7033333333333334	0.11018363939899833	338	True	False
chr17:81119568-81120168	1	0.7183333333333334	0.08514190317195326	5504	False	False
chr17:3636079-3636679	1	0.6883333333333334	0.09682804674457429	79	True	False
chr17:75034732-75035332	1	0.6	0.07178631051752922	2421	False	False
chr17:42744700-42745300	1	0.7016666666666667	0.09348914858096828	36	True	False
chr17:37359022-37359622	1	0.76	0.11519198664440734	207	True	False
chr17:28576696-28577296	1	0.6133333333333333	0.04340567612687813	49	True	True
chr17:29929998-29930598	1	0.6633333333333333	0.08681135225375626	23	True	False
chr17:28335317-28335917	1	0.68	0.07345575959933222	16	True	False
chr17:74453895-74454495	1	0.7416666666666667	0.08514190317195326	12191	False	False
chr17:28952125-28952725	1	0.5433333333333333	0.045075125208681135	854	True	False
chr17:8295127-8295727	1	0.6566666666666666	0.08347245409015025	18	True	False
chr17:17809976-17810576	1	0.6966666666666667	0.09181969949916527	3268	False	False
chr17:35788686-35789286	1	0.475	0.0	6627	False	True
chr17:34579192-34579792	1	0.6866666666666666	0.10851419031719532	6	True	False
chr17:61409403-61410003	1	0.6783333333333333	0.1001669449081803	2047	False	False
chr17:35578332-35578932	1	0.6	0.0667779632721202	38	True	True
chr17:82668444-82669044	1	0.6416666666666667	0.038397328881469114	438	True	False
chr17:69235297-69235897	1	0.4266666666666667	0.001669449081803005	586	True	True
chr17:75131482-75132082	1	0.7066666666666667	0.11519198664440734	7	True	False
chr17:56913829-56914429	1	0.6966666666666667	0.09515859766277128	9	True	False
chr17:1516379-1516979	1	0.7316666666666667	0.1318864774624374	55	True	False
chr17:7614872-7615472	1	0.6133333333333333	0.08013355592654424	257	True	False
chr17:43388319-43388919	1	0.6133333333333333	0.05509181969949917	75	True	False
chr17:44899104-44899704	1	0.6083333333333333	0.08013355592654424	37	True	False
chr17:74330415-74331015	1	0.575	0.015025041736227046	4490	False	False
chr17:28743659-28744259	1	0.7116666666666667	0.10684474123539232	42	True	False
chr17:7889056-7889656	1	0.5733333333333334	0.008347245409015025	566	True	True
chr17:75869105-75869705	1	0.5133333333333333	0.021702838063439065	6966	False	True
chr17:4731505-4732105	1	0.6183333333333333	0.06343906510851419	378	True	False
chr17:43360890-43361490	1	0.5066666666666667	0.07846410684474124	84	True	True
chr17:55763735-55764335	1	0.36333333333333334	0.01001669449081803	12636	False	True
chr17:81429140-81429740	1	0.7116666666666667	0.05342237061769616	9482	False	False
chr17:28644930-28645530	1	0.7333333333333333	0.12353923205342238	55	True	False
chr17:76585621-76586221	1	0.7666666666666667	0.11185308848080133	62	True	False
chr17:81082573-81083173	1	0.6233333333333333	0.035058430717863104	15244	False	False
chr17:61927396-61927996	1	0.5983333333333334	0.07345575959933222	250	True	True
chr17:21287660-21288260	1	0.63	0.03005008347245409	75	True	False
chr17:81977221-81977821	1	0.7666666666666667	0.1302170283806344	21	True	False
chr17:60677490-60678090	1	0.6016666666666667	0.06010016694490818	18	True	False
chr17:42088129-42088729	1	0.5916666666666667	0.02671118530884808	7	True	True
chr17:73311789-73312389	1	0.7183333333333334	0.09515859766277128	89	True	False
chr17:30291795-30292395	1	0.7366666666666667	0.11686143572621036	56	True	False
chr17:48892293-48892893	1	0.59	0.06844741235392321	171	True	True
chr17:42667818-42668418	1	0.56	0.01335559265442404	7827	False	False
chr17:31008395-31008995	1	0.6966666666666667	0.10517529215358931	22	True	False
chr17:12020482-12021082	1	0.6866666666666666	0.10517529215358931	35	True	False
chr17:16438449-16439049	1	0.5566666666666666	0.05509181969949917	255	True	True
chr17:81871196-81871796	1	0.7566666666666667	0.13856427378964942	121	True	False
chr17:6651380-6651980	1	0.6333333333333333	0.0651085141903172	76	True	False
chr17:10198577-10199177	1	0.7533333333333333	0.12186978297161936	34	True	False
chr17:78716800-78717400	1	0.5766666666666667	0.03171953255425709	76	True	False
chr17:40317904-40318504	1	0.655	0.07512520868113523	40	True	False
chr17:64156131-64156731	1	0.5333333333333333	0.011686143572621035	10093	False	True
chr17:2029688-2030288	1	0.6666666666666666	0.07512520868113523	148	True	False
chr17:15684002-15684602	1	0.5733333333333334	0.06010016694490818	1	True	True
chr17:32486223-32486823	1	0.7716666666666666	0.14023372287145242	35	True	False
chr17:67825141-67825741	1	0.7533333333333333	0.1335559265442404	46	True	False
chr17:7483995-7484595	1	0.5466666666666666	0.06844741235392321	18	True	True
chr17:65137062-65137662	1	0.68	0.07846410684474124	7	True	False
chr17:47895600-47896200	1	0.5466666666666666	0.041736227045075125	29	True	True
chr17:59355587-59356187	1	0.4633333333333333	0.00667779632721202	2577	False	True
chr17:50919501-50920101	1	0.6066666666666667	0.03005008347245409	9570	False	True
chr17:36591484-36592084	1	0.7116666666666667	0.10851419031719532	3	True	False
chr17:18682044-18682644	1	0.5866666666666667	0.07011686143572621	31	True	True
chr17:42120886-42121486	1	0.7183333333333334	0.07178631051752922	180	True	False
chr17:55750704-55751304	1	0.6433333333333333	0.05509181969949917	24	True	False
chr17:76709299-76709899	1	0.5983333333333334	0.03672787979966611	3	True	False
chr17:50102047-50102647	1	0.6366666666666667	0.01669449081803005	428	True	False
chr17:40191497-40192097	1	0.635	0.05843071786310518	1	True	False
chr17:4263680-4264280	1	0.6416666666666667	0.09515859766277128	2	True	False
chr17:78861945-78862545	1	0.5183333333333333	0.025041736227045076	51	True	True
chr17:49788913-49789513	1	0.595	0.06010016694490818	98	True	False
chr17:78359898-78360498	1	0.7516666666666667	0.1302170283806344	2	True	False
chr17:17379296-17379896	1	0.4633333333333333	0.01669449081803005	12215	False	True
chr17:20908394-20908994	1	0.5933333333333334	0.06343906510851419	12220	False	True
chr17:8138759-8139359	1	0.5583333333333333	0.0651085141903172	6011	False	False
chr17:4967163-4967763	1	0.58	0.048414023372287146	273	True	True
chr17:42997934-42998534	1	0.5316666666666666	0.04340567612687813	30	True	True
chr17:7572445-7573045	1	0.6516666666666666	0.08347245409015025	28	True	False
chr17:55699255-55699855	1	0.4666666666666667	0.011686143572621035	22890	False	True
chr17:41930002-41930602	1	0.5366666666666666	0.045075125208681135	240	True	True
chr17:7915699-7916299	1	0.7316666666666667	0.1419031719532554	25	True	False
chr17:72614916-72615516	1	0.5366666666666666	0.03005008347245409	83	True	True
chr17:82735260-82735860	1	0.77	0.13856427378964942	54	True	False
chr17:50161294-50161894	1	0.6066666666666667	0.07011686143572621	75	True	True
chr17:1487850-1488450	1	0.725	0.10684474123539232	271	True	False
chr17:10036595-10037195	1	0.5266666666666666	0.01669449081803005	149	True	True
chr17:38729912-38730512	1	0.8083333333333333	0.14524207011686144	62	True	False
chr17:20226673-20227273	1	0.495	0.02003338898163606	41892	False	True
chr17:75205135-75205735	1	0.6416666666666667	0.08681135225375626	42	True	False
chr17:76264946-76265546	1	0.7266666666666667	0.13856427378964942	50	True	False
chr17:27577065-27577665	1	0.5883333333333334	0.03005008347245409	10976	False	False
chr17:18363245-18363845	1	0.6933333333333334	0.1018363939899833	4	True	False
chr17:15563236-15563836	1	0.7216666666666667	0.09849749582637729	1	True	False
chr17:27332706-27333306	1	0.6733333333333333	0.07345575959933222	98	True	False
chr17:75507708-75508308	1	0.665	0.021702838063439065	1879	True	False
chr17:39652770-39653370	1	0.6216666666666667	0.00667779632721202	1	True	False
chr17:63621907-63622507	1	0.66	0.08347245409015025	171	True	False
chr17:77088379-77088979	1	0.605	0.06176961602671119	14	True	False
chr17:16215274-16215874	1	0.735	0.12020033388981637	26	True	False
chr17:44218394-44218994	1	0.7466666666666667	0.11185308848080133	32	True	False
chr17:28842465-28843065	1	0.65	0.06844741235392321	24	True	False
chr17:36535181-36535781	1	0.65	0.09849749582637729	14	True	False
chr17:61863265-61863865	1	0.545	0.05843071786310518	5	True	True
chr17:41688524-41689124	1	0.655	0.09181969949916527	58	True	False
chr17:78040577-78041177	1	0.56	0.05843071786310518	26069	False	False
chr17:46225125-46225725	1	0.6616666666666666	0.06010016694490818	37	True	False
chr17:49566015-49566615	1	0.495	0.02337228714524207	7721	False	True
chr17:79844624-79845224	1	0.6933333333333334	0.0667779632721202	5185	False	False
chr17:31533471-31534071	1	0.5383333333333333	0.018363939899833055	166	True	True
chr17:50719231-50719831	1	0.65	0.1018363939899833	33	True	False
chr17:78896456-78897056	1	0.6266666666666667	0.0333889816360601	507	True	False
chr17:4230027-4230627	1	0.4066666666666667	0.005008347245409015	33519	False	True
chr17:4710247-4710847	1	0.73	0.11185308848080133	82	True	False
chr17:63681377-63681977	1	0.5083333333333333	0.01335559265442404	17484	False	True
chr17:45371521-45372121	1	0.615	0.07679465776293823	290	True	False
chr17:57874354-57874954	1	0.6433333333333333	0.05175292153589316	18033	False	False
chr17:59331281-59331881	1	0.725	0.10517529215358931	9	True	False
chr17:74213169-74213769	1	0.6616666666666666	0.08347245409015025	48	True	False
chr17:49677788-49678388	1	0.6533333333333333	0.07345575959933222	8	True	False
chr17:32876956-32877556	1	0.7333333333333333	0.12353923205342238	57	True	False
chr17:75525288-75525888	1	0.79	0.1318864774624374	94	True	False
chr17:50178044-50178644	1	0.6433333333333333	0.035058430717863104	2911	False	False
chr17:37406858-37407458	1	0.7266666666666667	0.11352253756260434	56	True	False
chr17:37609187-37609787	1	0.6716666666666666	0.09348914858096828	2	True	False
chr17:82022806-82023406	1	0.72	0.1001669449081803	162	True	False
chr17:42527112-42527712	1	0.545	0.008347245409015025	4215	False	True
chr17:20189248-20189848	1	0.485	0.01001669449081803	4467	False	True
chr17:7219580-7220180	1	0.6716666666666666	0.07679465776293823	0	True	False
chr17:7014424-7015024	1	0.7066666666666667	0.10684474123539232	57	True	False
chr17:38799287-38799887	1	0.7716666666666666	0.12520868113522537	32	True	False
chr17:58577603-58578203	1	0.4666666666666667	0.011686143572621035	33536	False	True
chr17:17591448-17592048	1	0.6616666666666666	0.09515859766277128	41	True	False
chr17:76480548-76481148	1	0.54	0.02671118530884808	935	True	True
chr17:19977552-19978152	1	0.7183333333333334	0.09849749582637729	25	True	False
chr17:8479238-8479838	1	0.45166666666666666	0.01335559265442404	31586	False	True
chr17:81552078-81552678	1	0.76	0.1419031719532554	9	True	False
chr17:44968101-44968701	1	0.7733333333333333	0.12520868113522537	33	True	False
chr17:38417603-38418203	1	0.6133333333333333	0.011686143572621035	1356	True	False
chr17:50930890-50931490	1	0.5616666666666666	0.06343906510851419	12862	False	True
chr17:44344967-44345567	1	0.5833333333333334	0.045075125208681135	34	True	False
chr17:75456287-75456887	1	0.5916666666666667	0.05843071786310518	3	True	False
chr17:48816868-48817468	1	0.695	0.09348914858096828	60	True	False
chr17:7436851-7437451	1	0.7316666666666667	0.12353923205342238	1091	True	False
chr17:81512648-81513248	1	0.7783333333333333	0.1419031719532554	131	True	False
chr17:57242992-57243592	1	0.4816666666666667	0.02003338898163606	12558	False	True
chr17:1005310-1005910	1	0.5833333333333334	0.038397328881469114	8482	False	False
chr17:81636570-81637170	1	0.73	0.11185308848080133	241	True	False
chr17:81911298-81911898	1	0.745	0.12353923205342238	130	True	False
chr17:8186547-8187147	1	0.5366666666666666	0.05676126878130217	97	True	True
chr17:996480-997080	1	0.6216666666666667	0.09682804674457429	309	True	False
chr17:58992454-58993054	1	0.49666666666666665	0.01669449081803005	355	True	True
chr17:47970622-47971222	1	0.6383333333333333	0.06844741235392321	108	True	False
chr17:60078395-60078995	1	0.6266666666666667	0.07011686143572621	225	True	False
chr17:39461225-39461825	1	0.5833333333333334	0.07011686143572621	40	True	False
chr17:73644963-73645563	1	0.7833333333333333	0.15191986644407346	7	True	False
chr17:77109541-77110141	1	0.395	0.011686143572621035	15751	False	True
chr17:78360660-78361260	1	0.6466666666666666	0.048414023372287146	31	True	False
chr17:45894114-45894714	1	0.725	0.1302170283806344	137	True	False
chr17:44308223-44308823	1	0.73	0.07178631051752922	35	True	False
chr17:38296821-38297421	1	0.6033333333333334	0.07345575959933222	11	True	False
chr17:62478465-62479065	1	0.7766666666666666	0.1302170283806344	3	True	False
chr17:45092965-45093565	1	0.5183333333333333	0.011686143572621035	21167	False	True
chr17:81094863-81095463	1	0.61	0.04340567612687813	2954	False	False
chr17:34413496-34414096	1	0.4666666666666667	0.01669449081803005	7070	False	True
chr17:50043661-50044261	1	0.5833333333333334	0.02337228714524207	11280	False	False
chr17:49515237-49515837	1	0.6166666666666667	0.015025041736227046	4721	False	False
chr17:8156144-8156744	1	0.62	0.07846410684474124	85	True	False
chr17:48023679-48024279	1	0.7133333333333334	0.07512520868113523	373	True	False
chr17:40098970-40099570	1	0.6783333333333333	0.08013355592654424	1318	True	False
chr17:68794599-68795199	1	0.38166666666666665	0.005008347245409015	26511	False	True
chr17:20008989-20009589	1	0.6833333333333333	0.1018363939899833	54	True	False
chr17:15414850-15415450	1	0.555	0.018363939899833055	2727	False	True
chr17:80414858-80415458	1	0.6916666666666667	0.12687813021702837	8	True	False
chr17:59707304-59707904	1	0.575	0.06010016694490818	19	True	False
chr17:44014669-44015269	1	0.5666666666666667	0.05175292153589316	0	True	True
chr17:82098093-82098693	1	0.7933333333333333	0.15025041736227046	151	True	False
chr17:67717475-67718075	1	0.5583333333333333	0.0651085141903172	20	True	True
chr17:59837479-59838079	1	0.4166666666666667	0.008347245409015025	3486	False	True
chr17:27293709-27294309	1	0.5933333333333334	0.0651085141903172	14	True	False
chr17:75289203-75289803	1	0.64	0.09348914858096828	46	True	False
chr17:79838401-79839001	1	0.6133333333333333	0.07178631051752922	738	True	False
chr17:29566796-29567396	1	0.76	0.12020033388981637	5	True	False
chr17:47694332-47694932	1	0.7133333333333334	0.08681135225375626	360	True	False
chr17:57987657-57988257	1	0.7483333333333333	0.1018363939899833	30	True	False
chr17:45021775-45022375	1	0.7033333333333334	0.09181969949916527	8480	False	False
chr17:4948690-4949290	1	0.6133333333333333	0.07512520868113523	29	True	False
chr17:20852485-20853085	1	0.5516666666666666	0.048414023372287146	46	True	True
chr17:21511467-21512067	1	0.6516666666666666	0.1001669449081803	7746	False	False
chr17:60392060-60392660	1	0.695	0.1001669449081803	36	True	False
chr17:17206228-17206828	1	0.7333333333333333	0.09682804674457429	160	True	False
chr17:27245159-27245759	1	0.5066666666666667	0.011686143572621035	3707	False	True
chr17:56780114-56780714	1	0.5666666666666667	0.06176961602671119	23854	False	True
chr17:47295366-47295966	1	0.5783333333333334	0.02003338898163606	27946	False	True
chr17:82698435-82699035	1	0.7416666666666667	0.11853088480801335	2	True	False
chr17:47100039-47100639	1	0.65	0.05509181969949917	61	True	False
chr17:50707605-50708205	1	0.64	0.07846410684474124	8	True	False
chr17:31558849-31559449	1	0.775	0.1335559265442404	846	True	False
chr17:68456534-68457134	1	0.5583333333333333	0.028380634390651086	644	True	False
chr17:69326920-69327520	1	0.73	0.12020033388981637	62	True	False
chr17:4142823-4143423	1	0.64	0.09015025041736227	65	True	False
chr17:21275615-21276215	1	0.68	0.07345575959933222	19	True	False
chr17:4939945-4940545	1	0.5983333333333334	0.09348914858096828	22	True	True
chr17:39730272-39730872	1	0.6933333333333334	0.08848080133555926	18	True	False
chr17:38434054-38434654	1	0.6333333333333333	0.041736227045075125	5869	False	False
chr17:31416246-31416846	1	0.6033333333333334	0.01669449081803005	1442	True	False
chr17:76501158-76501758	1	0.7266666666666667	0.09515859766277128	36	True	False
chr17:82519330-82519930	1	0.815	0.18196994991652754	58	True	False
chr17:70169152-70169752	1	0.6883333333333334	0.08681135225375626	49	True	False
chr17:74203243-74203843	1	0.575	0.045075125208681135	60	True	True
chr17:19507579-19508179	1	0.6816666666666666	0.08347245409015025	12654	False	False
chr17:74748257-74748857	1	0.7216666666666667	0.12687813021702837	55	True	False
chr17:66302214-66302814	1	0.8266666666666667	0.17195325542570952	29	True	False
chr17:3048704-3049304	1	0.635	0.07178631051752922	14602	False	False
chr17:75940848-75941448	1	0.6633333333333333	0.08848080133555926	69	True	False
chr17:62065730-62066330	1	0.595	0.06343906510851419	36	True	False
chr17:20320557-20321157	1	0.67	0.0667779632721202	34	True	False
chr17:64662072-64662672	1	0.7483333333333333	0.12020033388981637	28	True	False
chr17:49260012-49260612	1	0.7066666666666667	0.11185308848080133	12044	False	False
chr17:35448082-35448682	1	0.5883333333333334	0.05843071786310518	383	True	True
chr17:2392449-2393049	1	0.7	0.10350584307178631	7903	False	False
chr17:60421412-60422012	1	0.7016666666666667	0.09682804674457429	776	True	False
chr17:61157424-61158024	1	0.4083333333333333	0.011686143572621035	21598	False	True
chr17:75632924-75633524	1	0.635	0.03672787979966611	209	True	False
chr17:67289451-67290051	1	0.505	0.02337228714524207	18283	False	True
chr17:57604945-57605545	1	0.5116666666666667	0.025041736227045076	3166	False	True
chr17:75779608-75780208	1	0.53	0.07512520868113523	117	True	True
chr17:32444106-32444706	1	0.6833333333333333	0.10517529215358931	39	True	False
chr17:64129938-64130538	1	0.7283333333333334	0.11185308848080133	39	True	False
chr17:17681048-17681648	1	0.7266666666666667	0.12353923205342238	26	True	False
chr17:30667904-30668504	1	0.675	0.04674457429048414	818	True	False
chr17:1829587-1830187	1	0.7266666666666667	0.12687813021702837	14	True	False
chr17:17752040-17752640	1	0.6866666666666666	0.08180300500834725	40	True	False
chr17:56808365-56808965	1	0.4716666666666667	0.00667779632721202	4397	False	True
chr17:64506096-64506696	1	0.62	0.08681135225375626	60	True	False
chr17:39699643-39700243	1	0.6083333333333333	0.05509181969949917	120	True	False
chr17:41811695-41812295	1	0.7183333333333334	0.10684474123539232	47	True	False
chr17:81733619-81734219	1	0.6316666666666667	0.028380634390651086	664	True	True
chr17:50918715-50919315	1	0.605	0.011686143572621035	8784	False	False
chr17:64145553-64146153	1	0.5383333333333333	0.05342237061769616	72	True	True
chr17:51119958-51120558	1	0.6833333333333333	0.08681135225375626	609	True	False
chr17:55238241-55238841	1	0.6783333333333333	0.10851419031719532	26418	False	False
chr17:15699349-15699949	1	0.6083333333333333	0.08347245409015025	57	True	True
chr17:47707362-47707962	1	0.49166666666666664	0.005008347245409015	11084	False	True
chr17:29572544-29573144	1	0.705	0.09515859766277128	3265	False	False
chr17:45490531-45491131	1	0.69	0.09181969949916527	74	True	False
chr17:62819660-62820260	1	0.4633333333333333	0.018363939899833055	11461	False	True
chr17:27893044-27893644	1	0.6866666666666666	0.1001669449081803	20	True	False
chr17:76726402-76727002	1	0.6816666666666666	0.11352253756260434	9	True	False
chr17:15944786-15945386	1	0.745	0.12687813021702837	6	True	True
chr17:57906783-57907383	1	0.5183333333333333	0.021702838063439065	3695	False	True
chr17:41967181-41967781	1	0.6283333333333333	0.04674457429048414	667	True	False
chr17:19992643-19993243	1	0.49	0.028380634390651086	12886	False	True
chr17:17496169-17496769	1	0.7366666666666667	0.10350584307178631	68	True	False
chr17:3668285-3668885	1	0.695	0.11519198664440734	1	True	False
chr17:74982063-74982663	1	0.705	0.09849749582637729	12	True	False
chr17:29293955-29294555	1	0.5816666666666667	0.05175292153589316	27	True	True
chr17:15260604-15261204	1	0.6733333333333333	0.09515859766277128	162	True	False
chr17:16865600-16866200	1	0.5133333333333333	0.01335559265442404	843	True	True
chr17:47649424-47650024	1	0.6916666666666667	0.1001669449081803	28	True	False
chr17:1456053-1456653	1	0.7033333333333334	0.11185308848080133	89	True	False
chr17:76569854-76570454	1	0.595	0.02671118530884808	363	True	True
chr17:15651546-15652146	1	0.5166666666666667	0.01335559265442404	153	True	True
chr17:56593512-56594112	1	0.71	0.10684474123539232	114	True	False
chr17:82751463-82752063	1	0.8	0.14357262103505844	81	True	False
chr17:42422972-42423572	1	0.68	0.09181969949916527	7	True	False
chr17:10697283-10697883	1	0.7033333333333334	0.10350584307178631	10	True	False
chr17:18625316-18625916	1	0.6316666666666667	0.05175292153589316	3	True	False
chr17:82497033-82497633	1	0.7383333333333333	0.12353923205342238	15236	False	False
chr17:19464542-19465142	1	0.49833333333333335	0.011686143572621035	3823	False	True
chr17:44689447-44690047	1	0.6	0.0651085141903172	28	True	False
chr17:46193802-46194402	1	0.6	0.0651085141903172	471	True	True
chr17:46372439-46373039	1	0.7183333333333334	0.12186978297161936	70	True	False
chr17:63741620-63742220	1	0.6466666666666666	0.08013355592654424	13	True	False
chr17:28571279-28571879	1	0.65	0.08013355592654424	44	True	False
chr17:83099756-83100356	1	0.6583333333333333	0.06176961602671119	6	True	False
chr17:31901579-31902179	1	0.565	0.06343906510851419	133	True	False
chr17:30824453-30825053	1	0.7116666666666667	0.11018363939899833	29	True	False
chr17:82738096-82738696	1	0.6366666666666667	0.03005008347245409	2782	False	True
chr17:4997327-4997927	1	0.7366666666666667	0.12353923205342238	1	True	False
chr17:40598427-40599027	1	0.485	0.028380634390651086	143	True	True
chr17:1039395-1039995	1	0.65	0.04006677796327212	7858	False	False
chr17:17535844-17536444	1	0.5716666666666667	0.015025041736227046	28794	False	True
chr17:80833062-80833662	1	0.5683333333333334	0.03672787979966611	6463	False	True
chr17:8435490-8436090	1	0.6683333333333333	0.09181969949916527	44	True	False
chr17:2041651-2042251	1	0.72	0.12520868113522537	20	True	False
chr17:5468767-5469367	1	0.6133333333333333	0.0667779632721202	31	True	False
chr17:18225188-18225788	1	0.7483333333333333	0.13689482470784642	53	True	False
chr17:62694414-62695014	1	0.49666666666666665	0.025041736227045076	10810	False	True
chr17:57898748-57899348	1	0.6433333333333333	0.01335559265442404	131	True	True
chr17:65100507-65101107	1	0.6916666666666667	0.07345575959933222	91	True	True
chr17:4795855-4796455	1	0.5566666666666666	0.04674457429048414	8	True	False
chr17:714611-715211	1	0.72	0.09849749582637729	73	True	False
chr17:38869622-38870222	1	0.7216666666666667	0.10684474123539232	64	True	False
chr17:77280914-77281514	1	0.8166666666666667	0.13856427378964942	212	True	False
chr17:75896264-75896864	1	0.7333333333333333	0.12186978297161936	386	True	False
chr17:76737171-76737771	1	0.6666666666666666	0.1018363939899833	14	True	False
chr17:57955072-57955672	1	0.7933333333333333	0.1419031719532554	39	True	False
chr17:68205133-68205733	1	0.72	0.11352253756260434	3	True	False
chr17:81393740-81394340	1	0.6583333333333333	0.09015025041736227	1409	True	False
chr17:68783825-68784425	1	0.465	0.00667779632721202	37285	False	True
chr17:35809092-35809692	1	0.5933333333333334	0.07512520868113523	82	True	False
chr17:15231681-15232281	1	0.5533333333333333	0.02003338898163606	19714	False	True
chr17:40287375-40287975	1	0.565	0.06176961602671119	155	True	False
chr17:10270016-10270616	1	0.4116666666666667	0.005008347245409015	21502	False	True
chr17:1399991-1400591	1	0.6683333333333333	0.10517529215358931	34	True	False
chr17:75877121-75877721	1	0.6433333333333333	0.05509181969949917	1050	True	False
chr17:37489536-37490136	1	0.7733333333333333	0.1352253756260434	17	True	False
chr17:16568948-16569548	1	0.6583333333333333	0.08347245409015025	31	True	False
chr17:66540016-66540616	1	0.565	0.02671118530884808	71840	False	True
chr17:4832989-4833589	1	0.7	0.12186978297161936	50	True	False
chr17:2336193-2336793	1	0.6	0.07512520868113523	18	True	False
chr17:40553712-40554312	1	0.5366666666666666	0.028380634390651086	1536	True	True
chr17:76353614-76354214	1	0.6766666666666666	0.1018363939899833	1	True	False
chr17:68512094-68512694	1	0.6716666666666666	0.09515859766277128	2	True	False
chr17:50935273-50935873	1	0.5333333333333333	0.02671118530884808	8479	False	True
chr17:80454454-80455054	1	0.7483333333333333	0.13689482470784642	26	True	False
chr17:58517807-58518407	1	0.625	0.07178631051752922	190	True	False
chr17:74872789-74873389	1	0.6566666666666666	0.08180300500834725	51	True	False
chr17:2593593-2594193	1	0.7516666666666667	0.12186978297161936	53	True	False
chr17:81927396-81927996	1	0.805	0.15525876460767946	38	True	False
chr17:4987383-4987983	1	0.7233333333333334	0.09515859766277128	0	True	False
chr17:15828627-15829227	1	0.4716666666666667	0.015025041736227046	10829	False	True
chr17:80035525-80036125	1	0.8166666666666667	0.1419031719532554	46	True	False
chr17:29389951-29390551	1	0.645	0.08013355592654424	5	True	False
chr17:17063755-17064355	1	0.5716666666666667	0.02671118530884808	13696	False	False
chr17:40417788-40418388	1	0.5316666666666666	0.048414023372287146	193	True	True
chr17:49315395-49315995	1	0.3416666666666667	0.008347245409015025	6793	False	True
chr17:1511593-1512193	1	0.5683333333333334	0.011686143572621035	4718	False	False
chr17:76279363-76279963	1	0.61	0.02003338898163606	7581	False	True
chr17:41966444-41967044	1	0.6816666666666666	0.10684474123539232	16	True	False
chr17:18314774-18315374	1	0.65	0.09181969949916527	50	True	False
chr17:5111710-5112310	1	0.64	0.07178631051752922	59	True	False
chr17:78127213-78127813	1	0.6383333333333333	0.035058430717863104	745	True	False
chr17:80101111-80101711	1	0.7883333333333333	0.14524207011686144	114	True	False
chr17:2399383-2399983	1	0.6916666666666667	0.08848080133555926	1376	True	False
chr17:48053273-48053873	1	0.5383333333333333	0.008347245409015025	1101	True	True
chr17:31023062-31023662	1	0.39666666666666667	0.005008347245409015	9243	False	True
chr17:34199847-34200447	1	0.43833333333333335	0.011686143572621035	3972	False	True
chr17:62703636-62704236	1	0.75	0.11018363939899833	2297	False	False
chr17:29615422-29616022	1	0.7	0.08848080133555926	5639	False	False
chr17:43024826-43025426	1	0.715	0.09515859766277128	95	True	False
chr17:60525940-60526540	1	0.6416666666666667	0.08681135225375626	1	True	False
chr17:31487675-31488275	1	0.765	0.1335559265442404	24	True	False
chr17:73232100-73232700	1	0.6383333333333333	0.08848080133555926	2	True	False
chr17:50541897-50542497	1	0.7066666666666667	0.10684474123539232	3437	False	False
chr17:74987283-74987883	1	0.6533333333333333	0.08514190317195326	4	True	False
chr17:27353581-27354181	1	0.73	0.09515859766277128	3	True	False
chr17:3846033-3846633	1	0.6766666666666666	0.09515859766277128	71	True	False
chr17:79918995-79919595	1	0.6533333333333333	0.038397328881469114	13	True	True
chr17:55264625-55265225	1	0.6133333333333333	0.09181969949916527	34	True	False
chr17:30708600-30709200	1	0.7083333333333334	0.11519198664440734	181	True	False
chr17:5485997-5486597	1	0.6316666666666667	0.08013355592654424	15	True	True
chr17:17021337-17021937	1	0.5883333333333334	0.02003338898163606	93	True	False
chr17:7404252-7404852	1	0.63	0.06343906510851419	131	True	False
chr17:75855168-75855768	1	0.575	0.0651085141903172	49	True	True
chr17:57849868-57850468	1	0.6183333333333333	0.06176961602671119	50	True	False
chr17:43778762-43779362	1	0.7016666666666667	0.11686143572621036	63	True	False
chr17:63549915-63550515	1	0.6033333333333334	0.07178631051752922	30	True	False
chr17:58518439-58519039	1	0.5283333333333333	0.04006677796327212	70	True	True
chr17:30477085-30477685	1	0.5883333333333334	0.05676126878130217	22	True	False
chr17:17972152-17972752	1	0.64	0.07512520868113523	16	True	False
chr17:81130262-81130862	1	0.67	0.025041736227045076	1385	True	False
chr17:27494534-27495134	1	0.5533333333333333	0.02337228714524207	22825	False	True
chr17:57537668-57538268	1	0.5266666666666666	0.02003338898163606	6200	False	True
chr17:55527429-55528029	1	0.45	0.011686143572621035	16278	False	True
chr17:81128693-81129293	1	0.6816666666666666	0.045075125208681135	2954	False	False
chr17:44186475-44187075	1	0.6033333333333334	0.07011686143572621	24	True	False
chr17:13017856-13018456	1	0.5866666666666667	0.08180300500834725	108	True	True
chr17:6443948-6444548	1	0.6933333333333334	0.07846410684474124	147	True	False
chr17:46579641-46580241	1	0.5233333333333333	0.05342237061769616	221	True	True
chr17:36545171-36545771	1	0.755	0.11018363939899833	179	True	False
chr17:32349802-32350402	1	0.5316666666666666	0.05509181969949917	6	True	True
chr17:51260134-51260734	1	0.6283333333333333	0.08347245409015025	42	True	False
chr17:31500044-31500644	1	0.5083333333333333	0.01669449081803005	12345	False	True
chr17:67377091-67377691	1	0.71	0.11686143572621036	111	True	False
chr17:81683546-81684146	1	0.6966666666666667	0.12020033388981637	50	True	False
chr17:63848935-63849535	1	0.6333333333333333	0.10517529215358931	62	True	False
chr17:81238817-81239417	1	0.6866666666666666	0.10350584307178631	23	True	False
chr17:18038980-18039580	1	0.685	0.10350584307178631	83	True	False
chr17:57899402-57900002	1	0.5466666666666666	0.015025041736227046	785	True	False
chr17:78822498-78823098	1	0.6183333333333333	0.038397328881469114	17240	False	False
chr17:38428088-38428688	1	0.7566666666666667	0.09181969949916527	75	True	False
chr17:28951207-28951807	1	0.7033333333333334	0.10851419031719532	10	True	False
chr17:73342074-73342674	1	0.6066666666666667	0.021702838063439065	30374	False	False
chr17:45161398-45161998	1	0.6033333333333334	0.06844741235392321	34	True	False
chr17:74812983-74813583	1	0.5166666666666667	0.01669449081803005	36785	False	True
chr17:73262231-73262831	1	0.5616666666666666	0.02003338898163606	180	True	False
chr17:50866200-50866800	1	0.735	0.12020033388981637	144	True	False
chr17:7685828-7686428	1	0.5266666666666666	0.06343906510851419	31	True	True
chr17:65056535-65057135	1	0.7716666666666666	0.1318864774624374	2	True	False
chr17:732154-732754	1	0.81	0.1636060100166945	10	True	False
chr17:8154234-8154834	1	0.6216666666666667	0.04340567612687813	289	True	False
chr17:7687987-7688587	1	0.5483333333333333	0.0667779632721202	189	True	True
chr17:19867580-19868180	1	0.7816666666666666	0.14691151919866444	55	True	False
chr17:77924787-77925387	1	0.5683333333333334	0.025041736227045076	2132	False	False
chr17:61412247-61412847	1	0.71	0.09682804674457429	797	True	False
chr17:38464746-38465346	1	0.665	0.04674457429048414	5051	False	False
chr17:28041360-28041960	1	0.625	0.08013355592654424	48	True	False
chr17:80859969-80860569	1	0.6233333333333333	0.02671118530884808	33370	False	True
chr17:43483466-43484066	1	0.5533333333333333	0.05843071786310518	175	True	True
chr17:75182778-75183378	1	0.6633333333333333	0.1001669449081803	88	True	False
chr17:73310885-73311485	1	0.7133333333333334	0.11352253756260434	106	True	False
chr17:28719614-28720214	1	0.56	0.06844741235392321	25	True	True
chr17:50546849-50547449	1	0.68	0.06844741235392321	24	True	False
chr17:55421696-55422296	1	0.7283333333333334	0.11352253756260434	11	True	False
chr17:21043102-21043702	1	0.7016666666666667	0.08848080133555926	333	True	False
chr17:28812246-28812846	1	0.7033333333333334	0.0651085141903172	67	True	False
chr17:59565225-59565825	1	0.63	0.09015025041736227	68	True	False
chr17:57084804-57085404	1	0.7366666666666667	0.1335559265442404	22	True	False
chr17:54968453-54969053	1	0.6066666666666667	0.0667779632721202	11	True	True
chr17:36948642-36949242	1	0.67	0.11519198664440734	11	True	False
chr17:21284269-21284869	1	0.7316666666666667	0.11352253756260434	106	True	False
chr17:7239342-7239942	1	0.6616666666666666	0.07512520868113523	158	True	False
chr17:49764083-49764683	1	0.54	0.03672787979966611	253	True	True
chr17:78313980-78314580	1	0.7433333333333333	0.09515859766277128	1448	True	False
chr17:1628660-1629260	1	0.7266666666666667	0.11352253756260434	127	True	False
chr17:47650299-47650899	1	0.735	0.09181969949916527	596	True	False
chr17:17009934-17010534	1	0.5133333333333333	0.01335559265442404	420	True	True
chr17:39401467-39402067	1	0.7266666666666667	0.11352253756260434	16	True	False
chr17:49788276-49788876	1	0.5583333333333333	0.07178631051752922	15	True	False
chr17:18258456-18259056	1	0.7233333333333334	0.1001669449081803	19	True	False
chr17:59106701-59107301	1	0.655	0.09682804674457429	81	True	False
chr17:7307227-7307827	1	0.6516666666666666	0.10684474123539232	7	True	False
chr17:15341353-15341953	1	0.63	0.07011686143572621	57	True	False
chr17:58692277-58692877	1	0.585	0.07178631051752922	5	True	True
chr17:54900487-54901087	1	0.6983333333333334	0.1001669449081803	18	True	False
chr17:78821809-78822409	1	0.5433333333333333	0.025041736227045076	17929	False	True
chr17:81222816-81223416	1	0.7383333333333333	0.11018363939899833	103	True	False
chr17:16589141-16589741	1	0.6483333333333333	0.07512520868113523	4972	False	False
chr17:57440727-57441327	1	0.56	0.02003338898163606	7190	False	False
chr17:75516159-75516759	1	0.7566666666666667	0.12353923205342238	18	True	False
chr17:8189882-8190482	1	0.6466666666666666	0.09015025041736227	3	True	False
chr17:57861282-57861882	1	0.6366666666666667	0.05676126878130217	11464	False	False
chr17:29761133-29761733	1	0.6716666666666666	0.10851419031719532	17	True	False
chr17:8630716-8631316	1	0.7083333333333334	0.1001669449081803	99	True	False
chr17:75764849-75765449	1	0.7233333333333334	0.1001669449081803	14	True	False
chr17:16653576-16654176	1	0.5833333333333334	0.0651085141903172	17	True	False
chr17:10729478-10730078	1	0.7066666666666667	0.10517529215358931	1	True	False
chr17:5446667-5447267	1	0.4483333333333333	0.015025041736227046	7785	False	True
chr17:47530758-47531358	1	0.7283333333333334	0.10684474123539232	49	True	False
chr17:57256094-57256694	1	0.75	0.11018363939899833	52	True	False
chr17:35763954-35764554	1	0.7166666666666667	0.1001669449081803	620	True	False
chr17:56592366-56592966	1	0.6383333333333333	0.0667779632721202	1032	True	True
chr17:78341711-78342311	1	0.795	0.1318864774624374	63	True	False
chr17:42112545-42113145	1	0.5833333333333334	0.01669449081803005	111	True	True
chr17:28598798-28599398	1	0.6466666666666666	0.07846410684474124	34	True	False
chr17:68035351-68035951	1	0.6716666666666666	0.1018363939899833	83	True	False
chr17:81860333-81860933	1	0.6883333333333334	0.12186978297161936	10	True	False
chr17:28711088-28711688	1	0.7066666666666667	0.10517529215358931	499	True	False
chr17:18362429-18363029	1	0.55	0.0333889816360601	23	True	True
chr17:21253100-21253700	1	0.7033333333333334	0.13689482470784642	9	True	False
chr17:78840670-78841270	1	0.7233333333333334	0.11853088480801335	75	True	False
chr17:15247786-15248386	1	0.495	0.01335559265442404	3609	False	True
chr17:77734415-77735015	1	0.64	0.028380634390651086	6148	False	False
chr17:39687558-39688158	1	0.5583333333333333	0.05509181969949917	55	True	True
chr17:72716145-72716745	1	0.49666666666666665	0.03171953255425709	52294	False	True
chr17:19744720-19745320	1	0.7133333333333334	0.08514190317195326	417	True	False
chr17:28726696-28727296	1	0.6466666666666666	0.0667779632721202	65	True	False
chr17:30731283-30731883	1	0.655	0.09181969949916527	53	True	False
chr17:44070493-44071093	1	0.6566666666666666	0.07512520868113523	59	True	False
chr17:78852617-78853217	1	0.5066666666666667	0.03171953255425709	2560	False	True
chr17:75012092-75012692	1	0.59	0.06010016694490818	264	True	True
chr17:82583501-82584101	1	0.5133333333333333	0.048414023372287146	4661	False	True
chr17:81034816-81035416	1	0.7616666666666667	0.1285475792988314	5	True	False
chr17:29140182-29140782	1	0.61	0.025041736227045076	0	True	False
chr17:82648238-82648838	1	0.7733333333333333	0.14357262103505844	44	True	False
chr17:40121934-40122534	1	0.7783333333333333	0.11853088480801335	264	True	False
chr17:14069182-14069782	1	0.655	0.08013355592654424	0	True	False
chr17:50150853-50151453	1	0.695	0.08848080133555926	451	True	False
chr17:28728702-28729302	1	0.57	0.0651085141903172	215	True	True
chr17:71975939-71976539	1	0.495	0.021702838063439065	64	True	True
chr17:2711635-2712235	1	0.69	0.10684474123539232	11	True	False
chr17:50095011-50095611	1	0.6833333333333333	0.09849749582637729	8	True	False
chr17:34980481-34981081	1	0.7616666666666667	0.1285475792988314	23	True	False
chr17:44326630-44327230	1	0.6116666666666667	0.06176961602671119	1130	True	False
chr17:77779009-77779609	1	0.6016666666666667	0.02003338898163606	6078	False	False
chr17:41665739-41666339	1	0.6233333333333333	0.05342237061769616	471	True	False
chr17:73348979-73349579	1	0.6016666666666667	0.015025041736227046	37279	False	False
chr17:65561341-65561941	1	0.7033333333333334	0.11018363939899833	6	True	False
chr17:40542398-40542998	1	0.5716666666666667	0.018363939899833055	6633	False	False
chr17:44138020-44138620	1	0.5766666666666667	0.03171953255425709	2332	False	False
chr17:28552335-28552935	1	0.7016666666666667	0.08848080133555926	12	True	False
chr17:39754210-39754810	1	0.7416666666666667	0.12353923205342238	42	True	False
chr17:68019760-68020360	1	0.595	0.07679465776293823	50	True	True
chr17:21322855-21323455	1	0.5633333333333334	0.05175292153589316	35110	False	False
chr17:55273402-55274002	1	0.54	0.015025041736227046	50	True	True
chr17:31936677-31937277	1	0.6833333333333333	0.1001669449081803	17	True	False
chr17:57662806-57663406	1	0.55	0.0333889816360601	72	True	False
chr17:35795294-35795894	1	0.7416666666666667	0.11686143572621036	19	True	False
chr17:32007032-32007632	1	0.7183333333333334	0.1001669449081803	34	True	False
chr17:75904667-75905267	1	0.745	0.1018363939899833	52	True	False
chr17:75589226-75589826	1	0.7266666666666667	0.1018363939899833	1727	True	False
chr17:50898919-50899519	1	0.53	0.01001669449081803	10262	False	True
chr17:64919238-64919838	1	0.7166666666666667	0.10684474123539232	51	True	False
chr17:19648399-19648999	1	0.7216666666666667	0.09181969949916527	23	True	False
chr17:21213947-21214547	1	0.6916666666666667	0.09682804674457429	74	True	False
chr17:51120606-51121206	1	0.74	0.12520868113522537	19	True	False
chr17:21551413-21552013	1	0.5966666666666667	0.08848080133555926	45	True	True
chr17:28854694-28855294	1	0.56	0.05676126878130217	14	True	False
chr17:81939793-81940393	1	0.6466666666666666	0.04006677796327212	1775	True	False
chr17:30378557-30379157	1	0.6416666666666667	0.08848080133555926	69	True	True
chr17:68101342-68101942	1	0.7383333333333333	0.11352253756260434	146	True	False
chr17:51046612-51047212	1	0.44166666666666665	0.01669449081803005	35	True	True
chr17:41786538-41787138	1	0.6183333333333333	0.06176961602671119	14	True	False
chr17:73267493-73268093	1	0.5816666666666667	0.02003338898163606	5442	False	True
chr17:72540140-72540740	1	0.6466666666666666	0.07011686143572621	52251	False	True
chr17:67244926-67245526	1	0.6883333333333334	0.09682804674457429	31	True	False
chr17:58007366-58007966	1	0.5533333333333333	0.08013355592654424	41	True	False
chr17:83151206-83151806	1	0.55	0.045075125208681135	2033	False	True
chr17:5419390-5419990	1	0.6116666666666667	0.07345575959933222	29	True	False
chr17:58219033-58219633	1	0.6166666666666667	0.09015025041736227	41	True	True
chr17:32142088-32142688	1	0.6833333333333333	0.11352253756260434	53	True	False
chr17:7856980-7857580	1	0.645	0.07846410684474124	18	True	False
chr17:42535848-42536448	1	0.6633333333333333	0.1001669449081803	89	True	False
chr17:3502400-3503000	1	0.43	0.008347245409015025	11151	False	True
chr17:30970704-30971304	1	0.6483333333333333	0.07679465776293823	34	True	False
chr17:46590370-46590970	1	0.7233333333333334	0.12186978297161936	2	True	False
chr17:80146925-80147525	1	0.67	0.1285475792988314	24	True	False
chr17:21512821-21513421	1	0.5233333333333333	0.05175292153589316	6392	False	True
chr17:66459672-66460272	1	0.42	0.02003338898163606	3240	False	True
chr17:5500743-5501343	1	0.7166666666666667	0.09849749582637729	31	True	False
chr17:79831722-79832322	1	0.6783333333333333	0.05843071786310518	586	True	False
chr17:19378070-19378670	1	0.685	0.08514190317195326	108	True	False
chr17:17280542-17281142	1	0.6616666666666666	0.09015025041736227	66	True	False
chr17:17848932-17849532	1	0.5283333333333333	0.01001669449081803	6690	False	True
chr17:76072254-76072854	1	0.6516666666666666	0.08347245409015025	38	True	False
chr17:75261358-75261958	1	0.6783333333333333	0.09181969949916527	3	True	False
chr17:50372659-50373259	1	0.5366666666666666	0.05175292153589316	0	True	True
chr17:79991456-79992056	1	0.6733333333333333	0.048414023372287146	1084	True	True
chr17:27540314-27540914	1	0.5783333333333334	0.02337228714524207	9595	False	True
chr17:75693528-75694128	1	0.5766666666666667	0.018363939899833055	9030	False	False
chr17:58083029-58083629	1	0.7283333333333334	0.10517529215358931	57	True	False
chr17:64202572-64203172	1	0.4266666666666667	0.00667779632721202	27883	False	True
chr17:60599782-60600382	1	0.6766666666666666	0.11018363939899833	110	True	False
chr17:42388223-42388823	1	0.68	0.07846410684474124	44	True	False
chr17:7931710-7932310	1	0.6516666666666666	0.07679465776293823	12	True	False
chr17:17823451-17824051	1	0.7066666666666667	0.10684474123539232	9821	False	False
chr17:49414692-49415292	1	0.5683333333333334	0.045075125208681135	88	True	True
chr17:46266572-46267172	1	0.7316666666666667	0.14691151919866444	126	True	False
chr17:64975379-64975979	1	0.7266666666666667	0.1352253756260434	95	True	False
chr17:66680054-66680654	1	0.445	0.01001669449081803	3983	False	True
chr17:1716058-1716658	1	0.6666666666666666	0.09515859766277128	151	True	False
chr17:75666995-75667595	1	0.5883333333333334	0.07512520868113523	42	True	True
chr17:82037159-82037759	1	0.7533333333333333	0.12687813021702837	237	True	False
chr17:30116496-30117096	1	0.5366666666666666	0.06343906510851419	10	True	True
chr17:36601221-36601821	1	0.6433333333333333	0.07178631051752922	49	True	True
chr17:2401421-2402021	1	0.6216666666666667	0.07345575959933222	460	True	True
chr17:39632485-39633085	1	0.6	0.01335559265442404	4288	False	False
chr17:75405451-75406051	1	0.68	0.09849749582637729	32	True	False
chr17:59155294-59155894	1	0.5133333333333333	0.035058430717863104	151	True	True
chr17:75033617-75034217	1	0.59	0.05509181969949917	1306	True	False
chr17:7583483-7584083	1	0.57	0.08347245409015025	7	True	True
chr17:29639236-29639836	1	0.5283333333333333	0.011686143572621035	26	True	True
chr17:39952895-39953495	1	0.7233333333333334	0.06844741235392321	67	True	False
chr17:44503250-44503850	1	0.65	0.1001669449081803	44	True	False
chr17:46361500-46362100	1	0.5733333333333334	0.06176961602671119	8	True	False
chr17:15999441-16000041	1	0.7633333333333333	0.13689482470784642	25	True	True
chr17:73630507-73631107	1	0.585	0.01669449081803005	10218	False	False
chr17:2303518-2304118	1	0.7583333333333333	0.1285475792988314	34	True	False
chr17:56960782-56961382	1	0.54	0.0651085141903172	33	True	False
chr17:48026427-48027027	1	0.59	0.03005008347245409	3121	False	True
chr17:81346009-81346609	1	0.78	0.1352253756260434	104	True	False
chr17:27520347-27520947	1	0.5216666666666666	0.021702838063439065	10372	False	True
chr17:47323555-47324155	1	0.7316666666666667	0.10517529215358931	87	True	False
chr17:28902552-28903152	1	0.7766666666666666	0.14357262103505844	218	True	False
chr17:17042084-17042684	1	0.79	0.15025041736227046	4	True	False
chr17:77386058-77386658	1	0.605	0.01335559265442404	2187	False	True
chr17:67993440-67994040	1	0.81	0.18363939899833054	92	True	False
chr17:81487681-81488281	1	0.7766666666666666	0.1318864774624374	3971	False	False
chr17:45197699-45198299	1	0.585	0.02671118530884808	22736	False	False
chr17:65930123-65930723	1	0.335	0.00333889816360601	103881	False	True
chr17:19362488-19363088	1	0.67	0.10851419031719532	14	True	False
chr17:75393676-75394276	1	0.6116666666666667	0.035058430717863104	24	True	False
chr17:19317151-19317751	1	0.57	0.02337228714524207	11191	False	False
chr17:45051279-45051879	1	0.735	0.12353923205342238	30	True	False
chr17:75154341-75154941	1	0.5916666666666667	0.06343906510851419	33	True	False
chr17:44123477-44124077	1	0.6816666666666666	0.09682804674457429	43	True	False
chr17:51153249-51153849	1	0.5716666666666667	0.07178631051752922	1	True	False
chr17:8248966-8249566	1	0.565	0.07178631051752922	10	True	True
chr17:7887454-7888054	1	0.6	0.048414023372287146	1034	True	False
chr17:42833134-42833734	1	0.6616666666666666	0.09015025041736227	17	True	False
chr17:29589439-29590039	1	0.7866666666666666	0.12520868113522537	92	True	False
chr17:40331912-40332512	1	0.675	0.025041736227045076	1611	True	True
chr17:75878316-75878916	1	0.7333333333333333	0.10684474123539232	23	True	False
chr17:79777892-79778492	1	0.8233333333333334	0.15525876460767946	45	True	True
chr17:7394471-7395071	1	0.735	0.10684474123539232	198	True	False
chr17:72592545-72593145	1	0.6233333333333333	0.08013355592654424	17	True	False
chr17:35022384-35022984	1	0.48833333333333334	0.01335559265442404	4025	False	True
chr17:16285931-16286531	1	0.55	0.025041736227045076	4218	False	True
chr17:18087571-18088171	1	0.6016666666666667	0.06343906510851419	17	True	True
chr17:17028009-17028609	1	0.6016666666666667	0.02003338898163606	9	True	False
chr17:29180133-29180733	1	0.7466666666666667	0.10851419031719532	23	True	False
chr17:18183132-18183732	1	0.6033333333333334	0.08013355592654424	355	True	True
chr17:4789806-4790406	1	0.7683333333333333	0.1318864774624374	192	True	False
chr17:17839872-17840472	1	0.6916666666666667	0.09015025041736227	116	True	False
chr17:50345719-50346319	1	0.7633333333333333	0.12687813021702837	60	True	False
chr17:41918797-41919397	1	0.695	0.08848080133555926	14	True	False
chr17:68247635-68248235	1	0.73	0.1352253756260434	2	True	False
chr17:44200001-44200601	1	0.7283333333333334	0.11018363939899833	217	True	False
chr17:78186940-78187540	1	0.6333333333333333	0.07011686143572621	8	True	False
chr17:35432305-35432905	1	0.49166666666666664	0.02337228714524207	30	True	True
chr17:61399407-61400007	1	0.6916666666666667	0.09515859766277128	78	True	False
chr17:42609170-42609770	1	0.6833333333333333	0.10684474123539232	60	True	False
chr17:78883564-78884164	1	0.6466666666666666	0.03672787979966611	5260	False	True
chr17:58352017-58352617	1	0.6616666666666666	0.08514190317195326	105	True	False
chr17:17476700-17477300	1	0.6033333333333334	0.07512520868113523	1	True	False
chr17:42183981-42184581	1	0.7133333333333334	0.10684474123539232	1170	True	False
chr17:9239800-9240400	1	0.7566666666666667	0.12020033388981637	4796	False	False
chr17:73043006-73043606	1	0.47	0.01001669449081803	46505	False	True
chr17:18857706-18858306	1	0.625	0.05843071786310518	22	True	False
chr17:49192227-49192827	1	0.6233333333333333	0.0667779632721202	16857	False	False
chr17:3004055-3004655	1	0.645	0.045075125208681135	25370	False	False
chr17:83079209-83079809	1	0.8266666666666667	0.17028380634390652	73	True	False
chr17:7329115-7329715	1	0.7033333333333334	0.10350584307178631	23	True	False
chr17:31094608-31095208	1	0.6883333333333334	0.07512520868113523	26	True	False
chr17:7251727-7252327	1	0.6733333333333333	0.08013355592654424	28	True	False
chr17:42520009-42520609	1	0.5133333333333333	0.01001669449081803	6122	False	True
chr17:81395107-81395707	1	0.5383333333333333	0.06176961602671119	42	True	True
chr17:39153528-39154128	1	0.5183333333333333	0.03672787979966611	1130	True	True
chr17:45316831-45317431	1	0.7033333333333334	0.11352253756260434	20	True	False
chr17:82418042-82418642	1	0.7483333333333333	0.11018363939899833	4	True	False
chr17:48054220-48054820	1	0.6633333333333333	0.035058430717863104	154	True	False
chr17:59619324-59619924	1	0.6316666666666667	0.09348914858096828	19	True	True
chr17:35242722-35243322	1	0.5716666666666667	0.05342237061769616	20	True	False
chr17:3892801-3893401	1	0.79	0.1335559265442404	7	True	True
chr17:78782081-78782681	1	0.7933333333333333	0.14357262103505844	61	True	False
chr17:35089061-35089661	1	0.775	0.12687813021702837	24	True	False
chr17:41651457-41652057	1	0.6316666666666667	0.02671118530884808	11559	False	False
chr17:66309713-66310313	1	0.4116666666666667	0.008347245409015025	6556	False	True
chr17:7351400-7352000	1	0.755	0.11185308848080133	188	True	False
chr17:81967761-81968361	1	0.6483333333333333	0.04340567612687813	596	True	False
chr17:81101617-81102217	1	0.6883333333333334	0.045075125208681135	3800	False	False
chr17:79811193-79811793	1	0.6683333333333333	0.08013355592654424	220	True	False
chr17:48047881-48048481	1	0.6433333333333333	0.08013355592654424	57	True	False
chr17:15377441-15378041	1	0.46	0.01335559265442404	12419	False	True
chr17:38702044-38702644	1	0.705	0.12520868113522537	14	True	False
chr17:81832896-81833496	1	0.8116666666666666	0.14524207011686144	45	True	False
chr17:45172389-45172989	1	0.635	0.011686143572621035	836	True	False
chr17:7627575-7628175	1	0.6216666666666667	0.05843071786310518	0	True	True
chr17:28749933-28750533	1	0.49166666666666664	0.018363939899833055	155	True	True
chr17:65106365-65106965	1	0.515	0.008347245409015025	5680	False	True
chr17:32127253-32127853	1	0.5983333333333334	0.041736227045075125	13432	False	True
chr17:1648837-1649437	1	0.7733333333333333	0.12687813021702837	728	True	False
chr17:47067214-47067814	1	0.5	0.02337228714524207	0	True	True
chr17:63827073-63827673	1	0.59	0.0651085141903172	38	True	False
chr17:2511653-2512253	1	0.5316666666666666	0.05676126878130217	11	True	True
chr17:68457413-68458013	1	0.745	0.10517529215358931	151	True	False
chr17:49361958-49362558	1	0.78	0.14357262103505844	4	True	False
chr17:6640718-6641318	1	0.615	0.07178631051752922	3	True	False
chr17:45148241-45148841	1	0.6233333333333333	0.07679465776293823	67	True	False
chr17:76370522-76371122	1	0.455	0.018363939899833055	5831	False	True
chr17:56977793-56978393	1	0.585	0.06176961602671119	17	True	False
chr17:76384247-76384847	1	0.7683333333333333	0.15025041736227046	55	True	False
chr17:5191627-5192227	1	0.6866666666666666	0.1018363939899833	21	True	False
chr17:55587638-55588238	1	0.49333333333333335	0.01669449081803005	2017	False	True
chr17:82292612-82293212	1	0.6766666666666666	0.09515859766277128	32	True	False
chr17:34638114-34638714	1	0.6366666666666667	0.045075125208681135	24006	False	False
chr17:50944503-50945103	1	0.68	0.08514190317195326	91	True	False
chr17:32936634-32937234	1	0.6	0.021702838063439065	8725	False	False
chr17:51166023-51166623	1	0.6866666666666666	0.09682804674457429	57	True	False
chr17:44210257-44210857	1	0.7166666666666667	0.08514190317195326	2719	False	False
chr17:63842708-63843308	1	0.655	0.09682804674457429	46	True	False
chr17:79839209-79839809	1	0.7933333333333333	0.1419031719532554	41	True	False
chr17:17237396-17237996	1	0.49166666666666664	0.05676126878130217	5	True	True
chr17:30600064-30600664	1	0.7033333333333334	0.09515859766277128	49	True	False
chr17:5281762-5282362	1	0.6533333333333333	0.09515859766277128	195	True	False
chr17:48830689-48831289	1	0.6	0.05342237061769616	19	True	False
chr17:1684656-1685256	1	0.605	0.07679465776293823	48	True	False
chr17:28357236-28357836	1	0.7266666666666667	0.11519198664440734	10	True	False
chr17:78925691-78926291	1	0.5866666666666667	0.038397328881469114	596	True	False
chr17:82241881-82242481	1	0.6383333333333333	0.03672787979966611	2588	False	False
chr17:51371747-51372347	1	0.49	0.00667779632721202	734	True	True
chr17:82450535-82451135	1	0.6483333333333333	0.11686143572621036	7	True	False
chr17:76671494-76672094	1	0.5616666666666666	0.05008347245409015	101	True	False
chr17:4703869-4704469	1	0.6583333333333333	0.09181969949916527	33	True	False
chr17:81387255-81387855	1	0.6466666666666666	0.1018363939899833	141	True	False
chr17:3659357-3659957	1	0.6	0.03005008347245409	1566	True	False
chr17:15502668-15503268	1	0.53	0.045075125208681135	27236	False	True
chr17:39636771-39637371	1	0.665	0.08681135225375626	26	True	False
chr17:75784780-75785380	1	0.68	0.09348914858096828	275	True	False
chr17:81165181-81165781	1	0.6866666666666666	0.0333889816360601	25	True	False
chr17:58631454-58632054	1	0.36	0.02337228714524207	81	True	True
chr17:75270919-75271519	1	0.7816666666666666	0.1302170283806344	7	True	False
chr17:35119576-35120176	1	0.6883333333333334	0.09682804674457429	17	True	False
chr17:62705680-62706280	1	0.5483333333333333	0.02003338898163606	253	True	True
chr17:82212581-82213181	1	0.7766666666666666	0.14524207011686144	35	True	False
chr17:34252250-34252850	1	0.5316666666666666	0.015025041736227046	31	True	True
chr17:38257165-38257765	1	0.6966666666666667	0.09515859766277128	108	True	True
chr17:77140617-77141217	1	0.7633333333333333	0.14023372287145242	19	True	False
chr17:35567742-35568342	1	0.59	0.06010016694490818	66	True	False
chr17:42287107-42287707	1	0.5533333333333333	0.018363939899833055	139	True	True
chr17:45060970-45061570	1	0.5866666666666667	0.0651085141903172	27	True	False
chr17:10123862-10124462	1	0.6066666666666667	0.03005008347245409	9610	False	False
chr17:77489759-77490359	1	0.6566666666666666	0.028380634390651086	14817	False	False
chr17:8383293-8383893	1	0.6866666666666666	0.08013355592654424	76	True	False
chr17:21456847-21457447	1	0.555	0.045075125208681135	10	True	True
chr17:38351626-38352226	1	0.7616666666666667	0.12520868113522537	83	True	False
chr17:79796854-79797454	1	0.7216666666666667	0.11018363939899833	69	True	False
chr17:37517453-37518053	0	0.39166666666666666	0.011686143572621035	7875	False	False
chr17:10131837-10132437	0	0.37833333333333335	0.018363939899833055	17585	False	False
chr17:9332611-9333211	0	0.4166666666666667	0.01669449081803005	43644	False	False
chr17:941243-941843	0	0.48833333333333334	0.011686143572621035	31770	False	True
chr17:81844563-81845163	0	0.6233333333333333	0.0333889816360601	1699	True	True
chr17:32509191-32509791	0	0.45666666666666667	0.01669449081803005	3848	False	False
chr17:10150233-10150833	0	0.455	0.01335559265442404	35981	False	False
chr17:7976453-7977053	0	0.5	0.01669449081803005	24836	False	True
chr17:73036663-73037263	0	0.42	0.01335559265442404	52848	False	False
chr17:82032123-82032723	0	0.6816666666666666	0.05175292153589316	746	True	True
chr17:32393692-32394292	0	0.4683333333333333	0.01001669449081803	14020	False	False
chr17:17117779-17118379	0	0.5283333333333333	0.008347245409015025	40328	False	True
chr17:36167573-36168173	0	0.5983333333333334	0.045075125208681135	8762	False	True
chr17:54443463-54444063	0	0.36833333333333335	0.00667779632721202	78130	False	False
chr17:42156834-42157434	0	0.5	0.011686143572621035	2091	False	False
chr17:28659737-28660337	0	0.595	0.045075125208681135	1868	True	True
chr17:60164828-60165428	0	0.49833333333333335	0.01001669449081803	15156	False	False
chr17:71708154-71708754	0	0.29833333333333334	0.0	35013	False	False
chr17:10377666-10378266	0	0.43333333333333335	0.021702838063439065	4837	False	False
chr17:75458493-75459093	0	0.49666666666666665	0.03005008347245409	1611	True	False
chr17:73035623-73036223	0	0.4633333333333333	0.011686143572621035	53888	False	False
chr17:33003418-33004018	0	0.45166666666666666	0.005008347245409015	11872	False	False
chr17:72860322-72860922	0	0.48	0.01335559265442404	21584	False	False
chr17:82192714-82193314	0	0.475	0.02003338898163606	19827	False	False
chr17:20026206-20026806	0	0.335	0.001669449081803005	16172	False	False
chr17:53057635-53058235	0	0.3233333333333333	0.00333889816360601	4083	False	False
chr17:38140356-38140956	0	0.575	0.028380634390651086	3630	False	True
chr17:38313174-38313774	0	0.405	0.02003338898163606	16307	False	False
chr17:67991556-67992156	0	0.4266666666666667	0.01335559265442404	1688	True	True
chr17:53138758-53139358	0	0.43833333333333335	0.025041736227045076	77040	False	False
chr17:42720911-42721511	0	0.395	0.005008347245409015	13061	False	False
chr17:72154021-72154621	0	0.36	0.00667779632721202	19261	False	False
chr17:37480242-37480842	0	0.44166666666666665	0.005008347245409015	7854	False	False
chr17:40625808-40626408	0	0.45166666666666666	0.021702838063439065	19727	False	False
chr17:40476998-40477598	0	0.5433333333333333	0.01001669449081803	2010	False	True
chr17:21113584-21114184	0	0.41333333333333333	0.005008347245409015	13038	False	False
chr17:75111420-75112020	0	0.45	0.01335559265442404	1752	True	False
chr17:51336263-51336863	0	0.45166666666666666	0.001669449081803005	80	True	False
chr17:69205453-69206053	0	0.325	0.00333889816360601	23070	False	False
chr17:34804527-34805127	0	0.4066666666666667	0.00333889816360601	54218	False	False
chr17:58721726-58722326	0	0.395	0.00333889816360601	25028	False	False
chr17:69982627-69983227	0	0.37333333333333335	0.008347245409015025	3039	False	False
chr17:18308286-18308886	0	0.33	0.00667779632721202	6407	False	False
chr17:16283720-16284320	0	0.4666666666666667	0.028380634390651086	2007	False	False
chr17:72297523-72298123	0	0.49333333333333335	0.011686143572621035	41744	False	False
chr17:43487969-43488569	0	0.5116666666666667	0.0333889816360601	4295	False	True
chr17:74818902-74819502	0	0.535	0.021702838063439065	40682	False	False
chr17:31164775-31165375	0	0.325	0.005008347245409015	31894	False	True
chr17:69618987-69619587	0	0.3983333333333333	0.011686143572621035	24503	False	False
chr17:63972668-63973268	0	0.6533333333333333	0.04006677796327212	51	True	True
chr17:6644810-6645410	0	0.35	0.008347245409015025	4051	False	False
chr17:46252685-46253285	0	0.645	0.06844741235392321	8968	False	True
chr17:52555139-52555739	0	0.42333333333333334	0.00333889816360601	48299	False	False
chr17:34333901-34334501	0	0.35333333333333333	0.01001669449081803	14767	False	False
chr17:6053797-6054397	0	0.4716666666666667	0.015025041736227046	15008	False	False
chr17:73172633-73173233	0	0.43666666666666665	0.01335559265442404	7924	False	False
chr17:6621219-6621819	0	0.35333333333333333	0.001669449081803005	15835	False	False
chr17:50387740-50388340	0	0.485	0.015025041736227046	1795	True	False
chr17:28151859-28152459	0	0.33666666666666667	0.008347245409015025	27713	False	False
chr17:79472595-79473195	0	0.44166666666666665	0.01001669449081803	9702	False	False
chr17:38385896-38386496	0	0.5	0.01335559265442404	33063	False	False
chr17:5556545-5557145	0	0.44	0.01669449081803005	27111	False	False
chr17:68467070-68467670	0	0.3983333333333333	0.01001669449081803	9808	False	False
chr17:3645922-3646522	0	0.5566666666666666	0.021702838063439065	9462	False	True
chr17:4864542-4865142	0	0.47833333333333333	0.021702838063439065	18132	False	False
chr17:65358081-65358681	0	0.41	0.001669449081803005	70924	False	False
chr17:833825-834425	0	0.5183333333333333	0.02671118530884808	29971	False	True
chr17:10252450-10253050	0	0.37	0.008347245409015025	39068	False	False
chr17:46289747-46290347	0	0.48	0.01669449081803005	2685	False	False
chr17:45146134-45146734	0	0.5316666666666666	0.018363939899833055	578	True	True
chr17:27264566-27265166	0	0.4116666666666667	0.011686143572621035	23114	False	False
chr17:74311823-74312423	0	0.5833333333333334	0.03005008347245409	2334	False	True
chr17:62954307-62954907	0	0.5166666666666667	0.0333889816360601	10393	False	True
chr17:58011062-58011662	0	0.39166666666666666	0.005008347245409015	3655	False	False
chr17:7647816-7648416	0	0.48	0.01335559265442404	2800	False	True
chr17:1435991-1436591	0	0.405	0.011686143572621035	11819	False	False
chr17:14932392-14932992	0	0.395	0.00333889816360601	82058	False	False
chr17:34474764-34475364	0	0.48833333333333334	0.005008347245409015	4207	False	False
chr17:57059509-57060109	0	0.4066666666666667	0.00333889816360601	12746	False	False
chr17:21694512-21695112	0	0.5183333333333333	0.005008347245409015	2290	False	True
chr17:74063155-74063755	0	0.5433333333333333	0.015025041736227046	3896	False	True
chr17:53186263-53186863	0	0.345	0.005008347245409015	124545	False	False
chr17:22334252-22334852	0	0.39	0.008347245409015025	15231	False	False
chr17:14124540-14125140	0	0.3566666666666667	0.008347245409015025	52290	False	False
chr17:81189040-81189640	0	0.63	0.02003338898163606	8052	False	True
chr17:44115640-44116240	0	0.565	0.015025041736227046	29	True	True
chr17:41824307-41824907	0	0.5366666666666666	0.01669449081803005	11235	False	True
chr17:61878058-61878658	0	0.4116666666666667	0.011686143572621035	4177	False	False
chr17:12564206-12564806	0	0.45	0.021702838063439065	14667	False	False
chr17:56383842-56384442	0	0.4033333333333333	0.008347245409015025	86999	False	False
chr17:51639357-51639957	0	0.4666666666666667	0.008347245409015025	83460	False	False
chr17:60865898-60866498	0	0.3933333333333333	0.00667779632721202	20851	False	False
chr17:73980382-73980982	0	0.49666666666666665	0.008347245409015025	27517	False	False
chr17:8453910-8454510	0	0.31833333333333336	0.00667779632721202	11433	False	False
chr17:11432740-11433340	0	0.4116666666666667	0.008347245409015025	144836	False	False
chr17:66592644-66593244	0	0.43	0.02337228714524207	45326	False	False
chr17:52141316-52141916	0	0.3983333333333333	0.00333889816360601	17097	False	False
chr17:5866994-5867594	0	0.48833333333333334	0.008347245409015025	69446	False	True
chr17:1518387-1518987	0	0.47	0.00333889816360601	1873	True	False
chr17:80085036-80085636	0	0.5483333333333333	0.02671118530884808	13491	False	True
chr17:9887944-9888544	0	0.465	0.01001669449081803	17026	False	True
chr17:72671754-72672354	0	0.39166666666666666	0.00667779632721202	7903	False	False
chr17:15469569-15470169	0	0.5233333333333333	0.008347245409015025	2236	False	True
chr17:72183719-72184319	0	0.4683333333333333	0.01001669449081803	8052	False	True
chr17:40697929-40698529	0	0.3383333333333333	0.008347245409015025	780	True	False
chr17:78025357-78025957	0	0.3333333333333333	0.00667779632721202	17237	False	False
chr17:55859203-55859803	0	0.42	0.00667779632721202	13435	False	False
chr17:81276694-81277294	0	0.5883333333333334	0.02337228714524207	14075	False	True
chr17:55191853-55192453	0	0.36666666666666664	0.005008347245409015	72806	False	False
chr17:52248901-52249501	0	0.29	0.001669449081803005	13337	False	False
chr17:48089849-48090449	0	0.4116666666666667	0.015025041736227046	1366	True	True
chr17:78327451-78328051	0	0.5283333333333333	0.03171953255425709	3004	False	False
chr17:40769317-40769917	0	0.37333333333333335	0.01669449081803005	2583	False	False
chr17:75337361-75337961	0	0.425	0.028380634390651086	6743	False	False
chr17:35513445-35514045	0	0.3883333333333333	0.015025041736227046	3476	False	False
chr17:20841318-20841918	0	0.6883333333333334	0.05509181969949917	350	True	True
chr17:75822594-75823194	0	0.6116666666666667	0.01669449081803005	2840	False	True
chr17:72914091-72914691	0	0.455	0.02337228714524207	75353	False	False
chr17:59973370-59973970	0	0.47	0.01669449081803005	5929	False	False
chr17:6897948-6898548	0	0.48333333333333334	0.01001669449081803	16404	False	False
chr17:36441012-36441612	0	0.5666666666666667	0.015025041736227046	1696	True	True
chr17:68358814-68359414	0	0.505	0.03171953255425709	54508	False	False
chr17:36864703-36865303	0	0.5266666666666666	0.01335559265442404	55720	False	True
chr17:28416753-28417353	0	0.505	0.02003338898163606	10842	False	True
chr17:54274569-54275169	0	0.32166666666666666	0.008347245409015025	14919	False	False
chr17:56235741-56236341	0	0.4216666666666667	0.011686143572621035	82532	False	False
chr17:43930027-43930627	0	0.49333333333333335	0.018363939899833055	1869	True	False
chr17:38281007-38281607	0	0.4816666666666667	0.021702838063439065	15715	False	True
chr17:67348175-67348775	0	0.37166666666666665	0.00667779632721202	18101	False	False
chr17:54289705-54290305	0	0.4533333333333333	0.011686143572621035	30055	False	False
chr17:31789835-31790435	0	0.525	0.01669449081803005	27696	False	True
chr17:71831698-71832298	0	0.44666666666666666	0.005008347245409015	75915	False	True
chr17:17708959-17709559	0	0.59	0.02003338898163606	14269	False	True
chr17:41639790-41640390	0	0.5466666666666666	0.005008347245409015	108	True	True
chr17:75005156-75005756	0	0.5466666666666666	0.018363939899833055	6543	False	True
chr17:8087845-8088445	0	0.5583333333333333	0.01335559265442404	90	True	True
chr17:19619901-19620501	0	0.33166666666666667	0.001669449081803005	9249	False	False
chr17:48182961-48183561	0	0.38666666666666666	0.005008347245409015	2676	False	False
chr17:70695076-70695676	0	0.36666666666666664	0.001669449081803005	7791	False	False
chr17:11815146-11815746	0	0.455	0.011686143572621035	66748	False	False
chr17:870074-870674	0	0.52	0.02003338898163606	6264	False	True
chr17:53140970-53141570	0	0.34	0.00333889816360601	79252	False	False
chr17:61673869-61674469	0	0.425	0.011686143572621035	82951	False	False
chr17:46364522-46365122	0	0.37	0.00333889816360601	3030	False	False
chr17:43983333-43983933	0	0.655	0.05843071786310518	20835	False	True
chr17:64394874-64395474	0	0.35833333333333334	0.005008347245409015	1969	True	False
chr17:52124019-52124619	0	0.385	0.0	34394	False	False
chr17:73718281-73718881	0	0.49333333333333335	0.005008347245409015	3759	False	False
chr17:62974287-62974887	0	0.295	0.005008347245409015	5960	False	False
chr17:36731248-36731848	0	0.5516666666666666	0.00667779632721202	9107	False	True
chr17:17462876-17463476	0	0.5066666666666667	0.01669449081803005	2733	False	False
chr17:20335084-20335684	0	0.31666666666666665	0.01001669449081803	5358	False	False
chr17:71193163-71193763	0	0.355	0.00667779632721202	8713	False	True
chr17:62870285-62870885	0	0.47	0.018363939899833055	28	True	False
chr17:44169732-44170332	0	0.47333333333333333	0.008347245409015025	663	True	False
chr17:66401164-66401764	0	0.4766666666666667	0.011686143572621035	15389	False	False
chr17:53572294-53572894	0	0.4116666666666667	0.011686143572621035	250214	False	False
chr17:16075463-16076063	0	0.39666666666666667	0.00667779632721202	22940	False	False
chr17:31703251-31703851	0	0.365	0.00333889816360601	6394	False	False
chr17:44484113-44484713	0	0.40166666666666667	0.008347245409015025	2401	False	False
chr17:63015975-63016575	0	0.355	0.00667779632721202	6716	False	False
chr17:1892166-1892766	0	0.4066666666666667	0.01669449081803005	12560	False	False
chr17:53384659-53385259	0	0.28833333333333333	0.005008347245409015	322941	False	False
chr17:3813881-3814481	0	0.43666666666666665	0.03005008347245409	12957	False	False
chr17:40201522-40202122	0	0.47833333333333333	0.011686143572621035	8226	False	False
chr17:28217356-28217956	0	0.49166666666666664	0.008347245409015025	1628	True	False
chr17:53301546-53302146	0	0.33166666666666667	0.00667779632721202	239828	False	False
chr17:78212169-78212769	0	0.49833333333333335	0.01669449081803005	1716	True	True
chr17:32939526-32940126	0	0.51	0.021702838063439065	11617	False	True
chr17:71781254-71781854	0	0.43166666666666664	0.02003338898163606	38087	False	False
chr17:15754783-15755383	0	0.39	0.008347245409015025	5352	False	False
chr17:61270313-61270913	0	0.44166666666666665	0.015025041736227046	84541	False	False
chr17:13090726-13091326	0	0.39666666666666667	0.00667779632721202	4579	False	False
chr17:4575900-4576500	0	0.5833333333333334	0.021702838063439065	7798	False	True
chr17:77962668-77963268	0	0.32166666666666666	0.00333889816360601	4266	False	False
chr17:81574090-81574690	0	0.45666666666666667	0.01335559265442404	901	True	False
chr17:55431256-55431856	0	0.36833333333333335	0.00333889816360601	9571	False	False
chr17:50713069-50713669	0	0.45166666666666666	0.00333889816360601	5456	False	False
chr17:6435010-6435610	0	0.59	0.045075125208681135	112	True	True
chr17:79665723-79666323	0	0.47333333333333333	0.01669449081803005	384	True	False
chr17:70607554-70608154	0	0.26666666666666666	0.001669449081803005	30649	False	False
chr17:3456627-3457227	0	0.4033333333333333	0.00667779632721202	14818	False	False
chr17:74066378-74066978	0	0.49833333333333335	0.011686143572621035	7119	False	True
chr17:59209141-59209741	0	0.41333333333333333	0.035058430717863104	42	True	False
chr17:65896611-65897211	0	0.36833333333333335	0.001669449081803005	70369	False	False
chr17:73107992-73108592	0	0.495	0.02671118530884808	15570	False	False
chr17:15857027-15857627	0	0.5616666666666666	0.005008347245409015	9332	False	True
chr17:70344849-70345449	0	0.39166666666666666	0.00333889816360601	23766	False	True
chr17:31769754-31770354	0	0.46	0.008347245409015025	7615	False	False
chr17:14051096-14051696	0	0.4216666666666667	0.015025041736227046	18012	False	False
chr17:73371727-73372327	0	0.54	0.02337228714524207	60027	False	True
chr17:42375184-42375784	0	0.4266666666666667	0.015025041736227046	12946	False	False
chr17:56109534-56110134	0	0.415	0.005008347245409015	43640	False	False
chr17:36873435-36874035	0	0.44666666666666666	0.008347245409015025	46988	False	False
chr17:61017406-61018006	0	0.31666666666666665	0.005008347245409015	117816	False	False
chr17:35525505-35526105	0	0.395	0.005008347245409015	11872	False	False
chr17:78440872-78441472	0	0.5766666666666667	0.038397328881469114	41238	False	True
chr17:49225632-49226232	0	0.5816666666666667	0.011686143572621035	828	True	True
chr17:5758342-5758942	0	0.53	0.015025041736227046	13591	False	True
chr17:64644937-64645537	0	0.405	0.00667779632721202	17069	False	False
chr17:48260733-48261333	0	0.39	0.01001669449081803	33341	False	False
chr17:57707733-57708333	0	0.5733333333333334	0.018363939899833055	22442	False	True
chr17:34109352-34109952	0	0.35833333333333334	0.011686143572621035	9229	False	False
chr17:14470828-14471428	0	0.47333333333333333	0.01335559265442404	54917	False	True
chr17:20882801-20883401	0	0.36666666666666664	0.0	11536	False	False
chr17:71089438-71090038	0	0.335	0.00333889816360601	8480	False	False
chr17:57718050-57718650	0	0.4116666666666667	0.01669449081803005	26948	False	True
chr17:54156330-54156930	0	0.26666666666666666	0.001669449081803005	26714	False	False
chr17:1075307-1075907	0	0.49666666666666665	0.028380634390651086	3538	False	False
chr17:8108601-8109201	0	0.6166666666666667	0.02003338898163606	9587	False	True
chr17:41285497-41286097	0	0.355	0.00667779632721202	10100	False	False
chr17:64797172-64797772	0	0.515	0.01669449081803005	10900	False	False
chr17:28606603-28607203	0	0.4666666666666667	0.01335559265442404	1059	True	True
chr17:73474128-73474728	0	0.5183333333333333	0.018363939899833055	39183	False	False
chr17:54689033-54689633	0	0.3416666666666667	0.00667779632721202	1455	True	False
chr17:55226239-55226839	0	0.4116666666666667	0.005008347245409015	38420	False	False
chr17:41245096-41245696	0	0.37666666666666665	0.00333889816360601	4290	False	False
chr17:63191141-63191741	0	0.42833333333333334	0.015025041736227046	6343	False	True
chr17:39447967-39448567	0	0.42	0.00667779632721202	2995	False	False
chr17:7004597-7005197	0	0.455	0.001669449081803005	7433	False	True
chr17:10665672-10666272	0	0.35833333333333334	0.005008347245409015	6891	False	False
chr17:58409553-58410153	0	0.4716666666666667	0.015025041736227046	7133	False	False
chr17:80663517-80664117	0	0.5216666666666666	0.01669449081803005	55634	False	True
chr17:55270093-55270693	0	0.37333333333333335	0.00667779632721202	2803	False	False
chr17:2424169-2424769	0	0.5416666666666666	0.04674457429048414	58	True	True
chr17:82599641-82600241	0	0.6416666666666667	0.038397328881469114	4236	False	True
chr17:71900250-71900850	0	0.3383333333333333	0.011686143572621035	7363	False	False
chr17:70621862-70622462	0	0.37	0.01335559265442404	16341	False	False
chr17:79673484-79674084	0	0.4083333333333333	0.00333889816360601	8145	False	False
chr17:81417465-81418065	0	0.6066666666666667	0.03672787979966611	2193	False	True
chr17:30419041-30419641	0	0.43333333333333335	0.011686143572621035	39106	False	True
chr17:12015973-12016573	0	0.43666666666666665	0.018363939899833055	4544	False	False
chr17:41134193-41134793	0	0.37833333333333335	0.001669449081803005	6050	False	True
chr17:68688476-68689076	0	0.425	0.005008347245409015	9436	False	False
chr17:46817064-46817664	0	0.6066666666666667	0.03005008347245409	1327	True	True
chr17:36496757-36497357	0	0.4816666666666667	0.015025041736227046	10377	False	False
chr17:28158792-28159392	0	0.38666666666666666	0.00333889816360601	20780	False	False
chr17:35589284-35589884	0	0.40166666666666667	0.00667779632721202	1857	True	True
chr17:41039928-41040528	0	0.37	0.005008347245409015	1221	True	False
chr17:71742559-71743159	0	0.44333333333333336	0.01335559265442404	608	True	False
chr17:53548031-53548631	0	0.31833333333333336	0.008347245409015025	274477	False	False
chr17:44665730-44666330	0	0.2916666666666667	0.001669449081803005	913	True	False
chr17:53059567-53060167	0	0.30666666666666664	0.001669449081803005	2151	False	False
chr17:40919459-40920059	0	0.3616666666666667	0.00667779632721202	1670	True	False
chr17:45658632-45659232	0	0.39	0.00333889816360601	11955	False	False
chr17:56316243-56316843	0	0.39666666666666667	0.001669449081803005	154598	False	False
chr17:67926067-67926667	0	0.49333333333333335	0.0333889816360601	25378	False	True
chr17:45041098-45041698	0	0.5683333333333334	0.03005008347245409	5851	False	True
chr17:3236918-3237518	0	0.45	0.02003338898163606	1516	True	False
chr17:32175802-32176402	0	0.33	0.01335559265442404	3971	False	False
chr17:8765211-8765811	0	0.34833333333333333	0.005008347245409015	6953	False	False
chr17:40513310-40513910	0	0.48833333333333334	0.00667779632721202	3281	False	False
chr17:40772551-40773151	0	0.385	0.00667779632721202	651	True	False
chr17:69581491-69582091	0	0.46166666666666667	0.021702838063439065	108	True	True
chr17:29012890-29013490	0	0.49833333333333335	0.01335559265442404	386	True	False
chr17:2457631-2458231	0	0.43166666666666664	0.015025041736227046	2362	False	False
chr17:74014594-74015194	0	0.43666666666666665	0.00667779632721202	25885	False	False
chr17:64639292-64639892	0	0.455	0.01335559265442404	22714	False	False
chr17:9224115-9224715	0	0.6	0.02337228714524207	20481	False	True
chr17:48984455-48985055	0	0.52	0.035058430717863104	11674	False	True
chr17:76600786-76601386	0	0.47333333333333333	0.018363939899833055	9926	False	False
chr17:19789616-19790216	0	0.33166666666666667	0.005008347245409015	37079	False	False
chr17:80689636-80690236	0	0.3383333333333333	0.00667779632721202	29515	False	False
chr17:45790353-45790953	0	0.5216666666666666	0.01669449081803005	3746	False	True
chr17:43965215-43965815	0	0.49166666666666664	0.02003338898163606	11571	False	False
chr17:50126010-50126610	0	0.5383333333333333	0.02337228714524207	3849	False	True
chr17:46828539-46829139	0	0.48	0.00667779632721202	4244	False	False
chr17:41186371-41186971	0	0.3433333333333333	0.00333889816360601	1761	True	False
chr17:50115664-50116264	0	0.6283333333333333	0.03171953255425709	14045	False	True
chr17:69074231-69074831	0	0.36	0.00667779632721202	13445	False	False
chr17:40233144-40233744	0	0.36333333333333334	0.005008347245409015	13678	False	False
chr17:10403912-10404512	0	0.3616666666666667	0.005008347245409015	17737	False	False
chr17:52781063-52781663	0	0.27	0.00333889816360601	31151	False	False
chr17:34993400-34994000	0	0.4166666666666667	0.00667779632721202	12942	False	False
chr17:16938519-16939119	0	0.5233333333333333	0.01335559265442404	3981	False	True
chr17:5893890-5894490	0	0.35833333333333334	0.005008347245409015	86822	False	False
chr17:33701011-33701611	0	0.415	0.01001669449081803	12509	False	False
chr17:43052366-43052966	0	0.43833333333333335	0.011686143572621035	27436	False	False
chr17:11987145-11987745	0	0.3566666666666667	0.00667779632721202	6140	False	False
chr17:78277930-78278530	0	0.6316666666666667	0.021702838063439065	261	True	True
chr17:58696554-58697154	0	0.38666666666666666	0.00333889816360601	3973	False	False
chr17:69323508-69324108	0	0.3466666666666667	0.001669449081803005	3018	False	False
chr17:60511118-60511718	0	0.4266666666666667	0.02337228714524207	14041	False	False
chr17:69131225-69131825	0	0.30666666666666664	0.001669449081803005	10369	False	False
chr17:71658511-71659111	0	0.4116666666666667	0.018363939899833055	62545	False	False
chr17:63538189-63538789	0	0.67	0.07679465776293823	11661	False	True
chr17:51159345-51159945	0	0.4583333333333333	0.011686143572621035	3367	False	False
chr17:76979300-76979900	0	0.46166666666666667	0.011686143572621035	10071	False	False
chr17:56153322-56153922	0	0.4683333333333333	0.015025041736227046	113	True	False
chr17:70468620-70469220	0	0.36	0.005008347245409015	79445	False	False
chr17:12917984-12918584	0	0.47	0.02671118530884808	943	True	False
chr17:41254070-41254670	0	0.43666666666666665	0.02337228714524207	1013	True	False
chr17:65807468-65808068	0	0.5483333333333333	0.001669449081803005	18774	False	True
chr17:65051523-65052123	0	0.37666666666666665	0.015025041736227046	85	True	False
chr17:52270855-52271455	0	0.4166666666666667	0.005008347245409015	35291	False	False
chr17:1432092-1432692	0	0.5233333333333333	0.03005008347245409	7920	False	True
chr17:14028280-14028880	0	0.37	0.00667779632721202	4126	False	False
chr17:64307490-64308090	0	0.46166666666666667	0.011686143572621035	21768	False	False
chr17:8816686-8817286	0	0.31	0.00333889816360601	17622	False	False
chr17:38923638-38924238	0	0.43666666666666665	0.018363939899833055	1626	True	False
chr17:5465202-5465802	0	0.4266666666666667	0.008347245409015025	2781	False	False
chr17:67153883-67154483	0	0.38333333333333336	0.005008347245409015	70050	False	False
chr17:68344053-68344653	0	0.495	0.01001669449081803	52282	False	False
chr17:3565103-3565703	0	0.42833333333333334	0.008347245409015025	7592	False	False
chr17:887540-888140	0	0.5033333333333333	0.035058430717863104	10103	False	False
chr17:75570072-75570672	0	0.67	0.05342237061769616	8593	False	True
chr17:30045010-30045610	0	0.42833333333333334	0.01669449081803005	13836	False	False
chr17:38168940-38169540	0	0.42333333333333334	0.01001669449081803	190	True	True
chr17:14730003-14730603	0	0.38333333333333336	0.018363939899833055	4575	False	False
chr17:40974890-40975490	0	0.38666666666666666	0.01335559265442404	8243	False	False
chr17:10692505-10693105	0	0.39166666666666666	0.01335559265442404	4727	False	False
chr17:18709520-18710120	0	0.445	0.008347245409015025	11812	False	True
chr17:30996443-30997043	0	0.43	0.005008347245409015	11828	False	False
chr17:46278982-46279582	0	0.4533333333333333	0.01669449081803005	11754	False	False
chr17:81176370-81176970	0	0.46166666666666667	0.01669449081803005	10448	False	False
chr17:48019657-48020257	0	0.4166666666666667	0.011686143572621035	3649	False	False
chr17:78961163-78961763	0	0.5333333333333333	0.018363939899833055	6339	False	True
chr17:45405715-45406315	0	0.5783333333333334	0.06176961602671119	82	True	True
chr17:63933541-63934141	0	0.5466666666666666	0.01669449081803005	1213	True	True
chr17:81350381-81350981	0	0.47	0.01335559265442404	4268	False	False
chr17:73837791-73838391	0	0.37833333333333335	0.00667779632721202	2073	False	False
chr17:80603468-80604068	0	0.5166666666666667	0.015025041736227046	16808	False	False
chr17:65672251-65672851	0	0.34833333333333333	0.005008347245409015	31519	False	False
chr17:54774561-54775161	0	0.4166666666666667	0.001669449081803005	3913	False	False
chr17:69417209-69417809	0	0.38333333333333336	0.01001669449081803	2261	False	False
chr17:56028429-56029029	0	0.37666666666666665	0.001669449081803005	66668	False	False
chr17:80498024-80498624	0	0.5816666666666667	0.04674457429048414	21718	False	True
chr17:40495952-40496552	0	0.6116666666666667	0.01001669449081803	5370	False	True
chr17:75521440-75522040	0	0.635	0.02671118530884808	3613	False	True
chr17:8111543-8112143	0	0.5116666666666667	0.005008347245409015	6645	False	True
chr17:14516450-14517050	0	0.3566666666666667	0.001669449081803005	9295	False	False
chr17:30927521-30928121	0	0.48	0.015025041736227046	5877	False	False
chr17:48338703-48339303	0	0.3383333333333333	0.00333889816360601	31676	False	False
chr17:57032039-57032639	0	0.37833333333333335	0.011686143572621035	3766	False	False
chr17:15936082-15936682	0	0.43833333333333335	0.00333889816360601	8710	False	False
chr17:19927082-19927682	0	0.4533333333333333	0.00667779632721202	2354	False	False
chr17:70014211-70014811	0	0.2783333333333333	0.01001669449081803	17563	False	False
chr17:40472772-40473372	0	0.47833333333333333	0.00333889816360601	2216	False	True
chr17:16592670-16593270	0	0.4166666666666667	0.001669449081803005	8501	False	False
chr17:55378350-55378950	0	0.4866666666666667	0.008347245409015025	42684	False	True
chr17:62931807-62932407	0	0.48	0.008347245409015025	12107	False	False
chr17:26645117-26645717	0	0.36666666666666664	0.00667779632721202	354531	False	True
chr17:67389881-67390481	0	0.49333333333333335	0.018363939899833055	4453	False	False
chr17:6919690-6920290	0	0.44166666666666665	0.005008347245409015	5134	False	True
chr17:62137146-62137746	0	0.6066666666666667	0.0651085141903172	15127	False	True
chr17:45753170-45753770	0	0.6133333333333333	0.03005008347245409	12812	False	True
chr17:40909277-40909877	0	0.41333333333333333	0.01001669449081803	11852	False	False
chr17:49894385-49894985	0	0.505	0.011686143572621035	6583	False	False
chr17:42760127-42760727	0	0.5116666666666667	0.018363939899833055	347	True	False
chr17:21279523-21280123	0	0.575	0.018363939899833055	3861	False	True
chr17:13517582-13518182	0	0.4216666666666667	0.011686143572621035	25763	False	False
chr17:64694542-64695142	0	0.4666666666666667	0.018363939899833055	12423	False	True
chr17:62072409-62073009	0	0.435	0.015025041736227046	6715	False	False
chr17:42421029-42421629	0	0.5666666666666667	0.025041736227045076	1238	True	True
chr17:11791980-11792580	0	0.45666666666666667	0.01001669449081803	89914	False	False
chr17:73177438-73178038	0	0.4766666666666667	0.018363939899833055	12729	False	False
chr17:63066378-63066978	0	0.46	0.005008347245409015	57119	False	False
chr17:35146181-35146781	0	0.4483333333333333	0.00667779632721202	13	True	False
chr17:28345338-28345938	0	0.5516666666666666	0.018363939899833055	9878	False	True
chr17:40904946-40905546	0	0.46	0.015025041736227046	16183	False	False
chr17:8099719-8100319	0	0.495	0.005008347245409015	11964	False	False
chr17:53359097-53359697	0	0.4766666666666667	0.00333889816360601	297379	False	False
chr17:57680342-57680942	0	0.42333333333333334	0.008347245409015025	4949	False	False
chr17:20772658-20773258	0	0.4533333333333333	0.01001669449081803	15112	False	False
chr17:61822449-61823049	0	0.4033333333333333	0.00667779632721202	38789	False	False
chr17:8160396-8160996	0	0.5116666666666667	0.011686143572621035	2235	False	False
chr17:46099120-46099720	0	0.415	0.03005008347245409	64108	False	True
chr17:48209081-48209681	0	0.3616666666666667	0.0	12596	False	False
chr17:75562099-75562699	0	0.505	0.01669449081803005	16566	False	True
chr17:38560428-38561028	0	0.595	0.018363939899833055	3267	False	True
chr17:68766317-68766917	0	0.44666666666666666	0.011686143572621035	32836	False	True
chr17:16267924-16268524	0	0.43666666666666665	0.00667779632721202	13789	False	False
chr17:52435508-52436108	0	0.3466666666666667	0.00667779632721202	45966	False	False
chr17:28434172-28434772	0	0.4816666666666667	0.018363939899833055	28261	False	True
chr17:62262798-62263398	0	0.59	0.02337228714524207	7927	False	True
chr17:41139304-41139904	0	0.3883333333333333	0.00667779632721202	939	True	False
chr17:45217779-45218379	0	0.48333333333333334	0.02003338898163606	2656	False	False
chr17:51878702-51879302	0	0.26166666666666666	0.0	115606	False	False
chr17:78578048-78578648	0	0.45	0.025041736227045076	953	True	False
chr17:31805386-31805986	0	0.5633333333333334	0.021702838063439065	25044	False	True
chr17:74153273-74153873	0	0.5466666666666666	0.01335559265442404	573	True	True
chr17:13705989-13706589	0	0.395	0.005008347245409015	59660	False	False
chr17:9781087-9781687	0	0.4816666666666667	0.005008347245409015	10204	False	False
chr17:45207632-45208232	0	0.42833333333333334	0.01001669449081803	12803	False	False
chr17:78863966-78864566	0	0.515	0.011686143572621035	2072	False	True
chr17:31668550-31669150	0	0.4	0.00333889816360601	21615	False	False
chr17:35825199-35825799	0	0.3616666666666667	0.01001669449081803	4793	False	False
chr17:27954278-27954878	0	0.435	0.008347245409015025	14587	False	False
chr17:61323160-61323760	0	0.44666666666666666	0.01001669449081803	31694	False	False
chr17:12434709-12435309	0	0.41	0.005008347245409015	27964	False	False
chr17:74098769-74099369	0	0.5116666666666667	0.01669449081803005	13829	False	False
chr17:35099623-35100223	0	0.4533333333333333	0.00667779632721202	2267	False	False
chr17:26669938-26670538	0	0.375	0.008347245409015025	329710	False	False
chr17:52580071-52580671	0	0.4683333333333333	0.01335559265442404	23367	False	False
chr17:2929278-2929878	0	0.595	0.02671118530884808	10372	False	True
chr17:22716236-22716836	0	0.4533333333333333	0.005008347245409015	23762	False	False
chr17:62489672-62490272	0	0.4216666666666667	0.01001669449081803	8847	False	False
chr17:27472597-27473197	0	0.5	0.01001669449081803	888	True	False
chr17:54129567-54130167	0	0.3433333333333333	0.001669449081803005	53477	False	False
chr17:51289143-51289743	0	0.4716666666666667	0.021702838063439065	9202	False	False
chr17:27805931-27806531	0	0.535	0.01001669449081803	5474	False	True
chr17:82300496-82301096	0	0.6	0.035058430717863104	7081	False	True
chr17:14897814-14898414	0	0.36666666666666664	0.00333889816360601	51967	False	False
chr17:45355945-45356545	0	0.49333333333333335	0.02003338898163606	9646	False	False
chr17:30629201-30629801	0	0.4483333333333333	0.008347245409015025	2358	False	False
chr17:38510365-38510965	0	0.7883333333333333	0.14858096828046743	10288	False	True
chr17:45195993-45196593	0	0.48333333333333334	0.01335559265442404	24440	False	False
chr17:4963596-4964196	0	0.48833333333333334	0.01335559265442404	3294	False	False
chr17:55824126-55824726	0	0.405	0.00333889816360601	48512	False	False
chr17:53187693-53188293	0	0.3616666666666667	0.008347245409015025	125975	False	False
chr17:80199337-80199937	0	0.45166666666666666	0.01001669449081803	4697	False	False
chr17:77047732-77048332	0	0.36333333333333334	0.005008347245409015	33153	False	False
chr17:66853741-66854341	0	0.375	0.018363939899833055	18925	False	False
chr17:82531818-82532418	0	0.5083333333333333	0.03171953255425709	12387	False	True
chr17:11015431-11016031	0	0.36	0.005008347245409015	75448	False	False
chr17:58643706-58644306	0	0.45666666666666667	0.01001669449081803	12171	False	False
chr17:72403368-72403968	0	0.4533333333333333	0.01335559265442404	17635	False	False
chr17:33124528-33125128	0	0.4766666666666667	0.008347245409015025	12976	False	False
chr17:17773763-17774363	0	0.43	0.011686143572621035	620	True	False
chr17:18263027-18263627	0	0.5666666666666667	0.021702838063439065	1847	True	True
chr17:4158667-4159267	0	0.5333333333333333	0.021702838063439065	2385	False	True
chr17:15195461-15196061	0	0.43333333333333335	0.01669449081803005	39040	False	False
chr17:35653357-35653957	0	0.4766666666666667	0.015025041736227046	59627	False	False
chr17:4094408-4095008	0	0.48	0.008347245409015025	48321	False	True
chr17:48545241-48545841	0	0.4866666666666667	0.01335559265442404	370	True	False
chr17:13751568-13752168	0	0.41333333333333333	0.018363939899833055	14081	False	False
chr17:902809-903409	0	0.495	0.03005008347245409	6522	False	False
chr17:61637297-61637897	0	0.42333333333333334	0.005008347245409015	46379	False	False
chr17:2146065-2146665	0	0.4083333333333333	0.005008347245409015	23486	False	True
chr17:76388485-76389085	0	0.505	0.011686143572621035	3471	False	False
chr17:67323286-67323886	0	0.46	0.01335559265442404	42990	False	False
chr17:28169263-28169863	0	0.3383333333333333	0.00333889816360601	10309	False	False
chr17:78625012-78625612	0	0.5016666666666667	0.021702838063439065	5090	False	False
chr17:75152144-75152744	0	0.34	0.01001669449081803	848	True	False
chr17:29154594-29155194	0	0.585	0.01669449081803005	14412	False	True
chr17:76648628-76649228	0	0.45166666666666666	0.008347245409015025	5117	False	False
chr17:20825978-20826578	0	0.42833333333333334	0.02003338898163606	14990	False	False
chr17:15316490-15317090	0	0.42833333333333334	0.008347245409015025	5446	False	False
chr17:10862361-10862961	0	0.4	0.005008347245409015	4658	False	False
chr17:38587539-38588139	0	0.54	0.01335559265442404	9473	False	True
chr17:30391192-30391792	0	0.37666666666666665	0.01001669449081803	11257	False	False
chr17:5779440-5780040	0	0.5083333333333333	0.008347245409015025	6815	False	True
chr17:49224013-49224613	0	0.655	0.08681135225375626	355	True	True
chr17:29214376-29214976	0	0.5466666666666666	0.011686143572621035	32182	False	True
chr17:52776454-52777054	0	0.32	0.00333889816360601	26542	False	False
chr17:38801985-38802585	0	0.4083333333333333	0.008347245409015025	2372	False	False
chr17:79968099-79968699	0	0.43333333333333335	0.01669449081803005	16343	False	False
chr17:28672255-28672855	0	0.4716666666666667	0.015025041736227046	248	True	False
chr17:51257427-51258027	0	0.30833333333333335	0.005008347245409015	2321	False	False
chr17:38223789-38224389	0	0.34	0.01001669449081803	7054	False	False
chr17:29727463-29728063	0	0.41333333333333333	0.011686143572621035	33339	False	False
chr17:26693716-26694316	0	0.38666666666666666	0.011686143572621035	305932	False	False
chr17:35704773-35705373	0	0.45166666666666666	0.02003338898163606	26565	False	False
chr17:5054282-5054882	0	0.44666666666666666	0.018363939899833055	2574	False	False
chr17:64461947-64462547	0	0.45666666666666667	0.02671118530884808	13079	False	False
chr17:65124017-65124617	0	0.3983333333333333	0.005008347245409015	13032	False	False
chr17:58529526-58530126	0	0.49166666666666664	0.00333889816360601	476	True	True
chr17:17790437-17791037	0	0.5333333333333333	0.028380634390651086	7199	False	False
chr17:39713753-39714353	0	0.4816666666666667	0.01669449081803005	9601	False	False
chr17:59415097-59415697	0	0.49666666666666665	0.01335559265442404	9948	False	False
chr17:27614503-27615103	0	0.4583333333333333	0.008347245409015025	4961	False	False
chr17:5633861-5634461	0	0.44666666666666666	0.01335559265442404	14738	False	False
chr17:80680251-80680851	0	0.48	0.018363939899833055	38900	False	False
chr17:63143011-63143611	0	0.2816666666666667	0.0	12365	False	False
chr17:29593165-29593765	0	0.825	0.17362270450751252	334	True	True
chr17:18044420-18045020	0	0.4083333333333333	0.005008347245409015	3888	False	False
chr17:12215019-12215619	0	0.475	0.01001669449081803	13720	False	False
chr17:28807764-28808364	0	0.38166666666666665	0.005008347245409015	569	True	False
chr17:36302187-36302787	0	0.385	0.00667779632721202	17176	False	False
chr17:12335462-12336062	0	0.365	0.00333889816360601	30145	False	False
chr17:49499121-49499721	0	0.46	0.008347245409015025	1622	True	False
chr17:1549582-1550182	0	0.5083333333333333	0.02671118530884808	12909	False	False
chr17:68892302-68892902	0	0.38166666666666665	0.00333889816360601	48086	False	False
chr17:8292195-8292795	0	0.52	0.01335559265442404	2904	False	False
chr17:35978503-35979103	0	0.49333333333333335	0.018363939899833055	2147	False	False
chr17:27987858-27988458	0	0.51	0.015025041736227046	3607	False	False
chr17:14543787-14544387	0	0.31	0.005008347245409015	18042	False	False
chr17:7778417-7779017	0	0.47333333333333333	0.018363939899833055	24398	False	False
chr17:49663192-49663792	0	0.3983333333333333	0.001669449081803005	13049	False	False
chr17:20653830-20654430	0	0.47	0.015025041736227046	11432	False	False
chr17:40093247-40093847	0	0.575	0.02337228714524207	6126	False	True
chr17:77207691-77208291	0	0.44666666666666666	0.015025041736227046	22779	False	False
chr17:32952414-32953014	0	0.4	0.001669449081803005	17661	False	False
chr17:51626535-51627135	0	0.38666666666666666	0.008347245409015025	70638	False	False
chr17:73908830-73909430	0	0.51	0.01669449081803005	2747	False	False
chr17:21605734-21606334	0	0.265	0.001669449081803005	6857	False	False
chr17:10090833-10091433	0	0.5	0.011686143572621035	23419	False	False
chr17:81816678-81817278	0	0.465	0.02671118530884808	7508	False	True
chr17:67611084-67611684	0	0.425	0.01001669449081803	108	True	False
chr17:14046046-14046646	0	0.49833333333333335	0.011686143572621035	21892	False	False
chr17:34970046-34970646	0	0.395	0.005008347245409015	8807	False	False
chr17:75343570-75344170	0	0.41833333333333333	0.00667779632721202	534	True	False
chr17:63087975-63088575	0	0.35833333333333334	0.008347245409015025	42671	False	False
chr17:36825172-36825772	0	0.505	0.015025041736227046	95251	False	False
chr17:74558003-74558603	0	0.42	0.01001669449081803	9039	False	False
chr17:55502781-55503381	0	0.42833333333333334	0.02337228714524207	1366	True	False
chr17:8370654-8371254	0	0.4483333333333333	0.01669449081803005	1217	True	False
chr17:5560488-5561088	0	0.5	0.015025041736227046	23168	False	True
chr17:54635072-54635672	0	0.4583333333333333	0.001669449081803005	35047	False	False
chr17:48124502-48125102	0	0.4683333333333333	0.018363939899833055	16936	False	False
chr17:13218389-13218989	0	0.31666666666666665	0.001669449081803005	77433	False	False
chr17:82500941-82501541	0	0.5383333333333333	0.02337228714524207	18447	False	False
chr17:44733969-44734569	0	0.5033333333333333	0.00667779632721202	15140	False	True
chr17:13048401-13049001	0	0.46166666666666667	0.01335559265442404	2140	False	False
chr17:36691210-36691810	0	0.55	0.01001669449081803	6450	False	True
chr17:73180743-73181343	0	0.35833333333333334	0.00667779632721202	11754	False	False
chr17:44802434-44803034	0	0.39	0.005008347245409015	4793	False	False
chr17:77896263-77896863	0	0.43166666666666664	0.011686143572621035	2706	False	False
chr17:3640355-3640955	0	0.4866666666666667	0.008347245409015025	3895	False	True
chr17:64735595-64736195	0	0.39166666666666666	0.00667779632721202	6144	False	False
chr17:68623672-68624272	0	0.4033333333333333	0.011686143572621035	4181	False	False
chr17:2671525-2672125	0	0.43833333333333335	0.01001669449081803	9132	False	False
chr17:67536435-67537035	0	0.42333333333333334	0.008347245409015025	10125	False	False
chr17:70876901-70877501	0	0.3566666666666667	0.005008347245409015	21388	False	False
chr17:51218621-51219221	0	0.33166666666666667	0.001669449081803005	6302	False	False
chr17:41826099-41826699	0	0.48	0.011686143572621035	9443	False	False
chr17:30431888-30432488	0	0.325	0.001669449081803005	45173	False	False
chr17:64244411-64245011	0	0.38	0.00333889816360601	6020	False	False
chr17:50462890-50463490	0	0.5783333333333334	0.01669449081803005	5689	False	True
chr17:15873221-15873821	0	0.33666666666666667	0.008347245409015025	25526	False	False
chr17:16813112-16813712	0	0.5266666666666666	0.008347245409015025	8786	False	False
chr17:20464543-20465143	0	0.5466666666666666	0.01669449081803005	2695	False	True
chr17:13040455-13041055	0	0.3983333333333333	0.01001669449081803	5806	False	True
chr17:29332756-29333356	0	0.515	0.021702838063439065	19012	False	False
chr17:10853164-10853764	0	0.4	0.01335559265442404	4539	False	False
chr17:30988609-30989209	0	0.455	0.021702838063439065	8660	False	False
chr17:80779004-80779604	0	0.535	0.04006677796327212	26327	False	True
chr17:21066380-21066980	0	0.56	0.01001669449081803	8873	False	True
chr17:13444135-13444735	0	0.45	0.00333889816360601	24576	False	False
chr17:78832282-78832882	0	0.48333333333333334	0.011686143572621035	7456	False	False
chr17:59265283-59265883	0	0.4866666666666667	0.00667779632721202	4836	False	True
chr17:29373701-29374301	0	0.49333333333333335	0.02337228714524207	2369	False	False
chr17:30980042-30980642	0	0.77	0.07846410684474124	93	True	True
chr17:47033325-47033925	0	0.395	0.008347245409015025	8199	False	False
chr17:48612281-48612881	0	0.48833333333333334	0.04006677796327212	1559	True	False
chr17:28915504-28916104	0	0.44333333333333336	0.008347245409015025	10488	False	False
chr17:74292640-74293240	0	0.49666666666666665	0.03171953255425709	11429	False	True
chr17:38716724-38717324	0	0.5783333333333334	0.01669449081803005	2666	False	True
chr17:78968976-78969576	0	0.5716666666666667	0.035058430717863104	8515	False	True
chr17:43405047-43405647	0	0.45166666666666666	0.01335559265442404	6355	False	False
chr17:50941719-50942319	0	0.505	0.01669449081803005	2033	False	False
chr17:78802409-78803009	0	0.5316666666666666	0.03005008347245409	20389	False	True
chr17:5770524-5771124	0	0.505	0.01669449081803005	1409	True	True
chr17:47239511-47240111	0	0.505	0.01335559265442404	9742	False	False
chr17:71342504-71343104	0	0.43333333333333335	0.005008347245409015	44587	False	False
chr17:32541218-32541818	0	0.395	0.005008347245409015	11470	False	False
chr17:10627421-10628021	0	0.38166666666666665	0.00667779632721202	15814	False	False
chr17:60941325-60941925	0	0.30833333333333335	0.005008347245409015	41735	False	False
chr17:22436753-22437353	0	0.4033333333333333	0.011686143572621035	1664	True	False
chr17:43381736-43382336	0	0.5183333333333333	0.02003338898163606	5380	False	True
chr17:34019944-34020544	0	0.4533333333333333	0.008347245409015025	13473	False	False
chr17:64474283-64474883	0	0.45666666666666667	0.011686143572621035	22470	False	False
chr17:82505397-82505997	0	0.4716666666666667	0.02003338898163606	13991	False	True
chr17:37060849-37061449	0	0.47	0.01669449081803005	8260	False	False
chr17:47599165-47599765	0	0.3416666666666667	0.005008347245409015	30628	False	False
chr17:58157155-58157755	0	0.6016666666666667	0.0651085141903172	9072	False	True
chr17:7683959-7684559	0	0.445	0.011686143572621035	1811	True	False
chr17:28605423-28606023	0	0.5	0.02003338898163606	2239	False	True
chr17:82635757-82636357	0	0.4866666666666667	0.03171953255425709	12386	False	True
chr17:3062612-3063212	0	0.5133333333333333	0.011686143572621035	694	True	False
chr17:16305843-16306443	0	0.48333333333333334	0.025041736227045076	24130	False	False
chr17:32976557-32977157	0	0.4116666666666667	0.001669449081803005	6482	False	False
chr17:81317370-81317970	0	0.52	0.021702838063439065	6545	False	True
chr17:80500566-80501166	0	0.5833333333333334	0.0333889816360601	24260	False	True
chr17:61184796-61185396	0	0.33666666666666667	0.0	48970	False	False
chr17:20951554-20952154	0	0.44333333333333336	0.008347245409015025	424	True	False
chr17:55820631-55821231	0	0.325	0.001669449081803005	52007	False	False
chr17:44077992-44078592	0	0.6266666666666667	0.03005008347245409	7558	False	True
chr17:55689176-55689776	0	0.38166666666666665	0.00667779632721202	16214	False	False
chr17:57469715-57470315	0	0.5066666666666667	0.005008347245409015	17045	False	True
chr17:22599642-22600242	0	0.36	0.001669449081803005	47232	False	False
chr17:10001475-10002075	0	0.475	0.011686143572621035	18226	False	False
chr17:80299362-80299962	0	0.36333333333333334	0.00333889816360601	15988	False	False
chr17:61884547-61885147	0	0.3283333333333333	0.005008347245409015	10666	False	False
chr17:13398768-13399368	0	0.44166666666666665	0.00667779632721202	20791	False	False
chr17:77527196-77527796	0	0.5033333333333333	0.018363939899833055	169	True	True
chr17:57805216-57805816	0	0.42833333333333334	0.008347245409015025	16068	False	False
chr17:71809855-71810455	0	0.36833333333333335	0.001669449081803005	66688	False	False
chr17:68729200-68729800	0	0.4816666666666667	0.005008347245409015	4026	False	True
chr17:66048314-66048914	0	0.41	0.015025041736227046	143068	False	False
chr17:17638552-17639152	0	0.51	0.01001669449081803	6092	False	False
chr17:48309872-48310472	0	0.385	0.005008347245409015	2845	False	False
chr17:72904629-72905229	0	0.5216666666666666	0.03005008347245409	65891	False	True
chr17:79284441-79285041	0	0.53	0.018363939899833055	48937	False	True
chr17:74458156-74458756	0	0.5366666666666666	0.018363939899833055	7930	False	False
chr17:18366287-18366887	0	0.4583333333333333	0.011686143572621035	3038	False	False
chr17:15960983-15961583	0	0.43666666666666665	0.01001669449081803	16154	False	False
chr17:31704494-31705094	0	0.42	0.01669449081803005	5151	False	False
chr17:42649862-42650462	0	0.4716666666666667	0.03005008347245409	9060	False	True
chr17:18929483-18930083	0	0.3883333333333333	0.00667779632721202	14215	False	False
chr17:47086103-47086703	0	0.41833333333333333	0.015025041736227046	13491	False	False
chr17:51429337-51429937	0	0.4816666666666667	0.008347245409015025	10015	False	False
chr17:11368499-11369099	0	0.435	0.018363939899833055	80595	False	True
chr17:51144475-51145075	0	0.42	0.005008347245409015	8173	False	False
chr17:75462854-75463454	0	0.35333333333333333	0.00667779632721202	5972	False	False
chr17:72672871-72673471	0	0.4666666666666667	0.011686143572621035	9020	False	True
chr17:62881430-62882030	0	0.385	0.008347245409015025	6141	False	False
chr17:50811076-50811676	0	0.5366666666666666	0.00667779632721202	18168	False	True
chr17:44456701-44457301	0	0.41333333333333333	0.01001669449081803	29813	False	False
chr17:3194815-3195415	0	0.44166666666666665	0.00667779632721202	2403	False	False
chr17:44755087-44755687	0	0.5033333333333333	0.01335559265442404	2476	False	False
chr17:49188536-49189136	0	0.5016666666666667	0.01335559265442404	20548	False	False
chr17:81821805-81822405	0	0.635	0.021702838063439065	2381	False	True
chr17:38355921-38356521	0	0.5383333333333333	0.018363939899833055	4378	False	True
chr17:3643468-3644068	0	0.49833333333333335	0.02671118530884808	7008	False	False
chr17:80958025-80958625	0	0.5016666666666667	0.03005008347245409	3387	False	False
chr17:29274845-29275445	0	0.4216666666666667	0.01001669449081803	18634	False	False
chr17:8287729-8288329	0	0.5266666666666666	0.028380634390651086	601	True	True
chr17:57329042-57329642	0	0.39666666666666667	0.0	34658	False	False
chr17:6096511-6097111	0	0.5833333333333334	0.018363939899833055	18862	False	True
chr17:18014547-18015147	0	0.4266666666666667	0.00333889816360601	11923	False	False
chr17:36414424-36415024	0	0.395	0.01335559265442404	9793	False	False
chr17:28322590-28323190	0	0.40166666666666667	0.008347245409015025	3436	False	False
chr17:52132299-52132899	0	0.46	0.00333889816360601	26114	False	False
chr17:36720241-36720841	0	0.5166666666666667	0.01001669449081803	1879	True	False
chr17:52183058-52183658	0	0.335	0.00333889816360601	23331	False	False
chr17:14785877-14786477	0	0.38666666666666666	0.011686143572621035	5815	False	False
chr17:82729960-82730560	0	0.54	0.035058430717863104	3882	False	True
chr17:52372274-52372874	0	0.2916666666666667	0.001669449081803005	17254	False	False
chr17:41806847-41807447	0	0.54	0.01001669449081803	4801	False	True
chr17:12542015-12542615	0	0.37666666666666665	0.00667779632721202	7437	False	False
chr17:44401465-44402065	0	0.43833333333333335	0.015025041736227046	7592	False	False
chr17:36073078-36073678	0	0.4166666666666667	0.005008347245409015	501	True	False
chr17:58807323-58807923	0	0.3016666666666667	0.00667779632721202	22016	False	False
chr17:64492248-64492848	0	0.335	0.008347245409015025	4505	False	False
chr17:2825548-2826148	0	0.505	0.02671118530884808	27824	False	True
chr17:78574781-78575381	0	0.5466666666666666	0.0333889816360601	2314	False	True
chr17:39221114-39221714	0	0.515	0.02003338898163606	4530	False	False
chr17:65362858-65363458	0	0.4583333333333333	0.01001669449081803	75701	False	False
chr17:54122260-54122860	0	0.33666666666666667	0.00333889816360601	55736	False	False
chr17:75930083-75930683	0	0.5	0.015025041736227046	10658	False	False
chr17:58801065-58801665	0	0.37166666666666665	0.011686143572621035	15758	False	False
chr17:34603571-34604171	0	0.5783333333333334	0.005008347245409015	10537	False	True
chr17:74963052-74963652	0	0.6316666666666667	0.011686143572621035	7341	False	True
chr17:36767526-36768126	0	0.6	0.008347245409015025	45385	False	True
chr17:76986903-76987503	0	0.5583333333333333	0.01335559265442404	8452	False	True
chr17:15241072-15241672	0	0.35833333333333334	0.00667779632721202	10323	False	False
chr17:79380697-79381297	0	0.51	0.02671118530884808	101600	False	False
chr17:11830627-11831227	0	0.375	0.01001669449081803	51267	False	False
chr17:53438609-53439209	0	0.48833333333333334	0.03171953255425709	376891	False	False
chr17:35059457-35060057	0	0.3233333333333333	0.00333889816360601	3949	False	False
chr17:44884484-44885084	0	0.445	0.01001669449081803	799	True	False
chr17:80154827-80155427	0	0.37333333333333335	0.005008347245409015	5328	False	False
chr17:6893418-6894018	0	0.6	0.04006677796327212	11874	False	True
chr17:7756588-7757188	0	0.49	0.035058430717863104	2569	False	False
chr17:44971562-44972162	0	0.5366666666666666	0.02003338898163606	3494	False	False
chr17:64765394-64765994	0	0.4816666666666667	0.00667779632721202	647	True	False
chr17:52962654-52963254	0	0.37	0.00667779632721202	22599	False	False
chr17:33837102-33837702	0	0.42333333333333334	0.005008347245409015	2836	False	False
chr17:31089304-31089904	0	0.44666666666666666	0.00667779632721202	4820	False	False
chr17:60159131-60159731	0	0.5966666666666667	0.028380634390651086	9459	False	True
chr17:74805061-74805661	0	0.5816666666666667	0.03005008347245409	28863	False	True
chr17:49500335-49500935	0	0.5366666666666666	0.01335559265442404	2836	False	True
chr17:6208681-6209281	0	0.49833333333333335	0.025041736227045076	1819	True	True
chr17:39213528-39214128	0	0.5566666666666666	0.02003338898163606	3927	False	True
chr17:66631552-66632152	0	0.36833333333333335	0.00667779632721202	6418	False	False
chr17:51282114-51282714	0	0.355	0.005008347245409015	16231	False	False
chr17:42783999-42784599	0	0.6066666666666667	0.05008347245409015	3690	False	True
chr17:47249366-47249966	0	0.3016666666666667	0.001669449081803005	3982	False	False
chr17:7609338-7609938	0	0.3983333333333333	0.00667779632721202	4425	False	False
chr17:28262138-28262738	0	0.44666666666666666	0.01669449081803005	6001	False	False
chr17:79182374-79182974	0	0.7483333333333333	0.08848080133555926	826	True	True
chr17:12286961-12287561	0	0.31666666666666665	0.005008347245409015	78646	False	False
chr17:57246989-57247589	0	0.43333333333333335	0.01001669449081803	8561	False	False
chr17:28190260-28190860	0	0.37	0.00333889816360601	10688	False	False
chr17:57198911-57199511	0	0.35	0.00667779632721202	2470	False	False
chr17:79170453-79171053	0	0.58	0.02671118530884808	12747	False	True
chr17:63398430-63399030	0	0.395	0.01001669449081803	15712	False	True
chr17:63806210-63806810	0	0.3283333333333333	0.005008347245409015	20587	False	False
chr17:1822068-1822668	0	0.39	0.01001669449081803	6759	False	True
chr17:7167467-7168067	0	0.44333333333333336	0.021702838063439065	1261	True	False
chr17:54673877-54674477	0	0.395	0.011686143572621035	3758	False	False
chr17:79635345-79635945	0	0.365	0.008347245409015025	24329	False	False
chr17:65424210-65424810	0	0.4633333333333333	0.01001669449081803	33030	False	False
chr17:29440524-29441124	0	0.40166666666666667	0.008347245409015025	4575	False	False
chr17:3345030-3345630	0	0.3616666666666667	0.008347245409015025	9276	False	False
chr17:1057597-1058197	0	0.48333333333333334	0.021702838063439065	21248	False	True
chr17:62231825-62232425	0	0.425	0.015025041736227046	20723	False	False
chr17:55042694-55043294	0	0.28	0.00333889816360601	74200	False	False
chr17:12237139-12237739	0	0.37	0.00667779632721202	35840	False	False
chr17:22685710-22686310	0	0.35833333333333334	0.005008347245409015	6671	False	False
chr17:54109756-54110356	0	0.3566666666666667	0.001669449081803005	43232	False	False
chr17:40412255-40412855	0	0.43666666666666665	0.01335559265442404	5340	False	False
chr17:76765256-76765856	0	0.3933333333333333	0.008347245409015025	12645	False	False
chr17:10333828-10334428	0	0.5116666666666667	0.01669449081803005	16484	False	True
chr17:52537171-52537771	0	0.36666666666666664	0.00333889816360601	66267	False	False
chr17:51490834-51491434	0	0.49833333333333335	0.02003338898163606	51482	False	False
chr17:73679713-73680313	0	0.4266666666666667	0.005008347245409015	16104	False	False
chr17:69649806-69650406	0	0.3283333333333333	0.00333889816360601	55322	False	False
chr17:44785910-44786510	0	0.55	0.018363939899833055	3893	False	True
chr17:13459043-13459643	0	0.40166666666666667	0.01001669449081803	39484	False	False
chr17:69418411-69419011	0	0.2966666666666667	0.00333889816360601	3463	False	False
chr17:78629473-78630073	0	0.5816666666666667	0.038397328881469114	629	True	True
chr17:76147378-76147978	0	0.5366666666666666	0.018363939899833055	6033	False	True
chr17:56210546-56211146	0	0.3933333333333333	0.00667779632721202	57337	False	False
chr17:47255023-47255623	0	0.5	0.04006677796327212	525	True	False
chr17:67205733-67206333	0	0.33666666666666667	0.00667779632721202	18200	False	False
chr17:48747273-48747873	0	0.65	0.07178631051752922	5355	False	True
chr17:7758163-7758763	0	0.455	0.01001669449081803	4144	False	False
chr17:81475600-81476200	0	0.6	0.02337228714524207	3708	False	True
chr17:48481754-48482354	0	0.465	0.005008347245409015	2958	False	False
chr17:75991090-75991690	0	0.44333333333333336	0.01669449081803005	7178	False	False
chr17:60453454-60454054	0	0.4583333333333333	0.00333889816360601	17759	False	True
chr17:71779259-71779859	0	0.45666666666666667	0.00333889816360601	36092	False	False
chr17:15732202-15732802	0	0.5716666666666667	0.008347245409015025	220	True	True
chr17:10104029-10104629	0	0.44666666666666666	0.00667779632721202	10223	False	False
chr17:71928716-71929316	0	0.3616666666666667	0.00333889816360601	21103	False	False
chr17:28467348-28467948	0	0.42833333333333334	0.02671118530884808	5626	False	False
chr17:68612519-68613119	0	0.3883333333333333	0.00333889816360601	11425	False	False
chr17:50792150-50792750	0	0.4766666666666667	0.01669449081803005	758	True	False
chr17:42495580-42496180	0	0.45166666666666666	0.018363939899833055	14	True	False
chr17:15119209-15119809	0	0.4216666666666667	0.00667779632721202	12377	False	False
chr17:36753925-36754525	0	0.535	0.01001669449081803	31784	False	False
chr17:14288170-14288770	0	0.4483333333333333	0.02003338898163606	9129	False	False
chr17:29922080-29922680	0	0.32666666666666666	0.005008347245409015	7522	False	False
chr17:29118277-29118877	0	0.5766666666666667	0.018363939899833055	21905	False	True
chr17:18777633-18778233	0	0.52	0.04006677796327212	3221	False	True
chr17:38275692-38276292	0	0.45666666666666667	0.025041736227045076	18635	False	False
chr17:29967159-29967759	0	0.39	0.005008347245409015	25826	False	False
chr17:77669072-77669672	0	0.3	0.0	2371	False	False
chr17:60645077-60645677	0	0.38166666666666665	0.011686143572621035	17059	False	False
chr17:70466204-70466804	0	0.4	0.001669449081803005	77029	False	False
chr17:36019467-36020067	0	0.37	0.001669449081803005	1789	True	False
chr17:55255308-55255908	0	0.4533333333333333	0.008347245409015025	9351	False	False
chr17:45009680-45010280	0	0.5633333333333334	0.015025041736227046	3615	False	True
chr17:42115429-42116029	0	0.5833333333333334	0.025041736227045076	2995	False	True
chr17:34812612-34813212	0	0.5083333333333333	0.011686143572621035	46133	False	False
chr17:13446795-13447395	0	0.4083333333333333	0.005008347245409015	27236	False	False
chr17:18511987-18512587	0	0.36333333333333334	0.008347245409015025	5975	False	False
chr17:15176313-15176913	0	0.3333333333333333	0.005008347245409015	19892	False	False
chr17:65514987-65515587	0	0.5066666666666667	0.01669449081803005	996	True	False
chr17:38298511-38299111	0	0.4266666666666667	0.01335559265442404	1644	True	False
chr17:35628186-35628786	0	0.43166666666666664	0.00333889816360601	34456	False	False
chr17:17399424-17400024	0	0.5916666666666667	0.018363939899833055	6800	False	True
chr17:41586199-41586799	0	0.6233333333333333	0.03672787979966611	395	True	True
chr17:76803745-76804345	0	0.4533333333333333	0.01669449081803005	5002	False	False
chr17:14002890-14003490	0	0.36666666666666664	0.01669449081803005	21264	False	False
chr17:7694705-7695305	0	0.49	0.03171953255425709	6529	False	True
chr17:1327908-1328508	0	0.48	0.02671118530884808	23861	False	False
chr17:42624011-42624611	0	0.465	0.008347245409015025	5646	False	False
chr17:46436792-46437392	0	0.3	0.005008347245409015	64283	False	False
chr17:74845316-74845916	0	0.5333333333333333	0.00333889816360601	14268	False	False
chr17:65503407-65504007	0	0.5333333333333333	0.01669449081803005	10584	False	True
chr17:37746327-37746927	0	0.4683333333333333	0.005008347245409015	1481	True	True
chr17:16558946-16559546	0	0.28833333333333333	0.0	22	True	False
chr17:51192299-51192899	0	0.3566666666666667	0.001669449081803005	6197	False	False
chr17:49519204-49519804	0	0.5016666666666667	0.01001669449081803	8688	False	False
chr17:80724923-80725523	0	0.47333333333333333	0.018363939899833055	5772	False	False
chr17:19521310-19521910	0	0.43	0.025041736227045076	11851	False	False
chr17:75474192-75474792	0	0.48833333333333334	0.008347245409015025	2005	False	True
chr17:31654330-31654930	0	0.53	0.04340567612687813	35835	False	True
chr17:50021495-50022095	0	0.5533333333333333	0.01335559265442404	24907	False	True
chr17:70890218-70890818	0	0.3283333333333333	0.008347245409015025	9740	False	False
chr17:59886761-59887361	0	0.5166666666666667	0.018363939899833055	3941	False	False
chr17:40762598-40763198	0	0.37666666666666665	0.0	7568	False	False
chr22:39399429-39400029	1	0.65	0.07846410684474124	50	True	False
chr22:49827587-49828187	1	0.815	0.15191986644407346	7	True	False
chr22:38705483-38706083	1	0.5733333333333334	0.07178631051752922	1	True	True
chr22:31159893-31160493	1	0.6033333333333334	0.07011686143572621	10	True	False
chr22:21001871-21002471	1	0.6833333333333333	0.11352253756260434	24	True	False
chr22:31087560-31088160	1	0.6183333333333333	0.035058430717863104	2865	False	True
chr22:19447390-19447990	1	0.6966666666666667	0.1285475792988314	20	True	False
chr22:20264928-20265528	1	0.64	0.025041736227045076	3089	False	False
chr22:37538690-37539290	1	0.585	0.02337228714524207	7110	False	False
chr22:48561615-48562215	1	0.5766666666666667	0.03672787979966611	14390	False	True
chr22:17910433-17911033	1	0.545	0.018363939899833055	106	True	True
chr22:35894787-35895387	1	0.4666666666666667	0.00667779632721202	43809	False	True
chr22:38316701-38317301	1	0.7633333333333333	0.12520868113522537	24	True	False
chr22:49970728-49971328	1	0.66	0.0667779632721202	4	True	False
chr22:38843831-38844431	1	0.7933333333333333	0.1352253756260434	96	True	False
chr22:41589740-41590340	1	0.64	0.06844741235392321	167	True	False
chr22:50783424-50784024	1	0.6816666666666666	0.09515859766277128	31	True	False
chr22:41091320-41091920	1	0.65	0.07345575959933222	195	True	False
chr22:20703044-20703644	1	0.68	0.07345575959933222	424	True	False
chr22:38050143-38050743	1	0.6166666666666667	0.01335559265442404	6756	False	True
chr22:30326732-30327332	1	0.7266666666666667	0.10517529215358931	87	True	False
chr22:37658370-37658970	1	0.6833333333333333	0.12020033388981637	44	True	False
chr22:46104126-46104726	1	0.7233333333333334	0.05676126878130217	8322	False	False
chr22:23539497-23540097	1	0.4816666666666667	0.0333889816360601	2899	False	True
chr22:37608466-37609066	1	0.71	0.10851419031719532	42	True	False
chr22:41800270-41800870	1	0.645	0.07846410684474124	47	True	False
chr22:40819135-40819735	1	0.6183333333333333	0.07178631051752922	34	True	False
chr22:21641865-21642465	1	0.6916666666666667	0.09682804674457429	95	True	False
chr22:23069893-23070493	1	0.775	0.14691151919866444	107	True	False
chr22:35350698-35351298	1	0.6316666666666667	0.05676126878130217	14200	False	False
chr22:39292482-39293082	1	0.6116666666666667	0.021702838063439065	205	True	False
chr22:23717091-23717691	1	0.6666666666666666	0.08681135225375626	21	True	False
chr22:41478939-41479539	1	0.49166666666666664	0.011686143572621035	10112	False	True
chr22:26483557-26484157	1	0.715	0.12020033388981637	2	True	False
chr22:38506213-38506813	1	0.565	0.09181969949916527	45	True	True
chr22:50185549-50186149	1	0.7516666666666667	0.1302170283806344	21	True	False
chr22:29352653-29353253	1	0.5116666666666667	0.02003338898163606	14378	False	True
chr22:30028560-30029160	1	0.525	0.01335559265442404	21812	False	True
chr22:46045927-46046527	1	0.57	0.01001669449081803	32	True	True
chr22:21665990-21666590	1	0.6283333333333333	0.09515859766277128	50	True	True
chr22:31321385-31321985	1	0.49166666666666664	0.008347245409015025	24660	False	True
chr22:36028703-36029303	1	0.725	0.1018363939899833	180	True	False
chr22:28772408-28773008	1	0.6333333333333333	0.08848080133555926	14	True	False
chr22:45163492-45164092	1	0.6883333333333334	0.1302170283806344	18	True	False
chr22:48921197-48921797	1	0.49333333333333335	0.021702838063439065	53325	False	True
chr22:20130933-20131533	1	0.725	0.09515859766277128	34	True	False
chr22:22297862-22298462	1	0.7183333333333334	0.1001669449081803	39	True	False
chr22:35376706-35377306	1	0.5583333333333333	0.02671118530884808	585	True	True
chr22:36454897-36455497	1	0.7183333333333334	0.09682804674457429	106	True	False
chr22:35299847-35300447	1	0.64	0.05843071786310518	254	True	False
chr22:19291504-19292104	1	0.7583333333333333	0.11018363939899833	31	True	False
chr22:37546902-37547502	1	0.6116666666666667	0.028380634390651086	1067	True	True
chr22:46738033-46738633	1	0.7916666666666666	0.14023372287145242	15	True	False
chr22:24011027-24011627	1	0.685	0.10517529215358931	24	True	False
chr22:19868996-19869596	1	0.5783333333333334	0.0333889816360601	11867	False	True
chr22:27919054-27919654	1	0.6516666666666666	0.09181969949916527	29	True	False
chr22:50200616-50201216	1	0.7716666666666666	0.15525876460767946	77	True	False
chr22:19995450-19996050	1	0.6016666666666667	0.02671118530884808	4957	False	True
chr22:44684619-44685219	1	0.6283333333333333	0.035058430717863104	7863	False	False
chr22:41394268-41394868	1	0.48833333333333334	0.01001669449081803	12627	False	True
chr22:36239331-36239931	1	0.54	0.01669449081803005	39	True	True
chr22:29553561-29554161	1	0.5716666666666667	0.05342237061769616	105	True	True
chr22:48537041-48537641	1	0.6233333333333333	0.02671118530884808	10000	False	False
chr22:40346204-40346804	1	0.6383333333333333	0.08013355592654424	5	True	False
chr22:17638409-17639009	1	0.6216666666666667	0.07846410684474124	16	True	False
chr22:37905929-37906529	1	0.8066666666666666	0.15859766277128548	67	True	False
chr22:23974242-23974842	1	0.6483333333333333	0.07178631051752922	84	True	False
chr22:37199183-37199783	1	0.6733333333333333	0.09015025041736227	4416	False	False
chr22:41381112-41381712	1	0.7166666666666667	0.09849749582637729	132	True	False
chr22:46335360-46335960	1	0.7066666666666667	0.11853088480801335	53	True	False
chr22:17158981-17159581	1	0.7483333333333333	0.14023372287145242	5	True	False
chr22:23750848-23751448	1	0.755	0.12353923205342238	9	True	False
chr22:38026677-38027277	1	0.6216666666666667	0.038397328881469114	7250	False	True
chr22:41544285-41544885	1	0.6316666666666667	0.09682804674457429	20	True	False
chr22:28741679-28742279	1	0.6166666666666667	0.0651085141903172	33	True	True
chr22:46079792-46080392	1	0.6983333333333334	0.06176961602671119	267	True	False
chr22:31944107-31944707	1	0.7116666666666667	0.12186978297161936	57	True	False
chr22:23857450-23858050	1	0.655	0.09682804674457429	29	True	False
chr22:40856383-40856983	1	0.61	0.0651085141903172	33	True	False
chr22:36387809-36388409	1	0.71	0.09181969949916527	92	True	False
chr22:19432132-19432732	1	0.7083333333333334	0.11519198664440734	112	True	False
chr22:39319376-39319976	1	0.5966666666666667	0.09682804674457429	14	True	True
chr22:38033333-38033933	1	0.6366666666666667	0.035058430717863104	594	True	False
chr22:23145067-23145667	1	0.6566666666666666	0.08013355592654424	2	True	True
chr22:24588330-24588930	1	0.6566666666666666	0.03171953255425709	65	True	False
chr22:43143052-43143652	1	0.6866666666666666	0.12353923205342238	32	True	False
chr22:37933762-37934362	1	0.61	0.02003338898163606	8987	False	False
chr22:21567354-21567954	1	0.65	0.08013355592654424	57	True	False
chr22:24155714-24156314	1	0.7283333333333334	0.1001669449081803	177	True	False
chr22:41620843-41621443	1	0.6666666666666666	0.09682804674457429	19	True	False
chr22:31107359-31107959	1	0.6633333333333333	0.09015025041736227	62	True	True
chr22:31970510-31971110	1	0.675	0.07178631051752922	12	True	False
chr22:41976515-41977115	1	0.7966666666666666	0.14357262103505844	6	True	False
chr22:39519884-39520484	1	0.6316666666666667	0.08681135225375626	54	True	True
chr22:42270352-42270952	1	0.8166666666666667	0.1669449081803005	0	True	False
chr22:29766762-29767362	1	0.5566666666666666	0.05676126878130217	21	True	True
chr22:32528221-32528821	1	0.5516666666666666	0.021702838063439065	4315	False	True
chr22:30802691-30803291	1	0.7166666666666667	0.1018363939899833	154	True	False
chr22:48702602-48703202	1	0.5883333333333334	0.04006677796327212	9656	False	True
chr22:39291841-39292441	1	0.6483333333333333	0.045075125208681135	846	True	False
chr22:36776106-36776706	1	0.5533333333333333	0.05843071786310518	98	True	True
chr22:40043969-40044569	1	0.49	0.035058430717863104	49	True	True
chr22:20079863-20080463	1	0.7783333333333333	0.1636060100166945	61	True	False
chr22:38681621-38682221	1	0.6433333333333333	0.08681135225375626	2	True	False
chr22:37984275-37984875	1	0.655	0.0333889816360601	21	True	False
chr22:40177580-40178180	1	0.4083333333333333	0.008347245409015025	25	True	True
chr22:41946592-41947192	1	0.6666666666666666	0.08347245409015025	133	True	False
chr22:39501965-39502565	1	0.69	0.07846410684474124	24	True	False
chr22:41367077-41367677	1	0.6583333333333333	0.0333889816360601	45	True	False
chr22:41963674-41964274	1	0.5133333333333333	0.01001669449081803	5468	False	True
chr22:37807563-37808163	1	0.6933333333333334	0.09682804674457429	8	True	False
chr22:41240666-41241266	1	0.675	0.03171953255425709	33	True	False
chr22:46007657-46008257	1	0.68	0.05843071786310518	1342	True	False
chr22:41417856-41418456	1	0.5983333333333334	0.01669449081803005	4115	False	True
chr22:30396714-30397314	1	0.6683333333333333	0.0667779632721202	3	True	False
chr22:43923478-43924078	1	0.7166666666666667	0.11519198664440734	18	True	False
chr22:32474466-32475066	1	0.6983333333333334	0.10851419031719532	44	True	False
chr22:31290513-31291113	1	0.6566666666666666	0.09849749582637729	1674	True	False
chr22:42090602-42091202	1	0.6483333333333333	0.09682804674457429	19	True	True
chr22:42500199-42500799	1	0.7333333333333333	0.08180300500834725	37	True	False
chr22:38038478-38039078	1	0.685	0.07345575959933222	4451	False	False
chr22:19854603-19855203	1	0.7133333333333334	0.12353923205342238	2	True	False
chr22:35467652-35468252	1	0.5883333333333334	0.018363939899833055	58979	False	True
chr22:38201707-38202307	1	0.695	0.11352253756260434	12	True	False
chr22:17628547-17629147	1	0.5483333333333333	0.05843071786310518	0	True	True
chr22:20319833-20320433	1	0.72	0.12520868113522537	24	True	False
chr22:50627855-50628455	1	0.7416666666666667	0.11686143572621036	1	True	False
chr22:23966452-23967052	1	0.6233333333333333	0.07178631051752922	128	True	True
chr22:50582716-50583316	1	0.7383333333333333	0.12687813021702837	61	True	False
chr22:29072675-29073275	1	0.7883333333333333	0.12186978297161936	39	True	False
chr22:43014937-43015537	1	0.6933333333333334	0.10517529215358931	53	True	False
chr22:39349600-39350200	1	0.76	0.14023372287145242	34	True	False
chr22:39469485-39470085	1	0.6333333333333333	0.02671118530884808	2869	False	True
chr22:37561586-37562186	1	0.6316666666666667	0.038397328881469114	329	True	True
chr22:37019438-37020038	1	0.7733333333333333	0.1318864774624374	3	True	False
chr22:23979752-23980352	1	0.67	0.07178631051752922	5	True	False
chr22:46116315-46116915	1	0.6666666666666666	0.05175292153589316	2930	False	False
chr22:50474816-50475416	1	0.77	0.1302170283806344	37	True	False
chr22:30574436-30575036	1	0.7683333333333333	0.11519198664440734	66	True	False
chr22:31749877-31750477	1	0.6616666666666666	0.07345575959933222	9	True	False
chr22:41413641-41414241	1	0.7416666666666667	0.11352253756260434	100	True	False
chr22:30195959-30196559	1	0.4816666666666667	0.02337228714524207	698	True	True
chr22:30667616-30668216	1	0.67	0.08681135225375626	30	True	False
chr22:32534350-32534950	1	0.5733333333333334	0.01669449081803005	1814	True	True
chr22:31192928-31193528	1	0.425	0.00667779632721202	7958	False	True
chr22:24247438-24248038	1	0.615	0.02337228714524207	123	True	True
chr22:24952364-24952964	1	0.7483333333333333	0.11018363939899833	22	True	False
chr22:31753635-31754235	1	0.675	0.09515859766277128	54	True	False
chr22:39283447-39284047	1	0.6816666666666666	0.03672787979966611	6921	False	False
chr22:46053956-46054556	1	0.6983333333333334	0.0651085141903172	113	True	False
chr22:30289476-30290076	1	0.6833333333333333	0.09849749582637729	83	True	False
chr22:27642066-27642666	1	0.6533333333333333	0.045075125208681135	27081	False	True
chr22:23894019-23894619	1	0.6816666666666666	0.09682804674457429	52	True	False
chr22:48651079-48651679	1	0.6183333333333333	0.02671118530884808	41867	False	False
chr22:38181643-38182243	1	0.6016666666666667	0.0667779632721202	102	True	False
chr22:39463800-39464400	1	0.58	0.02003338898163606	7089	False	True
chr22:33920811-33921411	1	0.7866666666666666	0.1419031719532554	8	True	False
chr22:45671517-45672117	1	0.715	0.09181969949916527	16	True	False
chr22:50562652-50563252	1	0.665	0.07345575959933222	1	True	False
chr22:42614682-42615282	1	0.5433333333333333	0.08681135225375626	21	True	True
chr22:46150093-46150693	1	0.8316666666666667	0.17195325542570952	8	True	False
chr22:38755784-38756384	1	0.775	0.1419031719532554	35	True	False
chr22:36065603-36066203	1	0.6083333333333333	0.06010016694490818	160	True	False
chr22:19479443-19480043	1	0.5583333333333333	0.05843071786310518	82	True	True
chr22:21629776-21630376	1	0.6683333333333333	0.09682804674457429	7	True	False
chr22:38202309-38202909	1	0.7516666666666667	0.13689482470784642	68	True	False
chr22:39532653-39533253	1	0.585	0.07011686143572621	128	True	False
chr22:33971335-33971935	1	0.49	0.01001669449081803	45796	False	True
chr22:38793802-38794402	1	0.6266666666666667	0.06343906510851419	40	True	False
chr22:32801335-32801935	1	0.7366666666666667	0.10517529215358931	60	True	False
chr22:45240682-45241282	1	0.7783333333333333	0.1318864774624374	39	True	False
chr22:50219242-50219842	1	0.6766666666666666	0.05676126878130217	10001	False	False
chr22:48600477-48601077	1	0.5333333333333333	0.05843071786310518	16397	False	True
chr22:46762361-46762961	1	0.6666666666666666	0.08514190317195326	12	True	False
chr22:17084619-17085219	1	0.7283333333333334	0.1001669449081803	14	True	False
chr22:21735685-21736285	1	0.7833333333333333	0.15025041736227046	148	True	False
chr22:39405238-39405838	1	0.495	0.035058430717863104	5759	False	True
chr22:49918182-49918782	1	0.7416666666666667	0.12687813021702837	10	True	False
chr22:37999797-38000397	1	0.5616666666666666	0.021702838063439065	11304	False	True
chr22:42070658-42071258	1	0.645	0.07011686143572621	10	True	False
chr22:20495671-20496271	1	0.71	0.10517529215358931	116	True	False
chr22:37752396-37752996	1	0.6316666666666667	0.02337228714524207	858	True	True
chr22:45268883-45269483	1	0.67	0.09348914858096828	17	True	False
chr22:38700722-38701322	1	0.775	0.13856427378964942	22	True	False
chr22:28883126-28883726	1	0.7383333333333333	0.13689482470784642	110	True	False
chr22:43151169-43151769	1	0.7016666666666667	0.09515859766277128	37	True	False
chr22:42369021-42369621	1	0.645	0.08514190317195326	38	True	True
chr22:20496291-20496891	1	0.5766666666666667	0.045075125208681135	301	True	True
chr22:31399250-31399850	1	0.6583333333333333	0.09348914858096828	9	True	False
chr22:39152542-39153142	1	0.74	0.14357262103505844	124	True	False
chr22:29603225-29603825	1	0.675	0.09849749582637729	6	True	False
chr22:30635380-30635980	1	0.7366666666666667	0.09515859766277128	8	True	False
chr22:31084648-31085248	1	0.6833333333333333	0.09682804674457429	47	True	False
chr22:21867444-21868044	1	0.7416666666666667	0.13856427378964942	65	True	False
chr22:38570042-38570642	1	0.6983333333333334	0.08180300500834725	61	True	False
chr22:37968701-37969301	1	0.5516666666666666	0.008347245409015025	1439	True	True
chr22:31080940-31081540	1	0.6833333333333333	0.08848080133555926	57	True	False
chr22:40370366-40370966	1	0.6916666666666667	0.10684474123539232	73	True	False
chr22:31313241-31313841	1	0.505	0.01001669449081803	19702	False	True
chr22:41468764-41469364	1	0.5983333333333334	0.0667779632721202	52	True	False
chr22:19178592-19179192	1	0.7716666666666666	0.13689482470784642	105	True	True
chr22:31489613-31490213	1	0.7683333333333333	0.1419031719532554	19	True	False
chr22:39145542-39146142	1	0.7616666666666667	0.12353923205342238	1209	True	False
chr22:20020746-20021346	1	0.73	0.11018363939899833	22	True	False
chr22:42867621-42868221	1	0.5716666666666667	0.018363939899833055	10492	False	False
chr22:49853465-49854065	1	0.8183333333333334	0.17529215358931552	61	True	False
chr22:20917022-20917622	1	0.7016666666666667	0.11519198664440734	30	True	False
chr22:38872001-38872601	1	0.7533333333333333	0.14691151919866444	70	True	False
chr22:37545851-37546451	1	0.6716666666666666	0.03672787979966611	16	True	False
chr22:50525494-50526094	1	0.7483333333333333	0.1302170283806344	169	True	False
chr22:36481805-36482405	1	0.5783333333333334	0.0667779632721202	34	True	True
chr22:41286042-41286642	1	0.6233333333333333	0.08848080133555926	71	True	True
chr22:19122246-19122846	1	0.73	0.11519198664440734	86	True	False
chr22:28800334-28800934	1	0.6683333333333333	0.11185308848080133	36	True	False
chr22:35840245-35840845	1	0.4816666666666667	0.01669449081803005	41	True	True
chr22:16969772-16970372	1	0.56	0.008347245409015025	38041	False	True
chr22:46087765-46088365	1	0.6766666666666666	0.048414023372287146	2063	False	False
chr22:42079333-42079933	1	0.6516666666666666	0.09682804674457429	34	True	False
chr22:39454243-39454843	1	0.6033333333333334	0.015025041736227046	26	True	True
chr22:37844069-37844669	1	0.6516666666666666	0.11185308848080133	1	True	False
chr22:24270535-24271135	1	0.73	0.10684474123539232	5	True	False
chr22:41508590-41509190	1	0.615	0.025041736227045076	35557	False	True
chr22:40636435-40637035	1	0.6966666666666667	0.10851419031719532	10	True	False
chr22:18077652-18078252	1	0.6016666666666667	0.07846410684474124	36	True	False
chr22:38016429-38017029	1	0.5983333333333334	0.041736227045075125	17498	False	True
chr22:19144482-19145082	1	0.54	0.07011686143572621	102	True	True
chr22:46027191-46027791	1	0.7416666666666667	0.1318864774624374	589	True	False
chr22:18024290-18024890	1	0.6816666666666666	0.09015025041736227	30	True	False
chr22:32985936-32986536	1	0.53	0.02003338898163606	66302	False	True
chr22:18023443-18024043	1	0.615	0.06176961602671119	26	True	True
chr22:41832743-41833343	1	0.695	0.10350584307178631	55	True	False
chr22:41204864-41205464	1	0.5533333333333333	0.05843071786310518	135	True	True
chr22:44820538-44821138	1	0.53	0.03005008347245409	34739	False	True
chr22:41448169-41448769	1	0.5733333333333334	0.045075125208681135	100	True	False
chr22:28679589-28680189	1	0.77	0.16193656093489148	35	True	False
chr22:45164096-45164696	1	0.7433333333333333	0.09348914858096828	246	True	False
chr22:23913761-23914361	1	0.5933333333333334	0.0667779632721202	6994	False	True
chr22:35380769-35381369	1	0.6366666666666667	0.07178631051752922	26	True	False
chr22:38226461-38227061	1	0.625	0.03005008347245409	4558	False	True
chr22:29267706-29268306	1	0.6783333333333333	0.10684474123539232	2	True	False
chr22:31211880-31212480	1	0.66	0.08347245409015025	12	True	False
chr22:42649127-42649727	1	0.7883333333333333	0.1335559265442404	36	True	False
chr22:40950932-40951532	1	0.7233333333333334	0.11853088480801335	44	True	False
chr22:21937887-21938487	1	0.6433333333333333	0.06010016694490818	81	True	False
chr22:17036904-17037504	1	0.6733333333333333	0.06844741235392321	2	True	False
chr22:24555016-24555616	1	0.66	0.08013355592654424	101	True	False
chr22:50326801-50327401	1	0.7833333333333333	0.15025041736227046	90	True	False
chr22:30423823-30424423	1	0.6083333333333333	0.06176961602671119	87	True	False
chr22:41446597-41447197	1	0.695	0.10684474123539232	37	True	False
chr22:30387121-30387721	1	0.77	0.12687813021702837	4	True	False
chr22:38398578-38399178	1	0.7416666666666667	0.1352253756260434	19	True	False
chr22:49949111-49949711	1	0.705	0.04674457429048414	307	True	False
chr22:20858564-20859164	1	0.7266666666666667	0.1302170283806344	21	True	False
chr22:27480429-27481029	1	0.5783333333333334	0.021702838063439065	19859	False	True
chr22:41022399-41022999	1	0.6483333333333333	0.07512520868113523	742	True	False
chr22:37675215-37675815	1	0.62	0.02671118530884808	71	True	False
chr22:26589849-26590449	1	0.7266666666666667	0.10851419031719532	2	True	False
chr22:37898774-37899374	1	0.56	0.01669449081803005	3625	False	True
chr22:20117041-20117641	1	0.7333333333333333	0.14858096828046743	49	True	False
chr22:41197219-41197819	1	0.7466666666666667	0.11853088480801335	20	True	False
chr22:36529060-36529660	1	0.6166666666666667	0.1018363939899833	116	True	False
chr22:23521603-23522203	1	0.7066666666666667	0.10851419031719532	914	True	False
chr22:30356648-30357248	1	0.72	0.12687813021702837	55	True	False
chr22:30968832-30969432	1	0.6833333333333333	0.11519198664440734	132	True	False
chr22:42857030-42857630	1	0.7283333333333334	0.1318864774624374	19	True	False
chr22:19239429-19240029	1	0.5233333333333333	0.018363939899833055	10143	False	True
chr22:36506789-36507389	1	0.7066666666666667	0.11352253756260434	8	True	False
chr22:46249995-46250595	1	0.735	0.12520868113522537	3	True	False
chr22:30591927-30592527	1	0.5033333333333333	0.05342237061769616	315	True	True
chr22:40651825-40652425	1	0.6416666666666667	0.045075125208681135	20	True	False
chr22:45309510-45310110	1	0.7366666666666667	0.1285475792988314	17	True	False
chr22:46070754-46071354	1	0.8333333333333334	0.18196994991652754	265	True	False
chr22:23180181-23180781	1	0.74	0.12020033388981637	27	True	False
chr22:29882775-29883375	1	0.6283333333333333	0.07846410684474124	65	True	True
chr22:38397946-38398546	1	0.725	0.10851419031719532	275	True	False
chr22:24977396-24977996	1	0.5533333333333333	0.011686143572621035	24981	False	True
chr22:36281830-36282430	1	0.605	0.025041736227045076	4776	False	False
chr22:48516960-48517560	1	0.605	0.01669449081803005	27708	False	True
chr22:38172739-38173339	1	0.5933333333333334	0.02337228714524207	8790	False	True
chr22:22060870-22061470	1	0.58	0.02003338898163606	17237	False	True
chr22:30341112-30341712	1	0.565	0.02003338898163606	14467	False	True
chr22:50507626-50508226	1	0.795	0.1335559265442404	182	True	False
chr22:30255687-30256287	1	0.6033333333333334	0.02671118530884808	9184	False	False
chr22:43955126-43955726	1	0.6866666666666666	0.09181969949916527	15	True	False
chr22:31496163-31496763	1	0.6633333333333333	0.10517529215358931	72	True	False
chr22:17171279-17171879	1	0.7383333333333333	0.11352253756260434	6293	False	False
chr22:24592845-24593445	1	0.7333333333333333	0.11519198664440734	25	True	False
chr22:23768144-23768744	1	0.68	0.07846410684474124	463	True	False
chr22:35257158-35257758	1	0.6283333333333333	0.08013355592654424	7	True	False
chr22:20981683-20982283	1	0.6683333333333333	0.09015025041736227	5	True	False
chr22:23960979-23961579	1	0.6683333333333333	0.07178631051752922	56	True	False
chr22:42553460-42554060	1	0.6983333333333334	0.08180300500834725	98	True	False
chr22:19970422-19971022	1	0.6433333333333333	0.021702838063439065	6970	False	False
chr22:17866092-17866692	1	0.5033333333333333	0.008347245409015025	315	True	True
chr22:43187346-43187946	1	0.7083333333333334	0.1018363939899833	499	True	False
chr22:31345764-31346364	1	0.7766666666666666	0.15025041736227046	281	True	False
chr22:50244731-50245331	1	0.6866666666666666	0.12020033388981637	1	True	False
chr22:35399676-35400276	1	0.5933333333333334	0.07679465776293823	99	True	True
chr22:46035626-46036226	1	0.7416666666666667	0.12520868113522537	196	True	False
chr22:39040536-39041136	1	0.6383333333333333	0.02671118530884808	27	True	False
chr22:44498048-44498648	1	0.6816666666666666	0.11185308848080133	55	True	False
chr22:28442066-28442666	1	0.5983333333333334	0.05342237061769616	17502	False	True
chr22:32796781-32797381	1	0.5483333333333333	0.025041736227045076	4494	False	True
chr22:23128244-23128844	1	0.5516666666666666	0.01335559265442404	4460	False	True
chr22:50342926-50343526	1	0.705	0.10684474123539232	72	True	False
chr22:27267148-27267748	0	0.485	0.01335559265442404	8402	False	False
chr22:32846239-32846839	0	0.445	0.00333889816360601	44835	False	False
chr22:30910389-30910989	0	0.375	0.00333889816360601	11563	False	False
chr22:47301888-47302488	0	0.55	0.02003338898163606	42823	False	True
chr22:27973459-27974059	0	0.31833333333333336	0.0	18709	False	False
chr22:42384798-42385398	0	0.565	0.011686143572621035	15815	False	True
chr22:47440850-47441450	0	0.485	0.01335559265442404	45803	False	False
chr22:30775901-30776501	0	0.46166666666666667	0.00667779632721202	11949	False	False
chr22:44699511-44700111	0	0.4583333333333333	0.018363939899833055	2392	False	False
chr22:44450866-44451466	0	0.4716666666666667	0.01335559265442404	7860	False	False
chr22:24807090-24807690	0	0.5116666666666667	0.01669449081803005	1180	True	False
chr22:22183768-22184368	0	0.4083333333333333	0.001669449081803005	11730	False	False
chr22:39371269-39371869	0	0.495	0.02337228714524207	7400	False	True
chr22:37829671-37830271	0	0.585	0.011686143572621035	6590	False	True
chr22:34015232-34015832	0	0.4633333333333333	0.01001669449081803	1899	True	False
chr22:39593048-39593648	0	0.575	0.02003338898163606	22596	False	True
chr22:47284674-47285274	0	0.5416666666666666	0.018363939899833055	25609	False	True
chr22:42141660-42142260	0	0.61	0.028380634390651086	2034	False	True
chr22:43244349-43244949	0	0.6216666666666667	0.02337228714524207	12509	False	True
chr22:47286343-47286943	0	0.6	0.01669449081803005	27278	False	True
chr22:48013324-48013924	0	0.4083333333333333	0.011686143572621035	34924	False	True
chr22:19976661-19977261	0	0.6083333333333333	0.008347245409015025	10131	False	True
chr22:44650089-44650689	0	0.39166666666666666	0.008347245409015025	18048	False	False
chr22:44324983-44325583	0	0.5216666666666666	0.018363939899833055	6725	False	False
chr22:28657276-28657876	0	0.42333333333333334	0.011686143572621035	14307	False	False
chr22:47868122-47868722	0	0.2783333333333333	0.0	29141	False	False
chr22:50231665-50232265	0	0.525	0.035058430717863104	12644	False	False
chr22:45424067-45424667	0	0.5683333333333334	0.028380634390651086	10675	False	True
chr22:15909732-15910332	0	0.4116666666666667	0.01001669449081803	5767	False	False
chr22:46698828-46699428	0	0.53	0.0333889816360601	24521	False	True
chr22:46754826-46755426	0	0.52	0.01669449081803005	5799	False	False
chr22:15230840-15231440	0	0.41	0.00667779632721202	42714	False	False
chr22:32189249-32189849	0	0.36833333333333335	0.005008347245409015	1063	True	False
chr22:39766843-39767443	0	0.39	0.005008347245409015	43202	False	False
chr22:16495707-16496307	0	0.38333333333333336	0.001669449081803005	25051	False	False
chr22:28051767-28052367	0	0.405	0.008347245409015025	4385	False	False
chr22:48981779-48982379	0	0.5616666666666666	0.021702838063439065	7257	False	True
chr22:26876857-26877457	0	0.46	0.008347245409015025	16603	False	False
chr22:23139648-23140248	0	0.44666666666666666	0.005008347245409015	2041	False	False
chr22:46204461-46205061	0	0.37833333333333335	0.00667779632721202	6455	False	False
chr22:34499344-34499944	0	0.3616666666666667	0.01001669449081803	129787	False	False
chr22:48806308-48806908	0	0.6133333333333333	0.02671118530884808	26314	False	True
chr22:38903557-38904157	0	0.26	0.00333889816360601	17021	False	False
chr22:27419773-27420373	0	0.445	0.01335559265442404	361	True	False
chr22:22355035-22355635	0	0.535	0.015025041736227046	2396	False	False
chr22:42125410-42126010	0	0.63	0.02003338898163606	5099	False	True
chr22:31470568-31471168	0	0.4116666666666667	0.011686143572621035	8620	False	False
chr22:27589240-27589840	0	0.45	0.01335559265442404	13116	False	False
chr22:33899358-33899958	0	0.43333333333333335	0.00333889816360601	9405	False	False
chr22:32152439-32153039	0	0.47	0.01001669449081803	6563	False	False
chr22:23816410-23817010	0	0.5633333333333334	0.02337228714524207	5846	False	True
chr22:29452494-29453094	0	0.5466666666666666	0.01001669449081803	14212	False	True
chr22:26072440-26073040	0	0.43333333333333335	0.005008347245409015	3877	False	False
chr22:40094149-40094749	0	0.3233333333333333	0.00333889816360601	48997	False	False
chr22:20885018-20885618	0	0.52	0.011686143572621035	5895	False	False
chr22:47857130-47857730	0	0.41	0.00667779632721202	40133	False	False
chr22:33533258-33533858	0	0.41333333333333333	0.02003338898163606	38694	False	False
chr22:19059605-19060205	0	0.6366666666666667	0.03005008347245409	1937	True	True
chr22:16143225-16143825	0	0.25166666666666665	0.00333889816360601	1759	True	False
chr22:25013483-25014083	0	0.465	0.005008347245409015	1288	True	False
chr22:45625811-45626411	0	0.5166666666666667	0.035058430717863104	334	True	True
chr22:19328407-19329007	0	0.485	0.011686143572621035	36739	False	True
chr22:25400967-25401567	0	0.57	0.015025041736227046	4109	False	True
chr22:28931635-28932235	0	0.485	0.005008347245409015	14547	False	False
chr22:30836675-30837275	0	0.49166666666666664	0.005008347245409015	14460	False	False
chr22:17487317-17487917	0	0.42333333333333334	0.035058430717863104	10525	False	False
chr22:34058415-34059015	0	0.4	0.001669449081803005	41243	False	False
chr22:41909863-41910463	0	0.7683333333333333	0.1352253756260434	3326	False	True
chr22:38919970-38920570	0	0.41	0.00333889816360601	32480	False	False
chr22:30679023-30679623	0	0.445	0.018363939899833055	11437	False	False
chr22:49276378-49276978	0	0.5666666666666667	0.018363939899833055	12478	False	True
chr22:29057557-29058157	0	0.4666666666666667	0.02337228714524207	3973	False	False
chr22:29403646-29404246	0	0.375	0.01335559265442404	5247	False	False
chr22:26848112-26848712	0	0.48333333333333334	0.01001669449081803	10221	False	False
chr22:48388551-48389151	0	0.425	0.00667779632721202	14610	False	False
chr22:28776350-28776950	0	0.495	0.02003338898163606	3956	False	True
chr22:39930297-39930897	0	0.43	0.00333889816360601	3994	False	False
chr22:50456042-50456642	0	0.6583333333333333	0.038397328881469114	18692	False	True
chr22:48392640-48393240	0	0.605	0.03171953255425709	10521	False	True
chr22:49694119-49694719	0	0.5583333333333333	0.00333889816360601	25011	False	True
chr22:42004842-42005442	0	0.5083333333333333	0.01335559265442404	3152	False	False
chr22:16919502-16920102	0	0.48	0.045075125208681135	22954	False	False
chr22:25599271-25599871	0	0.4066666666666667	0.018363939899833055	18190	False	False
chr22:16189678-16190278	0	0.26	0.001669449081803005	48212	False	False
chr22:48697024-48697624	0	0.4766666666666667	0.00667779632721202	4078	False	False
chr22:33837849-33838449	0	0.41	0.008347245409015025	13285	False	False
chr22:42654569-42655169	0	0.5166666666666667	0.015025041736227046	5478	False	False
chr22:16243630-16244230	0	0.375	0.00667779632721202	102164	False	False
chr22:36478743-36479343	0	0.4683333333333333	0.01001669449081803	2415	False	False
chr22:49320820-49321420	0	0.6233333333333333	0.041736227045075125	16279	False	True
chr22:15798258-15798858	0	0.33	0.008347245409015025	10859	False	False
chr22:16596121-16596721	0	0.4766666666666667	0.01001669449081803	3412	False	False
chr22:16011037-16011637	0	0.38333333333333336	0.008347245409015025	95538	False	False
chr22:24308482-24309082	0	0.36833333333333335	0.005008347245409015	6994	False	False
chr22:16719084-16719684	0	0.265	0.0	1414	True	False
chr22:28295567-28296167	0	0.325	0.00333889816360601	7886	False	False
chr22:27568528-27569128	0	0.5233333333333333	0.01669449081803005	4760	False	False
chr22:15568618-15569218	0	0.4083333333333333	0.008347245409015025	11696	False	False
chr22:49532537-49533137	0	0.5016666666666667	0.02003338898163606	1224	True	False
chr22:15928854-15929454	0	0.4166666666666667	0.008347245409015025	13355	False	False
chr22:49244368-49244968	0	0.5433333333333333	0.01001669449081803	19532	False	False
chr22:49450234-49450834	0	0.525	0.02671118530884808	10296	False	False
chr22:19196715-19197315	0	0.4866666666666667	0.01669449081803005	614	True	False
chr22:20971020-20971620	0	0.5583333333333333	0.005008347245409015	3978	False	True
chr22:45475663-45476263	0	0.5433333333333333	0.02003338898163606	26672	False	True
chr22:23754209-23754809	0	0.54	0.01669449081803005	56	True	False
chr22:17903830-17904430	0	0.495	0.015025041736227046	2681	False	False
chr22:47639740-47640340	0	0.34833333333333333	0.005008347245409015	6446	False	False
chr22:25131394-25131994	0	0.5716666666666667	0.015025041736227046	19003	False	True
chr22:46356980-46357580	0	0.6316666666666667	0.03005008347245409	19702	False	True
chr22:46139633-46140233	0	0.6333333333333333	0.03171953255425709	9990	False	True
chr22:16852388-16852988	0	0.37166666666666665	0.005008347245409015	1467	True	False
chr22:38874452-38875052	0	0.5	0.02003338898163606	2521	False	False
chr22:19600931-19601531	0	0.5033333333333333	0.03171953255425709	2590	False	False
chr22:39559685-39560285	0	0.635	0.011686143572621035	2376	False	True
chr22:26744885-26745485	0	0.39	0.00333889816360601	10147	False	False
chr22:35347234-35347834	0	0.64	0.018363939899833055	10736	False	True
chr22:43148586-43149186	0	0.5933333333333334	0.018363939899833055	2190	False	True
chr22:27575060-27575660	0	0.525	0.018363939899833055	1749	True	False
chr22:22604296-22604896	0	0.5366666666666666	0.00333889816360601	10069	False	False
chr22:16769838-16770438	0	0.385	0.001669449081803005	21567	False	False
chr22:37883535-37884135	0	0.4716666666666667	0.01001669449081803	7511	False	False
chr22:37294771-37295371	0	0.6233333333333333	0.021702838063439065	12564	False	True
chr22:44732863-44733463	0	0.56	0.038397328881469114	19383	False	True
chr22:37579696-37580296	0	0.5833333333333334	0.018363939899833055	90	True	True
chr22:30092875-30093475	0	0.3016666666666667	0.00333889816360601	12165	False	False
chr22:22586748-22587348	0	0.4816666666666667	0.018363939899833055	1106	True	False
chr22:41346712-41347312	0	0.555	0.03005008347245409	20320	False	True
chr22:47336978-47337578	0	0.49333333333333335	0.015025041736227046	8290	False	False
chr22:29609489-29610089	0	0.31833333333333336	0.005008347245409015	5791	False	False
chr22:35926689-35927289	0	0.39	0.00667779632721202	11907	False	False
chr22:48504351-48504951	0	0.6133333333333333	0.01335559265442404	15099	False	True
chr22:46429893-46430493	0	0.6083333333333333	0.025041736227045076	53211	False	True
chr22:33236064-33236664	0	0.425	0.00333889816360601	32872	False	False
chr22:50621811-50622411	0	0.43	0.025041736227045076	6040	False	False
chr22:35831691-35832291	0	0.3933333333333333	0.00667779632721202	2410	False	False
chr22:19507031-19507631	0	0.585	0.01669449081803005	17078	False	True
chr22:34601884-34602484	0	0.30666666666666664	0.00667779632721202	27247	False	False
chr22:20749475-20750075	0	0.5466666666666666	0.01335559265442404	24316	False	True
chr22:36230007-36230607	0	0.49166666666666664	0.00333889816360601	4388	False	True
chr22:22219763-22220363	0	0.515	0.011686143572621035	5270	False	False
chr22:25479066-25479666	0	0.45166666666666666	0.008347245409015025	3149	False	False
chr22:47755315-47755915	0	0.38	0.005008347245409015	56422	False	False
chr22:42679341-42679941	0	0.44333333333333336	0.01001669449081803	15344	False	False
chr22:17024576-17025176	0	0.48833333333333334	0.0	379	True	True
chr22:20209294-20209894	0	0.6183333333333333	0.011686143572621035	2567	False	True
chr22:16806499-16807099	0	0.3466666666666667	0.01001669449081803	14899	False	False
chr22:48477903-48478503	0	0.5	0.02337228714524207	9856	False	False
chr22:20878849-20879449	0	0.49333333333333335	0.025041736227045076	12064	False	True
chr22:10524859-10525459	0	0.265	0.00333889816360601	4004	False	False
chr22:27549194-27549794	0	0.445	0.02003338898163606	24094	False	False
chr22:40906536-40907136	0	0.42833333333333334	0.008347245409015025	10274	False	False
chr22:33228683-33229283	0	0.3616666666666667	0.0	25491	False	False
chr22:40613657-40614257	0	0.47	0.025041736227045076	22761	False	False
chr22:15599343-15599943	0	0.4033333333333333	0.008347245409015025	3742	False	False
chr22:22616204-22616804	0	0.575	0.01335559265442404	17344	False	True
chr22:26259781-26260381	0	0.3516666666666667	0.00333889816360601	5990	False	False
chr22:27116187-27116787	0	0.4266666666666667	0.00333889816360601	8011	False	False
chr22:16000632-16001232	0	0.37333333333333335	0.00667779632721202	85133	False	False
chr22:26521868-26522468	0	0.4266666666666667	0.00667779632721202	2918	False	False
chr22:26763316-26763916	0	0.5066666666666667	0.02003338898163606	20782	False	False
chr22:45745571-45746171	0	0.2633333333333333	0.00667779632721202	14652	False	False
chr22:15394706-15395306	0	0.4583333333333333	0.005008347245409015	90451	False	False
chr22:43639120-43639720	0	0.35333333333333333	0.005008347245409015	123171	False	False
chr22:23865140-23865740	0	0.495	0.015025041736227046	3253	False	False
chr22:45273001-45273601	0	0.5566666666666666	0.035058430717863104	4135	False	False
chr22:38790195-38790795	0	0.495	0.01669449081803005	3163	False	False
chr22:47875907-47876507	0	0.31	0.001669449081803005	21356	False	False
chr22:50095965-50096565	0	0.375	0.01001669449081803	3521	False	False
chr22:24410095-24410695	0	0.51	0.01001669449081803	7728	False	True
chr22:37572351-37572951	0	0.52	0.045075125208681135	6017	False	False
chr22:22937599-22938199	0	0.39	0.00333889816360601	15306	False	False
chr22:15338139-15338739	0	0.4033333333333333	0.011686143572621035	33884	False	False
chr22:32385583-32386183	0	0.46	0.005008347245409015	2098	False	False
chr22:30033791-30034391	0	0.5716666666666667	0.011686143572621035	27043	False	True
chr22:32196976-32197576	0	0.40166666666666667	0.01335559265442404	5174	False	False
chr22:28503235-28503835	0	0.335	0.005008347245409015	43667	False	False
chr22:35191304-35191904	0	0.45	0.008347245409015025	39450	False	False
chr22:50256733-50257333	0	0.6583333333333333	0.038397328881469114	4274	False	True
chr22:16918601-16919201	0	0.405	0.00667779632721202	22053	False	False
chr22:22417390-22417990	0	0.44	0.01001669449081803	7925	False	False
chr22:43813989-43814589	0	0.43833333333333335	0.005008347245409015	1849	True	False
chr22:24113092-24113692	0	0.49166666666666664	0.01335559265442404	11704	False	False
chr22:21924721-21925321	0	0.49166666666666664	0.03005008347245409	13247	False	False
chr22:17070480-17071080	0	0.32	0.00333889816360601	9920	False	False
chr22:39551380-39551980	0	0.5316666666666666	0.01669449081803005	5929	False	True
chr22:20106833-20107433	0	0.5966666666666667	0.021702838063439065	4741	False	True
chr22:43171592-43172192	0	0.595	0.021702838063439065	143	True	True
chr22:23586079-23586679	0	0.48333333333333334	0.005008347245409015	2521	False	False
chr22:22804665-22805265	0	0.44	0.008347245409015025	6781	False	False
chr22:16935172-16935772	0	0.43833333333333335	0.00667779632721202	38624	False	False
chr22:47244470-47245070	0	0.415	0.00333889816360601	12809	False	False
chr22:22883618-22884218	0	0.49833333333333335	0.01001669449081803	2348	False	False
chr22:42691638-42692238	0	0.58	0.025041736227045076	3047	False	True
chr22:47370130-47370730	0	0.4633333333333333	0.02003338898163606	3271	False	False
chr22:34925103-34925703	0	0.4266666666666667	0.011686143572621035	72406	False	False
chr22:20880793-20881393	0	0.5133333333333333	0.00667779632721202	10120	False	True
chr22:41985163-41985763	0	0.42333333333333334	0.005008347245409015	3247	False	False
chr22:33249643-33250243	0	0.3333333333333333	0.00333889816360601	46451	False	False
chr22:23944455-23945055	0	0.3383333333333333	0.00333889816360601	6623	False	False
chr22:46282798-46283398	0	0.535	0.02003338898163606	13561	False	True
chr22:45030384-45030984	0	0.43333333333333335	0.00667779632721202	3707	False	True
chr22:17049115-17049715	0	0.3416666666666667	0.001669449081803005	12130	False	False
chr22:46182955-46183555	0	0.44333333333333336	0.011686143572621035	5489	False	False
chr22:33749978-33750578	0	0.40166666666666667	0.011686143572621035	11197	False	False
chr22:48633186-48633786	0	0.54	0.02337228714524207	49106	False	True
chr22:47098889-47099489	0	0.5533333333333333	0.018363939899833055	18025	False	False
chr22:45592411-45593011	0	0.5333333333333333	0.02337228714524207	13950	False	False
chr22:48926907-48927507	0	0.44166666666666665	0.02003338898163606	47615	False	False
chr22:23897673-23898273	0	0.555	0.011686143572621035	956	True	True
chr22:32963437-32964037	0	0.475	0.008347245409015025	88801	False	False
chr22:26907227-26907827	0	0.41	0.005008347245409015	46973	False	False
chr22:28004517-28005117	0	0.48833333333333334	0.01001669449081803	2334	False	True
chr22:45185070-45185670	0	0.43666666666666665	0.03171953255425709	6381	False	False
chr22:45462119-45462719	0	0.5216666666666666	0.015025041736227046	13677	False	False
chr22:23842160-23842760	0	0.62	0.02671118530884808	335	True	True
chr22:33476874-33477474	0	0.4483333333333333	0.021702838063439065	40506	False	False
chr22:36883840-36884440	0	0.3883333333333333	0.01001669449081803	5332	False	False
chr22:19193855-19194455	0	0.495	0.021702838063439065	2246	False	True
chr22:30016842-30017442	0	0.44	0.00333889816360601	10094	False	False
chr22:27448138-27448738	0	0.455	0.01335559265442404	12147	False	False
chr22:34359027-34359627	0	0.31333333333333335	0.005008347245409015	3876	False	False
chr22:37028752-37029352	0	0.49	0.01001669449081803	4029	False	True
chr22:40456639-40457239	0	0.38666666666666666	0.01335559265442404	6478	False	False
chr22:29056213-29056813	0	0.49166666666666664	0.015025041736227046	5317	False	False
chr22:30600288-30600888	0	0.5066666666666667	0.035058430717863104	2280	False	False
chr22:16873302-16873902	0	0.35833333333333334	0.005008347245409015	4125	False	False
chr22:48307919-48308519	0	0.51	0.01669449081803005	12422	False	False
chr22:31225458-31226058	0	0.48833333333333334	0.005008347245409015	2906	False	True
chr22:31962365-31962965	0	0.47	0.015025041736227046	691	True	False
chr22:32560737-32561337	0	0.5216666666666666	0.018363939899833055	19083	False	False
chr22:50270597-50271197	0	0.6616666666666666	0.08180300500834725	385	True	True
chr22:10555426-10556026	0	0.235	0.001669449081803005	26563	False	False
chr22:24231737-24232337	0	0.6566666666666666	0.025041736227045076	13044	False	True
chr22:49420647-49421247	0	0.48833333333333334	0.03005008347245409	4489	False	False
chr22:43546734-43547334	0	0.39166666666666666	0.015025041736227046	30785	False	False
chr22:48172409-48173009	0	0.465	0.005008347245409015	906	True	False
chr22:22173600-22174200	0	0.37166666666666665	0.005008347245409015	11702	False	False
chr22:16595010-16595610	0	0.45666666666666667	0.01669449081803005	2416	False	False
chr22:25103391-25103991	0	0.5	0.028380634390651086	7514	False	False
chr22:20390793-20391393	0	0.48333333333333334	0.01669449081803005	3021	False	False
chr22:50103528-50104128	0	0.4683333333333333	0.01335559265442404	11084	False	False
chr22:17416670-17417270	0	0.35333333333333333	0.01335559265442404	47511	False	False
chr22:36769569-36770169	0	0.5233333333333333	0.01669449081803005	3392	False	False
chr22:20307085-20307685	0	0.6	0.01669449081803005	11363	False	True
chr22:24893431-24894031	0	0.5316666666666666	0.028380634390651086	7482	False	False
chr22:30299698-30300298	0	0.52	0.028380634390651086	517	True	False
chr22:21704911-21705511	0	0.4583333333333333	0.018363939899833055	5637	False	False
chr22:31109440-31110040	0	0.51	0.018363939899833055	2143	False	True
chr22:39702207-39702807	0	0.445	0.021702838063439065	21434	False	False
chr22:48653301-48653901	0	0.5733333333333334	0.021702838063439065	39645	False	True
chr22:23116684-23117284	0	0.59	0.018363939899833055	16020	False	True
chr22:49071290-49071890	0	0.425	0.008347245409015025	19042	False	False
chr22:47611882-47612482	0	0.35333333333333333	0.01669449081803005	19073	False	False
chr22:49197983-49198583	0	0.54	0.02671118530884808	10222	False	True
chr22:24843271-24843871	0	0.55	0.00667779632721202	37361	False	True
chr22:42278048-42278648	0	0.5416666666666666	0.025041736227045076	5648	False	True
chr22:17135641-17136241	0	0.5333333333333333	0.03005008347245409	14444	False	True
chr22:33807506-33808106	0	0.36666666666666664	0.008347245409015025	43628	False	False
chr22:48604051-48604651	0	0.555	0.02337228714524207	19971	False	True
chr22:44561324-44561924	0	0.43166666666666664	0.011686143572621035	7675	False	False
chr22:31493738-31494338	0	0.4583333333333333	0.01669449081803005	2100	False	False
chr22:41243861-41244461	0	0.42833333333333334	0.00667779632721202	3162	False	False
chr22:48935076-48935676	0	0.33666666666666667	0.00333889816360601	39446	False	False
chr22:43746317-43746917	0	0.45166666666666666	0.01335559265442404	30042	False	False
chr22:46347031-46347631	0	0.515	0.028380634390651086	11187	False	False
chr22:27845661-27846261	0	0.5333333333333333	0.015025041736227046	18035	False	True
chr22:30052920-30053520	0	0.45666666666666667	0.01335559265442404	26984	False	False
chr22:49017109-49017709	0	0.56	0.025041736227045076	25895	False	True
chr22:11916635-11917235	0	0.5	0.005008347245409015	19560	False	True
chr22:28601245-28601845	0	0.37333333333333335	0.0	41724	False	False
chr22:48752298-48752898	0	0.6366666666666667	0.018363939899833055	27696	False	True
chr22:38210941-38211541	0	0.5516666666666666	0.035058430717863104	845	True	True
chr22:31127412-31128012	0	0.5883333333333334	0.021702838063439065	47	True	True
chr22:30010387-30010987	0	0.43	0.005008347245409015	3639	False	False
chr22:27136932-27137532	0	0.47333333333333333	0.01669449081803005	6245	False	False
chr22:39027557-39028157	0	0.5733333333333334	0.01335559265442404	6356	False	True
chr22:16504188-16504788	0	0.4583333333333333	0.01001669449081803	16570	False	False
chr22:42915402-42916002	0	0.42833333333333334	0.011686143572621035	11441	False	False
chr22:31936933-31937533	0	0.48333333333333334	0.008347245409015025	1183	True	False
chr22:28012961-28013561	0	0.53	0.01335559265442404	10778	False	False
chr22:43783372-43783972	0	0.4216666666666667	0.001669449081803005	7013	False	False
chr22:43708521-43709121	0	0.3516666666666667	0.005008347245409015	67838	False	False
chr22:33340689-33341289	0	0.46166666666666667	0.01001669449081803	6422	False	False
chr22:41323829-41324429	0	0.585	0.03005008347245409	21386	False	True
chr22:33309274-33309874	0	0.5233333333333333	0.01335559265442404	11290	False	False
chr22:34752318-34752918	0	0.4066666666666667	0.005008347245409015	27700	False	False
chr22:22911646-22912246	0	0.5783333333333334	0.018363939899833055	1373	True	True
chr22:36497398-36497998	0	0.5516666666666666	0.02337228714524207	9341	False	False
chr22:27437085-27437685	0	0.44	0.01669449081803005	1094	True	False
chr22:45135090-45135690	0	0.44333333333333336	0.01669449081803005	20620	False	False
chr22:18132276-18132876	0	0.535	0.03005008347245409	1423	True	False
chr22:33645760-33646360	0	0.3983333333333333	0.01001669449081803	11155	False	False
chr22:35128264-35128864	0	0.3333333333333333	0.005008347245409015	5904	False	False
chr22:26084851-26085451	0	0.4483333333333333	0.00667779632721202	6016	False	False
chr22:49711175-49711775	0	0.48	0.018363939899833055	13030	False	False
chr22:43737601-43738201	0	0.4066666666666667	0.00333889816360601	38758	False	False
chr22:22020052-22020652	0	0.445	0.008347245409015025	10581	False	False
chr22:42151666-42152266	0	0.615	0.035058430717863104	528	True	True
chr22:25586973-25587573	0	0.4683333333333333	0.011686143572621035	5892	False	False
chr22:48348596-48349196	0	0.4633333333333333	0.00667779632721202	1857	True	True
chr22:29165276-29165876	0	0.505	0.01669449081803005	26231	False	False
chr22:40756268-40756868	0	0.45	0.01335559265442404	35112	False	False
chr22:32506164-32506764	0	0.455	0.021702838063439065	26372	False	False
chr22:16193690-16194290	0	0.27	0.00333889816360601	52224	False	False
