example_id	phastcons_mean	covered_fraction	covered_bases
chr1:800320-800920	0.15017666666666674	1.0	600
chr1:827328-827928	0.025871666666666678	1.0	600
chr1:854954-855554	0.25995833333333346	1.0	600
chr1:890690-891290	0.07193833333333338	1.0	600
chr1:909927-910527	0.03877833333333338	1.0	600
chr1:959040-959640	0.08742333333333326	1.0	600
chr1:999925-1000525	0.09039166666666659	1.0	600
chr1:1019259-1019859	0.10551833333333328	1.0	600
chr1:1032853-1033453	0.018778333333333314	1.0	600
chr1:1075342-1075942	0.005598333333333319	1.0	600
chr1:1103325-1103925	0.036635	1.0	600
chr1:1115952-1116552	0.0363216666666667	1.0	600
chr1:1153228-1153828	0.02019833333333332	1.0	600
chr1:1209802-1210402	0.0021216666666666584	1.0	600
chr1:1231764-1232364	0.10686666666666668	1.0	600
chr1:1273635-1274235	0.1134466666666668	1.0	600
chr1:1299068-1299668	0.04825666666666672	1.0	600
chr1:1308140-1308740	0.022894999999999992	1.0	600
chr1:1349270-1349870	0.030251666666666708	1.0	600
chr1:1375051-1375651	0.021456666666666648	1.0	600
chr1:1399104-1399704	0.30224000000000006	1.0	600
chr1:1407021-1407621	0.15756000000000017	1.0	600
chr1:1419897-1420497	0.099615	1.0	600
chr1:1432402-1433002	0.0017183333333333328	1.0	600
chr1:1440756-1441356	0.0020633333333333324	1.0	600
chr1:1471378-1471978	0.1503516666666667	1.0	600
chr1:1511801-1512401	0.18611666666666668	1.0	600
chr1:1540364-1540964	0.13421333333333327	1.0	600
chr1:1546524-1547124	0.009323333333333324	1.0	600
chr1:1615078-1615678	0.02894166666666669	1.0	600
chr1:1629269-1629869	0.35208000000000006	1.0	600
chr1:1693138-1693738	0.004371666666666668	1.0	600
chr1:1746396-1746996	0.004391666666666643	1.0	600
chr1:1851157-1851757	0.021171666666666627	1.0	600
chr1:1891152-1891752	0.018288333333333302	1.0	600
chr1:1908887-1909487	0.013441666666666683	1.0	600
chr1:1919095-1919695	0.02479333333333332	1.0	600
chr1:2118576-2119176	0.21828333333333347	1.0	600
chr1:2129340-2129940	0.006103333333333311	1.0	600
chr1:2133133-2133733	0.001716666666666666	1.0	600
chr1:2189402-2190002	0.08731833333333329	1.0	600
chr1:2205028-2205628	0.002233333333333328	1.0	600
chr1:2227620-2228220	0.3165366666666666	1.0	600
chr1:2230872-2231472	0.13383666666666655	1.0	600
chr1:2275497-2276097	0.016771666666666633	1.0	600
chr1:2391397-2391997	0.2835416666666668	1.0	600
chr1:2412375-2412975	0.11068333333333352	1.0	600
chr1:2426050-2426650	0.0020699999999999968	1.0	600
chr1:2525997-2526597	0.3110716666666667	1.0	600
chr1:2548624-2549224	0.0036366666666666496	1.0	600
chr1:2586369-2586969	0.05390833333333334	1.0	600
chr1:2616261-2616861	0.0065033333333333184	1.0	600
chr1:2810927-2811527	0.0013016666666666673	1.0	600
chr1:2812844-2813444	0.07326333333333325	1.0	600
chr1:2819709-2820309	0.04309666666666668	1.0	600
chr1:2976488-2977088	0.042966666666666736	1.0	600
chr1:3012362-3012962	0.10988500000000014	1.0	600
chr1:3069255-3069855	0.5843616666666669	1.0	600
chr1:3121854-3122454	0.28138	1.0	600
chr1:3139313-3139913	0.02395333333333332	1.0	600
chr1:3163290-3163890	0.01037333333333335	1.0	600
chr1:3219071-3219671	0.6220266666666667	1.0	600
chr1:3260881-3261481	0.4139783333333336	1.0	600
chr1:3312899-3313499	0.03980500000000005	1.0	600
chr1:3467686-3468286	0.004698333333333329	1.0	600
chr1:3501763-3502363	0.12641500000000022	1.0	600
chr1:3514920-3515520	0.16054333333333337	1.0	600
chr1:3579704-3580304	0.08407333333333322	1.0	600
chr1:3603089-3603689	0.002331666666666661	1.0	600
chr1:3624511-3625111	0.10095666666666668	1.0	600
chr1:3772205-3772805	0.0006066666666666668	1.0	600
chr1:3830689-3831289	0.23701666666666676	1.0	600
chr1:3856961-3857561	0.09497499999999995	1.0	600
chr1:3889377-3889977	0.04844666666666671	1.0	600
chr1:3900339-3900939	0.031428333333333315	1.0	600
chr1:3951395-3951995	0.01927333333333329	1.0	600
chr1:4030901-4031501	0.08976000000000008	1.0	600
chr1:4038319-4038919	0.2455483333333334	1.0	600
chr1:4462625-4463225	0.010681666666666681	1.0	600
chr1:4777856-4778456	0.035638333333333404	1.0	600
chr1:4801422-4802022	0.037873333333333384	1.0	600
chr1:4804743-4805343	0.0047549999999999815	1.0	600
chr1:4972354-4972954	0.062319999999999945	1.0	600
chr1:5279980-5280580	0.06374833333333338	1.0	600
chr1:5298841-5299441	0.0012983333333333338	1.0	600
chr1:5453158-5453758	0.19543	1.0	600
chr1:5507745-5508345	0.046150000000000004	1.0	600
chr1:5648300-5648900	0.030085000000000087	1.0	600
chr1:5789332-5789932	0.11200500000000005	1.0	600
chr1:5797220-5797820	0.01093333333333332	1.0	600
chr1:5992219-5992819	0.2575466666666667	1.0	600
chr1:6199459-6200059	0.2314350000000005	1.0	600
chr1:6215694-6216294	0.08523666666666664	1.0	600
chr1:6221188-6221788	0.26609333333333374	1.0	600
chr1:6235751-6236351	0.3847633333333338	1.0	600
chr1:6259900-6260500	0.11540666666666675	1.0	600
chr1:6275239-6275839	0.07309333333333333	1.0	600
chr1:6353270-6353870	0.02448999999999998	1.0	600
chr1:6393512-6394112	0.04251666666666674	1.0	600
chr1:6417307-6417907	0.008886666666666654	1.0	600
chr1:6436921-6437521	0.13385166666666665	1.0	600
chr1:6502163-6502763	0.03777833333333336	1.0	600
chr1:6520463-6521063	0.022979999999999955	1.0	600
chr1:6579643-6580243	0.06312333333333336	1.0	600
chr1:6602666-6603266	0.25674000000000013	1.0	600
chr1:6603402-6604002	0.0209483333333333	1.0	600
chr1:6613310-6613910	0.22574333333333324	1.0	600
chr1:6624858-6625458	0.17542333333333332	1.0	600
chr1:6647636-6648236	0.017074999999999976	1.0	600
chr1:6701621-6702221	0.24799166666666683	1.0	600
chr1:6726858-6727458	0.012691666666666681	1.0	600
chr1:6785065-6785665	0.6309299999999995	1.0	600
chr1:7032386-7032986	0.0898733333333333	1.0	600
chr1:7145306-7145906	0.15943000000000024	1.0	600
chr1:7260247-7260847	0.08441333333333335	1.0	600
chr1:7299161-7299761	0.06463499999999997	1.0	600
chr1:7317128-7317728	0.01789666666666666	1.0	600
chr1:7471603-7472203	0.10145999999999997	1.0	600
chr1:7478776-7479376	0.25597499999999995	1.0	600
chr1:7505364-7505964	0.002444999999999994	1.0	600
chr1:7675486-7676086	0.027094999999999984	1.0	600
chr1:7680121-7680721	0.08789499999999989	1.0	600
chr1:7704337-7704937	0.17357666666666682	1.0	600
chr1:7744802-7745402	0.2743300000000001	1.0	600
chr1:7770960-7771560	0.046886666666666674	1.0	600
chr1:7780517-7781117	0.028681666666666696	1.0	600
chr1:7783783-7784383	0.03687666666666669	1.0	600
chr1:7953936-7954536	0.15310333333333337	1.0	600
chr1:7961265-7961865	0.016706666666666644	1.0	600
chr1:7970978-7971578	0.11084500000000008	1.0	600
chr1:7983501-7984101	0.005696666666666651	1.0	600
chr1:8017809-8018409	0.5947849999999995	1.0	600
chr1:8026065-8026665	0.15431500000000017	1.0	600
chr1:8216999-8217599	0.04748833333333344	1.0	600
chr1:8314174-8314774	0.03761333333333338	1.0	600
chr1:8343465-8344065	0.4253266666666665	1.0	600
chr1:8364428-8365028	0.17297500000000016	1.0	600
chr1:8373393-8373993	0.10136666666666666	1.0	600
chr1:8438976-8439576	0.7291399999999999	1.0	600
chr1:8525837-8526437	0.580654999999999	1.0	600
chr1:8608850-8609450	0.006799999999999976	1.0	600
chr1:8611733-8612333	0.342375	1.0	600
chr1:8612746-8613346	0.026078333333333308	1.0	600
chr1:8679342-8679942	0.21889833333333342	1.0	600
chr1:8703051-8703651	0.3237516666666667	1.0	600
chr1:8796056-8796656	0.14974166666666683	1.0	600
chr1:8817428-8818028	0.5238449999999987	1.0	600
chr1:8848728-8849328	0.09286833333333319	1.0	600
chr1:8873424-8874024	0.09404666666666664	1.0	600
chr1:8878463-8879063	0.08741166666666668	1.0	600
chr1:8895016-8895616	0.06632333333333332	1.0	600
chr1:8908886-8909486	0.173025	1.0	600
chr1:8941713-8942313	0.008540000000000011	1.0	600
chr1:8987739-8988339	0.015939999999999992	1.0	600
chr1:9128945-9129545	0.09722333333333325	1.0	600
chr1:9183041-9183641	0.007484999999999997	1.0	600
chr1:9199156-9199756	0.005079999999999987	1.0	600
chr1:9292484-9293084	0.05887333333333332	1.0	600
chr1:9426653-9427253	0.18731666666666727	1.0	600
chr1:9428801-9429401	0.0833049999999999	1.0	600
chr1:9434439-9435039	0.07990833333333339	1.0	600
chr1:9538999-9539599	0.07956499999999997	1.0	600
chr1:9560096-9560696	0.04503	1.0	600
chr1:9588382-9588982	0.2306650000000001	1.0	600
chr1:9689204-9689804	0.1469066666666667	1.0	600
chr1:9759541-9760141	0.04609833333333333	1.0	600
chr1:9766694-9767294	0.013463333333333338	1.0	600
chr1:9823821-9824421	0.05414333333333334	1.0	600
chr1:9852050-9852650	0.18864999999999998	1.0	600
chr1:9910151-9910751	0.21537833333333348	1.0	600
chr1:9943112-9943712	0.09843833333333334	1.0	600
chr1:10032529-10033129	0.4047	1.0	600
chr1:10093376-10093976	0.03774833333333338	1.0	600
chr1:10142659-10143259	0.028800000000000114	1.0	600
chr1:10210197-10210797	0.13872500000000015	1.0	600
chr1:10259276-10259876	0.05240500000000005	1.0	600
chr1:10264575-10265175	0.05660833333333333	1.0	600
chr1:10398659-10399259	0.13427166666666668	1.0	600
chr1:10430097-10430697	0.13002000000000005	1.0	600
chr1:10472238-10472838	0.20853833333333355	1.0	600
chr1:10656220-10656820	0.16860500000000006	1.0	600
chr1:10836108-10836708	0.055943333333333435	1.0	600
chr1:10901333-10901933	0.2164016666666667	1.0	600
chr1:10932676-10933276	0.05293000000000006	1.0	600
chr1:10979912-10980512	0.05444499999999998	1.0	600
chr1:11012342-11012942	0.23301666666666687	1.0	600
chr1:11059789-11060389	0.3240950000000001	1.0	600
chr1:11099577-11100177	0.1511600000000001	1.0	600
chr1:11133277-11133877	0.018231666666666663	1.0	600
chr1:11202906-11203506	0.1419233333333334	1.0	600
chr1:11262397-11262997	0.3982900000000002	1.0	600
chr1:11272806-11273406	0.01883166666666665	1.0	600
chr1:11364337-11364937	0.05199333333333334	1.0	600
chr1:11423079-11423679	0.05945666666666669	1.0	600
chr1:11621975-11622575	0.0029866666666666587	1.0	600
chr1:11647914-11648514	0.2981583333333334	1.0	600
chr1:11654562-11655162	0.06100500000000005	1.0	600
chr1:11666385-11666985	0.08385999999999996	1.0	600
chr1:11680898-11681498	0.06511666666666671	1.0	600
chr1:11711360-11711960	0.18245166666666665	1.0	600
chr1:11735753-11736353	0.20964999999999998	1.0	600
chr1:11738807-11739407	0.01511333333333332	1.0	600
chr1:11790768-11791368	0.4117850000000002	1.0	600
chr1:11793634-11794234	0.30419833333333346	1.0	600
chr1:11796339-11796939	0.12854000000000035	1.0	600
chr1:11805706-11806306	0.24849499999999997	1.0	600
chr1:11926236-11926836	0.22548166666666675	1.0	600
chr1:11934386-11934986	0.23374499999999993	1.0	600
chr1:11954628-11955228	0.14288333333333353	1.0	600
chr1:11979896-11980496	0.21924000000000016	1.0	600
chr1:12019152-12019752	0.06127999999999999	1.0	600
chr1:12229726-12230326	0.19136166666666682	1.0	600
chr1:12433571-12434171	0.47401833333333354	1.0	600
chr1:12450323-12450923	0.04832166666666664	1.0	600
chr1:12539824-12540424	0.2870966666666666	1.0	600
chr1:12556285-12556885	0.19992	1.0	600
chr1:12594961-12595561	0.09308666666666661	1.0	600
chr1:12618083-12618683	0.6115883333333332	1.0	600
chr1:12619720-12620320	0.05604166666666668	1.0	600
chr1:12649316-12649916	0.010331666666666685	1.0	600
chr1:12836818-12837418	0.024948333333333322	1.0	600
chr1:13050176-13050776	0.021828333333333307	1.0	600
chr1:13099161-13099761	0.0013816666666666678	1.0	600
chr1:13151175-13151775	0.011235	1.0	600
chr1:13188407-13189007	0.0	0.0	0
chr1:13207881-13208481	0.04963157894736844	0.03166666666666667	19
chr1:13230635-13231235	0.06836833333333338	1.0	600
chr1:13445703-13446303	0.21680500000000005	1.0	600
chr1:13518865-13519465	0.021939999999999966	1.0	600
chr1:13593772-13594372	0.06390499999999996	1.0	600
chr1:13600540-13601140	0.0032133333333333185	1.0	600
chr1:13616026-13616626	0.07857833333333328	1.0	600
chr1:13630429-13631029	0.013073333333333333	1.0	600
chr1:13709623-13710223	0.06639499999999998	1.0	600
chr1:13749023-13749623	0.39170333333333346	1.0	600
chr1:13762172-13762772	0.021884999999999984	1.0	600
chr1:13843970-13844570	0.09581166666666668	1.0	600
chr1:14425500-14426100	0.018251666666666687	1.0	600
chr1:14598143-14598743	0.2894900000000002	1.0	600
chr1:14694574-14695174	0.01964833333333335	1.0	600
chr1:14845126-14845726	0.021509999999999977	1.0	600
chr1:14896686-14897286	0.040848333333333334	1.0	600
chr1:14923742-14924342	0.09449333333333328	1.0	600
chr1:14996030-14996630	0.01810333333333332	1.0	600
chr1:15028030-15028630	0.05193666666666672	1.0	600
chr1:15073683-15074283	0.010991666666666672	1.0	600
chr1:15205514-15206114	0.01333000000000002	1.0	600
chr1:15217034-15217634	0.05590333333333321	1.0	600
chr1:15348408-15349008	0.0032766666666666634	1.0	600
chr1:15417644-15418244	0.07755833333333348	1.0	600
chr1:15524139-15524739	0.0555099999999999	1.0	600
chr1:15603440-15604040	0.05383500000000008	1.0	600
chr1:15617022-15617622	0.2397033333333333	1.0	600
chr1:15703473-15704073	0.0893749999999999	1.0	600
chr1:15830006-15830606	0.023716666666666716	1.0	600
chr1:15834637-15835237	0.093305	1.0	600
chr1:15835644-15836244	0.2144016666666668	1.0	600
chr1:15847433-15848033	0.4969983333333334	1.0	600
chr1:15849219-15849819	0.5043483333333331	1.0	600
chr1:15886166-15886766	0.20302833333333353	1.0	600
chr1:15985576-15986176	0.14519666666666667	1.0	600
chr1:16003793-16004393	0.12705333333333335	1.0	600
chr1:16055961-16056561	0.10221999999999995	1.0	600
chr1:16097498-16098098	0.03269833333333335	1.0	600
chr1:16111583-16112183	0.12523500000000024	1.0	600
chr1:16206365-16206965	0.035796666666666664	1.0	600
chr1:16217203-16217803	0.0552	1.0	600
chr1:16352248-16352848	0.29493500000000017	1.0	600
chr1:16366848-16367448	0.5635533333333336	1.0	600
chr1:16499007-16499607	0.019334999999999974	1.0	600
chr1:16504228-16504828	0.141059659090909	0.5866666666666667	352
chr1:16535010-16535610	0.04452833333333344	1.0	600
chr1:16613294-16613894	0.004881666666666619	1.0	600
chr1:16619887-16620487	0.17485833333333378	1.0	600
chr1:16644364-16644964	0.19708333333333358	1.0	600
chr1:16666636-16667236	0.2722733333333334	1.0	600
chr1:16727679-16728279	0.01925499999999997	1.0	600
chr1:16732323-16732923	0.03557000000000003	1.0	600
chr1:16740213-16740813	0.2586716666666666	1.0	600
chr1:16773833-16774433	0.01948999999999999	1.0	600
chr1:16872298-16872898	0.08380499999999981	1.0	600
chr1:16878958-16879558	0.13152499999999995	1.0	600
chr1:16889316-16889916	0.11781166666666683	1.0	600
chr1:16904615-16905215	0.02503833333333331	1.0	600
chr1:16913708-16914308	0.015974999999999993	1.0	600
chr1:17011667-17012267	0.07568833333333332	1.0	600
chr1:17016883-17017483	0.05866333333333336	1.0	600
chr1:17053796-17054396	0.19431166666666666	1.0	600
chr1:17059541-17060141	0.2754583333333334	1.0	600
chr1:17076462-17077062	0.06729833333333325	1.0	600
chr1:17089443-17090043	0.08961999999999999	1.0	600
chr1:17109761-17110361	0.12063833333333335	1.0	600
chr1:17119229-17119829	0.2023650000000005	1.0	600
chr1:17138327-17138927	0.020691666666666657	1.0	600
chr1:17285131-17285731	0.032220000000000006	1.0	600
chr1:17371436-17372036	0.012850000000000002	1.0	600
chr1:17531635-17532235	0.359635	1.0	600
chr1:17556443-17557043	0.016889999999999954	1.0	600
chr1:17914602-17915202	0.0030016666666666638	1.0	600
chr1:18487994-18488594	0.005648333333333306	1.0	600
chr1:18644009-18644609	0.009693333333333337	1.0	600
chr1:18670597-18671197	0.34275166666666695	1.0	600
chr1:18844166-18844766	0.01853499999999998	1.0	600
chr1:18902563-18903163	0.08261166666666665	1.0	600
chr1:18912984-18913584	0.10337999999999994	1.0	600
chr1:18948416-18949016	0.055141666666666624	1.0	600
chr1:18956455-18957055	0.1325566666666667	1.0	600
chr1:18980172-18980772	0.014329999999999987	1.0	600
chr1:19003296-19003896	0.03370500000000005	1.0	600
chr1:19045134-19045734	0.017709999999999993	1.0	600
chr1:19210051-19210651	0.504218333333333	1.0	600
chr1:19311926-19312526	0.17076666666666676	1.0	600
chr1:19475086-19475686	0.006204999999999987	1.0	600
chr1:19485321-19485921	0.28479166666666667	1.0	600
chr1:19572056-19572656	0.06768333333333333	1.0	600
chr1:19596684-19597284	0.2684516666666669	1.0	600
chr1:19606923-19607523	0.7189000000000004	1.0	600
chr1:19623174-19623774	0.20442166666666672	1.0	600
chr1:19643992-19644592	0.14598833333333347	1.0	600
chr1:19659696-19660296	0.04298500000000016	1.0	600
chr1:19799520-19800120	0.06395166666666666	1.0	600
chr1:19881997-19882597	0.21749833333333338	1.0	600
chr1:20313758-20314358	0.04527666666666667	1.0	600
chr1:20436716-20437316	0.03630500000000001	1.0	600
chr1:20567307-20567907	0.0564716666666667	1.0	600
chr1:20661264-20661864	0.13781166666666667	1.0	600
chr1:20685926-20686526	0.03178333333333343	1.0	600
chr1:20787034-20787634	0.226855	1.0	600
chr1:20877767-20878367	0.011111666666666674	1.0	600
chr1:20942869-20943469	0.04410833333333335	1.0	600
chr1:21130428-21131028	0.09117333333333326	1.0	600
chr1:21147276-21147876	0.11876166666666682	1.0	600
chr1:21176722-21177322	0.5467983333333323	1.0	600
chr1:21199323-21199923	0.13407499999999992	1.0	600
chr1:21301196-21301796	0.04179166666666676	1.0	600
chr1:21310891-21311491	0.03653166666666677	1.0	600
chr1:21341981-21342581	0.18626166666666663	1.0	600
chr1:21345275-21345875	0.11644000000000003	1.0	600
chr1:21368341-21368941	0.02845	1.0	600
chr1:21377306-21377906	0.1266583333333335	1.0	600
chr1:21519081-21519681	0.0438333333333333	1.0	600
chr1:21537296-21537896	0.025929999999999998	1.0	600
chr1:21565033-21565633	0.09270833333333334	1.0	600
chr1:21570002-21570602	0.14656833333333347	1.0	600
chr1:21651714-21652314	0.21265666666666688	1.0	600
chr1:21782863-21783463	0.3926650000000004	1.0	600
chr1:21803519-21804119	0.02021166666666666	1.0	600
chr1:21891992-21892592	0.2213949999999999	1.0	600
chr1:21909694-21910294	0.41183500000000023	1.0	600
chr1:21930966-21931566	0.3768716666666668	1.0	600
chr1:21937164-21937764	0.08674666666666664	1.0	600
chr1:22037916-22038516	0.3134716666666667	1.0	600
chr1:22052350-22052950	0.27997166666666684	1.0	600
chr1:22122555-22123155	0.6774766666666665	1.0	600
chr1:22134866-22135466	0.017401666666666663	1.0	600
chr1:22145171-22145771	0.056856666666666694	1.0	600
chr1:22235851-22236451	0.101185	1.0	600
chr1:22341338-22341938	0.061491666666666694	1.0	600
chr1:22360209-22360809	0.0331250000000001	1.0	600
chr1:22407519-22408119	0.0024066666666666616	1.0	600
chr1:22427934-22428534	0.027993333333333297	1.0	600
chr1:22451518-22452118	0.35637500000000005	1.0	600
chr1:22676714-22677314	0.4082950000000001	1.0	600
chr1:22771974-22772574	0.5791933333333326	1.0	600
chr1:23017251-23017851	0.08120333333333338	1.0	600
chr1:23019113-23019713	0.31127999999999983	1.0	600
chr1:23107662-23108262	0.015594999999999984	1.0	600
chr1:23307482-23308082	0.37838499999999986	1.0	600
chr1:23344114-23344714	0.5626299999999993	1.0	600
chr1:23368569-23369169	0.10238333333333334	1.0	600
chr1:23377082-23377682	0.09899666666666662	1.0	600
chr1:23403599-23404199	0.14799666666666675	1.0	600
chr1:23484062-23484662	0.10549	1.0	600
chr1:23531147-23531747	0.21308833333333355	1.0	600
chr1:23554750-23555350	0.3107133333333334	1.0	600
chr1:23559276-23559876	0.6144683333333334	1.0	600
chr1:23562175-23562775	0.80424	1.0	600
chr1:23691457-23692057	0.14284666666666673	1.0	600
chr1:23747550-23748150	0.20259333333333343	1.0	600
chr1:23769520-23770120	0.05602666666666671	1.0	600
chr1:23778255-23778855	0.4262033333333333	1.0	600
chr1:23800500-23801100	0.0533716666666667	1.0	600
chr1:23868081-23868681	0.19090166666666686	1.0	600
chr1:23942725-23943325	0.028363333333333324	1.0	600
chr1:23959441-23960041	0.2444466666666666	1.0	600
chr1:23980088-23980688	0.3569033333333333	1.0	600
chr1:24125487-24126087	0.053800000000000035	1.0	600
chr1:24126092-24126692	0.033740000000000055	1.0	600
chr1:24251660-24252260	0.05188666666666674	1.0	600
chr1:24365524-24366124	0.0049849999999999825	1.0	600
chr1:24502590-24503190	0.04428833333333336	1.0	600
chr1:24511263-24511863	0.2514383333333331	1.0	600
chr1:24569133-24569733	0.024924999999999975	1.0	600
chr1:24576067-24576667	0.16194833333333344	1.0	600
chr1:24578361-24578961	0.015528333333333299	1.0	600
chr1:24642785-24643385	0.3576666666666666	1.0	600
chr1:24648239-24648839	0.7190716666666662	1.0	600
chr1:24714733-24715333	0.18757666666666664	1.0	600
chr1:24744910-24745510	0.19710166666666684	1.0	600
chr1:24803106-24803706	0.2434083333333335	1.0	600
chr1:24848113-24848713	0.2106350000000004	1.0	600
chr1:24947628-24948228	0.12049500000000021	1.0	600
chr1:25137902-25138502	0.01282666666666668	1.0	600
chr1:25239760-25240360	0.13717666666666684	1.0	600
chr1:25247279-25247879	0.03833500000000004	1.0	600
chr1:25276323-25276923	0.007556666666666647	1.0	600
chr1:25338014-25338614	0.08872999999999996	1.0	600
chr1:25360820-25361420	0.18775500000000023	1.0	600
chr1:25416448-25417048	0.008639999999999976	1.0	600
chr1:25429938-25430538	0.31030166666666675	1.0	600
chr1:25477341-25477941	0.05892000000000004	1.0	600
chr1:25526901-25527501	0.0940516666666666	1.0	600
chr1:25551812-25552412	0.02673666666666665	1.0	600
chr1:25563766-25564366	0.18311000000000016	1.0	600
chr1:25603216-25603816	0.04843478260869564	0.03833333333333333	23
chr1:25616329-25616929	0.21780333333333374	1.0	600
chr1:25805820-25806420	0.02119666666666666	1.0	600
chr1:25859191-25859791	0.1182816666666669	1.0	600
chr1:25875315-25875915	0.02981500000000003	1.0	600
chr1:25895300-25895900	0.1190566666666669	1.0	600
chr1:25906190-25906790	0.35896166666666673	1.0	600
chr1:25935722-25936322	0.04458833333333331	1.0	600
chr1:25951023-25951623	0.037735	1.0	600
chr1:25970014-25970614	0.07650166666666662	1.0	600
chr1:25997957-25998557	0.16135166666666675	1.0	600
chr1:26028339-26028939	0.21470166666666682	1.0	600
chr1:26035199-26035799	0.20830500000000018	1.0	600
chr1:26111337-26111937	0.41128499999999996	1.0	600
chr1:26169555-26170155	0.2978300000000001	1.0	600
chr1:26233821-26234421	0.1950050000000001	1.0	600
chr1:26244101-26244701	0.32495000000000024	1.0	600
chr1:26279732-26280332	0.30122833333333326	1.0	600
chr1:26295399-26295999	0.002624999999999997	1.0	600
chr1:26431871-26432471	0.06737166666666664	1.0	600
chr1:26472901-26473501	0.4530316666666668	1.0	600
chr1:26500742-26501342	0.0514366666666667	1.0	600
chr1:26522128-26522728	0.09431499999999989	1.0	600
chr1:26555457-26556057	0.5334949999999992	1.0	600
chr1:26620668-26621268	0.3602116666666665	1.0	600
chr1:26695305-26695905	0.7358566666666667	1.0	600
chr1:26723431-26724031	0.9748216666666669	1.0	600
chr1:26787886-26788486	0.27123333333333344	1.0	600
chr1:26826643-26827243	0.3174383333333334	1.0	600
chr1:26864876-26865476	0.09860999999999999	1.0	600
chr1:26877802-26878402	0.035811666666666665	1.0	600
chr1:26921353-26921953	0.3676483333333334	1.0	600
chr1:26969256-26969856	0.02434666666666667	1.0	600
chr1:27012667-27013267	0.2989433333333335	1.0	600
chr1:27082843-27083443	0.06362166666666666	1.0	600
chr1:27097265-27097865	0.0877599999999999	1.0	600
chr1:27154830-27155430	0.3622099999999999	1.0	600
chr1:27234106-27234706	0.4656850000000003	1.0	600
chr1:27242196-27242796	0.04847666666666668	1.0	600
chr1:27321863-27322463	0.3278150000000002	1.0	600
chr1:27365329-27365929	0.03808500000000002	1.0	600
chr1:27368482-27369082	0.055715000000000146	1.0	600
chr1:27489907-27490507	0.41210666666666707	1.0	600
chr1:27556749-27557349	0.5501633333333331	1.0	600
chr1:27568296-27568896	0.2598583333333333	1.0	600
chr1:27603898-27604498	0.636321666666666	1.0	600
chr1:27671983-27672583	0.19856500000000007	1.0	600
chr1:27725530-27726130	0.3562866666666668	1.0	600
chr1:27772924-27773524	0.3799233333333337	1.0	600
chr1:27787818-27788418	0.07491500000000004	1.0	600
chr1:27811069-27811669	0.011888333333333327	1.0	600
chr1:27950008-27950608	0.021919999999999974	1.0	600
chr1:27959637-27960237	0.15992333333333336	1.0	600
chr1:28088467-28089067	0.24717333333333358	1.0	600
chr1:28097206-28097806	0.041300000000000024	1.0	600
chr1:28161188-28161788	0.060303333333333375	1.0	600
chr1:28204067-28204667	0.04872833333333344	1.0	600
chr1:28235758-28236358	0.10455666666666666	1.0	600
chr1:28247008-28247608	0.1312450000000001	1.0	600
chr1:28259157-28259757	0.4917849999999996	1.0	600
chr1:28328665-28329265	0.08108333333333329	1.0	600
chr1:28369403-28370003	0.31661499999999987	1.0	600
chr1:28410169-28410769	0.08674833333333336	1.0	600
chr1:28437762-28438362	0.35013833333333355	1.0	600
chr1:28517941-28518541	0.21159333333333352	1.0	600
chr1:28552750-28553350	0.13597666666666672	1.0	600
chr1:28581652-28582252	0.05065000000000002	1.0	600
chr1:28642787-28643387	0.5851349999999992	1.0	600
chr1:28648046-28648646	0.1270616666666667	1.0	600
chr1:28668889-28669489	0.12449166666666678	1.0	600
chr1:28676119-28676719	0.04931000000000006	1.0	600
chr1:28718533-28719133	0.02969666666666668	1.0	600
chr1:28736560-28737160	0.5587666666666664	1.0	600
chr1:28801475-28802075	0.010121666666666668	1.0	600
chr1:28857644-28858244	0.04852549889135249	0.7516666666666667	451
chr1:28914204-28914804	0.4523466666666668	1.0	600
chr1:29133465-29134065	0.0136933333333333	1.0	600
chr1:29172342-29172942	0.06160000000000002	1.0	600
chr1:29181692-29182292	0.4012516666666665	1.0	600
chr1:29187135-29187735	0.10837499999999992	1.0	600
chr1:29230655-29231255	0.20247666666666672	1.0	600
chr1:29236177-29236777	0.2832333333333332	1.0	600
chr1:29237592-29238192	0.1641783333333335	1.0	600
chr1:29331538-29332138	0.27210166666666663	1.0	600
chr1:29484257-29484857	0.00664833333333332	1.0	600
chr1:29873885-29874485	0.09805333333333346	1.0	600
chr1:29925775-29926375	0.07920333333333332	1.0	600
chr1:30044453-30045053	0.00488333333333331	1.0	600
chr1:30151072-30151672	0.14737000000000033	1.0	600
chr1:30166642-30167242	0.06048500000000008	1.0	600
chr1:30216720-30217320	0.004669999999999986	1.0	600
chr1:30718125-30718725	0.0066016666666666585	1.0	600
chr1:30724884-30725484	0.02088666666666665	1.0	600
chr1:30816166-30816766	0.4360283333333324	1.0	600
chr1:30823860-30824460	0.14861333333333346	1.0	600
chr1:30847357-30847957	0.15193500000000026	1.0	600
chr1:30857903-30858503	0.1609616666666667	1.0	600
chr1:30866532-30867132	0.10409500000000001	1.0	600
chr1:30885560-30886160	0.04625833333333335	1.0	600
chr1:30905626-30906226	0.02026333333333331	1.0	600
chr1:31065422-31066022	0.6834	1.0	600
chr1:31108841-31109441	0.12012500000000012	1.0	600
chr1:31154718-31155318	0.04696666666666675	1.0	600
chr1:31270503-31271103	0.0831699999999999	1.0	600
chr1:31296643-31297243	0.2965449999999998	1.0	600
chr1:31318764-31319364	0.28143166666666664	1.0	600
chr1:31452222-31452822	0.23170833333333316	1.0	600
chr1:31511661-31512261	0.10621666666666674	1.0	600
chr1:31516492-31517092	0.09156499999999987	1.0	600
chr1:31573758-31574358	0.18615000000000015	1.0	600
chr1:31644668-31645268	0.18651500000000013	1.0	600
chr1:31714993-31715593	0.02622666666666663	1.0	600
chr1:31770748-31771348	0.31503999999999993	1.0	600
chr1:31820211-31820811	0.061281666666666734	1.0	600
chr1:31899296-31899896	0.027113333333333312	1.0	600
chr1:31938144-31938744	0.5473116666666653	1.0	600
chr1:31952750-31953350	0.10311499999999994	1.0	600
chr1:32013263-32013863	0.2624516666666669	1.0	600
chr1:32019167-32019767	0.09272500000000021	1.0	600
chr1:32026316-32026916	0.041990000000000055	1.0	600
chr1:32072575-32073175	0.4081550000000002	1.0	600
chr1:32179338-32179938	0.18258666666666676	1.0	600
chr1:32291775-32292375	0.37421500000000024	1.0	600
chr1:32338183-32338783	0.4202700000000001	1.0	600
chr1:32351248-32351848	0.13694833333333337	1.0	600
chr1:32394244-32394844	0.2517716666666666	1.0	600
chr1:32560404-32561004	0.11533833333333333	1.0	600
chr1:32637610-32638210	0.08775666666666669	1.0	600
chr1:32647871-32648471	0.09483166666666668	1.0	600
chr1:32650761-32651361	0.33255500000000027	1.0	600
chr1:32749763-32750363	0.14419833333333348	1.0	600
chr1:32792813-32793413	0.12166333333333339	1.0	600
chr1:32799001-32799601	0.08519833333333325	1.0	600
chr1:32817226-32817826	0.46023666666666635	1.0	600
chr1:32878086-32878686	0.17816166666666686	1.0	600
chr1:32925513-32926113	0.080585	1.0	600
chr1:32964615-32965215	0.26274499999999995	1.0	600
chr1:32967080-32967680	0.13297666666666713	1.0	600
chr1:33036664-33037264	0.32781666666666687	1.0	600
chr1:33068092-33068692	0.1866616666666669	1.0	600
chr1:33080772-33081372	0.4126050000000001	1.0	600
chr1:33127097-33127697	0.07912833333333334	1.0	600
chr1:33129315-33129915	0.17455666666666705	1.0	600
chr1:33161198-33161798	0.3450950000000001	1.0	600
chr1:33180590-33181190	0.30345333333333335	1.0	600
chr1:33274840-33275440	0.0838016666666667	1.0	600
chr1:33349689-33350289	0.12929166666666692	1.0	600
chr1:33382517-33383117	0.506779999999999	1.0	600
chr1:33430836-33431436	0.5066516666666658	1.0	600
chr1:33472199-33472799	0.25749500000000014	1.0	600
chr1:33627887-33628487	0.09005499999999993	1.0	600
chr1:33759091-33759691	0.03982000000000005	1.0	600
chr1:33846298-33846898	0.04453166666666668	1.0	600
chr1:33955105-33955705	0.38204000000000027	1.0	600
chr1:34171279-34171879	0.6223666666666666	1.0	600
chr1:34179672-34180272	0.11752833333333344	1.0	600
chr1:34196055-34196655	0.008593333333333324	1.0	600
chr1:34243583-34244183	0.06492666666666674	1.0	600
chr1:34267391-34267991	0.0012016666666666673	1.0	600
chr1:34471896-34472496	0.053555000000000026	1.0	600
chr1:34487982-34488582	0.022174999999999983	1.0	600
chr1:34496696-34497296	0.022833333333333334	1.0	600
chr1:34516092-34516692	0.14383333333333334	1.0	600
chr1:34698899-34699499	0.023186666666666658	1.0	600
chr1:34705528-34706128	0.31035500000000005	1.0	600
chr1:34789823-34790423	0.03575000000000003	1.0	600
chr1:34859513-34860113	0.11692500000000004	1.0	600
chr1:34996778-34997378	0.1611716666666669	1.0	600
chr1:35192925-35193525	0.5169316666666657	1.0	600
chr1:35355447-35356047	0.06168500000000004	1.0	600
chr1:35537581-35538181	0.6840849999999998	1.0	600
chr1:35557154-35557754	0.5752899999999996	1.0	600
chr1:35595964-35596564	0.010726666666666667	1.0	600
chr1:35630960-35631560	0.18190333333333344	1.0	600
chr1:35641311-35641911	0.23284499999999994	1.0	600
chr1:35667660-35668260	0.07899666666666656	1.0	600
chr1:35718595-35719195	0.09293666666666663	1.0	600
chr1:35769728-35770328	0.1587566666666667	1.0	600
chr1:35879770-35880370	0.2459050000000001	1.0	600
chr1:35930850-35931450	0.24432999999999994	1.0	600
chr1:36088530-36089130	0.22023833333333337	1.0	600
chr1:36149344-36149944	0.25863833333333336	1.0	600
chr1:36155848-36156448	0.21391333333333346	1.0	600
chr1:36187985-36188585	0.060711666666666664	1.0	600
chr1:36224064-36224664	0.4601233333333324	1.0	600
chr1:36283004-36283604	0.0629633333333333	1.0	600
chr1:36306754-36307354	0.2185666666666667	1.0	600
chr1:36311915-36312515	0.1490133333333333	1.0	600
chr1:36323373-36323973	0.14075333333333337	1.0	600
chr1:36373640-36374240	0.30721333333333334	1.0	600
chr1:36385701-36386301	0.5018999999999995	1.0	600
chr1:36386410-36387010	0.462255	1.0	600
chr1:36397632-36398232	0.05519499999999994	1.0	600
chr1:36438104-36438704	0.06785999999999995	1.0	600
chr1:36450300-36450900	0.1876683333333336	1.0	600
chr1:36464151-36464751	0.12675000000000045	1.0	600
chr1:36470203-36470803	0.05132166666666672	1.0	600
chr1:36653770-36654370	0.13370000000000035	1.0	600
chr1:36680531-36681131	0.02990666666666668	1.0	600
chr1:36751041-36751641	0.035115000000000056	1.0	600
chr1:36762261-36762861	0.0031149999999999763	1.0	600
chr1:36841277-36841877	0.23273166666666673	1.0	600
chr1:37083407-37084007	0.3307066666666669	1.0	600
chr1:37151421-37152021	0.23987166666666682	1.0	600
chr1:37215993-37216593	0.03017166666666677	1.0	600
chr1:37244045-37244645	0.024859999999999997	1.0	600
chr1:37287264-37287864	0.0050999999999999865	1.0	600
chr1:37379695-37380295	0.24897500000000009	1.0	600
chr1:37456660-37457260	0.011631666666666683	1.0	600
chr1:37474181-37474781	0.13751000000000022	1.0	600
chr1:37514529-37515129	0.28675999999999996	1.0	600
chr1:37553758-37554358	0.2939233333333334	1.0	600
chr1:37595695-37596295	0.19222000000000017	1.0	600
chr1:37692043-37692643	0.11665333333333353	1.0	600
chr1:37786616-37787216	0.013463333333333353	1.0	600
chr1:37807927-37808527	0.4413366666666665	1.0	600
chr1:37817295-37817895	0.2787599999999999	1.0	600
chr1:37820812-37821412	0.019711666666666655	1.0	600
chr1:37859370-37859970	0.3780850000000001	1.0	600
chr1:37931503-37932103	0.2628166666666663	1.0	600
chr1:37946761-37947361	0.15588000000000005	1.0	600
chr1:37989814-37990414	0.2541400000000003	1.0	600
chr1:38012183-38012783	0.16501333333333343	1.0	600
chr1:38030821-38031421	0.3392850000000001	1.0	600
chr1:38034810-38035410	0.750966666666666	1.0	600
chr1:38046552-38047152	0.43789499999999987	1.0	600
chr1:38083469-38084069	0.17613666666666697	1.0	600
chr1:38138427-38139027	0.16287833333333354	1.0	600
chr1:38476077-38476677	0.5911099999999996	1.0	600
chr1:38535700-38536300	0.024363333333333303	1.0	600
chr1:38559294-38559894	0.2476533333333333	1.0	600
chr1:38859476-38860076	0.5709099999999997	1.0	600
chr1:38873179-38873779	0.31510833333333316	1.0	600
chr1:38927872-38928472	0.028269999999999993	1.0	600
chr1:38941623-38942223	0.1175500000000001	1.0	600
chr1:38988424-38989024	0.18348833333333345	1.0	600
chr1:38990912-38991512	0.46135333333333356	1.0	600
chr1:39192159-39192759	0.32506666666666706	1.0	600
chr1:39205936-39206536	0.22907999999999998	1.0	600
chr1:39282364-39282964	0.06855166666666669	1.0	600
chr1:39311042-39311642	0.09344333333333343	1.0	600
chr1:39318515-39319115	0.26523666666666673	1.0	600
chr1:39398488-39399088	0.5339733333333333	1.0	600
chr1:39408509-39409109	0.17867666666666704	1.0	600
chr1:39632768-39633368	0.3757866666666668	1.0	600
chr1:39636305-39636905	0.00731833333333332	1.0	600
chr1:39639405-39640005	0.3824683333333333	1.0	600
chr1:39713189-39713789	0.08746232876712326	0.9733333333333334	584
chr1:39738566-39739166	0.13604500000000003	1.0	600
chr1:39788598-39789198	0.0040049999999999955	1.0	600
chr1:39867593-39868193	0.15459333333333328	1.0	600
chr1:39883199-39883799	0.2848699999999999	1.0	600
chr1:39901674-39902274	0.37714333333333344	1.0	600
chr1:39954786-39955386	0.21276166666666668	1.0	600
chr1:40040286-40040886	0.26624166666666693	1.0	600
chr1:40096943-40097543	0.1274150000000001	1.0	600
chr1:40107312-40107912	0.12906999999999993	1.0	600
chr1:40161054-40161654	0.5281799999999999	1.0	600
chr1:40229205-40229805	0.073325	1.0	600
chr1:40257862-40258462	0.3145349999999998	1.0	600
chr1:40315211-40315811	0.2232616666666668	1.0	600
chr1:40316484-40317084	0.05373833333333334	1.0	600
chr1:40449853-40450453	0.04142833333333338	1.0	600
chr1:40472516-40473116	0.11240500000000002	1.0	600
chr1:40533074-40533674	0.12912166666666666	1.0	600
chr1:40623249-40623849	0.09382499999999995	1.0	600
chr1:40684920-40685520	0.04236833333333329	1.0	600
chr1:40691710-40692310	0.7233549999999995	1.0	600
chr1:40708971-40709571	0.8353199999999998	1.0	600
chr1:40743071-40743671	0.1422083333333334	1.0	600
chr1:40770731-40771331	0.6127183333333329	1.0	600
chr1:40783384-40783984	0.2219649999999999	1.0	600
chr1:40810282-40810882	0.07051499999999997	1.0	600
chr1:40862142-40862742	0.030874999999999975	1.0	600
chr1:40918294-40918894	0.03213000000000004	1.0	600
chr1:40979620-40980220	0.21300333333333338	1.0	600
chr1:41093613-41094213	0.11596500000000028	1.0	600
chr1:41109232-41109832	0.24775833333333372	1.0	600
chr1:41174732-41175332	0.20145500000000016	1.0	600
chr1:41241778-41242378	0.11803333333333335	1.0	600
chr1:41360782-41361382	0.24130499999999983	1.0	600
chr1:41423589-41424189	0.1408666666666666	1.0	600
chr1:41432753-41433353	0.025004999999999982	1.0	600
chr1:41454325-41454925	0.21739166666666676	1.0	600
chr1:41496159-41496759	0.21473999999999993	1.0	600
chr1:41515992-41516592	0.02366833333333331	1.0	600
chr1:41558841-41559441	0.11793999999999995	1.0	600
chr1:41617882-41618482	0.5653833333333332	1.0	600
chr1:41634986-41635586	0.02227999999999997	1.0	600
chr1:41661958-41662558	0.31071166666666666	1.0	600
chr1:41823371-41823971	0.2548933333333333	1.0	600
chr1:41917827-41918427	0.30024	1.0	600
chr1:41938113-41938713	0.06208166666666666	1.0	600
chr1:42035712-42036312	0.23368833333333333	1.0	600
chr1:42221861-42222461	0.03002500000000004	1.0	600
chr1:42334981-42335581	0.3811383333333336	1.0	600
chr1:42456194-42456794	0.3463433333333333	1.0	600
chr1:42462928-42463528	0.11025666666666666	1.0	600
chr1:42469879-42470479	0.10599833333333318	1.0	600
chr1:42635332-42635932	0.09275499999999999	1.0	600
chr1:42658018-42658618	0.17077833333333337	1.0	600
chr1:42682073-42682673	0.7514766666666669	1.0	600
chr1:42715003-42715603	0.08517500000000022	1.0	600
chr1:42740025-42740625	0.2135716666666668	1.0	600
chr1:42740816-42741416	0.18185500000000004	1.0	600
chr1:42766882-42767482	0.11161500000000006	1.0	600
chr1:42817119-42817719	0.06517666666666676	1.0	600
chr1:42846272-42846872	0.17476333333333346	1.0	600
chr1:42924068-42924668	0.05847833333333335	1.0	600
chr1:42935623-42936223	0.02421833333333332	1.0	600
chr1:42958676-42959276	0.1004583333333333	1.0	600
chr1:43069594-43070194	0.38162333333333354	1.0	600
chr1:43172344-43172944	0.2906033333333335	1.0	600
chr1:43348832-43349432	0.3639	1.0	600
chr1:43358503-43359103	0.10372333333333336	1.0	600
chr1:43367588-43368188	0.3476716666666668	1.0	600
chr1:43381872-43382472	0.41150999999999993	1.0	600
chr1:43389645-43390245	0.24849999999999994	1.0	600
chr1:43541893-43542493	0.07339999999999997	1.0	600
chr1:43649709-43650309	0.21914500000000003	1.0	600
chr1:43707166-43707766	0.2607216666666667	1.0	600
chr1:43769804-43770404	0.05405666666666665	1.0	600
chr1:43857687-43858287	0.014571666666666655	1.0	600
chr1:43946349-43946949	0.25549333333333335	1.0	600
chr1:43974601-43975201	0.2226	1.0	600
chr1:44011005-44011605	0.15302000000000018	1.0	600
chr1:44030078-44030678	0.25538666666666676	1.0	600
chr1:44109218-44109818	0.20619000000000046	1.0	600
chr1:44237993-44238593	0.48854833333333175	1.0	600
chr1:44283082-44283682	0.1742183333333339	1.0	600
chr1:44354995-44355595	0.7045099999999999	1.0	600
chr1:44404991-44405591	0.7721250000000003	1.0	600
chr1:44417679-44418279	0.15677166666666692	1.0	600
chr1:44500901-44501501	0.6194266666666666	1.0	600
chr1:44507637-44508237	0.8635250000000002	1.0	600
chr1:44568234-44568834	0.061383333333333366	1.0	600
chr1:44632113-44632713	0.6589566666666665	1.0	600
chr1:44652734-44653334	0.10123666666666657	1.0	600
chr1:44664786-44665386	0.0706616666666667	1.0	600
chr1:44673889-44674489	0.27887333333333325	1.0	600
chr1:44731133-44731733	0.13770333333333354	1.0	600
chr1:44739466-44740066	0.2247666666666667	1.0	600
chr1:44775296-44775896	0.21037166666666685	1.0	600
chr1:44799957-44800557	0.11034	1.0	600
chr1:44807598-44808198	0.17645000000000008	1.0	600
chr1:44842931-44843531	0.232995	1.0	600
chr1:44986379-44986979	0.1188066666666668	1.0	600
chr1:45011045-45011645	0.29207166666666673	1.0	600
chr1:45011863-45012463	0.16595166666666686	1.0	600
chr1:45075065-45075665	0.22742999999999994	1.0	600
chr1:45206235-45206835	0.3316649999999999	1.0	600
chr1:45214373-45214973	0.4139299999999996	1.0	600
chr1:45303358-45303958	0.02790166666666673	1.0	600
chr1:45326586-45327186	0.07991833333333334	1.0	600
chr1:45340126-45340726	0.14174500000000032	1.0	600
chr1:45490918-45491518	0.494623333333333	1.0	600
chr1:45499839-45500439	0.32979333333333327	1.0	600
chr1:45521613-45522213	0.0948166666666666	1.0	600
chr1:45550494-45551094	0.05099166666666673	1.0	600
chr1:45583238-45583838	0.2025516666666668	1.0	600
chr1:45604962-45605562	0.1305333333333336	1.0	600
chr1:45639247-45639847	0.017213333333333292	1.0	600
chr1:45686848-45687448	0.14861999999999995	1.0	600
chr1:45750387-45750987	0.09897499999999997	1.0	600
chr1:45760279-45760879	0.30010666666666697	1.0	600
chr1:45768302-45768902	0.12020166666666678	1.0	600
chr1:45803260-45803860	0.29854500000000017	1.0	600
chr1:45807791-45808391	0.11672500000000023	1.0	600
chr1:45822386-45822986	0.04387000000000002	1.0	600
chr1:45872032-45872632	0.29428666666666686	1.0	600
chr1:45913249-45913849	0.536031666666667	1.0	600
chr1:46043701-46044301	0.34597833333333317	1.0	600
chr1:46102941-46103541	0.11701166666666689	1.0	600
chr1:46129974-46130574	0.48401666666666604	1.0	600
chr1:46132378-46132978	0.3608016666666668	1.0	600
chr1:46198125-46198725	0.10278166666666662	1.0	600
chr1:46203001-46203601	0.37526833333333337	1.0	600
chr1:46247119-46247719	0.07825999999999998	1.0	600
chr1:46303032-46303632	0.5892183333333326	1.0	600
chr1:46340430-46341030	0.12929333333333343	1.0	600
chr1:46386133-46386733	0.33488666666666705	1.0	600
chr1:46411974-46412574	0.1382116666666667	1.0	600
chr1:46485139-46485739	0.3263733333333333	1.0	600
chr1:46512082-46512682	0.6364833333333325	1.0	600
chr1:46616590-46617190	0.1720433333333336	1.0	600
chr1:46668091-46668691	0.29794000000000015	1.0	600
chr1:46718875-46719475	0.24292166666666654	1.0	600
chr1:46867736-46868336	0.25302166666666664	1.0	600
chr1:47095090-47095690	0.06539833333333318	1.0	600
chr1:47313938-47314538	0.24595166666666665	1.0	600
chr1:47333948-47334548	0.19801666666666679	1.0	600
chr1:47412794-47413394	0.2411166666666669	1.0	600
chr1:47437678-47438278	0.23526333333333327	1.0	600
chr1:47534304-47534904	0.00851333333333332	1.0	600
chr1:47578247-47578847	0.6536833333333331	1.0	600
chr1:47584444-47585044	0.03503166666666673	1.0	600
chr1:47678896-47679496	0.01977666666666664	1.0	600
chr1:47738496-47739096	0.13801500000000022	1.0	600
chr1:47757915-47758515	0.0030999999999999956	1.0	600
chr1:47759567-47760167	0.01741499999999998	1.0	600
chr1:47819278-47819878	0.46549333333333237	1.0	600
chr1:47950882-47951482	0.46159166666666646	1.0	600
chr1:47997209-47997809	0.4843849999999998	1.0	600
chr1:48233674-48234274	0.11553666666666698	1.0	600
chr1:48366995-48367595	0.23042833333333348	1.0	600
chr1:48471974-48472574	0.4606749999999995	1.0	600
chr1:48494150-48494750	0.4089016666666668	1.0	600
chr1:49129295-49129895	0.20703499999999977	1.0	600
chr1:49152826-49153426	0.23817166666666661	1.0	600
chr1:49516246-49516846	0.07599333333333333	1.0	600
chr1:49563628-49564228	0.06849000000000002	1.0	600
chr1:49632343-49632943	0.04700000000000012	1.0	600
chr1:49633428-49634028	0.03874166666666672	1.0	600
chr1:49700583-49701183	0.07513166666666674	1.0	600
chr1:49829464-49830064	0.05762000000000007	1.0	600
chr1:49917068-49917668	0.048413333333333315	1.0	600
chr1:50368340-50368940	0.05581500000000003	1.0	600
chr1:50412910-50413510	0.027331666666666685	1.0	600
chr1:50456093-50456693	0.1626600000000002	1.0	600
chr1:50505379-50505979	0.2019966666666668	1.0	600
chr1:50648543-50649143	0.06275333333333337	1.0	600
chr1:50767229-50767829	0.3103650000000004	1.0	600
chr1:50869482-50870082	0.08456500000000007	1.0	600
chr1:50959934-50960534	0.6137133333333331	1.0	600
chr1:50968325-50968925	0.42238333333333355	1.0	600
chr1:50971689-50972289	0.4490633333333334	1.0	600
chr1:50977753-50978353	0.3226049999999998	1.0	600
chr1:51148952-51149552	0.07907833333333339	1.0	600
chr1:51235946-51236546	0.31831499999999996	1.0	600
chr1:51328659-51329259	0.038696666666666685	1.0	600
chr1:51519061-51519661	0.35511000000000015	1.0	600
chr1:51583464-51584064	0.5059983333333332	1.0	600
chr1:51616743-51617343	0.43108833333333346	1.0	600
chr1:51731823-51732423	0.054626666666666664	1.0	600
chr1:51878460-51879060	0.4736499999999999	1.0	600
chr1:52055919-52056519	0.41191166666666656	1.0	600
chr1:52141729-52142329	0.08539333333333335	1.0	600
chr1:52201184-52201784	0.169705	1.0	600
chr1:52350840-52351440	0.06553166666666657	1.0	600
chr1:52366123-52366723	0.12607833333333351	1.0	600
chr1:52404260-52404860	0.2838033333333334	1.0	600
chr1:52409293-52409893	0.051005	1.0	600
chr1:52496976-52497576	0.36068000000000006	1.0	600
chr1:52553209-52553809	0.10011333333333328	1.0	600
chr1:52698096-52698696	0.20902833333333354	1.0	600
chr1:52702794-52703394	0.08080666666666664	1.0	600
chr1:52726109-52726709	0.31475666666666674	1.0	600
chr1:52830216-52830816	0.2214083333333333	1.0	600
chr1:52883770-52884370	0.017463333333333338	1.0	600
chr1:52920837-52921437	0.005528333333333329	1.0	600
chr1:52977420-52978020	0.0828783333333335	1.0	600
chr1:52984790-52985390	0.028258333333333337	1.0	600
chr1:53014464-53015064	0.27315666666666677	1.0	600
chr1:53058641-53059241	0.06801333333333338	1.0	600
chr1:53078562-53079162	0.6831599999999989	1.0	600
chr1:53126952-53127552	0.02407166666666666	1.0	600
chr1:53196453-53197053	0.053800000000000014	1.0	600
chr1:53220063-53220663	0.19058666666666685	1.0	600
chr1:53246758-53247358	0.5381199999999989	1.0	600
chr1:53297887-53298487	0.23709333333333316	1.0	600
chr1:53430234-53430834	0.14665166666666676	1.0	600
chr1:53441704-53442304	0.03561500000000001	1.0	600
chr1:53567248-53567848	0.2950833333333337	1.0	600
chr1:53712748-53713348	0.07414166666666681	1.0	600
chr1:53739008-53739608	0.12527833333333355	1.0	600
chr1:53746639-53747239	0.058280000000000075	1.0	600
chr1:53838027-53838627	0.24164000000000002	1.0	600
chr1:53889581-53890181	0.11275833333333343	1.0	600
chr1:53945654-53946254	0.024073333333333335	1.0	600
chr1:54023254-54023854	0.061253333333333375	1.0	600
chr1:54027155-54027755	0.04979000000000011	1.0	600
chr1:54053165-54053765	0.19530833333333344	1.0	600
chr1:54181292-54181892	0.01940166666666667	1.0	600
chr1:54239391-54239991	0.24238333333333326	1.0	600
chr1:54272822-54273422	0.26087833333333327	1.0	600
chr1:54287156-54287756	0.17652166666666683	1.0	600
chr1:54332588-54333188	0.27796499999999996	1.0	600
chr1:54406167-54406767	0.2514333333333333	1.0	600
chr1:54453481-54454081	0.03801833333333337	1.0	600
chr1:54488029-54488629	0.710726666666667	1.0	600
chr1:54545874-54546474	0.008244999999999985	1.0	600
chr1:54579302-54579902	0.13014499999999998	1.0	600
chr1:54581499-54582099	0.15275666666666668	1.0	600
chr1:54621459-54622059	0.020144999999999972	1.0	600
chr1:54674917-54675517	0.04869500000000004	1.0	600
chr1:54699241-54699841	0.01936666666666664	1.0	600
chr1:54715459-54716059	0.1754516666666667	1.0	600
chr1:54764262-54764862	0.10868666666666667	1.0	600
chr1:54818311-54818911	0.031638333333333296	1.0	600
chr1:54880605-54881205	0.117365	1.0	600
chr1:54886960-54887560	0.41811500000000007	1.0	600
chr1:55215063-55215663	0.25749500000000014	1.0	600
chr1:55443398-55443998	0.21806500000000015	1.0	600
chr1:55580718-55581318	0.0971683333333333	1.0	600
chr1:55866502-55867102	0.04096666666666668	1.0	600
chr1:55885311-55885911	0.0035183333333333195	1.0	600
chr1:55917858-55918458	0.06376166666666676	1.0	600
chr1:56329958-56330558	0.027546666666666712	1.0	600
chr1:56435705-56436305	0.22141166666666673	1.0	600
chr1:56436651-56437251	0.38496999999999987	1.0	600
chr1:56477495-56478095	0.01616166666666666	1.0	600
chr1:56579105-56579705	0.4439666666666667	1.0	600
chr1:56597964-56598564	0.07619333333333332	1.0	600
chr1:56650346-56650946	0.09613	1.0	600
chr1:56791730-56792330	0.08055833333333333	1.0	600
chr1:56807321-56807921	0.04299000000000009	1.0	600
chr1:57011814-57012414	0.023691666666666653	1.0	600
chr1:57049801-57050401	0.026328333333333318	1.0	600
chr1:57160042-57160642	0.019434999999999994	1.0	600
chr1:57267874-57268474	0.2517033333333335	1.0	600
chr1:57344188-57344788	0.3962150000000001	1.0	600
chr1:57446774-57447374	0.04135000000000002	1.0	600
chr1:57545754-57546354	0.015819999999999973	1.0	600
chr1:57576564-57577164	0.24386833333333344	1.0	600
chr1:57683763-57684363	0.12934500000000015	1.0	600
chr1:57687164-57687764	0.1798200000000004	1.0	600
chr1:57926483-57927083	0.009711666666666658	1.0	600
chr1:57954211-57954811	0.014601666666666659	1.0	600
chr1:57971785-57972385	0.02175666666666665	1.0	600
chr1:58001810-58002410	0.011165000000000001	1.0	600
chr1:58172190-58172790	0.0793733333333333	1.0	600
chr1:58178402-58179002	0.011601666666666658	1.0	600
chr1:58188730-58189330	0.4439333333333327	1.0	600
chr1:58194104-58194704	0.056129999999999985	1.0	600
chr1:58293558-58294158	0.01858166666666665	1.0	600
chr1:58344486-58345086	0.03938000000000006	1.0	600
chr1:58469932-58470532	0.028073333333333325	1.0	600
chr1:58546550-58547150	0.07570833333333325	1.0	600
chr1:58567251-58567851	0.08972000000000001	1.0	600
chr1:58580783-58581383	0.023901666666666672	1.0	600
chr1:58586166-58586766	0.14590166666666662	1.0	600
chr1:58652456-58653056	0.2374166666666668	1.0	600
chr1:58697896-58698496	0.046621666666666665	1.0	600
chr1:58699810-58700410	0.13704333333333366	1.0	600
chr1:58756477-58757077	0.021126666666666658	1.0	600
chr1:58760161-58760761	0.022302734374999977	0.8533333333333334	512
chr1:58783924-58784524	0.5953033333333332	1.0	600
chr1:58815144-58815744	0.16152166666666698	1.0	600
chr1:58816135-58816735	0.050738333333333385	1.0	600
chr1:58849800-58850400	0.041066666666666723	1.0	600
chr1:58874740-58875340	0.4785083333333326	1.0	600
chr1:58903479-58904079	0.22465000000000007	1.0	600
chr1:59001807-59002407	0.01632999999999998	1.0	600
chr1:59025113-59025713	0.02699166666666666	1.0	600
chr1:59296261-59296861	0.09845166666666673	1.0	600
chr1:59628334-59628934	0.03729000000000004	1.0	600
chr1:59669604-59670204	0.4055066666666668	1.0	600
chr1:59707098-59707698	0.24055333333333315	1.0	600
chr1:59730761-59731361	0.27011833333333324	1.0	600
chr1:59752447-59753047	0.4408849999999999	1.0	600
chr1:59809325-59809925	0.046220000000000025	1.0	600
chr1:59869029-59869629	0.027686666666666682	1.0	600
chr1:59916934-59917534	0.027828333333333344	1.0	600
chr1:59926522-59927122	0.09977666666666661	1.0	600
chr1:59935371-59935971	0.050820000000000025	1.0	600
chr1:59976083-59976683	0.126115	1.0	600
chr1:60013450-60014050	0.010695000000000022	1.0	600
chr1:60040087-60040687	0.07294999999999995	1.0	600
chr1:60150741-60151341	0.010641666666666666	1.0	600
chr1:60275262-60275862	0.06481833333333326	1.0	600
chr1:60431512-60432112	0.013646666666666665	1.0	600
chr1:60635350-60635950	0.011986666666666678	1.0	600
chr1:60875347-60875947	0.016504999999999978	1.0	600
chr1:60970669-60971269	0.28712833333333343	1.0	600
chr1:60997185-60997785	0.006628333333333308	1.0	600
chr1:61011790-61012390	0.2662483333333333	1.0	600
chr1:61042784-61043384	0.17820500000000025	1.0	600
chr1:61050359-61050959	0.14285166666666696	1.0	600
chr1:61083436-61084036	0.23069000000000006	1.0	600
chr1:61117108-61117708	0.3704133333333336	1.0	600
chr1:61184021-61184621	0.7840016666666666	1.0	600
chr1:61211622-61212222	0.06951999999999993	1.0	600
chr1:61246906-61247506	0.04627999999999998	1.0	600
chr1:61338024-61338624	0.5262099999999994	1.0	600
chr1:61649218-61649818	0.17766666666666675	1.0	600
chr1:61724869-61725469	0.1707616666666669	1.0	600
chr1:61742446-61743046	0.08337333333333329	1.0	600
chr1:61777477-61778077	0.106915	1.0	600
chr1:61945053-61945653	0.157355	1.0	600
chr1:62299698-62300298	0.22058000000000036	1.0	600
chr1:62351547-62352147	0.006371666666666644	1.0	600
chr1:62395183-62395783	0.14870000000000008	1.0	600
chr1:62408315-62408915	0.04678333333333332	1.0	600
chr1:62435986-62436586	0.14082999999999998	1.0	600
chr1:62530434-62531034	0.36758333333333343	1.0	600
chr1:62579754-62580354	0.07177333333333341	1.0	600
chr1:62642097-62642697	0.07177333333333333	1.0	600
chr1:62688084-62688684	0.3985133333333335	1.0	600
chr1:62783480-62784080	0.07534666666666666	1.0	600
chr1:62818029-62818629	0.08083499999999992	1.0	600
chr1:63103663-63104263	0.19439500000000015	1.0	600
chr1:63124428-63125028	0.7961733333333334	1.0	600
chr1:63235408-63236008	0.08142333333333332	1.0	600
chr1:63276435-63277035	0.42916500000000024	1.0	600
chr1:63317236-63317836	0.31601999999999997	1.0	600
chr1:63321960-63322560	0.28166166666666664	1.0	600
chr1:63327482-63328082	0.15754	1.0	600
chr1:63367259-63367859	0.22045666666666677	1.0	600
chr1:63413695-63414295	0.18869333333333352	1.0	600
chr1:63463923-63464523	0.07856666666666673	1.0	600
chr1:63509998-63510598	0.05300000000000004	1.0	600
chr1:63523211-63523811	0.12000333333333342	1.0	600
chr1:63593436-63594036	0.3774683333333334	1.0	600
chr1:63694190-63694790	0.01402333333333333	1.0	600
chr1:63773691-63774291	0.17308166666666694	1.0	600
chr1:63870719-63871319	0.1918266666666667	1.0	600
chr1:63921120-63921720	0.02946333333333336	1.0	600
chr1:63924897-63925497	0.07732098765432104	0.405	243
chr1:63958953-63959553	0.01737499999999997	1.0	600
chr1:63963677-63964277	0.011588333333333346	1.0	600
chr1:64051359-64051959	0.16857	1.0	600
chr1:64288493-64289093	0.0254016666666666	1.0	600
chr1:64380102-64380702	0.09162166666666656	1.0	600
chr1:64428094-64428694	0.07589166666666665	1.0	600
chr1:64859101-64859701	0.018005	1.0	600
chr1:64879288-64879888	0.15570833333333345	1.0	600
chr1:64966258-64966858	0.04125833333333341	1.0	600
chr1:65002640-65003240	0.1200816666666666	1.0	600
chr1:65066537-65067137	0.4524099999999989	1.0	600
chr1:65134471-65135071	0.30595333333333335	1.0	600
chr1:65254124-65254724	0.27821333333333315	1.0	600
chr1:65309643-65310243	0.5505233333333331	1.0	600
chr1:65420090-65420690	0.028201666666666653	1.0	600
chr1:65429282-65429882	0.06825499999999998	1.0	600
chr1:65521991-65522591	0.021795000000000005	1.0	600
chr1:65531022-65531622	0.040760000000000116	1.0	600
chr1:65535812-65536412	0.01571166666666662	1.0	600
chr1:65735291-65735891	0.026436666666666667	1.0	600
chr1:66073130-66073730	0.04304333333333342	1.0	600
chr1:66242558-66243158	0.1817416666666669	1.0	600
chr1:66253175-66253775	0.040560000000000075	1.0	600
chr1:66256394-66256994	0.005343333333333334	1.0	600
chr1:66271187-66271787	0.6666883333333328	1.0	600
chr1:66292913-66293513	0.3302066666666666	1.0	600
chr1:66350002-66350602	0.3598549999999999	1.0	600
chr1:66658759-66659359	0.021088333333333313	1.0	600
chr1:66689743-66690343	0.2724633333333334	1.0	600
chr1:66721818-66722418	0.01405166666666667	1.0	600
chr1:66901513-66902113	0.11722000000000016	1.0	600
chr1:66924649-66925249	0.5949466666666666	1.0	600
chr1:66929888-66930488	0.4856733333333337	1.0	600
chr1:66975200-66975800	0.003049999999999991	1.0	600
chr1:67053376-67053976	0.29786333333333337	1.0	600
chr1:67199940-67200540	0.027828333333333313	1.0	600
chr1:67394879-67395479	0.007903333333333321	1.0	600
chr1:67413357-67413957	0.017903333333333292	1.0	600
chr1:67430166-67430766	0.6811233333333334	1.0	600
chr1:67441133-67441733	0.23689666666666728	1.0	600
chr1:67489239-67489839	0.06267833333333336	1.0	600
chr1:67500302-67500902	0.04321000000000002	1.0	600
chr1:67642576-67643176	0.10271833333333329	1.0	600
chr1:67684831-67685431	0.21520666666666666	1.0	600
chr1:67719833-67720433	0.05929333333333329	1.0	600
chr1:67735978-67736578	0.14054666666666654	1.0	600
chr1:67817313-67817913	0.005326666666666647	1.0	600
chr1:67832664-67833264	0.17704500000000006	1.0	600
chr1:67905656-67906256	0.2127916666666665	1.0	600
chr1:67974189-67974789	0.06167833333333336	1.0	600
chr1:67999102-67999702	0.2456849999999997	1.0	600
chr1:68039219-68039819	0.1314483333333335	1.0	600
chr1:68051412-68052012	0.21314833333333333	1.0	600
chr1:68104207-68104807	0.03073333333333326	1.0	600
chr1:68111708-68112308	0.036620000000000034	1.0	600
chr1:68134417-68135017	0.009571666666666676	1.0	600
chr1:68220983-68221583	0.14879500000000012	1.0	600
chr1:68232261-68232861	0.5071500000000001	1.0	600
chr1:68467499-68468099	0.043188333333333384	1.0	600
chr1:68496905-68497505	0.11904166666666692	1.0	600
chr1:68582133-68582733	0.21341333333333354	1.0	600
chr1:68605242-68605842	0.006369999999999995	1.0	600
chr1:68697133-68697733	0.01191833333333333	1.0	600
chr1:68700525-68701125	0.01576666666666664	1.0	600
chr1:68846947-68847547	0.03301000000000001	1.0	600
chr1:68977704-68978304	0.016086666666666645	1.0	600
chr1:69003009-69003609	0.0028599999999999854	1.0	600
chr1:69400399-69400999	0.013574999999999999	1.0	600
chr1:69538049-69538649	0.124275	1.0	600
chr1:69567146-69567746	0.2776099999999999	1.0	600
chr1:69670368-69670968	0.15023833333333356	1.0	600
chr1:69699222-69699822	0.004749999999999974	1.0	600
chr1:69761364-69761964	0.021141666666666663	1.0	600
chr1:69811891-69812491	0.02246166666666667	1.0	600
chr1:69827947-69828547	0.016726666666666664	1.0	600
chr1:69829728-69830328	0.026448333333333303	1.0	600
chr1:69875088-69875688	0.05644333333333332	1.0	600
chr1:69878574-69879174	0.024503333333333332	1.0	600
chr1:69904808-69905408	0.021273333333333304	1.0	600
chr1:69948580-69949180	0.028039999999999995	1.0	600
chr1:69976064-69976664	0.11008166666666694	1.0	600
chr1:69998679-69999279	0.017214999999999984	1.0	600
chr1:70088738-70089338	0.01266333333333334	1.0	600
chr1:70090749-70091349	0.019386666666666663	1.0	600
chr1:70115448-70116048	0.06749	1.0	600
chr1:70205330-70205930	0.34387666666666683	1.0	600
chr1:70221079-70221679	0.32120333333333323	1.0	600
chr1:70232361-70232961	0.03645166666666679	1.0	600
chr1:70354468-70355068	0.27871000000000024	1.0	600
chr1:70410852-70411452	0.09303833333333332	1.0	600
chr1:70467377-70467977	0.07204666666666679	1.0	600
chr1:70491854-70492454	0.060546666666666624	1.0	600
chr1:70751090-70751690	0.328295	1.0	600
chr1:70763583-70764183	0.009833333333333324	1.0	600
chr1:70946279-70946879	0.010053333333333315	1.0	600
chr1:71080760-71081360	0.3036950000000001	1.0	600
chr1:71121529-71122129	0.07280666666666671	1.0	600
chr1:71392570-71393170	0.19832500000000025	1.0	600
chr1:71409660-71410260	0.029693333333333356	1.0	600
chr1:71577745-71578345	0.1329683333333337	1.0	600
chr1:71812588-71813188	0.10929333333333337	1.0	600
chr1:71979224-71979824	0.033926666666666765	1.0	600
chr1:72088176-72088776	0.016935000000000013	1.0	600
chr1:72183988-72184588	0.012668333333333342	1.0	600
chr1:72282618-72283218	0.6500083333333333	1.0	600
chr1:72283458-72284058	0.18094666666666678	1.0	600
chr1:72421851-72422451	0.2604400000000001	1.0	600
chr1:72450421-72451021	0.041623333333333325	1.0	600
chr1:72458485-72459085	0.007184999999999985	1.0	600
chr1:72530720-72531320	0.12134666666666673	1.0	600
chr1:72623131-72623731	0.018013333333333336	1.0	600
chr1:72714223-72714823	0.16196666666666681	1.0	600
chr1:72887930-72888530	0.041856666666666695	1.0	600
chr1:72969516-72970116	0.47931499999999955	1.0	600
chr1:73017376-73017976	0.03680666666666671	1.0	600
chr1:73143534-73144134	0.04568500000000006	1.0	600
chr1:73206226-73206826	0.15330666666666679	1.0	600
chr1:73291529-73292129	0.11889166666666667	1.0	600
chr1:73556391-73556991	0.07397999999999998	1.0	600
chr1:73845746-73846346	0.11129666666666696	1.0	600
chr1:73864580-73865180	0.09492333333333329	1.0	600
chr1:73887625-73888225	0.06588333333333324	1.0	600
chr1:73944704-73945304	0.026606666666666643	1.0	600
chr1:74083421-74084021	0.15814000000000006	1.0	600
chr1:74165797-74166397	0.17430333333333337	1.0	600
chr1:74197911-74198511	0.16464166666666666	1.0	600
chr1:74426057-74426657	0.13886833333333348	1.0	600
chr1:74510943-74511543	0.04577000000000007	1.0	600
chr1:74555538-74556138	0.029154999999999986	1.0	600
chr1:74620151-74620751	0.5561183333333333	1.0	600
chr1:74732843-74733443	0.30144499999999996	1.0	600
chr1:74964814-74965414	0.08322833333333324	1.0	600
chr1:75241667-75242267	0.12815666666666675	1.0	600
chr1:75664044-75664644	0.20468666666666663	1.0	600
chr1:75724360-75724960	0.052535000000000005	1.0	600
chr1:75743652-75744252	0.8256316666666669	1.0	600
chr1:75785849-75786449	0.15487166666666666	1.0	600
chr1:75867282-75867882	0.19195166666666677	1.0	600
chr1:75885398-75885998	0.12820689655172418	0.38666666666666666	232
chr1:75991414-75992014	0.10877833333333325	1.0	600
chr1:76074391-76074991	0.5462333333333333	1.0	600
chr1:76184813-76185413	0.0048966666666666525	1.0	600
chr1:76369490-76370090	0.12910666666666673	1.0	600
chr1:76502254-76502854	0.021664999999999972	1.0	600
chr1:76584248-76584848	0.08549166666666667	1.0	600
chr1:76764551-76765151	0.05677166666666669	1.0	600
chr1:76778033-76778633	0.22479000000000032	1.0	600
chr1:76848109-76848709	0.15461166666666668	1.0	600
chr1:76867952-76868552	0.2014416666666666	1.0	600
chr1:76885922-76886522	0.06741500000000002	1.0	600
chr1:76932039-76932639	0.011189999999999993	1.0	600
chr1:76934256-76934856	0.6750599999999998	1.0	600
chr1:77119206-77119806	0.10627999999999993	1.0	600
chr1:77120777-77121377	0.6915466666666663	1.0	600
chr1:77159653-77160253	0.16282000000000021	1.0	600
chr1:77213137-77213737	0.14778333333333332	1.0	600
chr1:77219160-77219760	0.1253983333333336	1.0	600
chr1:77281721-77282321	0.22216333333333332	1.0	600
chr1:77482486-77483086	0.016486666666666643	1.0	600
chr1:77486210-77486810	0.184138333333334	1.0	600
chr1:77514270-77514870	0.44243166666666706	1.0	600
chr1:77592953-77593553	0.04553000000000005	1.0	600
chr1:77683222-77683822	0.38600000000000034	1.0	600
chr1:77759605-77760205	0.1885716666666669	1.0	600
chr1:77779332-77779932	0.10134333333333317	1.0	600
chr1:77826169-77826769	0.11767666666666675	1.0	600
chr1:77846387-77846987	0.08715166666666674	1.0	600
chr1:77879929-77880529	0.04342166666666669	1.0	600
chr1:77888685-77889285	0.044705000000000036	1.0	600
chr1:77978872-77979472	0.3817450000000002	1.0	600
chr1:78004546-78005146	0.5616099999999999	1.0	600
chr1:78201264-78201864	0.12491999999999992	1.0	600
chr1:78276651-78277251	0.03241666666666673	1.0	600
chr1:78286048-78286648	0.03457666666666667	1.0	600
chr1:78414437-78415037	0.034686666666666706	1.0	600
chr1:78418333-78418933	0.010426666666666659	1.0	600
chr1:78488552-78489152	0.22788166666666645	1.0	600
chr1:78490678-78491278	0.11573166666666657	1.0	600
chr1:78615301-78615901	0.11339166666666692	1.0	600
chr1:78617480-78618080	0.09877499999999999	1.0	600
chr1:78649518-78650118	0.039408333333333385	1.0	600
chr1:78676903-78677503	0.017176666666666618	1.0	600
chr1:78850078-78850678	0.0	0.0	0
chr1:78965607-78966207	0.013496666666666662	1.0	600
chr1:78998189-78998789	0.018614999999999986	1.0	600
chr1:79059580-79060180	0.11973833333333346	1.0	600
chr1:79139944-79140544	0.06778166666666673	1.0	600
chr1:79342718-79343318	0.7463249999999995	1.0	600
chr1:79455976-79456576	0.008693333333333315	1.0	600
chr1:79799135-79799735	0.04231666666666669	1.0	600
chr1:79943468-79944068	0.0	0.0	0
chr1:79971245-79971845	0.11616666666666665	1.0	600
chr1:79984600-79985200	0.0032966666666666613	1.0	600
chr1:80028890-80029490	0.0072733333333333304	1.0	600
chr1:80288267-80288867	0.16488833333333353	1.0	600
chr1:80292032-80292632	0.022975000000000006	1.0	600
chr1:80411988-80412588	0.00883999999999999	1.0	600
chr1:80434474-80435074	0.07214666666666675	1.0	600
chr1:80437873-80438473	0.0023116666666666576	1.0	600
chr1:80453194-80453794	0.42443500000000006	1.0	600
chr1:80497942-80498542	0.05828166666666672	1.0	600
chr1:80502036-80502636	0.044778333333333496	1.0	600
chr1:80627700-80628300	0.028451666666666712	1.0	600
chr1:80941480-80942080	0.0	0.0	0
chr1:81171979-81172579	0.0714683333333334	1.0	600
chr1:81349302-81349902	0.4069800000000003	1.0	600
chr1:81545687-81546287	0.004509999999999988	1.0	600
chr1:81576263-81576863	0.369821666666667	1.0	600
chr1:81617910-81618510	0.48984999999999995	1.0	600
chr1:81801076-81801676	0.6100166666666657	1.0	600
chr1:81826488-81827088	0.7220349999999998	1.0	600
chr1:81843464-81844064	0.07204999999999988	1.0	600
chr1:82201809-82202409	0.03289666666666669	1.0	600
chr1:82323645-82324245	0.3159483333333332	1.0	600
chr1:82560018-82560618	0.05571666666666669	1.0	600
chr1:82631425-82632025	0.24009833333333339	1.0	600
chr1:82727955-82728555	0.04157000000000002	1.0	600
chr1:82805187-82805787	0.009769999999999987	1.0	600
chr1:83413292-83413892	0.3613300000000004	1.0	600
chr1:83476798-83477398	0.024496666666666642	1.0	600
chr1:83509232-83509832	0.06776666666666675	1.0	600
chr1:83561484-83562084	0.468729999999999	1.0	600
chr1:83645103-83645703	0.02002499999999998	1.0	600
chr1:83860298-83860898	0.014198333333333321	1.0	600
chr1:83985643-83986243	0.07084833333333333	1.0	600
chr1:83998863-83999463	0.2500316666666667	1.0	600
chr1:84077727-84078327	0.13242666666666678	1.0	600
chr1:84302510-84303110	0.5630233333333332	1.0	600
chr1:84479240-84479840	0.22853166666666686	1.0	600
chr1:84505994-84506594	0.2919050000000002	1.0	600
chr1:84574183-84574783	0.06467333333333322	1.0	600
chr1:84620774-84621374	0.020296666666666643	1.0	600
chr1:84689616-84690216	0.09492166666666665	1.0	600
chr1:84690272-84690872	0.21044333333333343	1.0	600
chr1:84759110-84759710	0.17290166666666673	1.0	600
chr1:84817154-84817754	0.02775499999999995	1.0	600
chr1:84944829-84945429	0.06218166666666668	1.0	600
chr1:84996833-84997433	0.02336833333333331	1.0	600
chr1:85061957-85062557	0.12785666666666667	1.0	600
chr1:85109273-85109873	0.022593333333333337	1.0	600
chr1:85201429-85202029	0.2263200000000002	1.0	600
chr1:85259408-85260008	0.3154316666666673	1.0	600
chr1:85276356-85276956	0.143815	1.0	600
chr1:85308025-85308625	0.07860499999999995	1.0	600
chr1:85416223-85416823	0.061233333333333334	1.0	600
chr1:85417015-85417615	0.15487833333333353	1.0	600
chr1:85464852-85465452	0.4080949999999996	1.0	600
chr1:85576766-85577366	0.2191866666666669	1.0	600
chr1:85580388-85580988	0.4423516666666666	1.0	600
chr1:85708178-85708778	0.09339666666666664	1.0	600
chr1:85746857-85747457	0.042335000000000116	1.0	600
chr1:85817307-85817907	0.18877666666666676	1.0	600
chr1:85828757-85829357	0.12753166666666704	1.0	600
chr1:85967492-85968092	0.12414666666666678	1.0	600
chr1:85995205-85995805	0.10499666666666667	1.0	600
chr1:86062919-86063519	0.035266666666666675	1.0	600
chr1:86396046-86396646	0.09372166666666662	1.0	600
chr1:86603577-86604177	0.26218333333333316	1.0	600
chr1:86686312-86686912	0.045908333333333336	1.0	600
chr1:86704239-86704839	0.10463833333333339	1.0	600
chr1:86909611-86910211	0.0394133333333333	1.0	600
chr1:86914225-86914825	0.3959266666666664	1.0	600
chr1:86948097-86948697	0.07103500000000006	1.0	600
chr1:86979449-86980049	0.06599333333333346	1.0	600
chr1:87131615-87132215	0.20976666666666688	1.0	600
chr1:87151773-87152373	0.40592666666666677	1.0	600
chr1:87226375-87226975	0.402705	1.0	600
chr1:87328218-87328818	0.5475716666666667	1.0	600
chr1:87335231-87335831	0.5409516666666667	1.0	600
chr1:87393599-87394199	0.6497483333333329	1.0	600
chr1:87403262-87403862	0.007503333333333323	1.0	600
chr1:87653192-87653792	0.03910333333333333	1.0	600
chr1:87714201-87714801	0.3933450000000002	1.0	600
chr1:87871619-87872219	0.4598466666666669	1.0	600
chr1:87892786-87893386	0.02538166666666665	1.0	600
chr1:87903641-87904241	0.01963333333333332	1.0	600
chr1:88121250-88121850	0.4403083333333331	1.0	600
chr1:88139426-88140026	0.714445	1.0	600
chr1:88180400-88181000	0.15209666666666674	1.0	600
chr1:88327570-88328170	0.6279083333333326	1.0	600
chr1:88462402-88463002	0.5626366666666666	1.0	600
chr1:88677790-88678390	0.04394666666666676	1.0	600
chr1:88683829-88684429	0.3709516666666667	1.0	600
chr1:88891268-88891868	0.15820333333333353	1.0	600
chr1:88984942-88985542	0.02270499999999995	1.0	600
chr1:88992700-88993300	0.014611666666666663	1.0	600
chr1:89138355-89138955	0.13542	1.0	600
chr1:89524529-89525129	0.39974166666666694	1.0	600
chr1:89566780-89567380	0.14531500000000014	1.0	600
chr1:89632710-89633310	0.48895666666666615	1.0	600
chr1:89647799-89648399	0.02671666666666663	1.0	600
chr1:89762842-89763442	0.036595000000000044	1.0	600
chr1:89778005-89778605	0.022514999999999986	1.0	600
chr1:89820634-89821234	0.39726166666666635	1.0	600
chr1:89831715-89832315	0.017784999999999992	1.0	600
chr1:89839545-89840145	0.1740416666666667	1.0	600
chr1:89843117-89843717	0.3165416666666669	1.0	600
chr1:89994800-89995400	0.3565933333333335	1.0	600
chr1:90336784-90337384	0.039635000000000066	1.0	600
chr1:90387754-90388354	0.8167166666666665	1.0	600
chr1:90585600-90586200	0.03187333333333332	1.0	600
chr1:90792570-90793170	0.016768333333333326	1.0	600
chr1:90810441-90811041	0.025393333333333296	1.0	600
chr1:90851344-90851944	0.32674166666666665	1.0	600
chr1:90929046-90929646	0.03048500000000002	1.0	600
chr1:90943948-90944548	0.5744199999999992	1.0	600
chr1:91021967-91022567	0.654408333333332	1.0	600
chr1:91070513-91071113	0.10286666666666669	1.0	600
chr1:91165135-91165735	0.05672333333333332	1.0	600
chr1:91195381-91195981	0.0432600000000001	1.0	600
chr1:91404196-91404796	0.0036016666666666623	1.0	600
chr1:91501089-91501689	0.049836666666666724	1.0	600
chr1:91553475-91554075	0.2445750000000001	1.0	600
chr1:91564900-91565500	0.6497750000000002	1.0	600
chr1:91621838-91622438	0.4404966666666663	1.0	600
chr1:91818146-91818746	0.32944333333333353	1.0	600
chr1:91830169-91830769	0.34640833333333365	1.0	600
chr1:91885918-91886518	0.5333483333333328	1.0	600
chr1:91927167-91927767	0.04495166666666669	1.0	600
chr1:92049803-92050403	0.22419833333333333	1.0	600
chr1:92080000-92080600	0.09759333333333332	1.0	600
chr1:92182566-92183166	0.7770000000000007	1.0	600
chr1:92243956-92244556	0.33484499999999995	1.0	600
chr1:92298690-92299290	0.0682633333333333	1.0	600
chr1:92471705-92472305	0.05893833333333334	1.0	600
chr1:92473888-92474488	0.02193166666666663	1.0	600
chr1:92519530-92520130	0.12923333333333345	1.0	600
chr1:92588531-92589131	0.09528166666666664	1.0	600
chr1:92601245-92601845	0.10958666666666675	1.0	600
chr1:92784859-92785459	0.33799000000000023	1.0	600
chr1:92804540-92805140	0.15667499999999998	1.0	600
chr1:92831682-92832282	0.2076616666666668	1.0	600
chr1:92961217-92961817	0.4368749999999998	1.0	600
chr1:93059943-93060543	0.09761333333333337	1.0	600
chr1:93078899-93079499	0.5017933333333334	1.0	600
chr1:93110479-93111079	0.2632233333333331	1.0	600
chr1:93180206-93180806	0.16424333333333344	1.0	600
chr1:93317089-93317689	0.10002333333333327	1.0	600
chr1:93345533-93346133	0.1728566666666667	1.0	600
chr1:93553052-93553652	0.9090950000000003	1.0	600
chr1:93584937-93585537	0.1589950000000004	1.0	600
chr1:93680580-93681180	0.25016166666666656	1.0	600
chr1:93846288-93846888	0.12861999999999998	1.0	600
chr1:93878936-93879536	0.06889333333333328	1.0	600
chr1:93909304-93909904	0.23715333333333338	1.0	600
chr1:93991575-93992175	0.022954999999999972	1.0	600
chr1:94030033-94030633	0.1431200000000001	1.0	600
chr1:94087879-94088479	0.026414999999999966	1.0	600
chr1:94112961-94113561	0.17645500000000017	1.0	600
chr1:94237331-94237931	0.08931833333333336	1.0	600
chr1:94247283-94247883	0.05286333333333336	1.0	600
chr1:94300388-94300988	0.06225000000000006	1.0	600
chr1:94335743-94336343	0.0946099999999999	1.0	600
chr1:94370334-94370934	0.14269333333333337	1.0	600
chr1:94417236-94417836	0.1749716666666668	1.0	600
chr1:94418064-94418664	0.32024666666666707	1.0	600
chr1:94460295-94460895	0.0863733333333333	1.0	600
chr1:94481361-94481961	0.05962333333333337	1.0	600
chr1:94533761-94534361	0.025141666666666656	1.0	600
chr1:94541653-94542253	0.11038500000000016	1.0	600
chr1:94592440-94593040	0.10070166666666666	1.0	600
chr1:94724048-94724648	0.04556000000000013	1.0	600
chr1:94820017-94820617	0.018281666666666644	1.0	600
chr1:94854281-94854881	0.06029666666666659	1.0	600
chr1:94865215-94865815	0.34705166666666665	1.0	600
chr1:94926966-94927566	0.06387666666666665	1.0	600
chr1:95021444-95022044	0.039384999999999996	1.0	600
chr1:95043276-95043876	0.052799999999999986	1.0	600
chr1:95072375-95072975	0.14675666666666662	1.0	600
chr1:95117052-95117652	0.41844833333333337	1.0	600
chr1:95233818-95234418	0.1590583333333334	1.0	600
chr1:95236678-95237278	0.34333999999999987	1.0	600
chr1:95437109-95437709	0.15038333333333342	1.0	600
chr1:95562807-95563407	0.3112950000000002	1.0	600
chr1:95594116-95594716	0.14144666666666672	1.0	600
chr1:95704868-95705468	0.05087000000000001	1.0	600
chr1:95780730-95781330	0.0020966666666666625	1.0	600
chr1:96171323-96171923	0.013645	1.0	600
chr1:96195951-96196551	0.08875166666666665	1.0	600
chr1:96314565-96315165	0.3282200000000004	1.0	600
chr1:96487347-96487947	0.27660833333333357	1.0	600
chr1:96538172-96538772	0.06585166666666666	1.0	600
chr1:96709422-96710022	0.045996666666666686	1.0	600
chr1:96719180-96719780	0.13948666666666676	1.0	600
chr1:96722115-96722715	0.4182649999999998	1.0	600
chr1:97005926-97006526	0.4710149999999993	1.0	600
chr1:97145110-97145710	0.9999899999999998	1.0	600
chr1:97195380-97195980	0.029323333333333357	1.0	600
chr1:97221915-97222515	0.15168999999999994	1.0	600
chr1:97245545-97246145	0.12115666666666669	1.0	600
chr1:97411976-97412576	0.23407166666666682	1.0	600
chr1:97461244-97461844	0.29560666666666663	1.0	600
chr1:97500566-97501166	0.740428333333333	1.0	600
chr1:97552770-97553370	0.04366000000000009	1.0	600
chr1:97757667-97758267	0.19262666666666678	1.0	600
chr1:97902333-97902933	0.5996750000000005	1.0	600
chr1:97920798-97921398	0.1496650000000002	1.0	600
chr1:97973466-97974066	0.06188166666666676	1.0	600
chr1:97974215-97974815	0.048828333333333335	1.0	600
chr1:98005105-98005705	0.05817000000000005	1.0	600
chr1:98048141-98048741	0.726891666666667	1.0	600
chr1:98054020-98054620	0.1339766666666666	1.0	600
chr1:98193853-98194453	0.02015666666666667	1.0	600
chr1:98340484-98341084	0.050920000000000014	1.0	600
chr1:98360831-98361431	0.10360500000000007	1.0	600
chr1:98388298-98388898	0.8974483333333332	1.0	600
chr1:98451369-98451969	0.3982416666666664	1.0	600
chr1:98661417-98662017	0.34794666666666685	1.0	600
chr1:98742934-98743534	0.10166666666666657	1.0	600
chr1:98794186-98794786	0.23570833333333344	1.0	600
chr1:98928921-98929521	0.10792999999999994	1.0	600
chr1:98934325-98934925	0.03019833333333337	1.0	600
chr1:98986169-98986769	0.1106466666666668	1.0	600
chr1:99055213-99055813	0.02162833333333331	1.0	600
chr1:99180173-99180773	0.21218333333333322	1.0	600
chr1:99253889-99254489	0.019299999999999977	1.0	600
chr1:99264160-99264760	0.5575999999999998	1.0	600
chr1:99322994-99323594	0.01784	1.0	600
chr1:99392783-99393383	0.03989999999999999	1.0	600
chr1:99573348-99573948	0.032025	1.0	600
chr1:99707428-99708028	0.09327833333333334	1.0	600
chr1:99736917-99737517	0.0743666666666666	1.0	600
chr1:99772145-99772745	0.07250166666666662	1.0	600
chr1:99808560-99809160	0.043160000000000046	1.0	600
chr1:99849753-99850353	0.0999916666666667	1.0	600
chr1:99870652-99871252	0.2526833333333332	1.0	600
chr1:99884260-99884860	0.46075333333333307	1.0	600
chr1:99969717-99970317	0.2000300000000003	1.0	600
chr1:100037751-100038351	0.4553233333333332	1.0	600
chr1:100132779-100133379	0.33614500000000036	1.0	600
chr1:100188577-100189177	0.09407666666666663	1.0	600
chr1:100249620-100250220	0.12371500000000007	1.0	600
chr1:100265875-100266475	0.10416333333333334	1.0	600
chr1:100345878-100346478	0.02990999999999997	1.0	600
chr1:100351049-100351649	0.0863533333333333	1.0	600
chr1:100352054-100352654	0.5873700000000002	1.0	600
chr1:100401707-100402307	0.007316666666666659	1.0	600
chr1:100451138-100451738	0.05875499999999993	1.0	600
chr1:100459407-100460007	0.03544166666666672	1.0	600
chr1:100840250-100840850	0.22263500000000017	1.0	600
chr1:100894553-100895153	0.23562499999999986	1.0	600
chr1:100895766-100896366	0.3540866666666667	1.0	600
chr1:100911393-100911993	0.01955166666666665	1.0	600
chr1:100935091-100935691	0.05998333333333326	1.0	600
chr1:100942881-100943481	0.13460500000000009	1.0	600
chr1:101009112-101009712	0.031110000000000002	1.0	600
chr1:101025538-101026138	0.035250000000000024	1.0	600
chr1:101048561-101049161	0.13080333333333347	1.0	600
chr1:101075609-101076209	0.029841666666666634	1.0	600
chr1:101178636-101179236	0.2538466666666669	1.0	600
chr1:101493043-101493643	0.0916450000000002	1.0	600
chr1:101678160-101678760	0.02242166666666668	1.0	600
chr1:101934865-101935465	0.08764833333333329	1.0	600
chr1:102081561-102082161	0.008718333333333318	1.0	600
chr1:102199009-102199609	0.017186666666666652	1.0	600
chr1:102249926-102250526	0.023399999999999983	1.0	600
chr1:102453172-102453772	0.0609466666666666	1.0	600
chr1:102628394-102628994	0.0033933333333333268	1.0	600
chr1:102741207-102741807	0.018414999999999952	1.0	600
chr1:102839090-102839690	0.15252000000000016	1.0	600
chr1:102900844-102901444	0.014384999999999988	1.0	600
chr1:103029376-103029976	0.027714999999999986	1.0	600
chr1:103108676-103109276	0.37857999999999997	1.0	600
chr1:103355453-103356053	0.0	0.0	0
chr1:103525411-103526011	0.059218333333333296	1.0	600
chr1:103563647-103564247	0.03427166666666666	1.0	600
chr1:103856862-103857462	0.12362666666666672	1.0	600
chr1:103874705-103875305	0.16315666666666667	1.0	600
chr1:103952051-103952651	0.00651499999999998	1.0	600
chr1:103984402-103985002	0.07746333333333331	1.0	600
chr1:104132672-104133272	0.010361666666666679	1.0	600
chr1:104405849-104406449	0.028054999999999955	1.0	600
chr1:104646315-104646915	0.06364000000000004	1.0	600
chr1:104671689-104672289	0.15993000000000032	1.0	600
chr1:104908967-104909567	0.014603333333333336	1.0	600
chr1:104984422-104985022	0.044686666666666756	1.0	600
chr1:105058870-105059470	0.004451666666666655	1.0	600
chr1:105238036-105238636	0.06850666666666666	1.0	600
chr1:105309131-105309731	0.04585500000000002	1.0	600
chr1:105352847-105353447	0.024983333333333305	1.0	600
chr1:105568714-105569314	0.07661500000000004	1.0	600
chr1:105595196-105595796	0.020839999999999973	1.0	600
chr1:105837695-105838295	0.05249833333333335	1.0	600
chr1:106290196-106290796	0.01158666666666666	1.0	600
chr1:106313418-106314018	0.05563666666666664	1.0	600
chr1:106333327-106333927	0.07965666666666672	1.0	600
chr1:106424554-106425154	0.1831750000000002	1.0	600
chr1:106431314-106431914	0.005298333333333314	1.0	600
chr1:106516989-106517589	0.0231733333333333	1.0	600
chr1:106556703-106557303	0.1385816666666666	1.0	600
chr1:106745209-106745809	0.033525000000000006	1.0	600
chr1:106761893-106762493	0.027971666666666704	1.0	600
chr1:106784847-106785447	0.1695133333333333	1.0	600
chr1:106791161-106791761	0.016708333333333304	1.0	600
chr1:107056394-107056994	0.44044166666666673	1.0	600
chr1:107444289-107444889	0.013956666666666671	1.0	600
chr1:107461894-107462494	0.008413333333333326	1.0	600
chr1:107481081-107481681	0.837376666666667	1.0	600
chr1:107865453-107866053	0.08170666666666673	1.0	600
chr1:107893916-107894516	0.03274833333333334	1.0	600
chr1:107980723-107981323	0.06082666666666678	1.0	600
chr1:108006614-108007214	0.13628333333333334	1.0	600
chr1:108049399-108049999	0.450153333333333	1.0	600
chr1:108119697-108120297	0.0018649999999999962	1.0	600
chr1:108200051-108200651	0.11349333333333353	1.0	600
chr1:108219997-108220597	0.037149999999999996	1.0	600
chr1:108417787-108418387	0.22695166666666688	1.0	600
chr1:108476986-108477586	0.2534	1.0	600
chr1:108491862-108492462	0.23594000000000004	1.0	600
chr1:108513071-108513671	0.050628333333333386	1.0	600
chr1:108559721-108560321	0.1256716666666666	1.0	600
chr1:108660853-108661453	0.0389666666666667	1.0	600
chr1:108691985-108692585	0.35008333333333347	1.0	600
chr1:108746328-108746928	0.2092316666666667	1.0	600
chr1:108836433-108837033	0.09763833333333331	1.0	600
chr1:108876630-108877230	0.17445333333333352	1.0	600
chr1:108963199-108963799	0.05431666666666659	1.0	600
chr1:109005931-109006531	0.06777833333333341	1.0	600
chr1:109041861-109042461	0.2671999999999998	1.0	600
chr1:109075756-109076356	0.0834333333333333	1.0	600
chr1:109083831-109084431	0.4667266666666662	1.0	600
chr1:109099834-109100434	0.25975999999999994	1.0	600
chr1:109105878-109106478	0.1497133333333336	1.0	600
chr1:109112567-109113167	0.1770050000000003	1.0	600
chr1:109190844-109191444	0.13451666666666676	1.0	600
chr1:109201057-109201657	0.19651333333333337	1.0	600
chr1:109214071-109214671	0.13948833333333366	1.0	600
chr1:109253314-109253914	0.344375	1.0	600
chr1:109254917-109255517	0.16815666666666673	1.0	600
chr1:109263478-109264078	0.26646500000000034	1.0	600
chr1:109282935-109283535	0.10375833333333326	1.0	600
chr1:109290243-109290843	0.07389499999999996	1.0	600
chr1:109304453-109305053	0.00604166666666665	1.0	600
chr1:109327222-109327822	0.21250333333333343	1.0	600
chr1:109355831-109356431	0.017144999999999987	1.0	600
chr1:109397687-109398287	0.41817000000000043	1.0	600
chr1:109426290-109426890	0.21461000000000002	1.0	600
chr1:109471206-109471806	0.05606000000000009	1.0	600
chr1:109483594-109484194	0.5993416666666667	1.0	600
chr1:109487434-109488034	0.43215333333333256	1.0	600
chr1:109493749-109494349	0.35816833333333326	1.0	600
chr1:109509440-109510040	0.19848000000000016	1.0	600
chr1:109548265-109548865	0.3888833333333334	1.0	600
chr1:109580543-109581143	0.0877066666666667	1.0	600
chr1:109620997-109621597	0.4088333333333333	1.0	600
chr1:109643194-109643794	0.020101666666666646	1.0	600
chr1:109667678-109668278	0.044544999999999994	1.0	600
chr1:109776751-109777351	0.05222833333333338	1.0	600
chr1:109812669-109813269	0.1555266666666671	1.0	600
chr1:109910420-109911020	0.31052666666666673	1.0	600
chr1:109965505-109966105	0.265595	1.0	600
chr1:109984417-109985017	0.26673833333333336	1.0	600
chr1:110034268-110034868	0.3743316666666667	1.0	600
chr1:110048812-110049412	0.24945166666666657	1.0	600
chr1:110209860-110210460	0.11610666666666676	1.0	600
chr1:110312478-110313078	0.1066116666666667	1.0	600
chr1:110338999-110339599	0.6403916666666669	1.0	600
chr1:110407554-110408154	0.11975500000000028	1.0	600
chr1:110460135-110460735	0.05740499999999995	1.0	600
chr1:110520930-110521530	0.04416666666666671	1.0	600
chr1:110556001-110556601	0.04594500000000001	1.0	600
chr1:110606199-110606799	0.1515633333333335	1.0	600
chr1:110630097-110630697	0.024166666666666635	1.0	600
chr1:110642761-110643361	0.031366666666666695	1.0	600
chr1:110727267-110727867	0.4500449999999998	1.0	600
chr1:110775936-110776536	0.026116666666666663	1.0	600
chr1:110963712-110964312	0.1847866666666667	1.0	600
chr1:111018058-111018658	0.17571833333333337	1.0	600
chr1:111032501-111033101	0.07394166666666671	1.0	600
chr1:111045152-111045752	0.058316666666666885	1.0	600
chr1:111139873-111140473	0.19239166666666688	1.0	600
chr1:111209539-111210139	0.0525800000000001	1.0	600
chr1:111323204-111323804	0.04554166666666678	1.0	600
chr1:111449003-111449603	0.37169833333333346	1.0	600
chr1:111481530-111482130	0.032596666666666635	1.0	600
chr1:111513413-111514013	0.21699666666666678	1.0	600
chr1:111535662-111536262	0.3655583333333337	1.0	600
chr1:111550687-111551287	0.22181166666666627	1.0	600
chr1:111554243-111554843	0.049286666666666756	1.0	600
chr1:111592657-111593257	0.6695433333333329	1.0	600
chr1:111619431-111620031	0.4969483333333331	1.0	600
chr1:111640791-111641391	0.05959000000000003	1.0	600
chr1:111730905-111731505	0.3199300000000003	1.0	600
chr1:111739216-111739816	0.11758500000000029	1.0	600
chr1:111740091-111740691	0.06984499999999999	1.0	600
chr1:111755320-111755920	0.1561499999999999	1.0	600
chr1:111776551-111777151	0.21796000000000001	1.0	600
chr1:111798724-111799324	0.016961666666666642	1.0	600
chr1:111873127-111873727	0.1695783333333334	1.0	600
chr1:111879079-111879679	0.19318666666666678	1.0	600
chr1:112055850-112056450	0.18924666666666703	1.0	600
chr1:112395829-112396429	0.4007800000000001	1.0	600
chr1:112466030-112466630	0.04160333333333338	1.0	600
chr1:112562170-112562770	0.05888666666666667	1.0	600
chr1:112618798-112619398	0.38419000000000014	1.0	600
chr1:112619494-112620094	0.2640216666666668	1.0	600
chr1:112674899-112675499	0.2556850000000003	1.0	600
chr1:112694371-112694971	0.4052116666666668	1.0	600
chr1:112700689-112701289	0.2709033333333335	1.0	600
chr1:112704504-112705104	0.4277133333333331	1.0	600
chr1:112706859-112707459	0.12315833333333333	1.0	600
chr1:112715061-112715661	0.26552833333333364	1.0	600
chr1:112716165-112716765	0.04969500000000003	1.0	600
chr1:112764316-112764916	0.06532000000000003	1.0	600
chr1:112838688-112839288	0.46877865612648234	0.4216666666666667	253
chr1:112842698-112843298	0.0544941373534338	0.995	597
chr1:112845303-112845903	0.052176666666666746	1.0	600
chr1:112956021-112956621	0.1583250000000002	1.0	600
chr1:113042472-113043072	0.5004399999999998	1.0	600
chr1:113072853-113073453	0.23813333333333347	1.0	600
chr1:113191204-113191804	0.012485000000000001	1.0	600
chr1:113195154-113195754	0.27068333333333355	1.0	600
chr1:113269441-113270041	0.2533733333333333	1.0	600
chr1:113390066-113390666	0.4670033333333329	1.0	600
chr1:113411208-113411808	0.11400666666666666	1.0	600
chr1:113552141-113552741	0.1757433333333334	1.0	600
chr1:113570819-113571419	0.3090766666666665	1.0	600
chr1:113572182-113572782	0.07869499999999997	1.0	600
chr1:113651111-113651711	0.28054500000000004	1.0	600
chr1:113744699-113745299	0.04275666666666664	1.0	600
chr1:113758794-113759394	0.17577333333333336	1.0	600
chr1:113812090-113812690	0.7310333333333332	1.0	600
chr1:113849657-113850257	0.04333166666666668	1.0	600
chr1:113904889-113905489	0.12920166666666677	1.0	600
chr1:113929264-113929864	0.6005700000000003	1.0	600
chr1:113978659-113979259	0.09775999999999996	1.0	600
chr1:114011461-114012061	0.005023333333333317	1.0	600
chr1:114228827-114229427	0.009118333333333341	1.0	600
chr1:114318112-114318712	0.03777666666666673	1.0	600
chr1:114346390-114346990	0.07047999999999993	1.0	600
chr1:114469480-114470080	0.2092783333333339	1.0	600
chr1:114510938-114511538	0.32661333333333353	1.0	600
chr1:114523232-114523832	0.01578333333333332	1.0	600
chr1:114581409-114582009	0.1644000000000003	1.0	600
chr1:114633826-114634426	0.3552249999999996	1.0	600
chr1:114669817-114670417	0.014549999999999995	1.0	600
chr1:114710389-114710989	0.13072500000000006	1.0	600
chr1:114716517-114717117	0.5856616666666673	1.0	600
chr1:114727570-114728170	0.038233333333333334	1.0	600
chr1:114739771-114740371	0.2802983333333334	1.0	600
chr1:114757731-114758331	0.3574616666666668	1.0	600
chr1:114780365-114780965	0.30074166666666696	1.0	600
chr1:114791921-114792521	0.22674000000000005	1.0	600
chr1:114871775-114872375	0.17971166666666694	1.0	600
chr1:115115728-115116328	0.05863499999999989	1.0	600
chr1:115138789-115139389	0.0459366666666667	1.0	600
chr1:115313539-115314139	0.21946500000000013	1.0	600
chr1:115427760-115428360	0.254455	1.0	600
chr1:115546021-115546621	0.040881666666666705	1.0	600
chr1:115625420-115626020	0.03724687499999997	0.5333333333333333	320
chr1:115727808-115728408	0.21581000000000028	1.0	600
chr1:115743836-115744436	0.1210733333333334	1.0	600
chr1:115798757-115799357	0.17529166666666682	1.0	600
chr1:115879201-115879801	0.02044333333333329	1.0	600
chr1:115893888-115894488	0.061410000000000055	1.0	600
chr1:115908449-115909049	0.4121816666666667	1.0	600
chr1:115926135-115926735	0.017551666666666646	1.0	600
chr1:115976188-115976788	0.1687183333333334	1.0	600
chr1:116123240-116123840	0.009073333333333334	1.0	600
chr1:116138891-116139491	0.04028000000000005	1.0	600
chr1:116151927-116152527	0.03816333333333336	1.0	600
chr1:116168254-116168854	0.05293999999999998	1.0	600
chr1:116372798-116373398	0.19231500000000012	1.0	600
chr1:116433252-116433852	0.6247966666666662	1.0	600
chr1:116483913-116484513	0.023984999999999985	1.0	600
chr1:116570194-116570794	0.0013700000000000006	1.0	600
chr1:116612607-116613207	0.002128333333333326	1.0	600
chr1:116686611-116687211	0.024131666666666662	1.0	600
chr1:116749619-116750219	0.0050233333333333016	1.0	600
chr1:116892824-116893424	0.01941999999999996	1.0	600
chr1:116931803-116932403	0.2936983333333334	1.0	600
chr1:116995566-116996166	0.031133333333333367	1.0	600
chr1:117059901-117060501	0.16084833333333326	1.0	600
chr1:117095506-117096106	0.023774999999999973	1.0	600
chr1:117101415-117102015	0.16388833333333355	1.0	600
chr1:117112245-117112845	0.2018933333333337	1.0	600
chr1:117121544-117122144	0.1393983333333335	1.0	600
chr1:117171760-117172360	0.12541500000000005	1.0	600
chr1:117227471-117228071	0.06337333333333339	1.0	600
chr1:117284473-117285073	0.09302166666666657	1.0	600
chr1:117366496-117367096	0.08048333333333324	1.0	600
chr1:117498606-117499206	0.15353999999999993	1.0	600
chr1:117587841-117588441	0.002413333333333325	1.0	600
chr1:117605642-117606242	0.4009200000000001	1.0	600
chr1:117664677-117665277	0.03269166666666677	1.0	600
chr1:117758765-117759365	0.03801333333333337	1.0	600
chr1:117761732-117762332	0.2787016666666654	1.0	600
chr1:117823113-117823713	0.050521666666666736	1.0	600
chr1:117868296-117868896	0.07798833333333324	1.0	600
chr1:117905209-117905809	0.01682333333333332	1.0	600
chr1:117929399-117929999	0.14687333333333344	1.0	600
chr1:117943885-117944485	0.009236666666666673	1.0	600
chr1:118178040-118178640	0.2174700000000002	1.0	600
chr1:118191299-118191899	0.041670000000000006	1.0	600
chr1:118470684-118471284	0.03840666666666669	1.0	600
chr1:118871275-118871875	0.296405	1.0	600
chr1:118885215-118885815	0.5026783333333327	1.0	600
chr1:118886305-118886905	0.0064316666666666515	1.0	600
chr1:119080179-119080779	0.7620950000000004	1.0	600
chr1:119140403-119141003	0.15268000000000015	1.0	600
chr1:119264410-119265010	0.32056999999999986	1.0	600
chr1:119322600-119323200	0.05112500000000003	1.0	600
chr1:119349590-119350190	0.08256666666666665	1.0	600
chr1:119549520-119550120	0.002218333333333333	1.0	600
chr1:119613665-119614265	0.0071683333333333295	1.0	600
chr1:119639015-119639615	0.03149833333333343	1.0	600
chr1:119647991-119648591	0.3023433333333335	1.0	600
chr1:119675462-119676062	0.030980000000000073	1.0	600
chr1:119737197-119737797	0.14783333333333348	1.0	600
chr1:119816485-119817085	0.11441999999999995	1.0	600
chr1:119818429-119819029	0.09363333333333328	1.0	600
chr1:119838635-119839235	0.20063500000000004	1.0	600
chr1:119948541-119949141	0.2170816666666667	1.0	600
chr1:119971364-119971964	0.029704999999999964	1.0	600
chr1:120069535-120070135	0.3218950000000002	1.0	600
chr1:120176220-120176820	0.24866833333333332	1.0	600
chr1:120232701-120233301	0.2741433333333333	1.0	600
chr1:120276843-120277443	0.15829666666666692	1.0	600
chr1:120282705-120283305	0.3015066666666666	1.0	600
chr1:120287944-120288544	0.1681666666666667	1.0	600
chr1:120289247-120289847	0.2690100000000001	1.0	600
chr1:120298404-120299004	0.32627833333333334	1.0	600
chr1:120351433-120352033	0.010748333333333315	1.0	600
chr1:120354381-120354981	0.029296666666666724	1.0	600
chr1:120418745-120419345	0.03202000000000002	1.0	600
chr1:120513464-120514064	0.12061166666666684	1.0	600
chr1:120558230-120558830	0.1724983333333333	1.0	600
chr1:120592850-120593450	0.2704400000000003	1.0	600
chr1:120608516-120609116	0.26213833333333353	1.0	600
chr1:120615079-120615679	0.30212000000000017	1.0	600
chr1:120665097-120665697	0.27562333333333344	1.0	600
chr1:120741431-120742031	0.30693666666666675	1.0	600
chr1:120759630-120760230	0.0931000000000002	1.0	600
chr1:120782931-120783531	0.1561216666666667	1.0	600
chr1:121097369-121097969	0.003316666666666661	1.0	600
chr1:121103469-121104069	0.06480999999999995	1.0	600
chr1:121112336-121112936	0.09738999999999995	1.0	600
chr1:121117094-121117694	0.2663933333333334	1.0	600
chr1:121139203-121139803	0.019174999999999977	1.0	600
chr1:121157109-121157709	0.093465	1.0	600
chr1:121184602-121185202	0.5575116666666666	1.0	600
chr1:121205839-121206439	0.4503466666666665	1.0	600
chr1:121280795-121281395	0.33274666666666664	1.0	600
chr1:121385081-121385681	0.5496449999999998	1.0	600
chr1:143856893-143857493	0.02152333333333331	1.0	600
chr1:143884786-143885386	0.00717499999999999	1.0	600
chr1:143904440-143905040	0.2976400000000002	1.0	600
chr1:143972284-143972884	0.5324016666666664	1.0	600
chr1:143993498-143994098	0.4515399999999999	1.0	600
chr1:144002657-144003257	0.10979999999999993	1.0	600
chr1:144061145-144061745	0.2324833333333332	1.0	600
chr1:144065582-144066182	0.5501350000000003	1.0	600
chr1:144148973-144149573	0.1601933333333336	1.0	600
chr1:144310575-144311175	0.4018466666666663	1.0	600
chr1:144318165-144318765	0.16999166666666657	1.0	600
chr1:144341837-144342437	0.028046666666666636	1.0	600
chr1:144411949-144412549	0.028938333333333326	1.0	600
chr1:144461388-144461988	0.03591166666666667	1.0	600
chr1:144473083-144473683	0.03214999999999997	1.0	600
chr1:144476576-144477176	0.08788666666666652	1.0	600
chr1:144524002-144524602	0.02370666666666667	1.0	600
chr1:144546536-144547136	0.016966666666666675	1.0	600
chr1:144551915-144552515	0.026923333333333292	1.0	600
chr1:144560871-144561471	0.0239266666666666	1.0	600
chr1:144875911-144876511	0.03409666666666678	1.0	600
chr1:144894336-144894936	0.5087449999999991	1.0	600
chr1:144931449-144932049	0.15329666666666664	1.0	600
chr1:144998609-144999209	0.32674666666666663	1.0	600
chr1:145013153-145013753	0.03674	1.0	600
chr1:145026280-145026880	0.10977000000000002	1.0	600
chr1:145073852-145074452	0.4214566666666667	1.0	600
chr1:145089639-145090239	0.043600000000000035	1.0	600
chr1:145095125-145095725	0.5647916666666658	1.0	600
chr1:145138489-145139089	0.15697833333333372	1.0	600
chr1:145201387-145201987	0.016238333333333323	1.0	600
chr1:145203534-145204134	0.029613333333333335	1.0	600
chr1:145232641-145233241	0.3377533333333333	1.0	600
chr1:145280501-145281101	0.01071499999999998	1.0	600
chr1:145425047-145425647	0.005549999999999966	1.0	600
chr1:145573853-145574453	0.02227166666666663	1.0	600
chr1:145607652-145608252	0.15617833333333334	1.0	600
chr1:145639587-145640187	0.13666333333333333	1.0	600
chr1:145721030-145721630	0.06515500000000005	1.0	600
chr1:145741410-145742010	0.011501666666666662	1.0	600
chr1:145823703-145824303	0.4029733333333335	1.0	600
chr1:145858799-145859399	0.4645399999999996	1.0	600
chr1:145885842-145886442	0.04497000000000012	1.0	600
chr1:145891828-145892428	0.4959033333333335	1.0	600
chr1:145918663-145919263	0.16891333333333355	1.0	600
chr1:145927231-145927831	0.2733683333333335	1.0	600
chr1:145932991-145933591	0.37993500000000036	1.0	600
chr1:145936070-145936670	0.5861283333333334	1.0	600
chr1:145957769-145958369	0.4462099999999992	1.0	600
chr1:145979233-145979833	0.3395733333333338	1.0	600
chr1:145996386-145996986	0.2507666666666671	1.0	600
chr1:146020637-146021237	0.043563333333333384	1.0	600
chr1:146031140-146031740	0.06519833333333336	1.0	600
chr1:146037734-146038334	0.1305883333333335	1.0	600
chr1:146057489-146058089	0.05038166666666666	1.0	600
chr1:146103541-146104141	0.03719666666666664	1.0	600
chr1:146228912-146229512	0.3300033333333334	1.0	600
chr1:146297582-146298182	0.15747412353923212	0.9983333333333333	599
chr1:146298377-146298977	0.7562316666666665	1.0	600
chr1:146376650-146377250	0.01346666666666667	1.0	600
chr1:146386854-146387454	0.006348333333333289	1.0	600
chr1:146409349-146409949	0.01929833333333329	1.0	600
chr1:146637605-146638205	0.07841666666666665	1.0	600
chr1:146827537-146828137	0.03630999999999998	1.0	600
chr1:146900730-146901330	0.1999116666666667	1.0	600
chr1:146938037-146938637	0.08309666666666665	1.0	600
chr1:147141184-147141784	0.14904333333333336	1.0	600
chr1:147172349-147172949	0.1324216666666668	1.0	600
chr1:147190423-147191023	0.031088333333333367	1.0	600
chr1:147242328-147242928	0.10444499999999997	1.0	600
chr1:147296812-147297412	0.04343833333333332	1.0	600
chr1:147541110-147541710	0.8519683333333338	1.0	600
chr1:147599734-147600334	0.2504099999999999	1.0	600
chr1:147640637-147641237	0.03798166666666672	1.0	600
chr1:147670320-147670920	0.09000666666666664	1.0	600
chr1:147679168-147679768	0.11902833333333357	1.0	600
chr1:147700003-147700603	0.23100666666666678	1.0	600
chr1:147890071-147890671	0.03352666666666674	1.0	600
chr1:147908436-147909036	0.7820849999999996	1.0	600
chr1:147928031-147928631	0.14614833333333332	1.0	600
chr1:147953820-147954420	0.19505999999999998	1.0	600
chr1:148012948-148013548	0.09647500000000003	1.0	600
chr1:148038889-148039489	0.04211999999999996	1.0	600
chr1:148164602-148165202	0.10087333333333316	1.0	600
chr1:148232060-148232660	0.1147916666666667	1.0	600
chr1:148238875-148239475	0.042591666666666646	1.0	600
chr1:148265689-148266289	0.010850000000000002	1.0	600
chr1:148345114-148345714	0.02054499999999997	1.0	600
chr1:148388610-148389210	0.0020616666666666583	1.0	600
chr1:148566932-148567532	0.07439285714285722	0.84	504
chr1:148679643-148680243	0.2934133333333334	1.0	600
chr1:148760080-148760680	0.3033999999999999	1.0	600
chr1:148827592-148828192	0.019384999999999986	1.0	600
chr1:148834949-148835549	0.07382333333333332	1.0	600
chr1:148840905-148841505	0.09622833333333337	1.0	600
chr1:148887042-148887642	0.026086666666666647	1.0	600
chr1:148894601-148895201	0.2975716666666669	1.0	600
chr1:148901014-148901614	0.2655583333333333	1.0	600
chr1:148916909-148917509	0.2960616666666668	1.0	600
chr1:148952248-148952848	0.33335499999999996	1.0	600
chr1:148965966-148966566	0.09935333333333336	1.0	600
chr1:149103325-149103925	0.01913166666666661	1.0	600
chr1:149162933-149163533	0.003461666666666634	1.0	600
chr1:149192392-149192992	0.20353833333333377	1.0	600
chr1:149212869-149213469	0.26570500000000014	1.0	600
chr1:149228652-149229252	0.27262000000000003	1.0	600
chr1:149229846-149230446	0.14673833333333366	1.0	600
chr1:149235088-149235688	0.3174216666666668	1.0	600
chr1:149254433-149255033	0.046223333333333366	1.0	600
chr1:149264952-149265552	0.02057499999999998	1.0	600
chr1:149285591-149286191	0.20905666666666678	1.0	600
chr1:149566281-149566881	0.1544683333333335	1.0	600
chr1:149636176-149636776	0.0665766666666667	1.0	600
chr1:149644222-149644822	0.021658333333333318	1.0	600
chr1:149693995-149694595	0.03466333333333342	1.0	600
chr1:149745420-149746020	0.17417000000000035	1.0	600
chr1:149792336-149792936	0.026763333333333326	1.0	600
chr1:149812180-149812780	0.2824550000000001	1.0	600
chr1:149832254-149832854	0.2368316666666667	1.0	600
chr1:149841040-149841640	0.22418166666666678	1.0	600
chr1:149850621-149851221	0.38207166666666653	1.0	600
chr1:149852173-149852773	0.22767666666666667	1.0	600
chr1:149860930-149861530	0.2962016666666667	1.0	600
chr1:149886475-149887075	0.42838166666666666	1.0	600
chr1:149887760-149888360	0.2965983333333336	1.0	600
chr1:149899274-149899874	0.08155833333333327	1.0	600
chr1:149927555-149928155	0.1669050000000001	1.0	600
chr1:149938921-149939521	0.31958833333333325	1.0	600
chr1:150006769-150007369	0.4232683333333335	1.0	600
chr1:150010507-150011107	0.5985999999999998	1.0	600
chr1:150067391-150067991	0.2889916666666665	1.0	600
chr1:150149633-150150233	0.33223666666666657	1.0	600
chr1:150163019-150163619	0.31932000000000005	1.0	600
chr1:150182128-150182728	0.3948416666666668	1.0	600
chr1:150235826-150236426	0.6259150000000001	1.0	600
chr1:150259178-150259778	0.18668500000000024	1.0	600
chr1:150268806-150269406	0.46367833333333325	1.0	600
chr1:150282088-150282688	0.3361566666666665	1.0	600
chr1:150293453-150294053	0.02943333333333337	1.0	600
chr1:150321239-150321839	0.30180999999999986	1.0	600
chr1:150363795-150364395	0.3803416666666667	1.0	600
chr1:150392252-150392852	0.05873666666666665	1.0	600
chr1:150410640-150411240	0.145435	1.0	600
chr1:150449878-150450478	0.08941833333333335	1.0	600
chr1:150471997-150472597	0.8082316666666666	1.0	600
chr1:150487036-150487636	0.1784650000000002	1.0	600
chr1:150515344-150515944	0.010555000000000012	1.0	600
chr1:150532425-150533025	0.10558666666666647	1.0	600
chr1:150549008-150549608	0.052343333333333346	1.0	600
chr1:150561134-150561734	0.055158333333333344	1.0	600
chr1:150561905-150562505	0.14167166666666675	1.0	600
chr1:150568049-150568649	0.37658666666666674	1.0	600
chr1:150579438-150580038	0.16466666666666688	1.0	600
chr1:150628952-150629552	0.4737200000000004	1.0	600
chr1:150696996-150697596	0.5000516666666667	1.0	600
chr1:150732895-150733495	0.3088216666666669	1.0	600
chr1:150798965-150799565	0.20290166666666684	1.0	600
chr1:150831907-150832507	0.15770833333333337	1.0	600
chr1:150876376-150876976	0.3920366666666667	1.0	600
chr1:150925971-150926571	0.18895333333333356	1.0	600
chr1:150974577-150975177	0.11782500000000025	1.0	600
chr1:150977171-150977771	0.16342500000000013	1.0	600
chr1:151006562-151007162	0.44766499999999887	1.0	600
chr1:151008104-151008704	0.31961666666666655	1.0	600
chr1:151048301-151048901	0.3609433333333335	1.0	600
chr1:151059362-151059962	0.17470666666666682	1.0	600
chr1:151070883-151071483	0.3190866666666667	1.0	600
chr1:151125083-151125683	0.36927833333333354	1.0	600
chr1:151131739-151132339	0.2890333333333332	1.0	600
chr1:151146442-151147042	0.34455333333333305	1.0	600
chr1:151165668-151166268	0.21814999999999987	1.0	600
chr1:151168287-151168887	0.07315333333333311	1.0	600
chr1:151189935-151190535	0.2918583333333337	1.0	600
chr1:151198152-151198752	0.16159500000000016	1.0	600
chr1:151254392-151254992	0.20399166666666668	1.0	600
chr1:151281862-151282462	0.5249966666666667	1.0	600
chr1:151327397-151327997	0.31029833333333373	1.0	600
chr1:151347048-151347648	0.6339733333333332	1.0	600
chr1:151399119-151399719	0.15862	1.0	600
chr1:151415071-151415671	0.013450000000000021	1.0	600
chr1:151434780-151435380	0.039211666666666666	1.0	600
chr1:151458234-151458834	0.2761033333333335	1.0	600
chr1:151458910-151459510	0.8039083333333332	1.0	600
chr1:151463767-151464367	0.12848500000000007	1.0	600
chr1:151500969-151501569	0.1284333333333336	1.0	600
chr1:151511011-151511611	0.3252583333333332	1.0	600
chr1:151539958-151540558	0.14161333333333345	1.0	600
chr1:151559704-151560304	0.05983333333333336	1.0	600
chr1:151611687-151612287	0.3268133333333333	1.0	600
chr1:151763227-151763827	0.09174833333333336	1.0	600
chr1:151790256-151790856	0.15335333333333326	1.0	600
chr1:151839602-151840202	0.09242666666666667	1.0	600
chr1:151909240-151909840	0.024296666666666644	1.0	600
chr1:151992329-151992929	0.2191133333333336	1.0	600
chr1:151993653-151994253	0.14827000000000004	1.0	600
chr1:152036725-152037325	0.028693333333333394	1.0	600
chr1:152047794-152048394	0.07754666666666664	1.0	600
chr1:152172187-152172787	0.0341733333333333	1.0	600
chr1:152192206-152192806	0.03412000000000004	1.0	600
chr1:152496218-152496818	0.012398333333333345	1.0	600
chr1:152962975-152963575	0.012095000000000017	1.0	600
chr1:152974295-152974895	0.014606666666666641	1.0	600
chr1:153225349-153225949	0.94883	1.0	600
chr1:153287905-153288505	0.03035666666666674	1.0	600
chr1:153436295-153436895	0.011266666666666663	1.0	600
chr1:153535129-153535729	0.13930333333333347	1.0	600
chr1:153544854-153545454	0.059514999999999936	1.0	600
chr1:153566423-153567023	0.14959833333333342	1.0	600
chr1:153572408-153573008	0.09282666666666661	1.0	600
chr1:153600739-153601339	0.13193833333333332	1.0	600
chr1:153608738-153609338	0.25769333333333333	1.0	600
chr1:153633663-153634263	0.1820233333333335	1.0	600
chr1:153655949-153656549	0.03777666666666668	1.0	600
chr1:153658376-153658976	0.30345666666666665	1.0	600
chr1:153670894-153671494	0.25758833333333336	1.0	600
chr1:153727637-153728237	0.3552666666666668	1.0	600
chr1:153783507-153784107	0.007374999999999993	1.0	600
chr1:153835530-153836130	0.16391000000000022	1.0	600
chr1:153880927-153881527	0.5609616666666668	1.0	600
chr1:153922778-153923378	0.7433066666666666	1.0	600
chr1:153945728-153946328	0.24462000000000017	1.0	600
chr1:153946432-153947032	0.23084333333333343	1.0	600
chr1:153958338-153958938	0.5680750000000001	1.0	600
chr1:153963332-153963932	0.15368000000000012	1.0	600
chr1:153967472-153968072	0.04088666666666667	1.0	600
chr1:153977365-153977965	0.04493000000000002	1.0	600
chr1:153986099-153986699	0.3081383333333334	1.0	600
chr1:154182984-154183584	0.34278000000000025	1.0	600
chr1:154220407-154221007	0.5677183333333334	1.0	600
chr1:154272028-154272628	0.050214999999999996	1.0	600
chr1:154300918-154301518	0.14099500000000006	1.0	600
chr1:154395393-154395993	0.1899650000000001	1.0	600
chr1:154405123-154405723	0.19447166666666674	1.0	600
chr1:154474752-154475352	0.009583333333333336	1.0	600
chr1:154558626-154559226	0.30510333333333317	1.0	600
chr1:154565356-154565956	0.010026666666666687	1.0	600
chr1:154567693-154568293	0.14811333333333337	1.0	600
chr1:154599375-154599975	0.01687666666666666	1.0	600
chr1:154607943-154608543	0.10304333333333336	1.0	600
chr1:154778586-154779186	0.018184999999999982	1.0	600
chr1:154936686-154937286	0.04160333333333331	1.0	600
chr1:154961736-154962336	0.10368666666666676	1.0	600
chr1:154970531-154971131	0.44790833333333313	1.0	600
chr1:154974290-154974890	0.45292166666666644	1.0	600
chr1:154982930-154983530	0.2127516666666668	1.0	600
chr1:155001881-155002481	0.40748000000000006	1.0	600
chr1:155011984-155012584	0.37827666666666676	1.0	600
chr1:155017374-155017974	0.19618499999999994	1.0	600
chr1:155050975-155051575	0.15304833333333343	1.0	600
chr1:155085145-155085745	0.4221850000000001	1.0	600
chr1:155093915-155094515	0.024074999999999996	1.0	600
chr1:155127164-155127764	0.24549333333333342	1.0	600
chr1:155135454-155136054	0.2024116666666667	1.0	600
chr1:155167760-155168360	0.023868333333333307	1.0	600
chr1:155193393-155193993	0.11611000000000005	1.0	600
chr1:155194527-155195127	0.16787333333333335	1.0	600
chr1:155203170-155203770	0.2201200000000002	1.0	600
chr1:155208890-155209490	0.21132333333333342	1.0	600
chr1:155227266-155227866	0.04493166666666673	1.0	600
chr1:155250561-155251161	0.5113633333333333	1.0	600
chr1:155255161-155255761	0.1251266666666668	1.0	600
chr1:155262066-155262666	0.2653166666666668	1.0	600
chr1:155273199-155273799	0.4449599999999987	1.0	600
chr1:155277021-155277621	0.14389166666666672	1.0	600
chr1:155308405-155309005	0.14044333333333342	1.0	600
chr1:155324154-155324754	0.062421666666666674	1.0	600
chr1:155562604-155563204	0.37364166666666654	1.0	600
chr1:155590294-155590894	0.32679833333333347	1.0	600
chr1:155592366-155592966	0.03396499999999999	1.0	600
chr1:155609908-155610508	0.24599999999999994	1.0	600
chr1:155688457-155689057	0.3879083333333331	1.0	600
chr1:155727648-155728248	0.12498833333333369	1.0	600
chr1:155742235-155742835	0.08371500000000004	1.0	600
chr1:155745476-155746076	0.24453166666666679	1.0	600
chr1:155859193-155859793	0.4699200000000003	1.0	600
chr1:155911120-155911720	0.06003999999999994	1.0	600
chr1:155934129-155934729	0.26766166666666663	1.0	600
chr1:155989267-155989867	0.16158500000000023	1.0	600
chr1:156020746-156021346	0.11627833333333334	1.0	600
chr1:156044720-156045320	0.02434333333333332	1.0	600
chr1:156053568-156054168	0.3850716666666668	1.0	600
chr1:156054430-156055030	0.2798883333333333	1.0	600
chr1:156057597-156058197	0.17211166666666672	1.0	600
chr1:156096501-156097101	0.05940999999999999	1.0	600
chr1:156106195-156106795	0.20500000000000015	1.0	600
chr1:156114314-156114914	0.15480166666666667	1.0	600
chr1:156123500-156124100	0.2865866666666665	1.0	600
chr1:156130113-156130713	0.4145183333333333	1.0	600
chr1:156151334-156151934	0.03177166666666665	1.0	600
chr1:156161231-156161831	0.22803833333333334	1.0	600
chr1:156193734-156194334	0.21680333333333332	1.0	600
chr1:156212634-156213234	0.2943450000000002	1.0	600
chr1:156247821-156248421	0.19703500000000018	1.0	600
chr1:156270206-156270806	0.006563333333333318	1.0	600
chr1:156271314-156271914	0.0037266666666666507	1.0	600
chr1:156282582-156283182	0.5208233333333324	1.0	600
chr1:156338083-156338683	0.3909133333333339	1.0	600
chr1:156438112-156438712	0.026481666666666633	1.0	600
chr1:156456302-156456902	0.06742166666666664	1.0	600
chr1:156457053-156457653	0.11523666666666685	1.0	600
chr1:156500653-156501253	0.4800483333333326	1.0	600
chr1:156505100-156505700	0.4024449999999997	1.0	600
chr1:156518754-156519354	0.1271583333333339	1.0	600
chr1:156521596-156522196	0.051611666666666785	1.0	600
chr1:156548687-156549287	0.10935166666666672	1.0	600
chr1:156581807-156582407	0.5097216666666669	1.0	600
chr1:156591460-156592060	0.07875333333333331	1.0	600
chr1:156651947-156652547	0.2307199999999999	1.0	600
chr1:156659863-156660463	0.1072716666666667	1.0	600
chr1:156661783-156662383	0.17192333333333348	1.0	600
chr1:156675226-156675826	0.2265433333333336	1.0	600
chr1:156723396-156723996	0.0942516666666665	1.0	600
chr1:156728485-156729085	0.22033333333333355	1.0	600
chr1:156740800-156741400	0.1417433333333333	1.0	600
chr1:156751560-156752160	0.28830833333333367	1.0	600
chr1:156767046-156767646	0.4006700000000002	1.0	600
chr1:156857746-156858346	0.010859999999999995	1.0	600
chr1:156873076-156873676	0.05878999999999998	1.0	600
chr1:156920189-156920789	0.029491666666666697	1.0	600
chr1:156944207-156944807	0.1316716666666669	1.0	600
chr1:157045586-157046186	0.06426666666666674	1.0	600
chr1:157090004-157090604	0.042958333333333355	1.0	600
chr1:157138086-157138686	0.35553166666666697	1.0	600
chr1:157281935-157282535	0.013921666666666622	1.0	600
chr1:157717976-157718576	0.04927500000000002	1.0	600
chr1:157856823-157857423	0.03760333333333343	1.0	600
chr1:157978434-157979034	0.14062666666666673	1.0	600
chr1:157991832-157992432	0.08882833333333333	1.0	600
chr1:158144816-158145416	0.11046833333333332	1.0	600
chr1:158149572-158150172	0.027493333333333318	1.0	600
chr1:158177627-158178227	0.5079566666666675	1.0	600
chr1:158354443-158355043	0.0936316666666666	1.0	600
chr1:158379364-158379964	0.1420433333333334	1.0	600
chr1:158482446-158483046	0.027131666666666637	1.0	600
chr1:158652956-158653556	0.25911833333333334	1.0	600
chr1:158768419-158769019	0.006876666666666665	1.0	600
chr1:158789657-158790257	0.2627016666666666	1.0	600
chr1:158926457-158927057	0.13504666666666684	1.0	600
chr1:158999596-159000196	0.008173333333333315	1.0	600
chr1:159009617-159010217	0.02726499999999999	1.0	600
chr1:159160904-159161504	0.12152666666666678	1.0	600
chr1:159165513-159166113	0.07689833333333329	1.0	600
chr1:159171199-159171799	0.8314950000000003	1.0	600
chr1:159192112-159192712	0.18852500000000003	1.0	600
chr1:159197678-159198278	0.055940000000000024	1.0	600
chr1:159249296-159249896	0.03568333333333337	1.0	600
chr1:159254139-159254739	0.1770816666666668	1.0	600
chr1:159298441-159299041	0.017256666666666625	1.0	600
chr1:159445031-159445631	0.005083333333333308	1.0	600
chr1:159588154-159588754	0.25406000000000006	1.0	600
chr1:159766054-159766654	0.035208333333333335	1.0	600
chr1:159780594-159781194	0.18365333333333334	1.0	600
chr1:159854533-159855133	0.5777683333333334	1.0	600
chr1:159891422-159892022	0.08741999999999991	1.0	600
chr1:159912907-159913507	0.11726666666666674	1.0	600
chr1:159924361-159924961	0.19920000000000007	1.0	600
chr1:159945485-159946085	0.2793550000000002	1.0	600
chr1:159953412-159954012	0.09351166666666658	1.0	600
chr1:160012380-160012980	0.11632499999999989	1.0	600
chr1:160031691-160032291	0.0727	1.0	600
chr1:160046532-160047132	0.23399833333333328	1.0	600
chr1:160070097-160070697	0.5692033333333334	1.0	600
chr1:160098746-160099346	0.0036949999999999934	1.0	600
chr1:160117765-160118365	0.44748333333333173	1.0	600
chr1:160131896-160132496	0.1072416666666667	1.0	600
chr1:160241456-160242056	0.04175666666666671	1.0	600
chr1:160262203-160262803	0.5633316666666662	1.0	600
chr1:160284891-160285491	0.1831666666666668	1.0	600
chr1:160343042-160343642	0.3251900000000001	1.0	600
chr1:160375303-160375903	0.171935	1.0	600
chr1:160400133-160400733	0.3308850000000002	1.0	600
chr1:160882116-160882716	0.12275500000000046	1.0	600
chr1:161012481-161013081	0.12877499999999992	1.0	600
chr1:161045669-161046269	0.2145450000000001	1.0	600
chr1:161117785-161118385	0.2873266666666666	1.0	600
chr1:161132430-161133030	0.5318016666666662	1.0	600
chr1:161153682-161154282	0.3501933333333333	1.0	600
chr1:161159153-161159753	0.49088666666666586	1.0	600
chr1:161166083-161166683	0.12707500000000002	1.0	600
chr1:161177241-161177841	0.10976000000000008	1.0	600
chr1:161201991-161202591	0.26273666666666673	1.0	600
chr1:161225496-161226096	0.19711333333333336	1.0	600
chr1:161308140-161308740	0.20827000000000018	1.0	600
chr1:161309845-161310445	0.6259633333333333	1.0	600
chr1:161314026-161314626	0.12285333333333338	1.0	600
chr1:161389814-161390414	0.06330499999999999	1.0	600
chr1:161399462-161400062	0.12234166666666683	1.0	600
chr1:161495871-161496471	0.07387166666666654	1.0	600
chr1:161523626-161524226	0.11888166666666675	1.0	600
chr1:161530517-161531117	0.011479999999999994	1.0	600
chr1:161612227-161612827	0.12079166666666666	1.0	600
chr1:161621347-161621947	0.1324200000000002	1.0	600
chr1:161726776-161727376	0.3315750000000004	1.0	600
chr1:161749447-161750047	0.23854499999999992	1.0	600
chr1:161761129-161761729	0.18929000000000004	1.0	600
chr1:161766072-161766672	0.2027216666666666	1.0	600
chr1:161886728-161887328	0.06821333333333358	1.0	600
chr1:161924679-161925279	0.06560666666666662	1.0	600
chr1:161993981-161994581	0.03416000000000001	1.0	600
chr1:162023635-162024235	0.15111500000000003	1.0	600
chr1:162055870-162056470	0.07692333333333326	1.0	600
chr1:162069363-162069963	0.10866333333333335	1.0	600
chr1:162442800-162443400	0.05144833333333333	1.0	600
chr1:162497493-162498093	0.32549500000000003	1.0	600
chr1:162561158-162561758	0.17595000000000013	1.0	600
chr1:162696190-162696790	0.2456416666666667	1.0	600
chr1:162790332-162790932	0.12003000000000005	1.0	600
chr1:162803942-162804542	0.12079833333333345	1.0	600
chr1:162895406-162896006	0.2088700000000004	1.0	600
chr1:162916725-162917325	0.4300633333333335	1.0	600
chr1:162942783-162943383	0.147855	1.0	600
chr1:163014895-163015495	0.1521233333333333	1.0	600
chr1:163238117-163238717	0.32803500000000013	1.0	600
chr1:163321538-163322138	0.0903083333333333	1.0	600
chr1:163358606-163359206	0.26993999999999996	1.0	600
chr1:163539932-163540532	0.09513833333333331	1.0	600
chr1:163616373-163616973	0.007631666666666662	1.0	600
chr1:163647179-163647779	0.002778333333333321	1.0	600
chr1:163885330-163885930	0.016916666666666674	1.0	600
chr1:164013274-164013874	0.03090000000000002	1.0	600
chr1:164034040-164034640	0.022228333333333322	1.0	600
chr1:164193145-164193745	0.15873166666666677	1.0	600
chr1:164235373-164235973	0.01207166666666666	1.0	600
chr1:164384874-164385474	0.3942366666666667	1.0	600
chr1:164392769-164393369	0.0031133333333333113	1.0	600
chr1:164454489-164455089	0.033324999999999966	1.0	600
chr1:164558638-164559238	0.5625283333333335	1.0	600
chr1:164588959-164589559	0.5830566666666666	1.0	600
chr1:164760008-164760608	0.4151866666666669	1.0	600
chr1:164801326-164801926	0.17713166666666688	1.0	600
chr1:164965849-164966449	0.04669166666666671	1.0	600
chr1:165031434-165032034	0.02285166666666662	1.0	600
chr1:165068180-165068780	0.5510083333333325	1.0	600
chr1:165073308-165073908	0.12904833333333354	1.0	600
chr1:165086567-165087167	0.16690999999999986	1.0	600
chr1:165187727-165188327	0.00603833333333331	1.0	600
chr1:165193209-165193809	0.00905666666666666	1.0	600
chr1:165305701-165306301	0.011595000000000013	1.0	600
chr1:165376413-165377013	0.32220000000000043	1.0	600
chr1:165392801-165393401	0.13323500000000013	1.0	600
chr1:165399378-165399978	0.034593333333333344	1.0	600
chr1:165456745-165457345	0.32635166666666654	1.0	600
chr1:165467768-165468368	0.5334149999999996	1.0	600
chr1:165597965-165598565	0.0019583333333333297	1.0	600
chr1:165630876-165631476	0.08372166666666667	1.0	600
chr1:165698309-165698909	0.13990333333333357	1.0	600
chr1:165719796-165720396	0.02528166666666663	1.0	600
chr1:165768630-165769230	0.21539833333333352	1.0	600
chr1:165827268-165827868	0.35216000000000003	1.0	600
chr1:165967740-165968340	0.14921833333333342	1.0	600
chr1:166166834-166167434	0.17200833333333343	1.0	600
chr1:166319082-166319682	0.1567799999999998	1.0	600
chr1:166494892-166495492	0.0	0.0	0
chr1:166531943-166532543	0.30437666666666635	1.0	600
chr1:166577593-166578193	0.0873333333333331	1.0	600
chr1:166795019-166795619	0.0796883333333334	1.0	600
chr1:166839067-166839667	0.11839833333333352	1.0	600
chr1:166858608-166859208	0.002191666666666665	1.0	600
chr1:166876059-166876659	0.2525700000000003	1.0	600
chr1:166896969-166897569	0.05577166666666676	1.0	600
chr1:166947395-166947995	0.27162166666666676	1.0	600
chr1:166975586-166976186	0.06283500000000006	1.0	600
chr1:167066521-167067121	0.04118000000000003	1.0	600
chr1:167121416-167122016	0.014274999999999993	1.0	600
chr1:167154319-167154919	0.07877500000000001	1.0	600
chr1:167220478-167221078	0.6095383333333334	1.0	600
chr1:167455356-167455956	0.1255233333333335	1.0	600
chr1:167505695-167506295	0.008536666666666652	1.0	600
chr1:167553516-167554116	0.17498833333333366	1.0	600
chr1:167714091-167714691	0.00475	1.0	600
chr1:167715283-167715883	0.14710833333333354	1.0	600
chr1:167721631-167722231	0.11285333333333339	1.0	600
chr1:167744938-167745538	0.06226500000000006	1.0	600
chr1:167786729-167787329	0.023003333333333317	1.0	600
chr1:167892638-167893238	0.03869333333333337	1.0	600
chr1:167935919-167936519	0.17984833333333333	1.0	600
chr1:168028757-168029357	0.14639499999999994	1.0	600
chr1:168137215-168137815	0.07833166666666652	1.0	600
chr1:168145690-168146290	0.043613333333333414	1.0	600
chr1:168178637-168179237	0.28434000000000004	1.0	600
chr1:168225693-168226293	0.15798333333333348	1.0	600
chr1:168252875-168253475	0.07823333333333325	1.0	600
chr1:168342577-168343177	0.059229999999999984	1.0	600
chr1:168364023-168364623	0.02218333333333334	1.0	600
chr1:168370450-168371050	0.046486666666666746	1.0	600
chr1:168603388-168603988	0.032711666666666694	1.0	600
chr1:168831243-168831843	0.0017783333333333306	1.0	600
chr1:168979946-168980546	0.00870499999999999	1.0	600
chr1:169105954-169106554	0.11461166666666674	1.0	600
chr1:169293724-169294324	0.038170000000000016	1.0	600
chr1:169367567-169368167	0.08408333333333329	1.0	600
chr1:169420074-169420674	0.03505666666666663	1.0	600
chr1:169485691-169486291	0.10974166666666678	1.0	600
chr1:169491862-169492462	0.14287333333333332	1.0	600
chr1:169586154-169586754	0.1834600000000002	1.0	600
chr1:169621500-169622100	0.07043833333333333	1.0	600
chr1:169629374-169629974	0.004784999999999986	1.0	600
chr1:169711919-169712519	0.043740000000000084	1.0	600
chr1:169794682-169795282	0.1909566666666666	1.0	600
chr1:169814351-169814951	0.11449333333333357	1.0	600
chr1:169839370-169839970	0.25003999999999993	1.0	600
chr1:169848469-169849069	0.02621333333333331	1.0	600
chr1:169885418-169886018	0.020158333333333354	1.0	600
chr1:169893675-169894275	0.1827183333333335	1.0	600
chr1:170074330-170074930	0.292535	1.0	600
chr1:170118030-170118630	0.11600333333333329	1.0	600
chr1:170417061-170417661	0.037603333333333336	1.0	600
chr1:170531800-170532400	0.19013500000000008	1.0	600
chr1:170606126-170606726	0.08607500000000008	1.0	600
chr1:170628767-170629367	0.2561416666666665	1.0	600
chr1:170852302-170852902	0.024134999999999966	1.0	600
chr1:171165002-171165602	0.018574999999999956	1.0	600
chr1:171284197-171284797	0.05723166666666667	1.0	600
chr1:171313759-171314359	0.05442666666666668	1.0	600
chr1:171339463-171340063	0.9844116666666666	1.0	600
chr1:171342581-171343181	0.0824066666666668	1.0	600
chr1:171485154-171485754	0.29056833333333354	1.0	600
chr1:171526325-171526925	0.018279999999999994	1.0	600
chr1:171553552-171554152	0.13872666666666694	1.0	600
chr1:171570702-171571302	0.09044166666666664	1.0	600
chr1:171644821-171645421	0.04758666666666676	1.0	600
chr1:171654247-171654847	0.002906666666666659	1.0	600
chr1:171741794-171742394	0.22262166666666683	1.0	600
chr1:171768562-171769162	0.05803333333333316	1.0	600
chr1:171781129-171781729	0.043750000000000004	1.0	600
chr1:171841120-171841720	0.17600500000000005	1.0	600
chr1:171871093-171871693	0.028188333333333298	1.0	600
chr1:171877631-171878231	0.1985366666666668	1.0	600
chr1:171898892-171899492	0.30078666666666676	1.0	600
chr1:171943578-171944178	0.11415166666666657	1.0	600
chr1:171991495-171992095	0.12440166666666701	1.0	600
chr1:172096656-172097256	0.08454333333333325	1.0	600
chr1:172222715-172223315	0.19280666666666718	1.0	600
chr1:172340641-172341241	0.2890000000000002	1.0	600
chr1:172399257-172399857	0.23793333333333366	1.0	600
chr1:172408584-172409184	0.14067999999999994	1.0	600
chr1:172443829-172444429	0.11064666666666684	1.0	600
chr1:172474087-172474687	0.03858833333333346	1.0	600
chr1:172532715-172533315	0.3938183333333336	1.0	600
chr1:172551220-172551820	0.23882833333333342	1.0	600
chr1:172569319-172569919	0.05633833333333333	1.0	600
chr1:172840515-172841115	0.01420999999999998	1.0	600
chr1:172980496-172981096	0.03877833333333332	1.0	600
chr1:173048353-173048953	0.04597000000000007	1.0	600
chr1:173053881-173054481	0.010571666666666651	1.0	600
chr1:173070782-173071382	0.19063833333333358	1.0	600
chr1:173153536-173154136	0.028536666666666637	1.0	600
chr1:173302069-173302669	0.03667333333333343	1.0	600
chr1:173429793-173430393	0.022348333333333307	1.0	600
chr1:173476894-173477494	0.14504333333333339	1.0	600
chr1:173694869-173695469	0.18955833333333344	1.0	600
chr1:173714686-173715286	0.16418333333333315	1.0	600
chr1:173767804-173768404	0.12754500000000013	1.0	600
chr1:173824240-173824840	0.11551333333333347	1.0	600
chr1:173840878-173841478	0.18515166666666674	1.0	600
chr1:173858594-173859194	0.040191666666666695	1.0	600
chr1:173867920-173868520	0.3374099999999999	1.0	600
chr1:174022130-174022730	0.32623833333333363	1.0	600
chr1:174159097-174159697	0.29633833333333326	1.0	600
chr1:174190839-174191439	0.2098566666666672	1.0	600
chr1:174292670-174293270	0.07579333333333335	1.0	600
chr1:174327237-174327837	0.09418833333333337	1.0	600
chr1:174786206-174786806	0.06534666666666673	1.0	600
chr1:174799306-174799906	0.6601849999999998	1.0	600
chr1:174887076-174887676	0.06049833333333331	1.0	600
chr1:174999591-175000191	0.15999500000000008	1.0	600
chr1:175023176-175023776	0.11588166666666679	1.0	600
chr1:175029624-175030224	0.053166666666666744	1.0	600
chr1:175382797-175383397	0.02685000000000001	1.0	600
chr1:175622386-175622986	0.01409833333333335	1.0	600
chr1:175780155-175780755	0.006019999999999988	1.0	600
chr1:175785579-175786179	0.0042466666666666495	1.0	600
chr1:175865083-175865683	0.5580199999999994	1.0	600
chr1:176000451-176001051	0.2538216666666669	1.0	600
chr1:176026073-176026673	0.06182666666666672	1.0	600
chr1:176038862-176039462	0.16800833333333334	1.0	600
chr1:176120651-176121251	0.025944999999999975	1.0	600
chr1:176206959-176207559	0.29712166666666684	1.0	600
chr1:176211371-176211971	0.13133000000000042	1.0	600
chr1:176229739-176230339	0.10310666666666683	1.0	600
chr1:176512315-176512915	0.06659833333333333	1.0	600
chr1:176656214-176656814	0.21484166666666676	1.0	600
chr1:176775211-176775811	0.013498333333333345	1.0	600
chr1:176880831-176881431	0.06314166666666664	1.0	600
chr1:176907475-176908075	0.007814999999999996	1.0	600
chr1:177223757-177224357	0.2274116666666667	1.0	600
chr1:177256125-177256725	0.10580999999999995	1.0	600
chr1:177310257-177310857	0.04923166666666664	1.0	600
chr1:177378128-177378728	0.009126666666666656	1.0	600
chr1:177446283-177446883	0.01878166666666663	1.0	600
chr1:177853138-177853738	0.42254999999999987	1.0	600
chr1:177943191-177943791	0.006768333333333326	1.0	600
chr1:177996283-177996883	0.005609999999999966	1.0	600
chr1:178037688-178038288	0.12600500000000026	1.0	600
chr1:178074844-178075444	0.12232166666666672	1.0	600
chr1:178093367-178093967	0.375665	1.0	600
chr1:178236373-178236973	0.07467833333333325	1.0	600
chr1:178488191-178488791	0.02775333333333336	1.0	600
chr1:178542390-178542990	0.04900833333333337	1.0	600
chr1:178724933-178725533	0.4256333333333332	1.0	600
chr1:178758171-178758771	0.2492400000000002	1.0	600
chr1:178861256-178861856	0.06761500000000002	1.0	600
chr1:178892055-178892655	0.49823999999999863	1.0	600
chr1:178931737-178932337	0.12007833333333329	1.0	600
chr1:179002584-179003184	0.06418999999999996	1.0	600
chr1:179009681-179010281	0.04048166666666683	1.0	600
chr1:179016938-179017538	0.2735866666666665	1.0	600
chr1:179025575-179026175	0.1563666666666667	1.0	600
chr1:179081722-179082322	0.03546166666666667	1.0	600
chr1:179145428-179146028	0.07861499999999998	1.0	600
chr1:179175098-179175698	0.23026999999999997	1.0	600
chr1:179203934-179204534	0.06183500000000007	1.0	600
chr1:179228774-179229374	0.4328033333333334	1.0	600
chr1:179289713-179290313	0.1382566666666667	1.0	600
chr1:179293418-179294018	0.1270766666666668	1.0	600
chr1:179334870-179335470	0.0664283333333333	1.0	600
chr1:179365715-179366315	0.07469999999999996	1.0	600
chr1:179401272-179401872	0.09197499999999997	1.0	600
chr1:179521505-179522105	0.23017000000000035	1.0	600
chr1:179611593-179612193	0.07727999999999997	1.0	600
chr1:179814699-179815299	0.02393166666666664	1.0	600
chr1:179877508-179878108	0.14824833333333326	1.0	600
chr1:179882270-179882870	0.5867033333333337	1.0	600
chr1:179954425-179955025	0.6023083333333337	1.0	600
chr1:180023237-180023837	0.090415	1.0	600
chr1:180060329-180060929	0.04903666666666663	1.0	600
chr1:180067764-180068364	0.06973499999999994	1.0	600
chr1:180154512-180155112	0.20547666666666664	1.0	600
chr1:180254552-180255152	0.011860000000000016	1.0	600
chr1:180365511-180366111	0.12860666666666673	1.0	600
chr1:180502615-180503215	0.03965000000000006	1.0	600
chr1:180631655-180632255	0.7159000000000005	1.0	600
chr1:180654302-180654902	0.0532283333333333	1.0	600
chr1:180721020-180721620	0.102275	1.0	600
chr1:180828615-180829215	0.08595499999999998	1.0	600
chr1:180868276-180868876	0.0	0.0	0
chr1:180903404-180904004	0.1166816666666667	1.0	600
chr1:180912534-180913134	0.030736666666666645	1.0	600
chr1:180953954-180954554	0.00322666666666665	1.0	600
chr1:180962088-180962688	0.022473333333333293	1.0	600
chr1:180982343-180982943	0.19938166666666698	1.0	600
chr1:181022613-181023213	0.27531666666666665	1.0	600
chr1:181033004-181033604	0.07962666666666665	1.0	600
chr1:181033613-181034213	0.11027333333333339	1.0	600
chr1:181088360-181088960	0.3105750000000001	1.0	600
chr1:181105073-181105673	0.19622666666666666	1.0	600
chr1:181142326-181142926	0.23489999999999986	1.0	600
chr1:181152754-181153354	0.3497483333333336	1.0	600
chr1:181293458-181294058	0.029985000000000053	1.0	600
chr1:181349707-181350307	0.18992166666666666	1.0	600
chr1:181351781-181352381	0.1687583333333334	1.0	600
chr1:181352613-181353213	0.12397000000000032	1.0	600
chr1:181961291-181961891	0.022081666666666642	1.0	600
chr1:182009953-182010553	0.25789999999999996	1.0	600
chr1:182029461-182030061	0.029603333333333322	1.0	600
chr1:182084799-182085399	0.03858500000000003	1.0	600
chr1:182114112-182114712	0.64657	1.0	600
chr1:182120587-182121187	0.41530666666666677	1.0	600
chr1:182122410-182123010	0.20267333333333332	1.0	600
chr1:182144167-182144767	0.2840100000000005	1.0	600
chr1:182236118-182236718	0.0582499999999999	1.0	600
chr1:182259200-182259800	0.19363333333333344	1.0	600
chr1:182279686-182280286	0.5031066666666666	1.0	600
chr1:182301659-182302259	0.26230833333333353	1.0	600
chr1:182317556-182318156	0.08988166666666668	1.0	600
chr1:182340572-182341172	0.09848666666666668	1.0	600
chr1:182348815-182349415	0.07698499999999991	1.0	600
chr1:182391549-182392149	0.17864	1.0	600
chr1:182539827-182540427	0.13272499999999998	1.0	600
chr1:182604179-182604779	0.1422900000000002	1.0	600
chr1:182614920-182615520	0.17145000000000019	1.0	600
chr1:182650955-182651555	0.09228666666666661	1.0	600
chr1:182674207-182674807	0.015789999999999964	1.0	600
chr1:182683737-182684337	0.2269700000000001	1.0	600
chr1:182775945-182776545	0.017619999999999983	1.0	600
chr1:182789452-182790052	0.011838333333333334	1.0	600
chr1:182809036-182809636	0.05614333333333336	1.0	600
chr1:182839011-182839611	0.12866833333333336	1.0	600
chr1:182962411-182963011	0.16482000000000016	1.0	600
chr1:183023095-183023695	0.12375333333333337	1.0	600
chr1:183090272-183090872	0.35755166666666677	1.0	600
chr1:183097287-183097887	0.40115333333333336	1.0	600
chr1:183234406-183235006	0.2572150000000001	1.0	600
chr1:183311449-183312049	0.050130000000000056	1.0	600
chr1:183349053-183349653	0.40009666666666666	1.0	600
chr1:183415708-183416308	0.06380000000000008	1.0	600
chr1:183446857-183447457	0.10067499999999992	1.0	600
chr1:183472106-183472706	0.3353650000000001	1.0	600
chr1:183486633-183487233	0.023696666666666647	1.0	600
chr1:183543445-183544045	0.019439999999999995	1.0	600
chr1:183635621-183636221	0.3419350000000001	1.0	600
chr1:183804889-183805489	0.40209833333333317	1.0	600
chr1:183915829-183916429	0.052713333333333376	1.0	600
chr1:183978510-183979110	0.07302333333333334	1.0	600
chr1:184051417-184052017	0.16628333333333337	1.0	600
chr1:184059885-184060485	0.08461166666666665	1.0	600
chr1:184153922-184154522	0.0032299999999999894	1.0	600
chr1:184212612-184213212	0.002871666666666662	1.0	600
chr1:184386655-184387255	0.44405166666666673	1.0	600
chr1:184413530-184414130	0.019721666666666644	1.0	600
chr1:184456398-184456998	0.017113333333333345	1.0	600
chr1:184754711-184755311	0.40673166666666666	1.0	600
chr1:184805438-184806038	0.18862833333333337	1.0	600
chr1:185045120-185045720	0.23317	1.0	600
chr1:185057672-185058272	0.014104999999999963	1.0	600
chr1:185080634-185081234	0.2001466666666667	1.0	600
chr1:185156844-185157444	0.2062833333333335	1.0	600
chr1:185170284-185170884	0.1658450000000002	1.0	600
chr1:185316002-185316602	0.28880333333333325	1.0	600
chr1:185488996-185489596	0.032063333333333395	1.0	600
chr1:185582099-185582699	0.3359616666666662	1.0	600
chr1:185646184-185646784	0.4460966666666663	1.0	600
chr1:185679031-185679631	0.3626966666666667	1.0	600
chr1:185734093-185734693	0.17109333333333343	1.0	600
chr1:185756746-185757346	0.02394333333333331	1.0	600
chr1:185819408-185820008	0.10771666666666675	1.0	600
chr1:185990980-185991580	0.014196666666666647	1.0	600
chr1:186065922-186066522	0.024366666666666616	1.0	600
chr1:186174772-186175372	0.0629766666666667	1.0	600
chr1:186288974-186289574	0.015843333333333303	1.0	600
chr1:186375157-186375757	0.33136666666666686	1.0	600
chr1:186386063-186386663	0.05262666666666679	1.0	600
chr1:186687678-186688278	0.10613833333333338	1.0	600
chr1:186733873-186734473	0.11520833333333333	1.0	600
chr1:186743049-186743649	0.033676666666666764	1.0	600
chr1:186904936-186905536	0.03196333333333339	1.0	600
chr1:187103544-187104144	0.2193150000000001	1.0	600
chr1:187151820-187152420	0.236505	1.0	600
chr1:187155578-187156178	0.05636666666666672	1.0	600
chr1:187161267-187161867	0.00685999999999999	1.0	600
chr1:187216289-187216889	0.025183333333333276	1.0	600
chr1:187261846-187262446	0.1196950000000001	1.0	600
chr1:187275036-187275636	0.07592333333333326	1.0	600
chr1:187605574-187606174	0.026966666666666677	1.0	600
chr1:187652911-187653511	0.002348333333333322	1.0	600
chr1:187706667-187707267	0.15370999999999993	1.0	600
chr1:187751698-187752298	0.044176666666666635	1.0	600
chr1:187844070-187844670	0.00466333333333331	1.0	600
chr1:188027516-188028116	0.00966833333333333	1.0	600
chr1:188103113-188103713	0.12827833333333366	1.0	600
chr1:188200076-188200676	0.022878333333333282	1.0	600
chr1:188445941-188446541	0.008888333333333321	1.0	600
chr1:188481229-188481829	0.027489999999999994	1.0	600
chr1:188546173-188546773	0.017783333333333314	1.0	600
chr1:188658089-188658689	0.06951166666666653	1.0	600
chr1:189552880-189553480	0.008929999999999995	1.0	600
chr1:189565067-189565667	0.004951666666666635	1.0	600
chr1:189604369-189604969	0.003541666666666644	1.0	600
chr1:189606042-189606642	0.010704999999999989	1.0	600
chr1:189850684-189851284	0.008994999999999998	1.0	600
chr1:189921741-189922341	0.10341166666666662	1.0	600
chr1:190029300-190029900	0.004503333333333313	1.0	600
chr1:190581252-190581852	0.003429999999999978	1.0	600
chr1:190685266-190685866	0.0030533333333333306	1.0	600
chr1:190714719-190715319	0.007578333333333318	1.0	600
chr1:190717924-190718524	0.060468333333333346	1.0	600
chr1:190971678-190972278	0.02081833333333331	1.0	600
chr1:191399128-191399728	0.02119999999999997	1.0	600
chr1:191557902-191558502	0.009338333333333332	1.0	600
chr1:191816652-191817252	0.013656666666666659	1.0	600
chr1:191910077-191910677	0.1527533333333337	1.0	600
chr1:192058675-192059275	0.04468000000000002	1.0	600
chr1:192168813-192169413	0.023231666666666664	1.0	600
chr1:192213191-192213791	0.12466333333333333	1.0	600
chr1:192379926-192380526	0.1315950000000001	1.0	600
chr1:192619032-192619632	0.018364999999999975	1.0	600
chr1:192709421-192710021	0.035388333333333355	1.0	600
chr1:192748206-192748806	0.011016666666666636	1.0	600
chr1:192759970-192760570	0.022133333333333328	1.0	600
chr1:192808647-192809247	0.19799000000000008	1.0	600
chr1:192920388-192920988	0.1750766666666669	1.0	600
chr1:192923355-192923955	0.12153833333333343	1.0	600
chr1:192947639-192948239	0.03393333333333339	1.0	600
chr1:193025460-193026060	0.015819999999999987	1.0	600
chr1:193059271-193059871	0.2395	1.0	600
chr1:193105154-193105754	0.02729666666666671	1.0	600
chr1:193111520-193112120	0.0643366666666666	1.0	600
chr1:193121669-193122269	0.5088450000000001	1.0	600
chr1:193186326-193186926	0.7458966666666665	1.0	600
chr1:193202519-193203119	0.01709499999999998	1.0	600
chr1:193312907-193313507	0.0029749999999999924	1.0	600
chr1:193626267-193626867	0.029951666666666668	1.0	600
chr1:193940620-193941220	0.10548499999999997	1.0	600
chr1:194230049-194230649	0.015419999999999974	1.0	600
chr1:194339172-194339772	0.2707250000000001	1.0	600
chr1:194637168-194637768	0.052233333333333354	1.0	600
chr1:194897403-194898003	0.07951999999999998	1.0	600
chr1:195090427-195091027	0.05568333333333334	1.0	600
chr1:195209910-195210510	0.02139166666666664	1.0	600
chr1:195252964-195253564	0.010288333333333332	1.0	600
chr1:195412695-195413295	0.013401666666666685	1.0	600
chr1:195448733-195449333	0.13736500000000013	1.0	600
chr1:195632223-195632823	0.022988333333333295	1.0	600
chr1:195643038-195643638	0.08945333333333341	1.0	600
chr1:195733560-195734160	0.17940166666666657	1.0	600
chr1:196056974-196057574	0.013023333333333323	1.0	600
chr1:196126222-196126822	0.06872833333333321	1.0	600
chr1:196266008-196266608	0.041376666666666784	1.0	600
chr1:196283880-196284480	0.015503333333333327	1.0	600
chr1:196489066-196489666	0.015039999999999987	1.0	600
chr1:196554552-196555152	0.14138500000000015	1.0	600
chr1:196566124-196566724	0.006773333333333321	1.0	600
chr1:196764500-196765100	0.20757666666666663	1.0	600
chr1:196808726-196809326	0.035153333333333286	1.0	600
chr1:197089542-197090142	0.2700616666666667	1.0	600
chr1:197100684-197101284	0.20345166666666656	1.0	600
chr1:197146436-197147036	0.07542500000000002	1.0	600
chr1:197201014-197201614	0.28390166666666694	1.0	600
chr1:197320887-197321487	0.3117783333333335	1.0	600
chr1:197549503-197550103	0.003896666666666649	1.0	600
chr1:197605316-197605916	0.13899333333333352	1.0	600
chr1:197640320-197640920	0.05426666666666666	1.0	600
chr1:197902623-197903223	0.07451333333333332	1.0	600
chr1:197936416-197937016	0.02370333333333331	1.0	600
chr1:197958392-197958992	0.12319166666666675	1.0	600
chr1:198008073-198008673	0.0033366666666666575	1.0	600
chr1:198096137-198096737	0.0032049999999999917	1.0	600
chr1:198156694-198157294	0.23932333333333328	1.0	600
chr1:198158853-198159453	0.0646483333333333	1.0	600
chr1:198167343-198167943	0.13510333333333344	1.0	600
chr1:198215595-198216195	0.14142000000000018	1.0	600
chr1:198257018-198257618	0.03825	1.0	600
chr1:198380290-198380890	0.09986833333333336	1.0	600
chr1:198391978-198392578	0.09917000000000002	1.0	600
chr1:198457307-198457907	0.011638333333333351	1.0	600
chr1:198570769-198571369	0.048181666666666706	1.0	600
chr1:198740891-198741491	0.016063333333333315	1.0	600
chr1:198930032-198930632	0.046083333333333344	1.0	600
chr1:198937156-198937756	0.7248233333333332	1.0	600
chr1:199213607-199214207	0.1227816666666668	1.0	600
chr1:199244661-199245261	0.030731666666666692	1.0	600
chr1:199256906-199257506	0.25124666666666684	1.0	600
chr1:199306910-199307510	0.1945400000000001	1.0	600
chr1:199751191-199751791	0.005263333333333301	1.0	600
chr1:199824764-199825364	0.04985000000000005	1.0	600
chr1:200011416-200012016	0.0646683333333333	1.0	600
chr1:200108776-200109376	0.004426666666666654	1.0	600
chr1:200112215-200112815	0.14144833333333365	1.0	600
chr1:200167652-200168252	0.005268333333333318	1.0	600
chr1:200252896-200253496	0.007681666666666631	1.0	600
chr1:200342848-200343448	0.1185600000000002	1.0	600
chr1:200409790-200410390	0.5481650000000001	1.0	600
chr1:200413925-200414525	0.02980833333333333	1.0	600
chr1:200420806-200421406	0.06164166666666661	1.0	600
chr1:200510209-200510809	0.044056666666666716	1.0	600
chr1:200514433-200515033	0.04291166666666667	1.0	600
chr1:200620536-200621136	0.05844166666666661	1.0	600
chr1:200628206-200628806	0.04938500000000008	1.0	600
chr1:200669762-200670362	0.08231333333333324	1.0	600
chr1:200723977-200724577	0.14425000000000016	1.0	600
chr1:200739211-200739811	0.27582166666666663	1.0	600
chr1:200751609-200752209	0.392456666666667	1.0	600
chr1:200885386-200885986	0.042693333333333326	1.0	600
chr1:201023436-201024036	0.33149833333333345	1.0	600
chr1:201067596-201068196	0.015094999999999997	1.0	600
chr1:201114059-201114659	0.014559999999999995	1.0	600
chr1:201154217-201154817	0.13632166666666676	1.0	600
chr1:201170537-201171137	0.2591783333333334	1.0	600
chr1:201342961-201343561	0.04096833333333338	1.0	600
chr1:201399210-201399810	0.240741666666667	1.0	600
chr1:201416750-201417350	0.0464466666666667	1.0	600
chr1:201435647-201436247	0.031431666666666726	1.0	600
chr1:201448223-201448823	0.23060333333333324	1.0	600
chr1:201448940-201449540	0.21187166666666687	1.0	600
chr1:201468963-201469563	0.052688333333333406	1.0	600
chr1:201480302-201480902	0.11597666666666666	1.0	600
chr1:201495837-201496437	0.31501666666666667	1.0	600
chr1:201500031-201500631	0.17145333333333365	1.0	600
chr1:201506890-201507490	0.15691166666666687	1.0	600
chr1:201538742-201539342	0.41563166666666684	1.0	600
chr1:201559571-201560171	0.0851366666666666	1.0	600
chr1:201565206-201565806	0.37349833333333343	1.0	600
chr1:201654753-201655353	0.19910333333333338	1.0	600
chr1:201673933-201674533	0.21472500000000017	1.0	600
chr1:201696236-201696836	0.24249666666666708	1.0	600
chr1:201704054-201704654	0.030051666666666678	1.0	600
chr1:201714490-201715090	0.07482666666666667	1.0	600
chr1:201748060-201748660	0.08556166666666669	1.0	600
chr1:201769935-201770535	0.29954833333333375	1.0	600
chr1:201792875-201793475	0.028580000000000036	1.0	600
chr1:201828847-201829447	0.5140449999999999	1.0	600
chr1:201888231-201888831	0.19624500000000025	1.0	600
chr1:201891792-201892392	0.16376666666666695	1.0	600
chr1:201955118-201955718	0.11886833333333345	1.0	600
chr1:201976046-201976646	0.17956833333333322	1.0	600
chr1:201978013-201978613	0.3767450000000002	1.0	600
chr1:201982296-201982896	0.13221499999999997	1.0	600
chr1:202068159-202068759	0.11961999999999996	1.0	600
chr1:202085206-202085806	0.34918166666666683	1.0	600
chr1:202122509-202123109	0.19215166666666686	1.0	600
chr1:202130162-202130762	0.2364566666666668	1.0	600
chr1:202132813-202133413	0.03095166666666668	1.0	600
chr1:202144045-202144645	0.31523	1.0	600
chr1:202152359-202152959	0.19300833333333345	1.0	600
chr1:202171657-202172257	0.11938166666666675	1.0	600
chr1:202220830-202221430	0.1379733333333333	1.0	600
chr1:202313629-202314229	0.010976666666666657	1.0	600
chr1:202315638-202316238	0.06482833333333342	1.0	600
chr1:202339083-202339683	0.22084666666666672	1.0	600
chr1:202341741-202342341	0.059969999999999926	1.0	600
chr1:202348260-202348860	0.31906666666666683	1.0	600
chr1:202413579-202414179	0.01727333333333331	1.0	600
chr1:202512782-202513382	0.04292666666666668	1.0	600
chr1:202538737-202539337	0.23275166666666677	1.0	600
chr1:202589088-202589688	0.15447666666666676	1.0	600
chr1:202704408-202705008	0.006514999999999977	1.0	600
chr1:202810593-202811193	0.2832350000000002	1.0	600
chr1:202861359-202861959	0.016514999999999985	1.0	600
chr1:202888868-202889468	0.30506166666666673	1.0	600
chr1:202907353-202907953	0.05763499999999991	1.0	600
chr1:202926991-202927591	0.17281333333333357	1.0	600
chr1:202947781-202948381	0.19032166666666667	1.0	600
chr1:202958060-202958660	0.17352166666666707	1.0	600
chr1:202967010-202967610	0.1097766666666669	1.0	600
chr1:203026124-203026724	0.16266833333333325	1.0	600
chr1:203117735-203118335	0.04853166666666672	1.0	600
chr1:203278307-203278907	0.047793333333333375	1.0	600
chr1:203290336-203290936	0.06976833333333324	1.0	600
chr1:203305141-203305741	0.28583333333333333	1.0	600
chr1:203327159-203327759	0.0988566666666666	1.0	600
chr1:203448355-203448955	0.13688666666666666	1.0	600
chr1:203475459-203476059	0.5527100000000004	1.0	600
chr1:203541489-203542089	0.1729466666666667	1.0	600
chr1:203555875-203556475	0.22362166666666672	1.0	600
chr1:203688536-203689136	0.03007000000000002	1.0	600
chr1:203692676-203693276	0.2541433333333332	1.0	600
chr1:203706928-203707528	0.3310333333333338	1.0	600
chr1:203780269-203780869	0.09231166666666658	1.0	600
chr1:203795306-203795906	0.5180950000000002	1.0	600
chr1:203861162-203861762	0.206985	1.0	600
chr1:203895625-203896225	0.08741500000000008	1.0	600
chr1:203996038-203996638	0.27107666666666685	1.0	600
chr1:204065232-204065832	0.3997450000000002	1.0	600
chr1:204072842-204073442	0.32853666666666653	1.0	600
chr1:204080208-204080808	0.2358166666666666	1.0	600
chr1:204128920-204129520	0.017001666666666655	1.0	600
chr1:204193245-204193845	0.04847333333333335	1.0	600
chr1:204293100-204293700	0.010289999999999994	1.0	600
chr1:204411581-204412181	0.16957499999999995	1.0	600
chr1:204446314-204446914	0.14541666666666686	1.0	600
chr1:204466189-204466789	0.35846500000000014	1.0	600
chr1:204494522-204495122	0.21811000000000025	1.0	600
chr1:204506777-204507377	0.1392166666666667	1.0	600
chr1:204516046-204516646	0.18476666666666688	1.0	600
chr1:204678838-204679438	0.01937666666666666	1.0	600
chr1:204731341-204731941	0.012948333333333336	1.0	600
chr1:204807086-204807686	0.0413083333333334	1.0	600
chr1:204828352-204828952	0.2782833333333335	1.0	600
chr1:204837040-204837640	0.03192000000000001	1.0	600
chr1:204870310-204870910	0.4328533333333333	1.0	600
chr1:204885111-204885711	0.24173333333333355	1.0	600
chr1:204975262-204975862	0.2048866666666668	1.0	600
chr1:204989205-204989805	0.03778666666666668	1.0	600
chr1:205001219-205001819	0.202806666666667	1.0	600
chr1:205062901-205063501	0.022734999999999974	1.0	600
chr1:205122023-205122623	0.11353500000000025	1.0	600
chr1:205211332-205211932	0.35085833333333344	1.0	600
chr1:205227593-205228193	0.3273483333333334	1.0	600
chr1:205247420-205248020	0.3401716666666666	1.0	600
chr1:205284591-205285191	0.07758	1.0	600
chr1:205301259-205301859	0.18157166666666677	1.0	600
chr1:205304323-205304923	0.22664833333333362	1.0	600
chr1:205313873-205314473	0.4271149999999999	1.0	600
chr1:205321505-205322105	0.1511000000000001	1.0	600
chr1:205337672-205338272	0.013216666666666675	1.0	600
chr1:205543365-205543965	0.27448999999999985	1.0	600
chr1:205631707-205632307	0.12584000000000012	1.0	600
chr1:205644090-205644690	0.023378333333333303	1.0	600
chr1:205700441-205701041	0.03098666666666666	1.0	600
chr1:205749364-205749964	0.3551383333333333	1.0	600
chr1:205749989-205750589	0.6597666666666664	1.0	600
chr1:205788348-205788948	0.06799833333333333	1.0	600
chr1:205812986-205813586	0.415378333333333	1.0	600
chr1:205861286-205861886	0.21602000000000018	1.0	600
chr1:205994197-205994797	0.2648600000000001	1.0	600
chr1:206062635-206063235	0.01751333333333332	1.0	600
chr1:206203127-206203727	0.5156200000000001	1.0	600
chr1:206206774-206207374	0.5536433333333332	1.0	600
chr1:206224374-206224974	0.43977333333333357	1.0	600
chr1:206261378-206261978	0.4570133333333328	1.0	600
chr1:206380452-206381052	0.4146716666666667	1.0	600
chr1:206403823-206404423	0.5544366666666666	1.0	600
chr1:206467334-206467934	0.003143333333333332	1.0	600
chr1:206484742-206485342	0.23598166666666667	1.0	600
chr1:206487150-206487750	0.007019999999999982	1.0	600
chr1:206489969-206490569	0.02773333333333334	1.0	600
chr1:206557134-206557734	0.2805516666666666	1.0	600
chr1:206562262-206562862	0.060701666666666654	1.0	600
chr1:206595593-206596193	0.2211250000000004	1.0	600
chr1:206612255-206612855	0.20983000000000032	1.0	600
chr1:206635162-206635762	0.25753	1.0	600
chr1:206684572-206685172	0.16641833333333358	1.0	600
chr1:206685340-206685940	0.362496666666667	1.0	600
chr1:206737995-206738595	0.0023250000000000007	1.0	600
chr1:206768854-206769454	0.12764000000000003	1.0	600
chr1:206991561-206992161	0.009921666666666655	1.0	600
chr1:207009351-207009951	0.04661666666666669	1.0	600
chr1:207052917-207053517	0.17216333333333333	1.0	600
chr1:207226459-207227059	0.08301833333333321	1.0	600
chr1:207321249-207321849	0.005309999999999997	1.0	600
chr1:207356698-207357298	0.06608999999999995	1.0	600
chr1:207751704-207752304	0.02762000000000003	1.0	600
chr1:207794461-207795061	0.004444999999999998	1.0	600
chr1:207823811-207824411	0.7306349999999999	1.0	600
chr1:207828445-207829045	0.20265166666666692	1.0	600
chr1:207838391-207838991	0.31763500000000017	1.0	600
chr1:207866395-207866995	0.3906099999999999	1.0	600
chr1:207868901-207869501	0.19755000000000014	1.0	600
chr1:207901073-207901673	0.0031583333333333303	1.0	600
chr1:207925193-207925793	0.013828333333333337	1.0	600
chr1:207963378-207963978	0.2555916666666667	1.0	600
chr1:208047516-208048116	0.12326000000000015	1.0	600
chr1:208086340-208086940	0.12919833333333322	1.0	600
chr1:208244042-208244642	0.3441333333333337	1.0	600
chr1:208478609-208479209	0.10625999999999998	1.0	600
chr1:208528690-208529290	0.013836666666666648	1.0	600
chr1:208752755-208753355	0.03622666666666674	1.0	600
chr1:208789830-208790430	0.29037500000000016	1.0	600
chr1:208977112-208977712	0.3262166666666669	1.0	600
chr1:209131035-209131635	0.12394500000000001	1.0	600
chr1:209237009-209237609	0.0075733333333333226	1.0	600
chr1:209307676-209308276	0.008825000000000005	1.0	600
chr1:209784353-209784953	0.05209333333333335	1.0	600
chr1:209827591-209828191	0.20974666666666658	1.0	600
chr1:209852990-209853590	0.05963666666666672	1.0	600
chr1:209860217-209860817	0.06711666666666669	1.0	600
chr1:209886306-209886906	0.0754983333333333	1.0	600
chr1:209937510-209938110	0.10918833333333328	1.0	600
chr1:210040486-210041086	0.18338333333333368	1.0	600
chr1:210204985-210205585	0.07082333333333332	1.0	600
chr1:210251254-210251854	0.4317466666666665	1.0	600
chr1:210300204-210300804	0.5136333333333334	1.0	600
chr1:210311016-210311616	0.08085666666666665	1.0	600
chr1:210328622-210329222	0.2587683333333334	1.0	600
chr1:210364336-210364936	0.03934000000000007	1.0	600
chr1:210374221-210374821	0.11837166666666682	1.0	600
chr1:210393521-210394121	0.2090833333333334	1.0	600
chr1:210552370-210552970	0.006963333333333319	1.0	600
chr1:210633510-210634110	0.10609666666666662	1.0	600
chr1:210646650-210647250	0.045705000000000044	1.0	600
chr1:210748059-210748659	0.01971666666666665	1.0	600
chr1:210964308-210964908	0.057353333333333305	1.0	600
chr1:211057271-211057871	0.12310500000000002	1.0	600
chr1:211108277-211108877	0.03823	1.0	600
chr1:211133875-211134475	0.32392499999999974	1.0	600
chr1:211144472-211145072	0.03442000000000007	1.0	600
chr1:211217557-211218157	0.04511833333333343	1.0	600
chr1:211240728-211241328	0.1304183333333335	1.0	600
chr1:211259018-211259618	0.5678266666666667	1.0	600
chr1:211262966-211263566	0.030543333333333377	1.0	600
chr1:211382445-211383045	0.026033333333333318	1.0	600
chr1:211416100-211416700	0.060811666666666625	1.0	600
chr1:211478990-211479590	0.42497333333333337	1.0	600
chr1:211513853-211514453	0.028953333333333397	1.0	600
chr1:211515328-211515928	0.03196666666666678	1.0	600
chr1:211571035-211571635	0.15386499999999995	1.0	600
chr1:211579012-211579612	0.28081833333333356	1.0	600
chr1:211655070-211655670	0.030201666666666706	1.0	600
chr1:211680603-211681203	0.05342166666666674	1.0	600
chr1:211735715-211736315	0.02076333333333334	1.0	600
chr1:211830524-211831124	0.11831666666666665	1.0	600
chr1:211923932-211924532	0.013711666666666652	1.0	600
chr1:212011831-212012431	0.057461666666666626	1.0	600
chr1:212034895-212035495	0.22717833333333337	1.0	600
chr1:212057050-212057650	0.3603366666666662	1.0	600
chr1:212133796-212134396	0.05410166666666665	1.0	600
chr1:212185384-212185984	0.054345000000000025	1.0	600
chr1:212285044-212285644	0.20243166666666687	1.0	600
chr1:212328976-212329576	0.44445333333333215	1.0	600
chr1:212414575-212415175	0.1435316666666667	1.0	600
chr1:212432585-212433185	0.19859666666666664	1.0	600
chr1:212469995-212470595	0.15047000000000024	1.0	600
chr1:212476927-212477527	0.07737000000000008	1.0	600
chr1:212482953-212483553	0.15166000000000024	1.0	600
chr1:212558708-212559308	0.2105550000000001	1.0	600
chr1:212566959-212567559	0.25179499999999994	1.0	600
chr1:212579823-212580423	0.04249166666666662	1.0	600
chr1:212608231-212608831	0.5178899999999997	1.0	600
chr1:212629910-212630510	0.044723333333333386	1.0	600
chr1:212665118-212665718	0.032196666666666714	1.0	600
chr1:212672083-212672683	0.024291666666666652	1.0	600
chr1:212724503-212725103	0.08049500000000002	1.0	600
chr1:212791572-212792172	0.26425000000000015	1.0	600
chr1:212836916-212837516	0.08266666666666661	1.0	600
chr1:212857919-212858519	0.10952166666666661	1.0	600
chr1:212872923-212873523	0.02027333333333335	1.0	600
chr1:212950153-212950753	0.3365999999999999	1.0	600
chr1:212991426-212992026	0.25210833333333327	1.0	600
chr1:213002886-213003486	0.08311	1.0	600
chr1:213005668-213006268	0.021964999999999988	1.0	600
chr1:213015278-213015878	0.23715166666666682	1.0	600
chr1:213050956-213051556	0.31584666666666655	1.0	600
chr1:213098961-213099561	0.1550383333333334	1.0	600
chr1:213291066-213291666	0.07428999999999997	1.0	600
chr1:213326851-213327451	0.46649833333333307	1.0	600
chr1:213378505-213379105	0.011911666666666668	1.0	600
chr1:213446539-213447139	0.020974999999999955	1.0	600
chr1:213679230-213679830	0.002208333333333327	1.0	600
chr1:213850508-213851108	0.015304999999999997	1.0	600
chr1:214002423-214003023	0.9318233333333334	1.0	600
chr1:214221401-214222001	0.020374999999999976	1.0	600
chr1:214261418-214262018	0.12631833333333334	1.0	600
chr1:214280793-214281393	0.22390833333333318	1.0	600
chr1:214368564-214369164	0.012031666666666661	1.0	600
chr1:214404590-214405190	0.3242583333333332	1.0	600
chr1:214543031-214543631	0.044056666666666654	1.0	600
chr1:214551439-214552039	0.4239966666666665	1.0	600
chr1:214602848-214603448	0.11687000000000014	1.0	600
chr1:214609011-214609611	0.04546500000000002	1.0	600
chr1:214637824-214638424	0.21047166666666686	1.0	600
chr1:214681859-214682459	0.04081500000000009	1.0	600
chr1:214744037-214744637	0.018288333333333327	1.0	600
chr1:214918544-214919144	0.01238833333333334	1.0	600
chr1:215074625-215075225	0.12384666666666673	1.0	600
chr1:215243226-215243826	0.011611666666666657	1.0	600
chr1:215526832-215527432	0.0039649999999999816	1.0	600
chr1:215566976-215567576	0.07579000000000001	1.0	600
chr1:215605046-215605646	0.012051666666666684	1.0	600
chr1:215615960-215616560	0.12020666666666695	1.0	600
chr1:215693830-215694430	0.07381333333333319	1.0	600
chr1:215844362-215844962	0.8463450000000002	1.0	600
chr1:215963908-215964508	0.7083616666666663	1.0	600
chr1:215967262-215967862	0.017211666666666656	1.0	600
chr1:216019788-216020388	0.07138333333333331	1.0	600
chr1:216221042-216221642	0.014556666666666652	1.0	600
chr1:216257445-216258045	0.007534999999999988	1.0	600
chr1:216290001-216290601	0.05809833333333335	1.0	600
chr1:216304688-216305288	0.0831133333333333	1.0	600
chr1:216343280-216343880	0.11572666666666667	1.0	600
chr1:216373050-216373650	0.01923666666666666	1.0	600
chr1:216419955-216420555	0.5937250000000003	1.0	600
chr1:216600851-216601451	0.028460000000000013	1.0	600
chr1:216749952-216750552	0.13622333333333325	1.0	600
chr1:216778327-216778927	0.008653333333333334	1.0	600
chr1:216780845-216781445	0.009725000000000003	1.0	600
chr1:216902526-216903126	0.015233333333333323	1.0	600
chr1:217158360-217158960	0.03892000000000005	1.0	600
chr1:217196308-217196908	0.02636499999999998	1.0	600
chr1:217279536-217280136	0.023953333333333323	1.0	600
chr1:217316488-217317088	0.1301250000000002	1.0	600
chr1:217349745-217350345	0.21108666666666698	1.0	600
chr1:217516926-217517526	0.28118333333333323	1.0	600
chr1:217611137-217611737	0.42235	1.0	600
chr1:217630731-217631331	0.3015883333333334	1.0	600
chr1:217809737-217810337	0.03175666666666666	1.0	600
chr1:217847044-217847644	0.31332166666666644	1.0	600
chr1:218091155-218091755	0.049083333333333486	1.0	600
chr1:218284960-218285560	0.11630333333333333	1.0	600
chr1:218345678-218346278	0.2766116666666667	1.0	600
chr1:218448689-218449289	0.056163333333333336	1.0	600
chr1:218523677-218524277	0.03071333333333337	1.0	600
chr1:218642416-218643016	0.0037833333333333304	1.0	600
chr1:218707022-218707622	0.012490000000000005	1.0	600
chr1:218811332-218811932	0.3601733333333333	1.0	600
chr1:218817574-218818174	0.17396333333333358	1.0	600
chr1:218863587-218864187	0.0047499999999999895	1.0	600
chr1:218943531-218944131	0.18951666666666694	1.0	600
chr1:219173559-219174159	0.14009833333333335	1.0	600
chr1:219257368-219257968	0.08694666666666671	1.0	600
chr1:219261187-219261787	0.06786333333333343	1.0	600
chr1:219308748-219309348	0.0546083333333333	1.0	600
chr1:219386888-219387488	0.1699066666666666	1.0	600
chr1:219413787-219414387	0.0030666666666666607	1.0	600
chr1:219448078-219448678	0.4832849999999995	1.0	600
chr1:219555764-219556364	0.603529999999999	1.0	600
chr1:219615547-219616147	0.0284133333333334	1.0	600
chr1:219660971-219661571	0.3621383333333331	1.0	600
chr1:219772600-219773200	0.02603666666666665	1.0	600
chr1:219935421-219936021	0.011738333333333332	1.0	600
chr1:220046296-220046896	0.143051666666667	1.0	600
chr1:220091723-220092323	0.144395	1.0	600
chr1:220093756-220094356	0.10132999999999996	1.0	600
chr1:220117445-220118045	0.15151166666666668	1.0	600
chr1:220126841-220127441	0.045531666666666776	1.0	600
chr1:220137109-220137709	0.008056666666666656	1.0	600
chr1:220151353-220151953	0.3299733333333335	1.0	600
chr1:220272209-220272809	0.2604916666666668	1.0	600
chr1:220300196-220300796	0.15098499999999995	1.0	600
chr1:220438871-220439471	0.020263333333333324	1.0	600
chr1:220527875-220528475	0.27317166666666665	1.0	600
chr1:220528501-220529101	0.33185333333333356	1.0	600
chr1:220566081-220566681	0.01897166666666663	1.0	600
chr1:220689998-220690598	0.15352000000000002	1.0	600
chr1:220747934-220748534	0.020236666666666663	1.0	600
chr1:220776586-220777186	0.0351033333333334	1.0	600
chr1:220786499-220787099	0.09686833333333328	1.0	600
chr1:220788057-220788657	0.02006833333333333	1.0	600
chr1:220808406-220809006	0.1195016666666671	1.0	600
chr1:220813568-220814168	0.031171666666666636	1.0	600
chr1:220840287-220840887	0.015393333333333328	1.0	600
chr1:220878965-220879565	0.36341166666666674	1.0	600
chr1:221195796-221196396	0.04591500000000007	1.0	600
chr1:221214384-221214984	0.0561866666666667	1.0	600
chr1:221215949-221216549	0.007946666666666654	1.0	600
chr1:221266730-221267330	0.012543333333333335	1.0	600
chr1:221308156-221308756	0.006179999999999976	1.0	600
chr1:221485552-221486152	0.020301666666666666	1.0	600
chr1:221488058-221488658	0.09307166666666655	1.0	600
chr1:221593554-221594154	0.003749999999999985	1.0	600
chr1:221661193-221661793	0.1279333333333334	1.0	600
chr1:221712879-221713479	0.00421833333333331	1.0	600
chr1:221741915-221742515	0.49361999999999995	1.0	600
chr1:221742539-221743139	0.057220000000000014	1.0	600
chr1:221929624-221930224	0.09641000000000012	1.0	600
chr1:221994890-221995490	0.26306166666666675	1.0	600
chr1:222170471-222171071	0.09615333333333326	1.0	600
chr1:222246425-222247025	0.032915000000000104	1.0	600
chr1:222346137-222346737	0.06579499999999999	1.0	600
chr1:222465283-222465883	0.044263333333333404	1.0	600
chr1:222589644-222590244	0.02749333333333336	1.0	600
chr1:222617478-222618078	0.02062666666666666	1.0	600
chr1:222643948-222644548	0.11435666666666665	1.0	600
chr1:222705586-222706186	0.043968333333333325	1.0	600
chr1:222712221-222712821	0.5162549999999994	1.0	600
chr1:222814731-222815331	0.14900833333333338	1.0	600
chr1:222919443-222920043	0.24969499999999997	1.0	600
chr1:222928159-222928759	0.40801500000000007	1.0	600
chr1:222981024-222981624	0.005229999999999985	1.0	600
chr1:222999420-223000020	0.011001666666666661	1.0	600
chr1:223038586-223039186	0.0282016666666667	1.0	600
chr1:223074672-223075272	0.18759500000000034	1.0	600
chr1:223143017-223143617	0.017169999999999977	1.0	600
chr1:223179678-223180278	0.006711666666666654	1.0	600
chr1:223680280-223680880	0.006674999999999963	1.0	600
chr1:223712130-223712730	0.052505	1.0	600
chr1:223748994-223749594	0.1389533333333337	1.0	600
chr1:223765181-223765781	0.04640833333333341	1.0	600
chr1:223845689-223846289	0.040251666666666734	1.0	600
chr1:223871404-223872004	0.17532833333333345	1.0	600
chr1:223884149-223884749	0.045416666666666765	1.0	600
chr1:223951154-223951754	0.1430700000000005	1.0	600
chr1:223952003-223952603	0.05250333333333341	1.0	600
chr1:223992334-223992934	0.040231666666666645	1.0	600
chr1:224113775-224114375	0.43228333333333324	1.0	600
chr1:224156225-224156825	0.05192833333333337	1.0	600
chr1:224182903-224183503	0.1597150000000001	1.0	600
chr1:224293514-224294114	0.0488583333333333	1.0	600
chr1:224330106-224330706	0.08244666666666663	1.0	600
chr1:224349651-224350251	0.16898499999999994	1.0	600
chr1:224356540-224357140	0.24296499999999976	1.0	600
chr1:224434597-224435197	0.5136349999999985	1.0	600
chr1:224580264-224580864	0.14320166666666684	1.0	600
chr1:224667158-224667758	0.06707000000000005	1.0	600
chr1:224667958-224668558	0.033120000000000094	1.0	600
chr1:224701008-224701608	0.04317166666666685	1.0	600
chr1:224887297-224887897	0.07708666666666669	1.0	600
chr1:225003445-225004045	0.052141666666666725	1.0	600
chr1:225070951-225071551	0.0	0.0	0
chr1:225102607-225103207	0.1357500000000002	1.0	600
chr1:225118055-225118655	0.01565	1.0	600
chr1:225400017-225400617	0.05385166666666676	1.0	600
chr1:225427901-225428501	0.1016483333333333	1.0	600
chr1:225467190-225467790	0.004248333333333326	1.0	600
chr1:225474845-225475445	0.026528333333333317	1.0	600
chr1:225508426-225509026	0.02846666666666667	1.0	600
chr1:225652873-225653473	0.02494999999999996	1.0	600
chr1:225695516-225696116	0.23727666666666675	1.0	600
chr1:225772171-225772771	0.10095166666666662	1.0	600
chr1:225777435-225778035	0.19001333333333328	1.0	600
chr1:225809769-225810369	0.021996666666666644	1.0	600
chr1:225827580-225828180	0.007083333333333316	1.0	600
chr1:225882197-225882797	0.10217333333333325	1.0	600
chr1:225924039-225924639	0.1204883333333336	1.0	600
chr1:225994198-225994798	0.014934999999999983	1.0	600
chr1:225999180-225999780	0.3147750000000004	1.0	600
chr1:226061701-226062301	0.046570000000000014	1.0	600
chr1:226062322-226062922	0.4625833333333329	1.0	600
chr1:226071215-226071815	0.7867100000000001	1.0	600
chr1:226083377-226083977	0.01709666666666668	1.0	600
chr1:226109738-226110338	0.0030333333333333215	1.0	600
chr1:226115218-226115818	0.16687000000000005	1.0	600
chr1:226122306-226122906	0.012051666666666667	1.0	600
chr1:226186393-226186993	0.5139333333333331	1.0	600
chr1:226225344-226225944	0.24139	1.0	600
chr1:226308976-226309576	0.3791450000000001	1.0	600
chr1:226407828-226408428	0.2446716666666669	1.0	600
chr1:226419081-226419681	0.10134500000000005	1.0	600
chr1:226491261-226491861	0.08020166666666671	1.0	600
chr1:226549741-226550341	0.060456666666666645	1.0	600
chr1:226603211-226603811	0.005581666666666654	1.0	600
chr1:226662602-226663202	0.21930333333333357	1.0	600
chr1:226679922-226680522	0.002541666666666661	1.0	600
chr1:226689628-226690228	0.10271833333333341	1.0	600
chr1:226703232-226703832	0.01765333333333331	1.0	600
chr1:226743202-226743802	0.1291066666666667	1.0	600
chr1:226827902-226828502	0.03865000000000001	1.0	600
chr1:226839526-226840126	0.01790333333333327	1.0	600
chr1:226939871-226940471	0.1526233333333334	1.0	600
chr1:227000158-227000758	0.005304999999999982	1.0	600
chr1:227189593-227190193	0.0623033333333334	1.0	600
chr1:227192592-227193192	0.10230499999999997	1.0	600
chr1:227318108-227318708	0.3115133333333335	1.0	600
chr1:227442537-227443137	0.10422833333333317	1.0	600
chr1:227449887-227450487	0.07804333333333331	1.0	600
chr1:227542381-227542981	0.015105000000000013	1.0	600
chr1:227563200-227563800	0.1438433333333336	1.0	600
chr1:227735015-227735615	0.2343766666666669	1.0	600
chr1:227787811-227788411	0.013634999999999979	1.0	600
chr1:227946501-227947101	0.24486166666666673	1.0	600
chr1:227947730-227948330	0.09020999999999987	1.0	600
chr1:227971996-227972596	0.030923333333333407	1.0	600
chr1:228064537-228065137	0.12528666666666669	1.0	600
chr1:228082310-228082910	0.11847833333333334	1.0	600
chr1:228087740-228088340	0.0026633333333333227	1.0	600
chr1:228103043-228103643	0.1871850000000003	1.0	600
chr1:228109075-228109675	0.009463333333333334	1.0	600
chr1:228139768-228140368	0.12164166666666665	1.0	600
chr1:228149399-228149999	0.09562166666666663	1.0	600
chr1:228165342-228165942	0.027233333333333345	1.0	600
chr1:228213371-228213971	0.36186666666666684	1.0	600
chr1:228374636-228375236	0.1445716666666669	1.0	600
chr1:228406821-228407421	0.04598000000000005	1.0	600
chr1:228411097-228411697	0.03962166666666685	1.0	600
chr1:228457657-228458257	0.43593000000000015	1.0	600
chr1:228487064-228487664	0.07236000000000002	1.0	600
chr1:228735099-228735699	0.054500000000000014	1.0	600
chr1:228792889-228793489	0.01177833333333332	1.0	600
chr1:228896230-228896830	0.02673333333333332	1.0	600
chr1:228915173-228915773	0.0761083333333333	1.0	600
chr1:228944614-228945214	0.13168833333333368	1.0	600
chr1:228988684-228989284	0.01824333333333332	1.0	600
chr1:229022506-229023106	0.09777666666666662	1.0	600
chr1:229070080-229070680	0.030458333333333466	1.0	600
chr1:229159571-229160171	0.01674666666666666	1.0	600
chr1:229229731-229230331	0.09010833333333332	1.0	600
chr1:229270859-229271459	0.14264833333333335	1.0	600
chr1:229342244-229342844	0.29643833333333314	1.0	600
chr1:229348643-229349243	0.01620999999999997	1.0	600
chr1:229472301-229472901	0.04395000000000011	1.0	600
chr1:229508119-229508719	0.12352333333333355	1.0	600
chr1:229558613-229559213	0.017603333333333325	1.0	600
chr1:229623429-229624029	0.006238333333333319	1.0	600
chr1:229625785-229626385	0.11607333333333346	1.0	600
chr1:229665717-229666317	0.04957166666666674	1.0	600
chr1:229762623-229763223	0.010216666666666657	1.0	600
chr1:229792653-229793253	0.027766666666666686	1.0	600
chr1:229858892-229859492	0.005399999999999976	1.0	600
chr1:229884245-229884845	0.04589666666666677	1.0	600
chr1:229903047-229903647	0.20181000000000013	1.0	600
chr1:230037162-230037762	0.26788666666666633	1.0	600
chr1:230045416-230046016	0.0037433333333333134	1.0	600
chr1:230066838-230067438	0.4158533333333337	1.0	600
chr1:230104587-230105187	0.16372333333333336	1.0	600
chr1:230153448-230154048	0.2834733333333333	1.0	600
chr1:230327888-230328488	0.008061666666666668	1.0	600
chr1:230336742-230337342	0.28974833333333344	1.0	600
chr1:230375621-230376221	0.007819999999999999	1.0	600
chr1:230426132-230426732	0.05657500000000002	1.0	600
chr1:230543234-230543834	0.09524333333333332	1.0	600
chr1:230556742-230557342	0.07140333333333333	1.0	600
chr1:230589682-230590282	0.08877833333333328	1.0	600
chr1:230602944-230603544	0.0	0.0	0
chr1:230642423-230643023	0.20786166666666697	1.0	600
chr1:230657961-230658561	0.2390183333333331	1.0	600
chr1:230710006-230710606	0.4150100000000003	1.0	600
chr1:230806845-230807445	0.11579499999999998	1.0	600
chr1:230856921-230857521	0.0031216666666666532	1.0	600
chr1:230858922-230859522	0.19565000000000013	1.0	600
chr1:230868267-230868867	0.4037783333333334	1.0	600
chr1:230878646-230879246	0.2221266666666667	1.0	600
chr1:230917636-230918236	0.007823333333333344	1.0	600
chr1:230978634-230979234	0.33946666666666675	1.0	600
chr1:231039967-231040567	0.19221500000000016	1.0	600
chr1:231053699-231054299	0.03859000000000006	1.0	600
chr1:231176374-231176974	0.0825466666666666	1.0	600
chr1:231240865-231241465	0.3579150000000003	1.0	600
chr1:231421956-231422556	0.10724333333333329	1.0	600
chr1:231439592-231440192	0.19041833333333325	1.0	600
chr1:231528299-231528899	0.09106333333333334	1.0	600
chr1:231618573-231619173	0.20639999999999994	1.0	600
chr1:231626336-231626936	0.10798666666666668	1.0	600
chr1:231642956-231643556	0.1687200000000002	1.0	600
chr1:231756706-231757306	0.035658333333333334	1.0	600
chr1:231888932-231889532	0.0038783333333333257	1.0	600
chr1:231986800-231987400	0.4997416666666664	1.0	600
chr1:232004163-232004763	0.06985	1.0	600
chr1:232068066-232068666	0.05675499999999994	1.0	600
chr1:232077656-232078256	0.007074999999999991	1.0	600
chr1:232142462-232143062	0.46209666666666627	1.0	600
chr1:232169316-232169916	0.01634166666666663	1.0	600
chr1:232349855-232350455	0.008236666666666661	1.0	600
chr1:232626939-232627539	0.1132433333333334	1.0	600
chr1:232629973-232630573	0.10288166666666672	1.0	600
chr1:232709021-232709621	0.06801166666666668	1.0	600
chr1:232733343-232733943	0.030775000000000052	1.0	600
chr1:232885237-232885837	0.02710666666666668	1.0	600
chr1:232892614-232893214	0.013275000000000004	1.0	600
chr1:232939921-232940521	0.004429999999999993	1.0	600
chr1:233050798-233051398	0.1697133333333333	1.0	600
chr1:233147989-233148589	0.037378333333333326	1.0	600
chr1:233240960-233241560	0.025059999999999992	1.0	600
chr1:233387746-233388346	0.09882999999999996	1.0	600
chr1:233555861-233556461	0.021323333333333278	1.0	600
chr1:233578030-233578630	0.08735666666666667	1.0	600
chr1:233657914-233658514	0.028111666666666646	1.0	600
chr1:233725966-233726566	0.05153500000000007	1.0	600
chr1:233758757-233759357	0.06369000000000011	1.0	600
chr1:233764717-233765317	0.11310833333333328	1.0	600
chr1:233817105-233817705	0.033503333333333433	1.0	600
chr1:233947452-233948052	0.012703333333333339	1.0	600
chr1:234264734-234265334	0.08566333333333331	1.0	600
chr1:234326497-234327097	0.012014999999999998	1.0	600
chr1:234373422-234374022	0.03752833333333341	1.0	600
chr1:234427691-234428291	0.12978000000000017	1.0	600
chr1:234478453-234479053	0.13618166666666662	1.0	600
chr1:234498958-234499558	0.10857	1.0	600
chr1:234547938-234548538	0.004723333333333307	1.0	600
chr1:234599905-234600505	0.1333983333333334	1.0	600
chr1:234610778-234611378	0.13085500000000028	1.0	600
chr1:234723968-234724568	0.8257299999999997	1.0	600
chr1:234795952-234796552	0.4028450000000002	1.0	600
chr1:234870009-234870609	0.21749833333333338	1.0	600
chr1:234987420-234988020	0.15133333333333346	1.0	600
chr1:234997234-234997834	0.10061833333333324	1.0	600
chr1:235083553-235084153	0.11333000000000013	1.0	600
chr1:235104106-235104706	0.01756999999999997	1.0	600
chr1:235128567-235129167	0.2371150000000001	1.0	600
chr1:235160984-235161584	0.07582666666666665	1.0	600
chr1:235243438-235244038	0.025513333333333294	1.0	600
chr1:235328182-235328782	0.5361283333333333	1.0	600
chr1:235367036-235367636	0.053813333333333366	1.0	600
chr1:235455825-235456425	0.02700333333333333	1.0	600
chr1:235504263-235504863	0.13684666666666687	1.0	600
chr1:235518555-235519155	0.14379666666666696	1.0	600
chr1:235644420-235645020	0.012486666666666672	1.0	600
chr1:235696119-235696719	0.012543333333333356	1.0	600
chr1:235724315-235724915	0.0433850000000001	1.0	600
chr1:235866758-235867358	0.15809499999999999	1.0	600
chr1:235927444-235928044	0.2783200000000003	1.0	600
chr1:235971671-235972271	0.060509999999999876	1.0	600
chr1:235979711-235980311	0.2391516666666668	1.0	600
chr1:236063703-236064303	0.10618499999999996	1.0	600
chr1:236064934-236065534	0.27273833333333347	1.0	600
chr1:236088982-236089582	0.0455983333333334	1.0	600
chr1:236129320-236129920	0.049693333333333395	1.0	600
chr1:236135288-236135888	0.01716499999999998	1.0	600
chr1:236281741-236282341	0.19382333333333338	1.0	600
chr1:236523686-236524286	0.015361666666666659	1.0	600
chr1:236604280-236604880	0.07019666666666662	1.0	600
chr1:236607785-236608385	0.00871500000000001	1.0	600
chr1:236665307-236665907	0.07645833333333334	1.0	600
chr1:236794909-236795509	0.06444666666666671	1.0	600
chr1:236841776-236842376	0.05045666666666671	1.0	600
chr1:236895700-236896300	0.018146666666666648	1.0	600
chr1:237062592-237063192	0.024614999999999956	1.0	600
chr1:237103024-237103624	0.012169999999999985	1.0	600
chr1:237253374-237253974	0.07422666666666662	1.0	600
chr1:237330165-237330765	0.24980000000000022	1.0	600
chr1:237422908-237423508	0.24179166666666665	1.0	600
chr1:237444563-237445163	0.036663333333333346	1.0	600
chr1:238018771-238019371	0.009934999999999998	1.0	600
chr1:238198203-238198803	0.013143333333333344	1.0	600
chr1:238230210-238230810	0.00648499999999998	1.0	600
chr1:238359278-238359878	0.017139999999999996	1.0	600
chr1:238480799-238481399	0.03803833333333334	1.0	600
chr1:238669802-238670402	0.07422000000000006	1.0	600
chr1:238725224-238725824	0.17876333333333316	1.0	600
chr1:238805125-238805725	0.020685000000000026	1.0	600
chr1:238959907-238960507	0.07783499999999996	1.0	600
chr1:238976183-238976783	0.017323333333333316	1.0	600
chr1:239038346-239038946	0.04024333333333332	1.0	600
chr1:239398589-239399189	0.04284000000000015	1.0	600
chr1:239521920-239522520	0.002896666666666658	1.0	600
chr1:239541433-239542033	0.014248333333333302	1.0	600
chr1:239545315-239545915	0.08447833333333327	1.0	600
chr1:239897993-239898593	0.1379683333333336	1.0	600
chr1:239923842-239924442	0.051144999999999996	1.0	600
chr1:240011513-240012113	0.004764999999999986	1.0	600
chr1:240026863-240027463	0.057873333333333284	1.0	600
chr1:240039829-240040429	0.06872160356347431	0.7483333333333333	449
chr1:240058032-240058632	0.1748283333333335	1.0	600
chr1:240091563-240092163	0.3682449999999998	1.0	600
chr1:240092515-240093115	0.3702266666666667	1.0	600
chr1:240259815-240260415	0.041146666666666644	1.0	600
chr1:240334386-240334986	0.0262683333333333	1.0	600
chr1:240594571-240595171	0.01284999999999998	1.0	600
chr1:240600748-240601348	0.08208500000000005	1.0	600
chr1:240611767-240612367	0.3805849999999999	1.0	600
chr1:240950160-240950760	0.004454999999999975	1.0	600
chr1:241356452-241357052	0.2913166666666668	1.0	600
chr1:241519502-241520102	0.15003500000000003	1.0	600
chr1:241640118-241640718	0.04380333333333344	1.0	600
chr1:241654715-241655315	0.08942333333333322	1.0	600
chr1:241664043-241664643	0.03942833333333342	1.0	600
chr1:241827954-241828554	0.058141666666666626	1.0	600
chr1:241847872-241848472	0.09305499999999996	1.0	600
chr1:241877568-241878168	0.07740166666666658	1.0	600
chr1:241881458-241882058	0.10619	1.0	600
chr1:241904024-241904624	0.029346666666666726	1.0	600
chr1:242024486-242025086	0.0056866666666666454	1.0	600
chr1:242051718-242052318	0.1859466666666668	1.0	600
chr1:242211917-242212517	0.13026333333333365	1.0	600
chr1:242355447-242356047	0.28702833333333333	1.0	600
chr1:242376241-242376841	0.5363516666666666	1.0	600
chr1:242405822-242406422	0.004868333333333321	1.0	600
chr1:242431388-242431988	0.021189999999999976	1.0	600
chr1:242636474-242637074	0.07404833333333329	1.0	600
chr1:242739705-242740305	0.04861833333333334	1.0	600
chr1:242815876-242816476	0.04012	1.0	600
chr1:242943280-242943880	0.05343666666666676	1.0	600
chr1:243255543-243256143	0.19869166666666677	1.0	600
chr1:243421241-243421841	0.17676000000000006	1.0	600
chr1:243421969-243422569	0.6931683333333334	1.0	600
chr1:243517797-243518397	0.09857000000000006	1.0	600
chr1:243618426-243619026	0.17569666666666706	1.0	600
chr1:243667730-243668330	0.016074999999999992	1.0	600
chr1:243723139-243723739	0.28164833333333356	1.0	600
chr1:243739469-243740069	0.005501666666666651	1.0	600
chr1:243850375-243850975	0.46002666666666625	1.0	600
chr1:243930996-243931596	0.20313166666666668	1.0	600
chr1:243933979-243934579	0.042341666666666715	1.0	600
chr1:243962114-243962714	0.33515000000000006	1.0	600
chr1:243996100-243996700	0.4166866666666666	1.0	600
chr1:244048054-244048654	0.2781483333333333	1.0	600
chr1:244196825-244197425	0.28342000000000006	1.0	600
chr1:244203655-244204255	0.2839316666666667	1.0	600
chr1:244212606-244213206	0.2568733333333335	1.0	600
chr1:244272596-244273196	0.5971799999999996	1.0	600
chr1:244345141-244345741	0.022924999999999963	1.0	600
chr1:244431062-244431662	0.08311666666666667	1.0	600
chr1:244451726-244452326	0.3055533333333336	1.0	600
chr1:244461088-244461688	0.07604499999999996	1.0	600
chr1:244524235-244524835	0.13362666666666684	1.0	600
chr1:244607335-244607935	0.014748333333333325	1.0	600
chr1:244652766-244653366	0.36222000000000015	1.0	600
chr1:244660746-244661346	0.04996833333333342	1.0	600
chr1:244799000-244799600	0.03760166666666662	1.0	600
chr1:244835007-244835607	0.1820700000000002	1.0	600
chr1:244862944-244863544	0.37345666666666666	1.0	600
chr1:244864311-244864911	0.48147333333333253	1.0	600
chr1:244901704-244902304	0.008641666666666633	1.0	600
chr1:244906912-244907512	0.0589133333333334	1.0	600
chr1:244918611-244919211	0.054130000000000005	1.0	600
chr1:244970524-244971124	0.046316666666666645	1.0	600
chr1:245045278-245045878	0.10136166666666678	1.0	600
chr1:245091510-245092110	0.06783	1.0	600
chr1:245107020-245107620	0.0031733333333333097	1.0	600
chr1:245356166-245356766	0.014091666666666646	1.0	600
chr1:245458896-245459496	0.1688050000000002	1.0	600
chr1:245470019-245470619	0.0038933333333333138	1.0	600
chr1:245670541-245671141	0.05603166666666663	1.0	600
chr1:245812902-245813502	0.02384999999999996	1.0	600
chr1:245913755-245914355	0.08042500000000018	1.0	600
chr1:246033802-246034402	0.030853333333333368	1.0	600
chr1:246245519-246246119	0.04991333333333337	1.0	600
chr1:246320098-246320698	0.18375500000000008	1.0	600
chr1:246452246-246452846	0.048200000000000076	1.0	600
chr1:246476639-246477239	0.37009333333333344	1.0	600
chr1:246516130-246516730	0.1147583333333333	1.0	600
chr1:246549960-246550560	0.09904	1.0	600
chr1:246566097-246566697	0.3361866666666667	1.0	600
chr1:246695040-246695640	0.05493499999999982	1.0	600
chr1:246723997-246724597	0.2775816666666667	1.0	600
chr1:246737041-246737641	0.047105000000000036	1.0	600
chr1:246860159-246860759	0.047295000000000066	1.0	600
chr1:246931688-246932288	0.10976499999999997	1.0	600
chr1:246947091-246947691	0.036116666666666686	1.0	600
chr1:247078520-247079120	0.03610500000000001	1.0	600
chr1:247104146-247104746	0.05373833333333341	1.0	600
chr1:247111664-247112264	0.032341666666666706	1.0	600
chr1:247126069-247126669	0.011106666666666643	1.0	600
chr1:247171776-247172376	0.0346333333333333	1.0	600
chr1:247210619-247211219	0.050995000000000006	1.0	600
chr1:247331574-247332174	0.09856000000000002	1.0	600
chr1:247351648-247352248	0.07966833333333334	1.0	600
chr1:247372618-247373218	0.04322166666666669	1.0	600
chr1:247390027-247390627	0.02509833333333332	1.0	600
chr1:247426401-247427001	0.0034616666666666494	1.0	600
chr1:247535480-247536080	0.008161666666666668	1.0	600
chr1:247639195-247639795	0.03402000000000002	1.0	600
chr1:247681185-247681785	0.00985166666666664	1.0	600
chr1:247752594-247753194	0.1519383333333333	1.0	600
chr1:247850778-247851378	0.0024833333333333244	1.0	600
chr1:247857362-247857962	0.14824000000000015	1.0	600
chr1:247887325-247887925	0.04998000000000008	1.0	600
chr1:247914759-247915359	0.05725	1.0	600
chr1:247936845-247937445	0.2459083333333334	1.0	600
chr1:248002026-248002626	0.018669999999999985	1.0	600
chr1:248052898-248053498	0.08585000000000004	1.0	600
chr1:248189025-248189625	0.22585666666666648	1.0	600
chr1:248340587-248341187	0.12578166666666668	1.0	600
chr1:248422987-248423587	0.16690166666666664	1.0	600
chr1:248535753-248536353	0.07059166666666662	1.0	600
chr1:248807011-248807611	0.02671499999999999	1.0	600
chr1:248825699-248826299	0.13590000000000005	1.0	600
chr1:248837879-248838479	0.007295000000000004	1.0	600
chr1:248858744-248859344	0.14374000000000012	1.0	600
chr1:248863072-248863672	0.021268333333333334	1.0	600
chr1:248873493-248874093	0.15160999999999997	1.0	600
chr1:248905873-248906473	0.09086500000000002	1.0	600
chr2:26027-26627	0.012401666666666648	1.0	600
chr2:264595-265195	0.08545666666666668	1.0	600
chr2:274261-274861	0.0029833333333333214	1.0	600
chr2:676717-677317	0.04682333333333333	1.0	600
chr2:715292-715892	0.009693333333333352	1.0	600
chr2:720041-720641	0.029165000000000035	1.0	600
chr2:1082894-1083494	0.004624999999999994	1.0	600
chr2:1366466-1367066	0.000706666666666667	1.0	600
chr2:1421500-1422100	0.0031933333333333193	1.0	600
chr2:1611655-1612255	0.13561833333333376	1.0	600
chr2:1641407-1642007	0.011239999999999993	1.0	600
chr2:1678745-1679345	0.4535283333333332	1.0	600
chr2:1762741-1763341	0.0902316666666667	1.0	600
chr2:1817384-1817984	0.04788166666666674	1.0	600
chr2:1833611-1834211	0.001153333333333334	1.0	600
chr2:1854667-1855267	0.07071666666666668	1.0	600
chr2:1857504-1858104	0.013264999999999983	1.0	600
chr2:2012457-2013057	0.025474999999999966	1.0	600
chr2:2014313-2014913	0.031061666666666734	1.0	600
chr2:2127279-2127879	0.0012700000000000003	1.0	600
chr2:2454862-2455462	0.08195333333333338	1.0	600
chr2:2489309-2489909	0.0069516666666666616	1.0	600
chr2:2557495-2558095	0.00870833333333332	1.0	600
chr2:2568166-2568766	0.004206666666666643	1.0	600
chr2:2577202-2577802	0.030886666666666673	1.0	600
chr2:2613274-2613874	0.006859999999999998	1.0	600
chr2:2743059-2743659	0.0025399999999999893	1.0	600
chr2:2959281-2959881	0.0021399999999999935	1.0	600
chr2:3040602-3041202	0.04817166666666676	1.0	600
chr2:3110404-3111004	0.012489999999999975	1.0	600
chr2:3176233-3176833	0.03368666666666682	1.0	600
chr2:3209522-3210122	0.004584999999999983	1.0	600
chr2:3293280-3293880	0.00048666666666666693	1.0	600
chr2:3303504-3304104	0.010173333333333333	1.0	600
chr2:3319677-3320277	0.0042866666666666635	1.0	600
chr2:3349062-3349662	0.007443333333333319	1.0	600
chr2:3377702-3378302	0.07058666666666655	1.0	600
chr2:3379404-3380004	0.0715716666666667	1.0	600
chr2:3470036-3470636	0.029074999999999983	1.0	600
chr2:3518253-3518853	0.017793333333333296	1.0	600
chr2:3519307-3519907	0.1551466666666671	1.0	600
chr2:3558151-3558751	0.06536666666666666	1.0	600
chr2:3574946-3575546	0.12103333333333331	1.0	600
chr2:3650876-3651476	0.1008249999999999	1.0	600
chr2:4007078-4007678	0.003348333333333316	1.0	600
chr2:4301990-4302590	0.021846666666666622	1.0	600
chr2:4328088-4328688	0.024344999999999978	1.0	600
chr2:4491378-4491978	0.0024283333333333292	1.0	600
chr2:4604443-4605043	0.0022666666666666543	1.0	600
chr2:5011593-5012193	0.013883333333333343	1.0	600
chr2:5267051-5267651	0.015449999999999988	1.0	600
chr2:5290191-5290791	0.0032766666666666495	1.0	600
chr2:5572141-5572741	0.497568333333334	1.0	600
chr2:6080752-6081352	0.07492666666666666	1.0	600
chr2:6492159-6492759	0.0747183333333334	1.0	600
chr2:6682762-6683362	0.1384700000000002	1.0	600
chr2:6805319-6805919	0.09375333333333331	1.0	600
chr2:6841114-6841714	0.25427	1.0	600
chr2:6858652-6859252	0.19310166666666678	1.0	600
chr2:6917071-6917671	0.05137333333333334	1.0	600
chr2:6932725-6933325	0.06906833333333319	1.0	600
chr2:7007880-7008480	0.002178333333333325	1.0	600
chr2:7037636-7038236	0.01727666666666666	1.0	600
chr2:7133502-7134102	0.016688333333333312	1.0	600
chr2:7202858-7203458	0.44624666666666646	1.0	600
chr2:7207335-7207935	0.0009333333333333338	1.0	600
chr2:7297900-7298500	0.056053333333333295	1.0	600
chr2:7411224-7411824	0.0025483333333333287	1.0	600
chr2:7655975-7656575	0.02311833333333329	1.0	600
chr2:7929552-7930152	0.8418233333333335	1.0	600
chr2:7957927-7958527	0.00306166666666666	1.0	600
chr2:8570130-8570730	0.06301833333333326	1.0	600
chr2:8583583-8584183	0.10188333333333333	1.0	600
chr2:8627615-8628215	0.0015216666666666677	1.0	600
chr2:8676403-8677003	0.2712299999999999	1.0	600
chr2:8678594-8679194	0.6698066666666663	1.0	600
chr2:8681647-8682247	0.3476366666666667	1.0	600
chr2:8707783-8708383	0.11958000000000008	1.0	600
chr2:8753941-8754541	0.7005033333333335	1.0	600
chr2:8837373-8837973	0.07984166666666662	1.0	600
chr2:8881352-8881952	0.0019483333333333282	1.0	600
chr2:8926295-8926895	0.01265000000000001	1.0	600
chr2:8943936-8944536	0.012339999999999986	1.0	600
chr2:9003687-9004287	0.05005499999999998	1.0	600
chr2:9008882-9009482	0.0037783333333333206	1.0	600
chr2:9142639-9143239	0.010691666666666681	1.0	600
chr2:9178805-9179405	0.13708166666666663	1.0	600
chr2:9190914-9191514	0.20647000000000018	1.0	600
chr2:9206462-9207062	0.04981666666666671	1.0	600
chr2:9260305-9260905	0.015368333333333319	1.0	600
chr2:9316253-9316853	0.01631999999999999	1.0	600
chr2:9422940-9423540	0.031911666666666665	1.0	600
chr2:9474263-9474863	0.08279999999999998	1.0	600
chr2:9555612-9556212	0.16902833333333342	1.0	600
chr2:9594540-9595140	0.20705333333333326	1.0	600
chr2:9630786-9631386	0.4388983333333332	1.0	600
chr2:9799586-9800186	0.04506833333333337	1.0	600
chr2:9843393-9843993	0.13646666666666674	1.0	600
chr2:9858280-9858880	0.08820833333333337	1.0	600
chr2:9951236-9951836	0.3150466666666666	1.0	600
chr2:9991517-9992117	0.14751166666666668	1.0	600
chr2:10009761-10010361	0.03922500000000004	1.0	600
chr2:10027063-10027663	0.11495833333333363	1.0	600
chr2:10036589-10037189	0.07703833333333321	1.0	600
chr2:10043190-10043790	0.15838166666666673	1.0	600
chr2:10217568-10218168	0.0031166666666666617	1.0	600
chr2:10222170-10222770	0.02351333333333332	1.0	600
chr2:10278175-10278775	0.027370000000000005	1.0	600
chr2:10302527-10303127	0.14590833333333353	1.0	600
chr2:10448218-10448818	0.1955050000000002	1.0	600
chr2:10516159-10516759	0.02641333333333333	1.0	600
chr2:10803355-10803955	0.02597499999999998	1.0	600
chr2:10812531-10813131	0.16711	1.0	600
chr2:10841349-10841949	0.021865	1.0	600
chr2:10876903-10877503	0.02871333333333334	1.0	600
chr2:11132751-11133351	0.06787666666666674	1.0	600
chr2:11155071-11155671	0.2067283333333333	1.0	600
chr2:11344401-11345001	0.004511666666666652	1.0	600
chr2:11374414-11375014	0.21353166666666676	1.0	600
chr2:11432444-11433044	0.04676499999999999	1.0	600
chr2:11465945-11466545	0.08717666666666661	1.0	600
chr2:11498568-11499168	0.06482333333333332	1.0	600
chr2:11508162-11508762	0.029168333333333324	1.0	600
chr2:11557359-11557959	0.0062016666666666566	1.0	600
chr2:11584059-11584659	0.07104499999999998	1.0	600
chr2:11594934-11595534	0.22899833333333333	1.0	600
chr2:11619482-11620082	0.007689999999999987	1.0	600
chr2:11669678-11670278	0.5812866666666653	1.0	600
chr2:11680253-11680853	0.08285666666666672	1.0	600
chr2:11688310-11688910	0.0944283333333333	1.0	600
chr2:11746248-11746848	0.06353499999999994	1.0	600
chr2:11779051-11779651	0.19032833333333332	1.0	600
chr2:11829826-11830426	0.20133333333333336	1.0	600
chr2:11863537-11864137	0.30398333333333327	1.0	600
chr2:12154877-12155477	0.012091666666666678	1.0	600
chr2:12167431-12168031	0.012315000000000012	1.0	600
chr2:12351333-12351933	0.0036916666666666573	1.0	600
chr2:12459367-12459967	0.0029799999999999857	1.0	600
chr2:12615626-12616226	0.01875	1.0	600
chr2:12716553-12717153	0.45512333333333327	1.0	600
chr2:12717422-12718022	0.44663166666666615	1.0	600
chr2:12804759-12805359	0.04102833333333341	1.0	600
chr2:12811318-12811918	0.11418833333333336	1.0	600
chr2:12923278-12923878	0.012828333333333336	1.0	600
chr2:12978989-12979589	0.17610333333333367	1.0	600
chr2:13006783-13007383	0.07095999999999993	1.0	600
chr2:13068913-13069513	0.045533333333333356	1.0	600
chr2:13116757-13117357	0.007401666666666665	1.0	600
chr2:13348084-13348684	0.025211666666666667	1.0	600
chr2:13390918-13391518	0.015118333333333333	1.0	600
chr2:13467143-13467743	0.009738333333333338	1.0	600
chr2:14596234-14596834	0.07733499999999995	1.0	600
chr2:14632371-14632971	0.2553683333333332	1.0	600
chr2:14634240-14634840	0.9282499999999997	1.0	600
chr2:14643854-14644454	0.0932683333333331	1.0	600
chr2:14816541-14817141	0.026044999999999995	1.0	600
chr2:14929026-14929626	0.04369166666666664	1.0	600
chr2:14981723-14982323	0.017931666666666617	1.0	600
chr2:14989255-14989855	0.008523333333333329	1.0	600
chr2:15488611-15489211	0.20470000000000002	1.0	600
chr2:15561054-15561654	0.17337833333333352	1.0	600
chr2:15591516-15592116	0.08440166666666661	1.0	600
chr2:15637174-15637774	0.26068666666666684	1.0	600
chr2:15763116-15763716	0.05992666666666667	1.0	600
chr2:15800834-15801434	0.13624500000000014	1.0	600
chr2:15842969-15843569	0.26125833333333376	1.0	600
chr2:15875144-15875744	0.021048333333333325	1.0	600
chr2:15940123-15940723	0.6044466666666672	1.0	600
chr2:15984212-15984812	0.5647933333333333	1.0	600
chr2:16043598-16044198	0.006576666666666643	1.0	600
chr2:16069809-16070409	0.7464633333333333	1.0	600
chr2:16113879-16114479	0.0017833333333333327	1.0	600
chr2:16398597-16399197	0.006414999999999987	1.0	600
chr2:16608570-16609170	0.4346066666666667	1.0	600
chr2:16650216-16650816	0.04135000000000002	1.0	600
chr2:16665660-16666260	0.0801516666666665	1.0	600
chr2:16830025-16830625	0.055494999999999996	1.0	600
chr2:16868351-16868951	0.044730000000000145	1.0	600
chr2:17450023-17450623	0.20410500000000018	1.0	600
chr2:17518263-17518863	0.053346666666666716	1.0	600
chr2:17538791-17539391	0.10951833333333338	1.0	600
chr2:17620116-17620716	0.08800166666666662	1.0	600
chr2:17636065-17636665	0.0014316666666666677	1.0	600
chr2:17639725-17640325	0.06934166666666676	1.0	600
chr2:17753530-17754130	0.15660333333333334	1.0	600
chr2:17830424-17831024	0.003546666666666655	1.0	600
chr2:17878319-17878919	0.2225233333333335	1.0	600
chr2:17957132-17957732	0.02388499999999997	1.0	600
chr2:18059149-18059749	0.060188333333333344	1.0	600
chr2:18067529-18068129	0.002499999999999994	1.0	600
chr2:18095247-18095847	0.008384999999999988	1.0	600
chr2:18211120-18211720	0.00580833333333333	1.0	600
chr2:18298973-18299573	0.1742466666666673	1.0	600
chr2:18411651-18412251	0.4565500000000001	1.0	600
chr2:18560392-18560992	0.1930183333333335	1.0	600
chr2:18601929-18602529	0.03989333333333332	1.0	600
chr2:18629072-18629672	0.08866833333333338	1.0	600
chr2:18946263-18946863	0.03900000000000004	1.0	600
chr2:19267718-19268318	0.021488333333333314	1.0	600
chr2:19269178-19269778	0.09385166666666657	1.0	600
chr2:19347801-19348401	0.024346666666666645	1.0	600
chr2:19468629-19469229	0.00782333333333332	1.0	600
chr2:19604800-19605400	0.18264833333333358	1.0	600
chr2:19859735-19860335	0.3242816666666666	1.0	600
chr2:19901426-19902026	0.14672166666666672	1.0	600
chr2:19914335-19914935	0.10344166666666667	1.0	600
chr2:19989852-19990452	0.1498466666666668	1.0	600
chr2:20051444-20052044	0.21739333333333363	1.0	600
chr2:20098045-20098645	0.047711666666666715	1.0	600
chr2:20138346-20138946	0.00811999999999999	1.0	600
chr2:20350577-20351177	0.6004566666666659	1.0	600
chr2:20378943-20379543	0.029891666666666712	1.0	600
chr2:20446718-20447318	0.19606333333333342	1.0	600
chr2:20450594-20451194	0.4664183333333333	1.0	600
chr2:20483385-20483985	0.021956666666666656	1.0	600
chr2:20539788-20540388	0.07888333333333339	1.0	600
chr2:20593228-20593828	0.008578333333333335	1.0	600
chr2:20599015-20599615	0.09478666666666673	1.0	600
chr2:20617794-20618394	0.03955166666666669	1.0	600
chr2:20650869-20651469	0.10641833333333324	1.0	600
chr2:20815756-20816356	0.0943500000000002	1.0	600
chr2:20854395-20854995	0.029775000000000034	1.0	600
chr2:20914928-20915528	0.01298166666666668	1.0	600
chr2:20922685-20923285	0.012736666666666677	1.0	600
chr2:21038419-21039019	0.008746666666666665	1.0	600
chr2:21075021-21075621	0.10973333333333336	1.0	600
chr2:21441906-21442506	0.011713333333333345	1.0	600
chr2:21516864-21517464	0.09538166666666656	1.0	600
chr2:21768256-21768856	0.013500000000000012	1.0	600
chr2:21818162-21818762	0.4599249999999994	1.0	600
chr2:21991933-21992533	0.03594166666666663	1.0	600
chr2:22132699-22133299	0.051710000000000145	1.0	600
chr2:22348988-22349588	0.0014383333333333342	1.0	600
chr2:22379526-22380126	0.0038999999999999885	1.0	600
chr2:22417278-22417878	0.06173166666666669	1.0	600
chr2:22844003-22844603	0.0022966666666666613	1.0	600
chr2:23137783-23138383	0.06152333333333336	1.0	600
chr2:23293816-23294416	0.2654066666666667	1.0	600
chr2:23300678-23301278	0.014241666666666675	1.0	600
chr2:23384759-23385359	0.16721166666666684	1.0	600
chr2:23462301-23462901	0.03697000000000005	1.0	600
chr2:23524173-23524773	0.13504000000000022	1.0	600
chr2:23563680-23564280	0.3302150000000002	1.0	600
chr2:23595874-23596474	0.109965	1.0	600
chr2:23617067-23617667	0.12422000000000033	1.0	600
chr2:23901731-23902331	0.09375500000000002	1.0	600
chr2:23926874-23927474	0.27894166666666675	1.0	600
chr2:23940122-23940722	0.060698333333333326	1.0	600
chr2:23944469-23945069	0.18379166666666674	1.0	600
chr2:24027397-24027997	0.20132999999999993	1.0	600
chr2:24047200-24047800	0.07320500000000002	1.0	600
chr2:24076233-24076833	0.09033833333333335	1.0	600
chr2:24084180-24084780	0.21182500000000026	1.0	600
chr2:24123084-24123684	0.016549999999999995	1.0	600
chr2:24203391-24203991	0.39621999999999996	1.0	600
chr2:24231534-24232134	0.17894500000000013	1.0	600
chr2:24245341-24245941	0.043536666666666654	1.0	600
chr2:24249936-24250536	0.10228499999999997	1.0	600
chr2:24283122-24283722	0.11933500000000014	1.0	600
chr2:24307020-24307620	0.03892000000000002	1.0	600
chr2:24425197-24425797	0.31184500000000004	1.0	600
chr2:24467145-24467745	0.03745333333333332	1.0	600
chr2:24487368-24487968	0.13274833333333388	1.0	600
chr2:24490641-24491241	0.2233516666666668	1.0	600
chr2:24644659-24645259	0.038110000000000026	1.0	600
chr2:24793080-24793680	0.4034850000000003	1.0	600
chr2:24919984-24920584	0.0869433333333333	1.0	600
chr2:24962583-24963183	0.04734500000000003	1.0	600
chr2:24971728-24972328	0.3019116666666669	1.0	600
chr2:25041846-25042446	0.11690500000000002	1.0	600
chr2:25097903-25098503	0.0020416666666666656	1.0	600
chr2:25173087-25173687	0.022689999999999974	1.0	600
chr2:25283926-25284526	0.009873333333333357	1.0	600
chr2:25342246-25342846	0.3208366666666667	1.0	600
chr2:25361893-25362493	0.05527166666666671	1.0	600
chr2:25435335-25435935	0.018969999999999994	1.0	600
chr2:25449400-25450000	0.04787500000000003	1.0	600
chr2:25673389-25673989	0.11353500000000011	1.0	600
chr2:25878255-25878855	0.5452566666666655	1.0	600
chr2:25971935-25972535	0.12162166666666668	1.0	600
chr2:25982389-25982989	0.2911116666666669	1.0	600
chr2:25984833-25985433	0.020928333333333323	1.0	600
chr2:26001584-26002184	0.02437166666666662	1.0	600
chr2:26033623-26034223	0.3466666666666667	1.0	600
chr2:26184625-26185225	0.5940533333333328	1.0	600
chr2:26244348-26244948	0.20572000000000018	1.0	600
chr2:26345669-26346269	0.3100066666666668	1.0	600
chr2:26432734-26433334	0.059423333333333266	1.0	600
chr2:26503326-26503926	0.14664333333333338	1.0	600
chr2:26700691-26701291	0.027049999999999994	1.0	600
chr2:26706338-26706938	0.02232999999999999	1.0	600
chr2:26763933-26764533	0.22017666666666666	1.0	600
chr2:26772258-26772858	0.027831666666666675	1.0	600
chr2:26785669-26786269	0.14458666666666667	1.0	600
chr2:27006015-27006615	0.12907500000000033	1.0	600
chr2:27032581-27033181	0.3266683333333335	1.0	600
chr2:27050478-27051078	0.15270166666666668	1.0	600
chr2:27069161-27069761	0.3911150000000002	1.0	600
chr2:27071462-27072062	0.14599000000000012	1.0	600
chr2:27086319-27086919	0.07156666666666672	1.0	600
chr2:27123459-27124059	0.10069000000000002	1.0	600
chr2:27134471-27135071	0.053620000000000126	1.0	600
chr2:27211671-27212271	0.03333500000000001	1.0	600
chr2:27217078-27217678	0.27330833333333343	1.0	600
chr2:27283081-27283681	0.06563833333333341	1.0	600
chr2:27356700-27357300	0.2982183333333335	1.0	600
chr2:27370071-27370671	0.0935066666666667	1.0	600
chr2:27380453-27381053	0.3511316666666668	1.0	600
chr2:27409349-27409949	0.5259299999999995	1.0	600
chr2:27428277-27428877	0.37035499999999966	1.0	600
chr2:27489603-27490203	0.2394266666666671	1.0	600
chr2:27663342-27663942	0.10411999999999995	1.0	600
chr2:27689239-27689839	0.01866666666666666	1.0	600
chr2:27735360-27735960	0.1286566666666669	1.0	600
chr2:27753998-27754598	0.1047733333333332	1.0	600
chr2:27771348-27771948	0.10943666666666665	1.0	600
chr2:27890351-27890951	0.4217016666666668	1.0	600
chr2:27890957-27891557	0.36115666666666674	1.0	600
chr2:27957767-27958367	0.0485583333333334	1.0	600
chr2:27959352-27959952	0.19483166666666676	1.0	600
chr2:27999765-28000365	0.10370166666666672	1.0	600
chr2:28136858-28137458	0.4458833333333334	1.0	600
chr2:28154993-28155593	0.13801666666666684	1.0	600
chr2:28327858-28328458	0.4171599999999999	1.0	600
chr2:28392462-28393062	0.5512316666666666	1.0	600
chr2:28519078-28519678	0.03577833333333336	1.0	600
chr2:28531300-28531900	0.03288500000000001	1.0	600
chr2:28564297-28564897	0.011783333333333342	1.0	600
chr2:28566633-28567233	0.09154000000000005	1.0	600
chr2:28751518-28752118	0.44041666666666696	1.0	600
chr2:28870083-28870683	0.012643333333333341	1.0	600
chr2:28894818-28895418	0.2302066666666667	1.0	600
chr2:28968330-28968930	0.033498333333333366	1.0	600
chr2:29062943-29063543	0.007595000000000001	1.0	600
chr2:29064935-29065535	0.21022666666666698	1.0	600
chr2:29090135-29090735	0.02640666666666665	1.0	600
chr2:29115168-29115768	0.03399333333333332	1.0	600
chr2:29161331-29161931	0.10471499999999982	1.0	600
chr2:29652002-29652602	0.15816000000000027	1.0	600
chr2:29921383-29921983	0.31893166666666667	1.0	600
chr2:29940161-29940761	0.4077433333333335	1.0	600
chr2:30066310-30066910	0.14696333333333333	1.0	600
chr2:30146532-30147132	0.34955666666666685	1.0	600
chr2:30164895-30165495	0.07531333333333334	1.0	600
chr2:30231071-30231671	0.2288233333333335	1.0	600
chr2:30249209-30249809	0.13721666666666696	1.0	600
chr2:30431773-30432373	0.18900833333333342	1.0	600
chr2:30815820-30816420	0.21274166666666675	1.0	600
chr2:30922168-30922768	0.007486666666666658	1.0	600
chr2:31138423-31139023	0.130825	1.0	600
chr2:31233667-31234267	0.21366499999999997	1.0	600
chr2:31252751-31253351	0.05966	1.0	600
chr2:31263484-31264084	0.09247499999999996	1.0	600
chr2:31333494-31334094	0.06090833333333336	1.0	600
chr2:31540238-31540838	0.07545000000000007	1.0	600
chr2:31645811-31646411	0.11172500000000006	1.0	600
chr2:31781505-31782105	0.12916833333333322	1.0	600
chr2:32007586-32008186	0.10243666666666662	1.0	600
chr2:32010088-32010688	0.22152166666666687	1.0	600
chr2:32010719-32011319	0.2555949999999999	1.0	600
chr2:32039507-32040107	0.2466983333333335	1.0	600
chr2:32063291-32063891	0.43296166666666674	1.0	600
chr2:32134085-32134685	0.14614666666666656	1.0	600
chr2:32165528-32166128	0.12153333333333341	1.0	600
chr2:32277590-32278190	0.26529666666666674	1.0	600
chr2:32356721-32357321	0.43451	1.0	600
chr2:32627695-32628295	0.07563166666666665	1.0	600
chr2:32946521-32947121	0.21791666666666687	1.0	600
chr2:33034560-33035160	0.4307449999999998	1.0	600
chr2:33210518-33211118	0.11076666666666687	1.0	600
chr2:33311556-33312156	0.07240999999999999	1.0	600
chr2:33340108-33340708	0.019791666666666662	1.0	600
chr2:33367531-33368131	0.03573500000000002	1.0	600
chr2:33390242-33390842	0.006044999999999963	1.0	600
chr2:33404374-33404974	0.020846666666666697	1.0	600
chr2:33433811-33434411	0.17494500000000016	1.0	600
chr2:33476006-33476606	0.26885166666666666	1.0	600
chr2:33599186-33599786	0.3711033333333338	1.0	600
chr2:33602379-33602979	0.05546666666666667	1.0	600
chr2:34104082-34104682	0.2527216666666669	1.0	600
chr2:34291449-34292049	0.022276666666666646	1.0	600
chr2:34674075-34674675	0.15005499999999997	1.0	600
chr2:34680862-34681462	0.003326666666666656	1.0	600
chr2:34687801-34688401	0.01679833333333332	1.0	600
chr2:34717906-34718506	0.1539200000000002	1.0	600
chr2:34754736-34755336	0.0032899999999999917	1.0	600
chr2:34785371-34785971	0.020876666666666658	1.0	600
chr2:35273472-35274072	0.11080666666666678	1.0	600
chr2:35292876-35293476	0.07590500000000011	1.0	600
chr2:35303909-35304509	0.02735833333333334	1.0	600
chr2:35695223-35695823	0.14771500000000037	1.0	600
chr2:35961993-35962593	0.055031666666666666	1.0	600
chr2:36042109-36042709	0.016621666666666667	1.0	600
chr2:36173894-36174494	0.28002833333333355	1.0	600
chr2:36292551-36293151	0.027650000000000004	1.0	600
chr2:36355277-36355877	0.1752900000000001	1.0	600
chr2:36355946-36356546	0.6197766666666666	1.0	600
chr2:36415481-36416081	0.03793333333333346	1.0	600
chr2:36507238-36507838	0.013249999999999998	1.0	600
chr2:36550754-36551354	0.5937449999999994	1.0	600
chr2:36597883-36598483	0.4113366666666667	1.0	600
chr2:36966447-36967047	0.28039333333333355	1.0	600
chr2:37084171-37084771	0.10695833333333332	1.0	600
chr2:37090316-37090916	0.2017283333333334	1.0	600
chr2:37156706-37157306	0.03669333333333336	1.0	600
chr2:37231342-37231942	0.13355666666666666	1.0	600
chr2:37320826-37321426	0.13219833333333347	1.0	600
chr2:37324536-37325136	0.10901666666666678	1.0	600
chr2:37524098-37524698	0.053498333333333446	1.0	600
chr2:37619136-37619736	0.6193666666666662	1.0	600
chr2:37671387-37671987	0.10818333333333335	1.0	600
chr2:37672266-37672866	0.1421183333333335	1.0	600
chr2:37688833-37689433	0.4379583333333335	1.0	600
chr2:37699546-37700146	0.05059333333333341	1.0	600
chr2:37775723-37776323	0.1668966666666669	1.0	600
chr2:37832462-37833062	0.02238999999999998	1.0	600
chr2:37925261-37925861	0.08409166666666663	1.0	600
chr2:37930630-37931230	0.10597499999999987	1.0	600
chr2:38109067-38109667	0.018354999999999993	1.0	600
chr2:38243594-38244194	0.10186999999999992	1.0	600
chr2:38377031-38377631	0.34895166666666666	1.0	600
chr2:38448389-38448989	0.03405833333333332	1.0	600
chr2:38459551-38460151	0.07425500000000004	1.0	600
chr2:38519305-38519905	0.021823333333333327	1.0	600
chr2:38581395-38581995	0.9877250000000007	1.0	600
chr2:38602702-38603302	0.17563000000000026	1.0	600
chr2:38665777-38666377	0.32236499999999996	1.0	600
chr2:38720482-38721082	0.03209666666666667	1.0	600
chr2:38750181-38750781	0.08766999999999998	1.0	600
chr2:38777873-38778473	0.08764499999999999	1.0	600
chr2:38875649-38876249	0.0969083333333334	1.0	600
chr2:38883343-38883943	0.1405833333333333	1.0	600
chr2:38960184-38960784	0.7291616666666663	1.0	600
chr2:39001531-39002131	0.0255683333333333	1.0	600
chr2:39120767-39121367	0.2143383333333337	1.0	600
chr2:39124145-39124745	0.13462833333333335	1.0	600
chr2:39227187-39227787	0.012033333333333344	1.0	600
chr2:39248498-39249098	0.04593500000000006	1.0	600
chr2:39356755-39357355	0.16607833333333338	1.0	600
chr2:39379546-39380146	0.09710999999999996	1.0	600
chr2:39392137-39392737	0.033836666666666716	1.0	600
chr2:39437041-39437641	0.19770500000000013	1.0	600
chr2:39450008-39450608	0.17344333333333328	1.0	600
chr2:39778971-39779571	0.14692500000000025	1.0	600
chr2:39801327-39801927	0.18540333333333353	1.0	600
chr2:39901406-39902006	0.01639499999999998	1.0	600
chr2:40016138-40016738	0.2510350000000002	1.0	600
chr2:40094953-40095553	0.030198333333333358	1.0	600
chr2:40654915-40655515	0.10276666666666653	1.0	600
chr2:40930803-40931403	0.01136666666666667	1.0	600
chr2:41182173-41182773	0.08686666666666666	1.0	600
chr2:41253603-41254203	0.0031633333333333197	1.0	600
chr2:41282617-41283217	0.09171499999999995	1.0	600
chr2:41598124-41598724	0.06888833333333327	1.0	600
chr2:41668434-41669034	0.10529499999999996	1.0	600
chr2:41840591-41841191	0.033949999999999994	1.0	600
chr2:41887342-41887942	0.006821666666666657	1.0	600
chr2:41966423-41967023	0.5790883333333326	1.0	600
chr2:42047577-42048177	0.1829816666666668	1.0	600
chr2:42101119-42101719	0.07084333333333331	1.0	600
chr2:42146471-42147071	0.03773166666666676	1.0	600
chr2:42168990-42169590	0.3595766666666666	1.0	600
chr2:42178704-42179304	0.17726166666666698	1.0	600
chr2:42275788-42276388	0.046748333333333406	1.0	600
chr2:42300341-42300941	0.03380666666666673	1.0	600
chr2:42361268-42361868	0.05893999999999994	1.0	600
chr2:42493876-42494476	0.12854000000000004	1.0	600
chr2:42545285-42545885	0.018731666666666667	1.0	600
chr2:42568669-42569269	0.2855200000000007	1.0	600
chr2:42809836-42810436	0.0013716666666666669	1.0	600
chr2:42827506-42828106	0.21641000000000038	1.0	600
chr2:42924940-42925540	0.18732166666666702	1.0	600
chr2:42933390-42933990	0.09263500000000001	1.0	600
chr2:42959849-42960449	0.5277166666666666	1.0	600
chr2:42974966-42975566	0.05168500000000006	1.0	600
chr2:43100740-43101340	0.8581283333333333	1.0	600
chr2:43158338-43158938	0.03487833333333337	1.0	600
chr2:43178799-43179399	0.34921666666666645	1.0	600
chr2:43219504-43220104	0.041571666666666694	1.0	600
chr2:43226326-43226926	0.36989499999999986	1.0	600
chr2:43595795-43596395	0.12320166666666675	1.0	600
chr2:43612675-43613275	0.06950666666666658	1.0	600
chr2:43636909-43637509	0.08742499999999992	1.0	600
chr2:43773743-43774343	0.08938999999999996	1.0	600
chr2:43865258-43865858	0.0068133333333333275	1.0	600
chr2:43996034-43996634	0.0896466666666666	1.0	600
chr2:44044116-44044716	0.07862666666666666	1.0	600
chr2:44087037-44087637	0.27152333333333345	1.0	600
chr2:44127488-44128088	0.02822500000000001	1.0	600
chr2:44168484-44169084	0.6218283333333339	1.0	600
chr2:44175501-44176101	0.03337666666666673	1.0	600
chr2:44266214-44266814	0.31918999999999953	1.0	600
chr2:44361586-44362186	0.29840833333333344	1.0	600
chr2:44501480-44502080	0.10781499999999991	1.0	600
chr2:44531082-44531682	0.2582833333333333	1.0	600
chr2:44550685-44551285	0.09581500000000004	1.0	600
chr2:45352374-45352974	0.685375	1.0	600
chr2:45384915-45385515	0.05317166666666664	1.0	600
chr2:45611060-45611660	0.1367800000000003	1.0	600
chr2:45643488-45644088	0.04043333333333336	1.0	600
chr2:45650313-45650913	0.03837500000000005	1.0	600
chr2:45650947-45651547	0.5320283333333334	1.0	600
chr2:45725721-45726321	0.20894166666666672	1.0	600
chr2:45763355-45763955	0.04981833333333333	1.0	600
chr2:45860578-45861178	0.4476516666666661	1.0	600
chr2:45938692-45939292	0.06608999999999994	1.0	600
chr2:45987347-45987947	0.009201666666666657	1.0	600
chr2:46061581-46062181	0.028493333333333364	1.0	600
chr2:46121692-46122292	0.006439999999999975	1.0	600
chr2:46296963-46297563	0.2077316666666667	1.0	600
chr2:46387801-46388401	0.03808000000000005	1.0	600
chr2:46460382-46460982	0.16339500000000012	1.0	600
chr2:46490404-46491004	0.23056499999999994	1.0	600
chr2:46500005-46500605	0.22277166666666678	1.0	600
chr2:46542312-46542912	0.21886166666666676	1.0	600
chr2:46543891-46544491	0.6429683333333336	1.0	600
chr2:46589751-46590351	0.19840000000000005	1.0	600
chr2:46616813-46617413	0.19315	1.0	600
chr2:46698755-46699355	0.6145566666666675	1.0	600
chr2:46847126-46847726	0.2026266666666668	1.0	600
chr2:46915815-46916415	0.057126666666666624	1.0	600
chr2:46940832-46941432	0.20612000000000005	1.0	600
chr2:46989089-46989689	0.27613166666666683	1.0	600
chr2:46990983-46991583	0.01774333333333332	1.0	600
chr2:47036712-47037312	0.024793333333333292	1.0	600
chr2:47079981-47080581	0.01474166666666665	1.0	600
chr2:47095151-47095751	0.019786666666666685	1.0	600
chr2:47176563-47177163	0.28251333333333356	1.0	600
chr2:47247196-47247796	0.038860000000000054	1.0	600
chr2:47310976-47311576	0.11379000000000021	1.0	600
chr2:47323028-47323628	0.04637666666666674	1.0	600
chr2:47344841-47345441	0.2050833333333335	1.0	600
chr2:47571143-47571743	0.12360166666666669	1.0	600
chr2:47631886-47632486	0.30313166666666663	1.0	600
chr2:47752212-47752812	0.03008166666666665	1.0	600
chr2:47782737-47783337	0.13216500000000006	1.0	600
chr2:47906218-47906818	0.8357083333333336	1.0	600
chr2:48111454-48112054	0.2117916666666666	1.0	600
chr2:48205142-48205742	0.6942516666666669	1.0	600
chr2:48253818-48254418	0.19513500000000028	1.0	600
chr2:48314225-48314825	0.460385	1.0	600
chr2:48343869-48344469	0.1212666666666667	1.0	600
chr2:48407801-48408401	0.05332166666666673	1.0	600
chr2:48440422-48441022	0.4160099999999998	1.0	600
chr2:48548633-48549233	0.122415	1.0	600
chr2:48570745-48571345	0.02490166666666661	1.0	600
chr2:48756693-48757293	0.028888333333333342	1.0	600
chr2:48915344-48915944	0.9573066666666674	1.0	600
chr2:49108162-49108762	0.02753333333333335	1.0	600
chr2:49131408-49132008	0.026538333333333317	1.0	600
chr2:49167322-49167922	0.02054999999999999	1.0	600
chr2:49192695-49193295	0.004534999999999991	1.0	600
chr2:49316350-49316950	0.10208500000000002	1.0	600
chr2:49571138-49571738	0.12235833333333335	1.0	600
chr2:49716103-49716703	0.004271666666666639	1.0	600
chr2:49904417-49905017	0.034220000000000014	1.0	600
chr2:49973905-49974505	0.660981666666666	1.0	600
chr2:49977729-49978329	0.024976666666666644	1.0	600
chr2:50157307-50157907	0.01739499999999998	1.0	600
chr2:50167040-50167640	0.10939000000000014	1.0	600
chr2:50207948-50208548	0.01162	1.0	600
chr2:50222773-50223373	0.088705	1.0	600
chr2:50796122-50796722	0.03859666666666668	1.0	600
chr2:50843191-50843791	0.009961666666666664	1.0	600
chr2:50882715-50883315	0.013205	1.0	600
chr2:51000846-51001446	0.30982666666666686	1.0	600
chr2:51019195-51019795	0.037803333333333446	1.0	600
chr2:51031954-51032554	0.7510816666666659	1.0	600
chr2:51086656-51087256	0.022991666666666674	1.0	600
chr2:51289058-51289658	0.0363916666666668	1.0	600
chr2:51565053-51565653	0.1538983333333334	1.0	600
chr2:51676117-51676717	0.010456666666666663	1.0	600
chr2:51974775-51975375	0.027591666666666643	1.0	600
chr2:52174897-52175497	0.09785	1.0	600
chr2:52398883-52399483	0.010046666666666678	1.0	600
chr2:52524601-52525201	0.03661666666666666	1.0	600
chr2:52566423-52567023	0.06396833333333345	1.0	600
chr2:52595897-52596497	0.009603333333333334	1.0	600
chr2:52897210-52897810	0.010526666666666663	1.0	600
chr2:52901019-52901619	0.10849666666666691	1.0	600
chr2:53291086-53291686	0.11958833333333334	1.0	600
chr2:53490454-53491054	0.019344999999999994	1.0	600
chr2:53587643-53588243	0.0	0.0	0
chr2:53735465-53736065	0.09819166666666676	1.0	600
chr2:53767944-53768544	0.1725916666666671	1.0	600
chr2:53786689-53787289	0.39542	1.0	600
chr2:53834919-53835519	0.1607516666666669	1.0	600
chr2:53859548-53860148	0.12072666666666673	1.0	600
chr2:53970071-53970671	0.23237666666666665	1.0	600
chr2:53970781-53971381	0.24496500000000015	1.0	600
chr2:53997732-53998332	0.13029333333333337	1.0	600
chr2:54040338-54040938	0.1286333333333335	1.0	600
chr2:54043947-54044547	0.13500500000000004	1.0	600
chr2:54115653-54116253	0.1568700000000002	1.0	600
chr2:54136400-54137000	0.011608333333333326	1.0	600
chr2:54166460-54167060	0.029448333333333316	1.0	600
chr2:54220061-54220661	0.26342333333333345	1.0	600
chr2:54222969-54223569	0.27776500000000026	1.0	600
chr2:54327744-54328344	0.1688633333333335	1.0	600
chr2:54330577-54331177	0.11514000000000012	1.0	600
chr2:54384596-54385196	0.23749499999999993	1.0	600
chr2:54455901-54456501	0.1806666666666667	1.0	600
chr2:54457364-54457964	0.3076066666666669	1.0	600
chr2:54480217-54480817	0.04543	1.0	600
chr2:54482640-54483240	0.20301333333333324	1.0	600
chr2:54582114-54582714	0.03192166666666668	1.0	600
chr2:54719043-54719643	0.11321000000000005	1.0	600
chr2:54723142-54723742	0.1716516666666667	1.0	600
chr2:54812081-54812681	0.06610333333333335	1.0	600
chr2:54871852-54872452	0.14409166666666678	1.0	600
chr2:55050259-55050859	0.4553033333333333	1.0	600
chr2:55086341-55086941	0.012113333333333315	1.0	600
chr2:55168125-55168725	0.15278666666666665	1.0	600
chr2:55196197-55196797	0.16225333333333353	1.0	600
chr2:55232345-55232945	0.22525166666666674	1.0	600
chr2:55269036-55269636	0.12548166666666674	1.0	600
chr2:55282168-55282768	0.10179833333333332	1.0	600
chr2:55330322-55330922	0.056305000000000015	1.0	600
chr2:55364127-55364727	0.43761000000000005	1.0	600
chr2:55419718-55420318	0.4446333333333332	1.0	600
chr2:55519227-55519827	0.1592833333333334	1.0	600
chr2:55596622-55597222	0.1822050000000003	1.0	600
chr2:55607303-55607903	0.04365333333333333	1.0	600
chr2:55617503-55618103	0.2674733333333333	1.0	600
chr2:55758303-55758903	0.08368833333333332	1.0	600
chr2:55819850-55820450	0.1317750000000002	1.0	600
chr2:56183452-56184052	0.054756666666666655	1.0	600
chr2:56344209-56344809	0.03734166666666664	1.0	600
chr2:56432096-56432696	0.08010999999999999	1.0	600
chr2:56491272-56491872	0.023599999999999996	1.0	600
chr2:56647378-56647978	0.01681999999999999	1.0	600
chr2:56846676-56847276	0.013071666666666664	1.0	600
chr2:56947298-56947898	0.039191666666666736	1.0	600
chr2:57015315-57015915	0.02368999999999998	1.0	600
chr2:57127103-57127703	0.039548333333333435	1.0	600
chr2:57182207-57182807	0.010779999999999998	1.0	600
chr2:57497381-57497981	0.040755000000000034	1.0	600
chr2:57637801-57638401	0.01726833333333333	1.0	600
chr2:57759717-57760317	0.4668083333333327	1.0	600
chr2:57852122-57852722	0.07385166666666676	1.0	600
chr2:58046450-58047050	0.05877333333333328	1.0	600
chr2:58061866-58062466	0.050401666666666706	1.0	600
chr2:58066681-58067281	0.07921833333333335	1.0	600
chr2:58127962-58128562	0.02411833333333332	1.0	600
chr2:58226663-58227263	0.16246000000000044	1.0	600
chr2:58241066-58241666	0.17309166666666692	1.0	600
chr2:58332585-58333185	0.05036666666666683	1.0	600
chr2:58361540-58362140	0.020166666666666645	1.0	600
chr2:58378441-58379041	0.019306666666666635	1.0	600
chr2:59421627-59422227	0.06783333333333333	1.0	600
chr2:59659134-59659734	0.7227583333333333	1.0	600
chr2:60156898-60157498	0.015410000000000004	1.0	600
chr2:60383950-60384550	0.06514166666666668	1.0	600
chr2:60474001-60474601	0.680885	1.0	600
chr2:60517723-60518323	0.03428333333333339	1.0	600
chr2:60581643-60582243	0.20730166666666677	1.0	600
chr2:60691494-60692094	0.01843333333333333	1.0	600
chr2:60755926-60756526	0.4437116666666666	1.0	600
chr2:60792409-60793009	0.09799166666666678	1.0	600
chr2:60881241-60881841	0.22743000000000005	1.0	600
chr2:61017151-61017751	0.227201666666667	1.0	600
chr2:61065553-61066153	0.11196833333333331	1.0	600
chr2:61177043-61177643	0.20334000000000002	1.0	600
chr2:61471000-61471600	0.43620999999999926	1.0	600
chr2:61496271-61496871	0.03035166666666667	1.0	600
chr2:61538420-61539020	0.490263333333333	1.0	600
chr2:61563961-61564561	0.044294999999999994	1.0	600
chr2:61677602-61678202	0.22392833333333356	1.0	600
chr2:61694444-61695044	0.013426666666666677	1.0	600
chr2:61764070-61764670	0.023363333333333312	1.0	600
chr2:61853782-61854382	0.20466666666666677	1.0	600
chr2:61888318-61888918	0.27318166666666693	1.0	600
chr2:61905355-61905955	0.2735716666666666	1.0	600
chr2:61946531-61947131	0.27880666666666676	1.0	600
chr2:61976721-61977321	0.029321666666666683	1.0	600
chr2:62106306-62106906	0.03217000000000003	1.0	600
chr2:62140251-62140851	0.14033500000000007	1.0	600
chr2:62190528-62191128	0.10235166666666673	1.0	600
chr2:62195727-62196327	0.15592833333333334	1.0	600
chr2:62249946-62250546	0.32629666666666585	1.0	600
chr2:62373978-62374578	0.038436666666666765	1.0	600
chr2:62456812-62457412	0.045108333333333396	1.0	600
chr2:62475592-62476192	0.40813333333333335	1.0	600
chr2:62505575-62506175	0.1652366666666667	1.0	600
chr2:62589934-62590534	0.2563800000000004	1.0	600
chr2:62608424-62609024	0.08901166666666659	1.0	600
chr2:62698592-62699192	0.18255333333333323	1.0	600
chr2:62705317-62705917	0.49420166666666676	1.0	600
chr2:62727157-62727757	0.05081833333333333	1.0	600
chr2:62770418-62771018	0.1374816666666666	1.0	600
chr2:62844271-62844871	0.10524833333333325	1.0	600
chr2:63079247-63079847	0.24127500000000027	1.0	600
chr2:63588561-63589161	0.18336000000000005	1.0	600
chr2:63656696-63657296	0.05488333333333345	1.0	600
chr2:63840600-63841200	0.26923333333333344	1.0	600
chr2:63841477-63842077	0.29095833333333365	1.0	600
chr2:64019118-64019718	0.45516833333333245	1.0	600
chr2:64144172-64144772	0.3385533333333333	1.0	600
chr2:64228119-64228719	0.2867800000000004	1.0	600
chr2:64277228-64277828	0.38421166666666706	1.0	600
chr2:64309828-64310428	0.07001666666666659	1.0	600
chr2:64312204-64312804	0.009351666666666668	1.0	600
chr2:64404118-64404718	0.18660000000000013	1.0	600
chr2:64454130-64454730	0.24142666666666662	1.0	600
chr2:64523970-64524570	0.5563133333333333	1.0	600
chr2:64609155-64609755	0.009880000000000005	1.0	600
chr2:64627162-64627762	0.12953666666666672	1.0	600
chr2:64653683-64654283	0.46266833333333274	1.0	600
chr2:64730420-64731020	0.38208500000000023	1.0	600
chr2:64750774-64751374	0.70598	1.0	600
chr2:64767643-64768243	0.23467333333333337	1.0	600
chr2:64859614-64860214	0.017498333333333328	1.0	600
chr2:64865423-64866023	0.0772199999999999	1.0	600
chr2:64920915-64921515	0.004169999999999974	1.0	600
chr2:64988959-64989559	0.057593333333333344	1.0	600
chr2:65040532-65041132	0.07397499999999994	1.0	600
chr2:65051518-65052118	0.07970833333333334	1.0	600
chr2:65056041-65056641	0.06313666666666665	1.0	600
chr2:65129949-65130549	0.6650250000000003	1.0	600
chr2:65187148-65187748	0.06556666666666663	1.0	600
chr2:65227417-65228017	0.2497116666666666	1.0	600
chr2:65256152-65256752	0.11417666666666679	1.0	600
chr2:65432457-65433057	0.6002699999999994	1.0	600
chr2:65735822-65736422	0.01881166666666667	1.0	600
chr2:65799807-65800407	0.06645999999999995	1.0	600
chr2:65888131-65888731	0.305795	1.0	600
chr2:66014056-66014656	0.11231500000000014	1.0	600
chr2:66038148-66038748	0.5011016666666666	1.0	600
chr2:66039339-66039939	0.19390666666666678	1.0	600
chr2:66305643-66306243	0.9217066666666669	1.0	600
chr2:66414499-66415099	0.04986000000000002	1.0	600
chr2:66433272-66433872	0.49366999999999933	1.0	600
chr2:66434749-66435349	0.8270783333333337	1.0	600
chr2:66512839-66513439	0.5192616666666648	1.0	600
chr2:66778080-66778680	0.003321666666666659	1.0	600
chr2:66876502-66877102	0.06536833333333333	1.0	600
chr2:66897020-66897620	0.02770833333333334	1.0	600
chr2:67169065-67169665	0.01404333333333334	1.0	600
chr2:67235820-67236420	0.8865466666666668	1.0	600
chr2:67322527-67323127	0.22136333333333377	1.0	600
chr2:67396960-67397560	0.20515499999999995	1.0	600
chr2:67908875-67909475	0.08006833333333346	1.0	600
chr2:68062738-68063338	0.03678166666666672	1.0	600
chr2:68090969-68091569	0.01713999999999999	1.0	600
chr2:68107096-68107696	0.020829999999999994	1.0	600
chr2:68122276-68122876	0.037425000000000014	1.0	600
chr2:68157530-68158130	0.25663333333333327	1.0	600
chr2:68242026-68242626	0.03211499999999999	1.0	600
chr2:68252368-68252968	0.3996183333333332	1.0	600
chr2:68272072-68272672	0.40628666666666663	1.0	600
chr2:68319395-68319995	0.23474833333333356	1.0	600
chr2:68467268-68467868	0.26396666666666657	1.0	600
chr2:68481667-68482267	0.14028833333333351	1.0	600
chr2:68532562-68533162	0.04591000000000005	1.0	600
chr2:68581930-68582530	0.0689366666666666	1.0	600
chr2:68745710-68746310	0.0236083333333333	1.0	600
chr2:68751645-68752245	0.04358500000000002	1.0	600
chr2:68791254-68791854	0.01036666666666667	1.0	600
chr2:68829056-68829656	0.10374666666666661	1.0	600
chr2:68903738-68904338	0.13878333333333348	1.0	600
chr2:68986889-68987489	0.12352999999999995	1.0	600
chr2:69055156-69055756	0.012441666666666655	1.0	600
chr2:69077994-69078594	0.013313333333333333	1.0	600
chr2:69083394-69083994	0.19002000000000013	1.0	600
chr2:69306850-69307450	0.037610000000000074	1.0	600
chr2:69387032-69387632	0.25232333333333357	1.0	600
chr2:69437237-69437837	0.06506666666666659	1.0	600
chr2:69643437-69644037	0.4481183333333335	1.0	600
chr2:69741555-69742155	0.1301100000000001	1.0	600
chr2:69762964-69763564	0.13842833333333351	1.0	600
chr2:69829256-69829856	0.21975666666666674	1.0	600
chr2:69914651-69915251	0.4769116666666663	1.0	600
chr2:70086661-70087261	0.30653999999999976	1.0	600
chr2:70108720-70109320	0.1762883333333336	1.0	600
chr2:70142261-70142861	0.1967633333333334	1.0	600
chr2:70182002-70182602	0.035473333333333364	1.0	600
chr2:70190771-70191371	0.24280333333333307	1.0	600
chr2:70248397-70248997	0.3971283333333335	1.0	600
chr2:70257779-70258379	0.14982166666666683	1.0	600
chr2:70293495-70294095	0.13955000000000015	1.0	600
chr2:70301804-70302404	0.18383166666666692	1.0	600
chr2:70356169-70356769	0.04713833333333335	1.0	600
chr2:70396704-70397304	0.02658499999999995	1.0	600
chr2:70548119-70548719	0.037990000000000024	1.0	600
chr2:70553850-70554450	0.28050666666666674	1.0	600
chr2:70833678-70834278	0.18760000000000013	1.0	600
chr2:70871404-70872004	0.058173333333333244	1.0	600
chr2:70945960-70946560	0.018713333333333294	1.0	600
chr2:70964816-70965416	0.2806800000000002	1.0	600
chr2:70994628-70995228	0.25135666666666673	1.0	600
chr2:71068344-71068944	0.08596499999999997	1.0	600
chr2:71129981-71130581	0.05089666666666671	1.0	600
chr2:71227121-71227721	0.2628899999999998	1.0	600
chr2:71256392-71256992	0.3766583333333333	1.0	600
chr2:71276229-71276829	0.10707166666666663	1.0	600
chr2:71331402-71332002	0.3510066666666668	1.0	600
chr2:71368038-71368638	0.26392166666666655	1.0	600
chr2:71476041-71476641	0.04666333333333353	1.0	600
chr2:71507091-71507691	0.006884999999999981	1.0	600
chr2:71578829-71579429	0.7342583333333326	1.0	600
chr2:71595889-71596489	0.7231499999999998	1.0	600
chr2:71653475-71654075	0.10330833333333338	1.0	600
chr2:71723192-71723792	0.10755666666666656	1.0	600
chr2:71840525-71841125	0.032945000000000016	1.0	600
chr2:72625674-72626274	0.3374783333333337	1.0	600
chr2:72745903-72746503	0.10910500000000006	1.0	600
chr2:72825732-72826332	0.3217783333333334	1.0	600
chr2:72887048-72887648	0.19995833333333332	1.0	600
chr2:72989787-72990387	0.012681666666666657	1.0	600
chr2:73028748-73029348	0.030411666666666642	1.0	600
chr2:73071112-73071712	0.38980999999999993	1.0	600
chr2:73112674-73113274	0.14488666666666675	1.0	600
chr2:73177259-73177859	0.0420016666666667	1.0	600
chr2:73213918-73214518	0.23998166666666673	1.0	600
chr2:73233107-73233707	0.3086466666666665	1.0	600
chr2:73233963-73234563	0.19887666666666678	1.0	600
chr2:73270655-73271255	0.011654999999999995	1.0	600
chr2:73385466-73386066	0.2504966666666666	1.0	600
chr2:73525901-73526501	0.3320266666666665	1.0	600
chr2:73737135-73737735	0.03815833333333337	1.0	600
chr2:73779876-73780476	0.0937233333333332	1.0	600
chr2:73828609-73829209	0.17597833333333335	1.0	600
chr2:73926510-73927110	0.25817833333333334	1.0	600
chr2:74002366-74002966	0.39465833333333333	1.0	600
chr2:74096184-74096784	0.04325833333333334	1.0	600
chr2:74106462-74107062	0.4318816666666669	1.0	600
chr2:74119989-74120589	0.012118333333333358	1.0	600
chr2:74147686-74148286	0.17175333333333345	1.0	600
chr2:74178667-74179267	0.11331166666666685	1.0	600
chr2:74193840-74194440	0.13863000000000011	1.0	600
chr2:74198287-74198887	0.21659166666666674	1.0	600
chr2:74234145-74234745	0.004909999999999981	1.0	600
chr2:74268040-74268640	0.03612833333333336	1.0	600
chr2:74290661-74291261	0.1370766666666667	1.0	600
chr2:74298032-74298632	0.07840666666666661	1.0	600
chr2:74391577-74392177	0.2585183333333334	1.0	600
chr2:74414759-74415359	0.025359999999999994	1.0	600
chr2:74421372-74421972	0.15485333333333326	1.0	600
chr2:74433385-74433985	0.08966000000000006	1.0	600
chr2:74440328-74440928	0.43236499999999994	1.0	600
chr2:74454653-74455253	0.22350000000000014	1.0	600
chr2:74457990-74458590	0.39540166666666676	1.0	600
chr2:74482748-74483348	0.15591166666666695	1.0	600
chr2:74507455-74508055	0.42148333333333343	1.0	600
chr2:74529604-74530204	0.3302700000000002	1.0	600
chr2:74548755-74549355	0.005976666666666667	1.0	600
chr2:74554381-74554981	0.12158666666666676	1.0	600
chr2:74560591-74561191	0.32724500000000023	1.0	600
chr2:74583451-74584051	0.3560416666666664	1.0	600
chr2:74651869-74652469	0.10693500000000007	1.0	600
chr2:74653922-74654522	0.2508916666666667	1.0	600
chr2:74833683-74834283	0.4580599999999988	1.0	600
chr2:74905346-74905946	0.19266166666666665	1.0	600
chr2:74958313-74958913	0.38218999999999986	1.0	600
chr2:75032923-75033523	0.09009666666666652	1.0	600
chr2:75079872-75080472	0.27257666666666674	1.0	600
chr2:75371164-75371764	0.1250250000000002	1.0	600
chr2:75560804-75561404	0.2839616666666669	1.0	600
chr2:75595430-75596030	0.04138833333333339	1.0	600
chr2:75600367-75600967	0.10011833333333334	1.0	600
chr2:75608944-75609544	0.27003500000000025	1.0	600
chr2:75640426-75641026	0.08058999999999993	1.0	600
chr2:75646508-75647108	0.08378666666666656	1.0	600
chr2:75710653-75711253	0.10173833333333322	1.0	600
chr2:76006420-76007020	0.014899999999999988	1.0	600
chr2:76270769-76271369	0.010323333333333306	1.0	600
chr2:76599627-76600227	0.007621666666666648	1.0	600
chr2:76607860-76608460	0.0283550000000001	1.0	600
chr2:76715851-76716451	0.011261666666666647	1.0	600
chr2:76971248-76971848	0.008611666666666658	1.0	600
chr2:77008941-77009541	0.414046666666667	1.0	600
chr2:77040104-77040704	0.13312833333333354	1.0	600
chr2:77164950-77165550	0.013401666666666617	1.0	600
chr2:77261757-77262357	0.039541666666666635	1.0	600
chr2:77262578-77263178	0.019853333333333268	1.0	600
chr2:77441353-77441953	0.012784999999999994	1.0	600
chr2:77522051-77522651	0.7210416666666662	1.0	600
chr2:77726782-77727382	0.016788333333333315	1.0	600
chr2:77795127-77795727	0.1307250000000001	1.0	600
chr2:78144305-78144905	0.05673666666666673	1.0	600
chr2:78297438-78298038	0.01758499999999993	1.0	600
chr2:78307296-78307896	0.003223333333333321	1.0	600
chr2:78383329-78383929	0.006523333333333314	1.0	600
chr2:78404482-78405082	0.017018333333333295	1.0	600
chr2:78818822-78819422	0.5174183333333328	1.0	600
chr2:78904413-78905013	0.0391600000000001	1.0	600
chr2:79098151-79098751	0.07567833333333336	1.0	600
chr2:79110666-79111266	0.19098833333333326	1.0	600
chr2:79292984-79293584	0.2762950000000002	1.0	600
chr2:79311268-79311868	0.021636666666666637	1.0	600
chr2:79354400-79355000	0.1557883333333336	1.0	600
chr2:79378001-79378601	0.010906666666666669	1.0	600
chr2:79502071-79502671	0.02004666666666665	1.0	600
chr2:79661190-79661790	0.007536666666666657	1.0	600
chr2:79856201-79856801	0.04281000000000008	1.0	600
chr2:79935644-79936244	0.1563300000000001	1.0	600
chr2:79979539-79980139	0.011235000000000021	1.0	600
chr2:79983472-79984072	0.0648633333333334	1.0	600
chr2:80230024-80230624	0.009833333333333307	1.0	600
chr2:80300789-80301389	0.12884166666666672	1.0	600
chr2:80771364-80771964	0.038835000000000106	1.0	600
chr2:80873628-80874228	0.01313333333333334	1.0	600
chr2:80936417-80937017	0.018316666666666648	1.0	600
chr2:80968236-80968836	0.06747166666666667	1.0	600
chr2:81275470-81276070	0.11943333333333354	1.0	600
chr2:81387832-81388432	0.03244500000000001	1.0	600
chr2:81583568-81584168	0.07423166666666668	1.0	600
chr2:81653411-81654011	0.06244666666666662	1.0	600
chr2:81740548-81741148	0.02679499999999996	1.0	600
chr2:82071683-82072283	0.18507666666666667	1.0	600
chr2:82187727-82188327	0.06676551724137927	0.725	435
chr2:82488162-82488762	0.03621166666666671	1.0	600
chr2:82498510-82499110	0.06294166666666667	1.0	600
chr2:82627337-82627937	0.023676666666666648	1.0	600
chr2:82692540-82693140	0.023383333333333322	1.0	600
chr2:82742096-82742696	0.00687333333333331	1.0	600
chr2:82849458-82850058	0.0034333333333333134	1.0	600
chr2:83259479-83260079	0.0959549999999999	1.0	600
chr2:83882986-83883586	0.04168333333333336	1.0	600
chr2:83901539-83902139	0.12183666666666684	1.0	600
chr2:83991653-83992253	0.40902999999999995	1.0	600
chr2:84153419-84154019	0.08374666666666669	1.0	600
chr2:84458985-84459585	0.2079083333333333	1.0	600
chr2:84516100-84516700	0.10429333333333332	1.0	600
chr2:84880842-84881442	0.029086666666666698	1.0	600
chr2:84881971-84882571	0.0354783333333334	1.0	600
chr2:84905244-84905844	0.12801833333333337	1.0	600
chr2:84925708-84926308	0.014315000000000003	1.0	600
chr2:84970915-84971515	0.26335166666666643	1.0	600
chr2:85064451-85065051	0.045508333333333366	1.0	600
chr2:85066669-85067269	0.05332000000000007	1.0	600
chr2:85133044-85133644	0.30911500000000025	1.0	600
chr2:85235850-85236450	0.019898333333333285	1.0	600
chr2:85255915-85256515	0.41065666666666684	1.0	600
chr2:85285330-85285930	0.024083333333333325	1.0	600
chr2:85327722-85328322	0.05950333333333322	1.0	600
chr2:85354296-85354896	0.17571500000000023	1.0	600
chr2:85420722-85421322	0.08636666666666663	1.0	600
chr2:85430661-85431261	0.12607166666666675	1.0	600
chr2:85437564-85438164	0.11351500000000019	1.0	600
chr2:85453303-85453903	0.1551900000000002	1.0	600
chr2:85524339-85524939	0.17187166666666662	1.0	600
chr2:85538770-85539370	0.26263000000000003	1.0	600
chr2:85561236-85561836	0.06917166666666667	1.0	600
chr2:85595361-85595961	0.2356316666666667	1.0	600
chr2:85602439-85603039	0.1389333333333335	1.0	600
chr2:85652868-85653468	0.01671166666666663	1.0	600
chr2:85658292-85658892	0.023871666666666656	1.0	600
chr2:85663171-85663771	0.21639666666666665	1.0	600
chr2:85710964-85711564	0.16607499999999997	1.0	600
chr2:85713141-85713741	0.24926666666666658	1.0	600
chr2:85741771-85742371	0.23391666666666655	1.0	600
chr2:85744863-85745463	0.5193566666666666	1.0	600
chr2:85753407-85754007	0.4992050000000001	1.0	600
chr2:85772253-85772853	0.9245233333333341	1.0	600
chr2:85814073-85814673	0.03904000000000001	1.0	600
chr2:85818697-85819297	0.015613333333333292	1.0	600
chr2:85827272-85827872	0.04992499999999999	1.0	600
chr2:85888833-85889433	0.12834500000000015	1.0	600
chr2:86105321-86105921	0.21075666666666673	1.0	600
chr2:86194757-86195357	0.19690500000000002	1.0	600
chr2:86441009-86441609	0.5488649999999994	1.0	600
chr2:86442514-86443114	0.3687899999999998	1.0	600
chr2:86496893-86497493	0.10786666666666697	1.0	600
chr2:86563167-86563767	0.28749500000000033	1.0	600
chr2:86565457-86566057	0.03511833333333335	1.0	600
chr2:86596465-86597065	0.3031899999999995	1.0	600
chr2:86601378-86601978	0.0373066666666668	1.0	600
chr2:86623587-86624187	0.1801550000000002	1.0	600
chr2:86625004-86625604	0.08035166666666668	1.0	600
chr2:86719660-86720260	0.24373	1.0	600
chr2:86753542-86754142	0.10714666666666658	1.0	600
chr2:88016491-88017091	0.010066666666666665	1.0	600
chr2:88055547-88056147	0.4335016666666662	1.0	600
chr2:88082643-88083243	0.02828333333333333	1.0	600
chr2:88136669-88137269	0.03232166666666666	1.0	600
chr2:88170016-88170616	0.00498666666666666	1.0	600
chr2:88200167-88200767	0.41851666666666676	1.0	600
chr2:88351680-88352280	0.03155000000000001	1.0	600
chr2:88363923-88364523	0.07911833333333335	1.0	600
chr2:88600048-88600648	0.5400499999999993	1.0	600
chr2:88627173-88627773	0.2770616666666663	1.0	600
chr2:88639154-88639754	0.08574666666666665	1.0	600
chr2:88691342-88691942	0.34922166666666676	1.0	600
chr2:88728395-88728995	0.034270000000000043	1.0	600
chr2:88942609-88943209	0.0062116666666666405	1.0	600
chr2:89066796-89067396	0.0424583333333334	1.0	600
chr2:89130220-89130820	0.04802500000000006	1.0	600
chr2:90011584-90012184	0.001238333333333334	1.0	600
chr2:90078967-90079567	0.010579999999999978	1.0	600
chr2:90091287-90091887	0.010184999999999955	1.0	600
chr2:94575006-94575606	0.010404999999999984	1.0	600
chr2:94895167-94895767	0.0486783333333334	1.0	600
chr2:94973415-94974015	0.019258333333333315	1.0	600
chr2:95025346-95025946	0.28419666666666654	1.0	600
chr2:95043261-95043861	0.00168	1.0	600
chr2:95056553-95057153	0.009305000000000015	1.0	600
chr2:95057373-95057973	0.21842333333333347	1.0	600
chr2:95121709-95122309	0.08002833333333331	1.0	600
chr2:95132368-95132968	0.1413233333333335	1.0	600
chr2:95136312-95136912	0.24248666666666632	1.0	600
chr2:95159561-95160161	0.0010134453781512611	0.9916666666666667	595
chr2:95165421-95166021	0.1398616666666669	1.0	600
chr2:95207018-95207618	0.04775666666666667	1.0	600
chr2:95346117-95346717	0.15899166666666684	1.0	600
chr2:95402378-95402978	0.030981666666666696	1.0	600
chr2:95526478-95527078	0.4277516666666666	1.0	600
chr2:95629752-95630352	0.1920683333333334	1.0	600
chr2:95641978-95642578	0.13132666666666679	1.0	600
chr2:95728779-95729379	0.026548333333333306	1.0	600
chr2:95774440-95775040	0.13650166666666663	1.0	600
chr2:96242129-96242729	0.1448566666666667	1.0	600
chr2:96265783-96266383	0.267515	1.0	600
chr2:96280311-96280911	0.0921166666666666	1.0	600
chr2:96305351-96305951	0.1190850000000003	1.0	600
chr2:96335699-96336299	0.11441333333333356	1.0	600
chr2:96394269-96394869	0.08248333333333324	1.0	600
chr2:96400488-96401088	0.12387000000000002	1.0	600
chr2:96407496-96408096	0.15812666666666692	1.0	600
chr2:96408478-96409078	0.06778833333333334	1.0	600
chr2:96509254-96509854	0.03788000000000005	1.0	600
chr2:96533974-96534574	0.07862666666666658	1.0	600
chr2:96536392-96536992	0.09950666666666667	1.0	600
chr2:96637764-96638364	0.18642666666666674	1.0	600
chr2:96737714-96738314	0.27783999999999986	1.0	600
chr2:96739857-96740457	0.39533499999999994	1.0	600
chr2:96760468-96761068	0.12534166666666666	1.0	600
chr2:96800854-96801454	0.14900666666666693	1.0	600
chr2:96815900-96816500	0.18897166666666668	1.0	600
chr2:96857866-96858466	0.08584833333333325	1.0	600
chr2:96865804-96866404	0.21133666666666667	1.0	600
chr2:96869023-96869623	0.09856833333333327	1.0	600
chr2:96907240-96907840	0.08796333333333335	1.0	600
chr2:96916457-96917057	0.07863333333333325	1.0	600
chr2:96949931-96950531	0.15593000000000015	1.0	600
chr2:96951038-96951638	0.16813833333333353	1.0	600
chr2:96970488-96971088	0.0881683333333333	1.0	600
chr2:96977582-96978182	0.14363000000000034	1.0	600
chr2:97019492-97020092	0.1140966666666667	1.0	600
chr2:97094559-97095159	0.17695833333333347	1.0	600
chr2:97645590-97646190	0.16905500000000007	1.0	600
chr2:97663883-97664483	0.1583233333333334	1.0	600
chr2:97710745-97711345	0.04939333333333337	1.0	600
chr2:97848487-97849087	0.024331666666666644	1.0	600
chr2:97995640-97996240	0.478948333333333	1.0	600
chr2:98444537-98445137	0.0527216666666667	1.0	600
chr2:98608247-98608847	0.21849000000000038	1.0	600
chr2:98649339-98649939	0.012919999999999997	1.0	600
chr2:98654763-98655363	0.04058833333333345	1.0	600
chr2:98730918-98731518	0.042745000000000005	1.0	600
chr2:98801161-98801761	0.0154133333333333	1.0	600
chr2:99020006-99020606	0.3877116666666667	1.0	600
chr2:99072202-99072802	0.02895333333333337	1.0	600
chr2:99123800-99124400	0.11884666666666686	1.0	600
chr2:99140976-99141576	0.37411833333333316	1.0	600
chr2:99154655-99155255	0.04671000000000002	1.0	600
chr2:99180847-99181447	0.1676116666666668	1.0	600
chr2:99336086-99336686	0.09939166666666656	1.0	600
chr2:99337015-99337615	0.4135100000000002	1.0	600
chr2:99489908-99490508	0.03300999999999998	1.0	600
chr2:99501327-99501927	0.17289333333333368	1.0	600
chr2:99897490-99898090	0.029595000000000038	1.0	600
chr2:99906989-99907589	0.14357500000000006	1.0	600
chr2:100112095-100112695	0.04804166666666678	1.0	600
chr2:100247132-100247732	0.04226666666666665	1.0	600
chr2:100256197-100256797	0.011084999999999982	1.0	600
chr2:100267159-100267759	0.013016666666666656	1.0	600
chr2:100403898-100404498	0.0018033333333333304	1.0	600
chr2:100413738-100414338	0.017893333333333317	1.0	600
chr2:100417276-100417876	0.0589149999999999	1.0	600
chr2:100421092-100421692	0.07876833333333332	1.0	600
chr2:100548680-100549280	0.16942500000000033	1.0	600
chr2:100562550-100563150	0.06631	1.0	600
chr2:100851756-100852356	0.01913666666666665	1.0	600
chr2:101001929-101002529	0.08588666666666664	1.0	600
chr2:101151193-101151793	0.14450166666666683	1.0	600
chr2:101205444-101206044	0.05358500000000011	1.0	600
chr2:101252423-101253023	0.12393666666666665	1.0	600
chr2:101308477-101309077	0.14638000000000015	1.0	600
chr2:101330231-101330831	0.030475000000000023	1.0	600
chr2:101381854-101382454	0.021136666666666654	1.0	600
chr2:101556720-101557320	0.022324999999999963	1.0	600
chr2:101639088-101639688	0.004636666666666653	1.0	600
chr2:101697192-101697792	0.3384183333333334	1.0	600
chr2:101726749-101727349	0.025785000000000016	1.0	600
chr2:101828525-101829125	0.1264450000000001	1.0	600
chr2:101831159-101831759	0.07719666666666668	1.0	600
chr2:102017705-102018305	0.0033399999999999905	1.0	600
chr2:102025301-102025901	0.0484966666666667	1.0	600
chr2:102033085-102033685	0.010401666666666658	1.0	600
chr2:102069938-102070538	0.019670000000000007	1.0	600
chr2:102142467-102143067	0.034718333333333365	1.0	600
chr2:102187309-102187909	0.01473833333333333	1.0	600
chr2:102227623-102228223	0.035400000000000036	1.0	600
chr2:102240702-102241302	0.07510999999999986	1.0	600
chr2:102355475-102356075	0.0011683333333333337	1.0	600
chr2:102376643-102377243	0.002324999999999995	1.0	600
chr2:102501143-102501743	0.012026666666666661	1.0	600
chr2:102624899-102625499	0.061648333333333326	1.0	600
chr2:103210734-103211334	0.005673333333333329	1.0	600
chr2:103304119-103304719	0.24937333333333342	1.0	600
chr2:103569502-103570102	0.5145349999999997	1.0	600
chr2:103678196-103678796	0.009279999999999995	1.0	600
chr2:103723014-103723614	0.35173166666666666	1.0	600
chr2:103961720-103962320	0.36443666666666685	1.0	600
chr2:104421277-104421877	0.021869875222816373	0.935	561
chr2:104520477-104521077	0.15613666666666678	1.0	600
chr2:104686207-104686807	0.00763333333333332	1.0	600
chr2:105037686-105038286	0.09202666666666667	1.0	600
chr2:105213362-105213962	0.1886283333333333	1.0	600
chr2:105329440-105330040	0.05810499999999996	1.0	600
chr2:105336937-105337537	0.058194999999999976	1.0	600
chr2:105351452-105352052	0.033166666666666726	1.0	600
chr2:105517658-105518258	0.12523666666666672	1.0	600
chr2:105592255-105592855	0.023633333333333305	1.0	600
chr2:105627401-105628001	0.005108333333333315	1.0	600
chr2:105641329-105641929	0.06019333333333332	1.0	600
chr2:105670627-105671227	0.003951666666666654	1.0	600
chr2:105928477-105929077	0.20856666666666673	1.0	600
chr2:105996064-105996664	0.1366600000000001	1.0	600
chr2:106118151-106118751	0.03357333333333339	1.0	600
chr2:106142607-106143207	0.004341666666666656	1.0	600
chr2:106194019-106194619	0.35612833333333344	1.0	600
chr2:106248529-106249129	0.1272933333333336	1.0	600
chr2:106412211-106412811	0.018661666666666667	1.0	600
chr2:106441766-106442366	0.03525166666666668	1.0	600
chr2:106575803-106576403	0.02520333333333332	1.0	600
chr2:106582398-106582998	0.005213333333333328	1.0	600
chr2:106594592-106595192	0.02129333333333329	1.0	600
chr2:106672080-106672680	0.07071000000000005	1.0	600
chr2:106742116-106742716	0.05429	1.0	600
chr2:106815266-106815866	0.023781666666666645	1.0	600
chr2:106852003-106852603	0.015753333333333334	1.0	600
chr2:106876629-106877229	0.012354999999999984	1.0	600
chr2:107214655-107215255	0.059153333333333245	1.0	600
chr2:107355702-107356302	0.00807999999999998	1.0	600
chr2:107514422-107515022	0.2624833333333332	1.0	600
chr2:107665006-107665606	0.054299999999999994	1.0	600
chr2:107755243-107755843	0.00283833333333333	1.0	600
chr2:107848385-107848985	0.2444900000000002	1.0	600
chr2:107916074-107916674	0.13154499999999988	1.0	600
chr2:108095217-108095817	0.02439166666666666	1.0	600
chr2:108345310-108345910	0.1866433333333337	1.0	600
chr2:108448856-108449456	0.07450666666666661	1.0	600
chr2:108459428-108460028	0.17912166666666676	1.0	600
chr2:108480238-108480838	0.07229166666666677	1.0	600
chr2:108533976-108534576	0.028155	1.0	600
chr2:108594029-108594629	0.004001666666666648	1.0	600
chr2:108636179-108636779	0.033470000000000014	1.0	600
chr2:108654679-108655279	0.32720666666666676	1.0	600
chr2:108719152-108719752	0.19376000000000004	1.0	600
chr2:108745260-108745860	0.04357500000000012	1.0	600
chr2:108786403-108787003	0.10892166666666668	1.0	600
chr2:108876491-108877091	0.07132999999999981	1.0	600
chr2:109091930-109092530	0.3195933333333338	1.0	600
chr2:109456949-109457549	0.06834999999999995	1.0	600
chr2:109515006-109515606	0.0019449999999999956	1.0	600
chr2:109545983-109546583	0.2863366666666666	1.0	600
chr2:109613719-109614319	0.01434333333333332	1.0	600
chr2:109647935-109648535	0.03531833333333336	1.0	600
chr2:110151994-110152594	0.05819999999999995	1.0	600
chr2:110193446-110194046	0.1898099999999998	1.0	600
chr2:110204765-110205365	0.12128500000000007	1.0	600
chr2:110211978-110212578	0.2813133333333333	1.0	600
chr2:110677854-110678454	0.09839499999999995	1.0	600
chr2:110807052-110807652	0.0060083333333333265	1.0	600
chr2:110979234-110979834	0.003259999999999986	1.0	600
chr2:111099495-111100095	0.17733000000000027	1.0	600
chr2:111116900-111117500	0.07226666666666665	1.0	600
chr2:111120518-111121118	0.19173500000000024	1.0	600
chr2:111122305-111122905	0.27927666666666673	1.0	600
chr2:111221975-111222575	0.025656666666666637	1.0	600
chr2:111699847-111700447	0.010155000000000025	1.0	600
chr2:111719563-111720163	0.0034916666666666572	1.0	600
chr2:111725651-111726251	0.003054999999999999	1.0	600
chr2:111736185-111736785	0.35431333333333354	1.0	600
chr2:111880585-111881185	0.4498516666666649	1.0	600
chr2:111898264-111898864	0.03894666666666668	1.0	600
chr2:111966310-111966910	0.10584666666666652	1.0	600
chr2:112054853-112055453	0.0013200000000000009	1.0	600
chr2:112254801-112255401	0.1449200000000004	1.0	600
chr2:112275165-112275765	0.4447999999999999	1.0	600
chr2:112275919-112276519	0.5433799999999992	1.0	600
chr2:112481790-112482390	0.1616733333333333	1.0	600
chr2:112541622-112542222	0.0031683333333333208	1.0	600
chr2:112547984-112548584	0.03390333333333331	1.0	600
chr2:112584147-112584747	0.11421833333333332	1.0	600
chr2:112599903-112600503	0.04705166666666667	1.0	600
chr2:112645519-112646119	0.06280333333333334	1.0	600
chr2:112733556-112734156	0.021861666666666627	1.0	600
chr2:112764476-112765076	0.1265066666666669	1.0	600
chr2:112907889-112908489	0.008321666666666637	1.0	600
chr2:112910256-112910856	0.017686666666666663	1.0	600
chr2:113006945-113007545	0.028	1.0	600
chr2:113199000-113199600	0.20089666666666697	1.0	600
chr2:113205980-113206580	0.0019549999999999954	1.0	600
chr2:113240765-113241365	0.1177350000000002	1.0	600
chr2:113756359-113756959	0.23214166666666672	1.0	600
chr2:113855720-113856320	0.05005500000000014	1.0	600
chr2:113889633-113890233	0.5299016666666665	1.0	600
chr2:113915808-113916408	0.08225833333333328	1.0	600
chr2:114018591-114019191	0.069165	1.0	600
chr2:114136905-114137505	0.1456316666666667	1.0	600
chr2:114316966-114317566	0.09890333333333347	1.0	600
chr2:114333410-114334010	0.16543833333333333	1.0	600
chr2:114405406-114406006	0.2972700000000001	1.0	600
chr2:114713483-114714083	0.021881666666666636	1.0	600
chr2:114832930-114833530	0.05343166666666673	1.0	600
chr2:114860247-114860847	0.04184000000000002	1.0	600
chr2:114877884-114878484	0.05694666666666665	1.0	600
chr2:114904566-114905166	0.07948833333333334	1.0	600
chr2:115173601-115174201	0.02734166666666665	1.0	600
chr2:115483174-115483774	0.013968333333333314	1.0	600
chr2:115496638-115497238	0.0645016666666667	1.0	600
chr2:115854077-115854677	0.29990666666666665	1.0	600
chr2:116019789-116020389	0.29627166666666693	1.0	600
chr2:116072728-116073328	0.007079999999999984	1.0	600
chr2:116220053-116220653	0.03148166666666672	1.0	600
chr2:116317012-116317612	0.015360000000000007	1.0	600
chr2:116383801-116384401	0.0035966666666666473	1.0	600
chr2:116415563-116416163	0.08940999999999998	1.0	600
chr2:116438185-116438785	0.06754166666666668	1.0	600
chr2:116493094-116493694	0.027495000000000023	1.0	600
chr2:116689890-116690490	0.05620499999999996	1.0	600
chr2:116818538-116819138	0.008776666666666672	1.0	600
chr2:116829393-116829993	0.030975000000000055	1.0	600
chr2:116853776-116854376	0.04054166666666669	1.0	600
chr2:116883992-116884592	0.012160000000000004	1.0	600
chr2:116912644-116913244	0.03236333333333331	1.0	600
chr2:117342926-117343526	0.04192166666666668	1.0	600
chr2:117485493-117486093	0.2620783333333333	1.0	600
chr2:117589252-117589852	0.06039666666666667	1.0	600
chr2:117726602-117727202	0.004438333333333318	1.0	600
chr2:117757885-117758485	0.05300500000000012	1.0	600
chr2:117814247-117814847	0.13732	1.0	600
chr2:117835828-117836428	0.020871666666666632	1.0	600
chr2:117880349-117880949	0.08351833333333328	1.0	600
chr2:118003203-118003803	0.035805000000000024	1.0	600
chr2:118013814-118014414	0.18402333333333337	1.0	600
chr2:118088084-118088684	0.28106666666666685	1.0	600
chr2:118186100-118186700	0.11887000000000017	1.0	600
chr2:118723242-118723842	0.1370116666666668	1.0	600
chr2:118855518-118856118	0.06834999999999995	1.0	600
chr2:118970793-118971393	0.003961666666666658	1.0	600
chr2:119223435-119224035	0.08332166666666665	1.0	600
chr2:119283027-119283627	0.007933333333333356	1.0	600
chr2:119366601-119367201	0.12504833333333337	1.0	600
chr2:119370943-119371543	0.2601850000000003	1.0	600
chr2:119375925-119376525	0.1020183333333333	1.0	600
chr2:119641470-119642070	0.07556833333333327	1.0	600
chr2:119674501-119675101	0.09032999999999988	1.0	600
chr2:119702721-119703321	0.05966499999999996	1.0	600
chr2:119740371-119740971	0.0469416666666667	1.0	600
chr2:119759462-119760062	0.3344033333333333	1.0	600
chr2:120012642-120013242	0.16154999999999992	1.0	600
chr2:120022024-120022624	0.07603666666666668	1.0	600
chr2:120040822-120041422	0.08273000000000004	1.0	600
chr2:120161391-120161991	0.06292166666666674	1.0	600
chr2:120223142-120223742	0.06079500000000003	1.0	600
chr2:120252492-120253092	0.30286166666666686	1.0	600
chr2:120359945-120360545	0.007725000000000015	1.0	600
chr2:120499996-120500596	0.0029616666666666593	1.0	600
chr2:120505160-120505760	0.0038833333333333267	1.0	600
chr2:120554380-120554980	0.02629999999999999	1.0	600
chr2:120757989-120758589	0.3534350000000003	1.0	600
chr2:120867494-120868094	0.07170333333333331	1.0	600
chr2:120912145-120912745	0.2179400000000001	1.0	600
chr2:120914956-120915556	0.25616500000000014	1.0	600
chr2:120928330-120928930	0.014173333333333324	1.0	600
chr2:121018518-121019118	0.0023933333333333306	1.0	600
chr2:121140626-121141226	0.03582	1.0	600
chr2:121530331-121530931	0.17315166666666665	1.0	600
chr2:121649300-121649900	0.27816166666666686	1.0	600
chr2:121690972-121691572	0.07468166666666656	1.0	600
chr2:121736730-121737330	0.2697200000000001	1.0	600
chr2:121755209-121755809	0.10584333333333332	1.0	600
chr2:121767370-121767970	0.059056666666666625	1.0	600
chr2:121871314-121871914	0.03831333333333333	1.0	600
chr2:122148746-122149346	0.007508333333333318	1.0	600
chr2:122225630-122226230	0.026489999999999993	1.0	600
chr2:122386394-122386994	0.013040000000000019	1.0	600
chr2:123074513-123075113	0.0010983333333333342	1.0	600
chr2:123132699-123133299	0.07716833333333352	1.0	600
chr2:123158074-123158674	0.040521666666666734	1.0	600
chr2:123252875-123253475	0.18406166666666682	1.0	600
chr2:123321509-123322109	0.2181300000000003	1.0	600
chr2:123778443-123779043	0.01388666666666665	1.0	600
chr2:123824651-123825251	0.09746166666666675	1.0	600
chr2:123891238-123891838	0.07776333333333334	1.0	600
chr2:123978282-123978882	0.011791666666666667	1.0	600
chr2:124313850-124314450	0.1453316666666666	1.0	600
chr2:124355572-124356172	0.009593333333333339	1.0	600
chr2:124447596-124448196	0.02239666666666665	1.0	600
chr2:124559803-124560403	0.06428833333333336	1.0	600
chr2:124562336-124562936	0.011681666666666661	1.0	600
chr2:124873435-124874035	0.011025000000000004	1.0	600
chr2:125132469-125133069	0.09054666666666669	1.0	600
chr2:125246207-125246807	0.014098333333333341	1.0	600
chr2:125252243-125252843	0.010719999999999973	1.0	600
chr2:125463950-125464550	0.014829999999999965	1.0	600
chr2:125492598-125493198	0.04096999999999997	1.0	600
chr2:125522904-125523504	0.009191666666666664	1.0	600
chr2:126010247-126010847	0.0036016666666666593	1.0	600
chr2:126215006-126215606	0.033208333333333395	1.0	600
chr2:126317741-126318341	0.04076166666666669	1.0	600
chr2:126464943-126465543	0.006086666666666655	1.0	600
chr2:126712894-126713494	0.08234999999999994	1.0	600
chr2:126849124-126849724	0.14198333333333377	1.0	600
chr2:126959270-126959870	0.30145166666666656	1.0	600
chr2:126971850-126972450	0.006828333333333327	1.0	600
chr2:127080696-127081296	0.00923500000000002	1.0	600
chr2:127081884-127082484	0.03790666666666672	1.0	600
chr2:127090300-127090900	0.06734833333333334	1.0	600
chr2:127094428-127095028	0.03572166666666673	1.0	600
chr2:127106995-127107595	0.1101783333333334	1.0	600
chr2:127144269-127144869	0.024993333333333315	1.0	600
chr2:127219714-127220314	0.2091233333333335	1.0	600
chr2:127231314-127231914	0.021031666666666636	1.0	600
chr2:127387862-127388462	0.10897333333333345	1.0	600
chr2:127407905-127408505	0.04339166666666679	1.0	600
chr2:127479586-127480186	0.029071666666666652	1.0	600
chr2:127526157-127526757	0.23928833333333363	1.0	600
chr2:127552236-127552836	0.018919999999999992	1.0	600
chr2:127630711-127631311	0.2607383333333336	1.0	600
chr2:127652076-127652676	0.006138333333333324	1.0	600
chr2:127661126-127661726	0.006171666666666659	1.0	600
chr2:127664287-127664887	0.07313166666666662	1.0	600
chr2:127675197-127675797	0.0895033333333333	1.0	600
chr2:127695558-127696158	0.06093666666666664	1.0	600
chr2:127701159-127701759	0.1868749999999999	1.0	600
chr2:127737140-127737740	0.047735000000000055	1.0	600
chr2:127857898-127858498	0.12534500000000023	1.0	600
chr2:127870320-127870920	0.38190666666666667	1.0	600
chr2:127880303-127880903	0.02671666666666663	1.0	600
chr2:127885870-127886470	0.4531333333333325	1.0	600
chr2:127990028-127990628	0.04326333333333338	1.0	600
chr2:128027136-128027736	0.31900500000000015	1.0	600
chr2:128090881-128091481	0.22995833333333343	1.0	600
chr2:128203482-128204082	0.4544816666666652	1.0	600
chr2:128260521-128261121	0.01706666666666665	1.0	600
chr2:128289193-128289793	0.009184999999999988	1.0	600
chr2:128301400-128302000	0.06742499999999998	1.0	600
chr2:128318578-128319178	0.05349833333333338	1.0	600
chr2:128321667-128322267	0.08014499999999995	1.0	600
chr2:128347971-128348571	0.0818299999999999	1.0	600
chr2:128563241-128563841	0.08925000000000012	1.0	600
chr2:128622768-128623368	0.002433333333333327	1.0	600
chr2:128629195-128629795	0.011244999999999993	1.0	600
chr2:128638683-128639283	0.04937666666666671	1.0	600
chr2:128743895-128744495	0.0897566666666668	1.0	600
chr2:129039053-129039653	0.2050266666666666	1.0	600
chr2:129080988-129081588	0.006359999999999974	1.0	600
chr2:129087322-129087922	0.02407166666666666	1.0	600
chr2:129178172-129178772	0.02140666666666663	1.0	600
chr2:129429042-129429642	0.0045416666666666565	1.0	600
chr2:129469752-129470352	0.2813166666666668	1.0	600
chr2:129877409-129878009	0.069065	1.0	600
chr2:130001712-130002312	0.17440333333333385	1.0	600
chr2:130088659-130089259	0.006108333333333314	1.0	600
chr2:130144776-130145376	0.22197000000000008	1.0	600
chr2:130181921-130182521	0.1695050000000001	1.0	600
chr2:130211218-130211818	0.5419633333333332	1.0	600
chr2:130336962-130337562	0.11902000000000015	1.0	600
chr2:130342481-130343081	0.08704166666666666	1.0	600
chr2:130355692-130356292	0.042554999999999996	1.0	600
chr2:130372361-130372961	0.06561333333333338	1.0	600
chr2:130391518-130392118	0.03352666666666668	1.0	600
chr2:130428269-130428869	0.01710833333333332	1.0	600
chr2:130727423-130728023	0.03618000000000001	1.0	600
chr2:130797827-130798427	0.005304999999999991	1.0	600
chr2:130820262-130820862	0.02027166666666664	1.0	600
chr2:130947489-130948089	0.008944999999999991	1.0	600
chr2:131093195-131093795	0.10745666666666671	1.0	600
chr2:131104947-131105547	0.022448333333333337	1.0	600
chr2:131135824-131136424	0.14307666666666669	1.0	600
chr2:131492516-131493116	0.07111166666666667	1.0	600
chr2:131527578-131528178	0.19538999999999998	1.0	600
chr2:131673815-131674415	0.020071666666666647	1.0	600
chr2:131682185-131682785	0.11025666666666668	1.0	600
chr2:131801702-131802302	0.03517000000000002	1.0	600
chr2:131838483-131839083	0.32705833333333334	1.0	600
chr2:131991405-131992005	0.13744000000000045	1.0	600
chr2:132037792-132038392	0.3877866666666662	1.0	600
chr2:132200244-132200844	0.23878666666666692	1.0	600
chr2:132304469-132305069	0.0828466666666667	1.0	600
chr2:132347142-132347742	0.15792000000000017	1.0	600
chr2:132352374-132352974	0.03168833333333339	1.0	600
chr2:132416180-132416780	0.04731833333333335	1.0	600
chr2:132921092-132921692	0.0066333333333333105	1.0	600
chr2:133128320-133128920	0.038943333333333295	1.0	600
chr2:133156345-133156945	0.02615333333333332	1.0	600
chr2:133802877-133803477	0.19367500000000015	1.0	600
chr2:134074523-134075123	0.015323333333333322	1.0	600
chr2:134119760-134120360	0.3397200000000001	1.0	600
chr2:134140136-134140736	0.026838333333333343	1.0	600
chr2:134271470-134272070	0.3795150000000002	1.0	600
chr2:134281375-134281975	0.2545566666666667	1.0	600
chr2:134360670-134361270	0.2692366666666669	1.0	600
chr2:134411874-134412474	0.1720233333333333	1.0	600
chr2:134450702-134451302	0.04178166666666668	1.0	600
chr2:134899316-134899916	0.12987666666666686	1.0	600
chr2:134918283-134918883	0.32687333333333335	1.0	600
chr2:135051954-135052554	0.21373499999999993	1.0	600
chr2:135454440-135455040	0.09448833333333329	1.0	600
chr2:135531144-135531744	0.7397233333333336	1.0	600
chr2:135741423-135742023	0.26955166666666663	1.0	600
chr2:135801403-135802003	0.06641333333333334	1.0	600
chr2:135807643-135808243	0.026861666666666614	1.0	600
chr2:135863819-135864419	0.02864166666666667	1.0	600
chr2:135876220-135876820	0.28581499999999976	1.0	600
chr2:135938268-135938868	0.09637000000000001	1.0	600
chr2:135985315-135985915	0.2673983333333333	1.0	600
chr2:136025431-136026031	0.4478916666666668	1.0	600
chr2:136112225-136112825	0.5034600000000005	1.0	600
chr2:136166076-136166676	0.06385999999999996	1.0	600
chr2:136206067-136206667	0.10861166666666672	1.0	600
chr2:136212807-136213407	0.059405000000000034	1.0	600
chr2:136263007-136263607	0.17761000000000038	1.0	600
chr2:136332908-136333508	0.04051500000000006	1.0	600
chr2:136421888-136422488	0.00909000000000001	1.0	600
chr2:136621244-136621844	0.16395499999999988	1.0	600
chr2:137107746-137108346	0.6725433333333326	1.0	600
chr2:137255061-137255661	0.008078333333333338	1.0	600
chr2:137303694-137304294	0.07199166666666663	1.0	600
chr2:137457637-137458237	0.06922500000000008	1.0	600
chr2:137535634-137536234	0.016768333333333347	1.0	600
chr2:137706855-137707455	0.04436000000000003	1.0	600
chr2:137737208-137737808	0.03164499999999998	1.0	600
chr2:137959418-137960018	0.04396000000000003	1.0	600
chr2:138058873-138059473	0.008849999999999995	1.0	600
chr2:138119731-138120331	0.025038333333333298	1.0	600
chr2:138365070-138365670	0.4697316666666665	1.0	600
chr2:138409601-138410201	0.20902166666666686	1.0	600
chr2:138501476-138502076	0.37714333333333333	1.0	600
chr2:138548713-138549313	0.17862333333333352	1.0	600
chr2:138766754-138767354	0.06842499999999997	1.0	600
chr2:138959800-138960400	0.2586566666666666	1.0	600
chr2:139251668-139252268	0.031111666666666645	1.0	600
chr2:139866334-139866934	0.049266666666666736	1.0	600
chr2:140134543-140135143	0.009716666666666679	1.0	600
chr2:140180081-140180681	0.004089999999999988	1.0	600
chr2:140592619-140593219	0.00828333333333333	1.0	600
chr2:140879138-140879738	0.09094833333333328	1.0	600
chr2:140896509-140897109	0.019639999999999977	1.0	600
chr2:140922038-140922638	0.01721666666666667	1.0	600
chr2:140928353-140928953	0.0022566666666666633	1.0	600
chr2:141203994-141204594	0.019181666666666652	1.0	600
chr2:141412049-141412649	0.3226516666666669	1.0	600
chr2:141567847-141568447	0.012528333333333318	1.0	600
chr2:141903980-141904580	0.020343333333333338	1.0	600
chr2:141913316-141913916	0.0077699999999999774	1.0	600
chr2:142300083-142300683	0.02143499999999996	1.0	600
chr2:142456575-142457175	0.01115166666666666	1.0	600
chr2:142542584-142543184	0.03447833333333332	1.0	600
chr2:142613998-142614598	0.0991516666666665	1.0	600
chr2:142821964-142822564	0.022774999999999976	1.0	600
chr2:142866581-142867181	0.01903999999999997	1.0	600
chr2:143034186-143034786	0.15215999999999996	1.0	600
chr2:143066876-143067476	0.07421666666666658	1.0	600
chr2:143187658-143188258	0.01810166666666665	1.0	600
chr2:143505291-143505891	0.3931083333333333	1.0	600
chr2:143512966-143513566	0.029618333333333392	1.0	600
chr2:143607720-143608320	0.8674483333333336	1.0	600
chr2:143611156-143611756	0.01703666666666666	1.0	600
chr2:143669127-143669727	0.005586666666666656	1.0	600
chr2:143675238-143675838	0.16853000000000035	1.0	600
chr2:143805750-143806350	0.9596983333333342	1.0	600
chr2:143936738-143937338	0.03316833333333336	1.0	600
chr2:143956128-143956728	0.31332500000000046	1.0	600
chr2:144190057-144190657	0.058289999999999995	1.0	600
chr2:144332269-144332869	0.14687833333333353	1.0	600
chr2:144461188-144461788	0.9057866666666669	1.0	600
chr2:144466543-144467143	0.9938266666666667	1.0	600
chr2:144515734-144516334	0.6008866666666667	1.0	600
chr2:144524246-144524846	0.6389616666666664	1.0	600
chr2:144583211-144583811	0.3648983333333335	1.0	600
chr2:144596099-144596699	0.8921700000000005	1.0	600
chr2:144649017-144649617	0.7253050000000002	1.0	600
chr2:144687735-144688335	0.058234999999999947	1.0	600
chr2:144711906-144712506	0.5522399999999994	1.0	600
chr2:145154620-145155220	0.4919399999999992	1.0	600
chr2:145186172-145186772	0.3878899999999998	1.0	600
chr2:145200183-145200783	0.6547016666666666	1.0	600
chr2:145286326-145286926	0.15372000000000013	1.0	600
chr2:145533470-145534070	0.033663333333333385	1.0	600
chr2:145641974-145642574	0.014596666666666662	1.0	600
chr2:145730053-145730653	0.5035450000000001	1.0	600
chr2:145868209-145868809	0.08063166666666666	1.0	600
chr2:146202372-146202972	0.03673499999999999	1.0	600
chr2:146272957-146273557	0.010108333333333329	1.0	600
chr2:146442778-146443378	0.038241666666666646	1.0	600
chr2:146656022-146656622	0.050491666666666685	1.0	600
chr2:146927250-146927850	0.005303333333333324	1.0	600
chr2:146979037-146979637	0.6006599999999992	1.0	600
chr2:146986023-146986623	0.6445416666666671	1.0	600
chr2:147051336-147051936	0.5670949999999993	1.0	600
chr2:147079414-147080014	0.05463500000000001	1.0	600
chr2:147089416-147090016	0.013934999999999998	1.0	600
chr2:147599527-147600127	0.042156666666666724	1.0	600
chr2:147844005-147844605	0.5420649999999999	1.0	600
chr2:148020578-148021178	0.5528266666666667	1.0	600
chr2:148118287-148118887	0.0050599999999999595	1.0	600
chr2:148149344-148149944	0.05140666666666667	1.0	600
chr2:148226015-148226615	0.19851	1.0	600
chr2:148326977-148327577	0.19174833333333358	1.0	600
chr2:148509316-148509916	0.11552666666666662	1.0	600
chr2:148511185-148511785	0.020006666666666638	1.0	600
chr2:148564305-148564905	0.10283833333333334	1.0	600
chr2:148582555-148583155	0.07345333333333338	1.0	600
chr2:148586433-148587033	0.07726833333333333	1.0	600
chr2:148645044-148645644	0.7245749999999999	1.0	600
chr2:148691432-148692032	0.09846166666666664	1.0	600
chr2:148771145-148771745	0.4287916666666668	1.0	600
chr2:148812274-148812874	0.0989016666666666	1.0	600
chr2:148874880-148875480	0.27425333333333357	1.0	600
chr2:148926046-148926646	0.13222000000000012	1.0	600
chr2:149035711-149036311	0.07720999999999986	1.0	600
chr2:149083817-149084417	0.025139999999999954	1.0	600
chr2:149313388-149313988	0.12178166666666669	1.0	600
chr2:149330191-149330791	0.40531833333333334	1.0	600
chr2:149488950-149489550	0.08074999999999996	1.0	600
chr2:149490169-149490769	0.15464166666666684	1.0	600
chr2:149587463-149588063	0.04803666666666671	1.0	600
chr2:149597429-149598029	0.21387666666666671	1.0	600
chr2:149692677-149693277	0.07128666666666665	1.0	600
chr2:149823751-149824351	0.09935	1.0	600
chr2:149954493-149955093	0.09613999999999998	1.0	600
chr2:150357410-150358010	0.03942666666666674	1.0	600
chr2:150484946-150485546	0.24178500000000006	1.0	600
chr2:150487435-150488035	0.40479166666666694	1.0	600
chr2:150630809-150631409	0.4286883333333326	1.0	600
chr2:150639895-150640495	0.02685166666666668	1.0	600
chr2:150644587-150645187	0.14196166666666676	1.0	600
chr2:150774080-150774680	0.1314533333333337	1.0	600
chr2:150800988-150801588	0.02126499999999997	1.0	600
chr2:150853176-150853776	0.01750499999999995	1.0	600
chr2:150859748-150860348	0.2311966666666667	1.0	600
chr2:150911879-150912479	0.02823833333333334	1.0	600
chr2:150937050-150937650	0.03238166666666667	1.0	600
chr2:151261564-151262164	0.23599833333333342	1.0	600
chr2:151315418-151316018	0.20660666666666694	1.0	600
chr2:151363611-151364211	0.33374833333333326	1.0	600
chr2:151409581-151410181	0.30854000000000015	1.0	600
chr2:151512667-151513267	0.2554983333333333	1.0	600
chr2:151663434-151664034	0.4847666666666667	1.0	600
chr2:151828197-151828797	0.4051349999999998	1.0	600
chr2:151972913-151973513	0.4585033333333334	1.0	600
chr2:151987684-151988284	0.24056500000000006	1.0	600
chr2:152025721-152026321	0.05820999999999998	1.0	600
chr2:152134511-152135111	0.015654999999999995	1.0	600
chr2:152175708-152176308	0.13696166666666676	1.0	600
chr2:152221672-152222272	0.16635166666666681	1.0	600
chr2:152310027-152310627	0.08938333333333334	1.0	600
chr2:152317998-152318598	0.28828166666666655	1.0	600
chr2:152334814-152335414	0.3415566666666668	1.0	600
chr2:152452962-152453562	0.07433000000000001	1.0	600
chr2:152578087-152578687	0.029996666666666692	1.0	600
chr2:152717227-152717827	0.74629	1.0	600
chr2:152756775-152757375	0.0671300000000001	1.0	600
chr2:153093019-153093619	0.1951916666666669	1.0	600
chr2:153216166-153216766	0.08211000000000013	1.0	600
chr2:153409257-153409857	0.04910666666666674	1.0	600
chr2:153453166-153453766	0.14935666666666675	1.0	600
chr2:153478559-153479159	0.21184833333333333	1.0	600
chr2:153536646-153537246	0.034253333333333365	1.0	600
chr2:153666506-153667106	0.23021833333333333	1.0	600
chr2:153758122-153758722	0.08539333333333347	1.0	600
chr2:154030096-154030696	0.026521666666666673	1.0	600
chr2:154196079-154196679	0.02822333333333333	1.0	600
chr2:154267830-154268430	0.019114999999999983	1.0	600
chr2:154395854-154396454	0.41541833333333333	1.0	600
chr2:154637678-154638278	0.06293833333333336	1.0	600
chr2:154697443-154698043	0.27964666666666693	1.0	600
chr2:154899317-154899917	0.009821666666666663	1.0	600
chr2:155077769-155078369	0.004091666666666647	1.0	600
chr2:155192269-155192869	0.03302760084925689	0.785	471
chr2:155324414-155325014	0.12045333333333334	1.0	600
chr2:155762014-155762614	0.08781166666666666	1.0	600
chr2:155841836-155842436	0.67937	1.0	600
chr2:155975631-155976231	0.5453133333333333	1.0	600
chr2:156019212-156019812	0.02979000000000007	1.0	600
chr2:156068508-156069108	0.03345	1.0	600
chr2:156083714-156084314	0.22692499999999996	1.0	600
chr2:156090037-156090637	0.012548333333333333	1.0	600
chr2:156154093-156154693	0.007214999999999986	1.0	600
chr2:156319967-156320567	0.02511999999999998	1.0	600
chr2:156332469-156333069	0.6025283333333324	1.0	600
chr2:156334468-156335068	0.6090149999999998	1.0	600
chr2:156341425-156342025	0.41431833333333373	1.0	600
chr2:156342361-156342961	0.2932650000000002	1.0	600
chr2:156400199-156400799	0.07219833333333334	1.0	600
chr2:156435418-156436018	0.2543583333333338	1.0	600
chr2:156436051-156436651	0.23405666666666675	1.0	600
chr2:156573288-156573888	0.4471416666666667	1.0	600
chr2:156601748-156602348	0.70187	1.0	600
chr2:156607182-156607782	0.642249999999999	1.0	600
chr2:156611724-156612324	0.06447500000000006	1.0	600
chr2:156795449-156796049	0.034863333333333406	1.0	600
chr2:156796411-156797011	0.04120500000000005	1.0	600
chr2:156980693-156981293	0.049556666666666714	1.0	600
chr2:157032055-157032655	0.4756783333333324	1.0	600
chr2:157054236-157054836	0.15542333333333339	1.0	600
chr2:157055427-157056027	0.47162499999999985	1.0	600
chr2:157070751-157071351	0.06823500000000009	1.0	600
chr2:157153113-157153713	0.03771666666666666	1.0	600
chr2:157278616-157279216	0.2015450000000001	1.0	600
chr2:157302382-157302982	0.07236999999999995	1.0	600
chr2:157428133-157428733	0.06213499999999995	1.0	600
chr2:157584469-157585069	0.04874833333333341	1.0	600
chr2:157851892-157852492	0.0475550000000001	1.0	600
chr2:157876186-157876786	0.34660000000000046	1.0	600
chr2:157919975-157920575	0.021194999999999964	1.0	600
chr2:157939479-157940079	0.1496250000000001	1.0	600
chr2:158149578-158150178	0.17137166666666678	1.0	600
chr2:158303480-158304080	0.02375999999999997	1.0	600
chr2:158309790-158310390	0.2294866666666664	1.0	600
chr2:158343746-158344346	0.15024166666666672	1.0	600
chr2:158366593-158367193	0.024673333333333304	1.0	600
chr2:158420185-158420785	0.022038333333333278	1.0	600
chr2:158431696-158432296	0.08830500000000001	1.0	600
chr2:158456569-158457169	0.5638100000000001	1.0	600
chr2:158462062-158462662	0.046351666666666756	1.0	600
chr2:158523146-158523746	0.0	0.0	0
chr2:158605194-158605794	0.021226666666666647	1.0	600
chr2:158623972-158624572	0.06670999999999996	1.0	600
chr2:158723138-158723738	0.18582166666666675	1.0	600
chr2:158803961-158804561	0.17510000000000012	1.0	600
chr2:158940119-158940719	0.1505233333333333	1.0	600
chr2:158968269-158968869	0.41107333333333335	1.0	600
chr2:159064900-159065500	0.2040150000000003	1.0	600
chr2:159084299-159084899	0.4198366666666668	1.0	600
chr2:159286465-159287065	0.03399500000000001	1.0	600
chr2:159455386-159455986	0.08629833333333331	1.0	600
chr2:159492812-159493412	0.12151333333333347	1.0	600
chr2:159615299-159615899	0.30052	1.0	600
chr2:159668981-159669581	0.08613833333333339	1.0	600
chr2:159712151-159712751	0.39460333333333364	1.0	600
chr2:159753468-159754068	0.05498333333333337	1.0	600
chr2:159797935-159798535	0.10360333333333326	1.0	600
chr2:159869369-159869969	0.06018833333333333	1.0	600
chr2:160208016-160208616	0.08344999999999998	1.0	600
chr2:160210088-160210688	0.057341666666666645	1.0	600
chr2:160221632-160222232	0.03196333333333334	1.0	600
chr2:160269931-160270531	0.0716466666666667	1.0	600
chr2:160319245-160319845	0.03807500000000002	1.0	600
chr2:160407660-160408260	0.29686166666666686	1.0	600
chr2:160630751-160631351	0.04559166666666676	1.0	600
chr2:160844605-160845205	0.20394999999999994	1.0	600
chr2:160940355-160940955	0.018865000000000003	1.0	600
chr2:161160017-161160617	0.15966000000000016	1.0	600
chr2:161207861-161208461	0.18847666666666688	1.0	600
chr2:161308078-161308678	0.20188500000000015	1.0	600
chr2:161360767-161361367	0.2146933333333335	1.0	600
chr2:161367579-161368179	0.32679333333333344	1.0	600
chr2:161400789-161401389	0.1363333333333334	1.0	600
chr2:161618795-161619395	0.017921666666666673	1.0	600
chr2:161770005-161770605	0.10964499999999996	1.0	600
chr2:161823818-161824418	0.05945166666666665	1.0	600
chr2:161966998-161967598	0.20338833333333337	1.0	600
chr2:162073974-162074574	0.10809333333333347	1.0	600
chr2:162226111-162226711	0.15805166666666678	1.0	600
chr2:162294927-162295527	0.03195333333333332	1.0	600
chr2:162301088-162301688	0.45193166666666534	1.0	600
chr2:162318451-162319051	0.0433333333333334	1.0	600
chr2:162343756-162344356	0.11105833333333341	1.0	600
chr2:162659704-162660304	0.017251666666666637	1.0	600
chr2:162748345-162748945	0.024438333333333298	1.0	600
chr2:163007160-163007760	0.018698333333333303	1.0	600
chr2:163029443-163030043	0.04839166666666669	1.0	600
chr2:163193532-163194132	0.013935000000000001	1.0	600
chr2:163266923-163267523	0.06042666666666663	1.0	600
chr2:163348042-163348642	0.314091666666667	1.0	600
chr2:163551870-163552470	0.7178050000000001	1.0	600
chr2:163655198-163655798	0.053939999999999995	1.0	600
chr2:163664124-163664724	0.04339999999999998	1.0	600
chr2:163714547-163715147	0.08815500000000005	1.0	600
chr2:163736045-163736645	0.718376666666666	1.0	600
chr2:163914511-163915111	0.042468333333333344	1.0	600
chr2:163998074-163998674	0.23486500000000043	1.0	600
chr2:164013847-164014447	0.8005983333333333	1.0	600
chr2:164015234-164015834	0.6534999999999997	1.0	600
chr2:164108879-164109479	0.10393000000000005	1.0	600
chr2:164149151-164149751	0.019081666666666657	1.0	600
chr2:164429825-164430425	0.4886166666666663	1.0	600
chr2:164620773-164621373	0.6233049999999992	1.0	600
chr2:164826384-164826984	0.09987166666666666	1.0	600
chr2:164841158-164841758	0.3314350000000002	1.0	600
chr2:164927126-164927726	0.048593333333333426	1.0	600
chr2:165029184-165029784	0.04742166666666667	1.0	600
chr2:165469310-165469910	0.44056833333333334	1.0	600
chr2:165553692-165554292	0.03413333333333334	1.0	600
chr2:165573920-165574520	0.6938900000000003	1.0	600
chr2:165634725-165635325	0.16121166666666692	1.0	600
chr2:165681720-165682320	0.10783499999999996	1.0	600
chr2:165698515-165699115	0.13383833333333345	1.0	600
chr2:165740958-165741558	0.01364833333333333	1.0	600
chr2:165751064-165751664	0.14472000000000015	1.0	600
chr2:165889029-165889629	0.012268333333333332	1.0	600
chr2:165953584-165954184	0.13482166666666662	1.0	600
chr2:166129545-166130145	0.03978000000000008	1.0	600
chr2:166209021-166209621	0.020374999999999997	1.0	600
chr2:166375736-166376336	0.09098999999999996	1.0	600
chr2:166431796-166432396	0.07876833333333332	1.0	600
chr2:166592689-166593289	0.14153666666666698	1.0	600
chr2:166709237-166709837	0.021438333333333302	1.0	600
chr2:166822795-166823395	0.04842833333333345	1.0	600
chr2:166854765-166855365	0.17989333333333313	1.0	600
chr2:167201065-167201665	0.011094999999999982	1.0	600
chr2:167292663-167293263	0.59607	1.0	600
chr2:167601806-167602406	0.03294000000000003	1.0	600
chr2:167707028-167707628	0.04562666666666668	1.0	600
chr2:167816333-167816933	0.016447412353923205	0.9983333333333333	599
chr2:167826988-167827588	0.010601666666666662	1.0	600
chr2:167868808-167869408	0.76627	1.0	600
chr2:167908772-167909372	0.027366666666666647	1.0	600
chr2:168197121-168197721	0.020839999999999987	1.0	600
chr2:168246272-168246872	0.2710633333333335	1.0	600
chr2:168401111-168401711	0.20872000000000002	1.0	600
chr2:168455898-168456498	0.4067016666666667	1.0	600
chr2:168461888-168462488	0.046156666666666735	1.0	600
chr2:168465412-168466012	0.03142833333333331	1.0	600
chr2:168497774-168498374	0.05383833333333343	1.0	600
chr2:168556855-168557455	0.01710333333333331	1.0	600
chr2:168721104-168721704	0.022258333333333317	1.0	600
chr2:168725469-168726069	0.02739833333333336	1.0	600
chr2:168890214-168890814	0.11245666666666679	1.0	600
chr2:168937199-168937799	0.09257666666666663	1.0	600
chr2:168961534-168962134	0.05014833333333337	1.0	600
chr2:169079018-169079618	0.047816666666666716	1.0	600
chr2:169364244-169364844	0.49134666666666665	1.0	600
chr2:169408376-169408976	0.032453333333333396	1.0	600
chr2:169472661-169473261	0.17747682119205288	0.755	453
chr2:169479396-169479996	0.1794650000000002	1.0	600
chr2:169557454-169558054	0.11538000000000007	1.0	600
chr2:169573642-169574242	0.06658166666666662	1.0	600
chr2:169584483-169585083	0.29809333333333327	1.0	600
chr2:169593730-169594330	0.1242266666666667	1.0	600
chr2:169694138-169694738	0.11725833333333344	1.0	600
chr2:169798538-169799138	0.12281999999999992	1.0	600
chr2:169824660-169825260	0.024614999999999984	1.0	600
chr2:169827100-169827700	0.47340666666666675	1.0	600
chr2:169883794-169884394	0.03747166666666673	1.0	600
chr2:169920268-169920868	0.04490166666666676	1.0	600
chr2:170122966-170123566	0.18951666666666672	1.0	600
chr2:170199122-170199722	0.33199166666666624	1.0	600
chr2:170354236-170354836	0.34793166666666675	1.0	600
chr2:170464928-170465528	0.02616166666666664	1.0	600
chr2:170649303-170649903	0.0872733333333333	1.0	600
chr2:170770590-170771190	0.048688333333333354	1.0	600
chr2:170928819-170929419	0.3601083333333333	1.0	600
chr2:170970325-170970925	0.02981166666666669	1.0	600
chr2:170973316-170973916	0.09251999999999998	1.0	600
chr2:171138059-171138659	0.034254999999999994	1.0	600
chr2:171160896-171161496	0.44096666666666656	1.0	600
chr2:171188512-171189112	0.08770000000000001	1.0	600
chr2:171290994-171291594	0.1486533333333335	1.0	600
chr2:171415931-171416531	0.22567000000000018	1.0	600
chr2:171433839-171434439	0.08446333333333338	1.0	600
chr2:171522059-171522659	0.2146366666666666	1.0	600
chr2:171523370-171523970	0.028610000000000017	1.0	600
chr2:171594712-171595312	0.04315333333333337	1.0	600
chr2:171678819-171679419	0.09785333333333328	1.0	600
chr2:171687457-171688057	0.16827166666666687	1.0	600
chr2:171753438-171754038	0.09557499999999987	1.0	600
chr2:171894029-171894629	0.5050949999999994	1.0	600
chr2:171922069-171922669	0.3328400000000001	1.0	600
chr2:171971513-171972113	0.13273333333333354	1.0	600
chr2:171999594-172000194	0.31106333333333347	1.0	600
chr2:172085075-172085675	0.7152783333333333	1.0	600
chr2:172102676-172103276	0.25400500000000004	1.0	600
chr2:172109108-172109708	0.002859999999999981	1.0	600
chr2:172172366-172172966	0.09639333333333332	1.0	600
chr2:172314010-172314610	0.0652716666666666	1.0	600
chr2:172351010-172351610	0.2935666666666666	1.0	600
chr2:172427301-172427901	0.46749666666666656	1.0	600
chr2:172451755-172452355	0.04477333333333335	1.0	600
chr2:172480410-172481010	0.03651500000000009	1.0	600
chr2:172555646-172556246	0.059333333333333356	1.0	600
chr2:172642291-172642891	0.02024499999999995	1.0	600
chr2:172899586-172900186	0.00263833333333333	1.0	600
chr2:172985148-172985748	0.11960333333333342	1.0	600
chr2:173013275-173013875	0.03766000000000007	1.0	600
chr2:173210427-173211027	0.31644333333333363	1.0	600
chr2:173402274-173402874	0.1449733333333336	1.0	600
chr2:173426900-173427500	0.05298333333333334	1.0	600
chr2:173484050-173484650	0.07290833333333334	1.0	600
chr2:173623726-173624326	0.03541833333333335	1.0	600
chr2:173841315-173841915	0.007803333333333324	1.0	600
chr2:173964002-173964602	0.6271383333333334	1.0	600
chr2:173965149-173965749	0.6890433333333333	1.0	600
chr2:174248360-174248960	0.2368950000000002	1.0	600
chr2:174303856-174304456	0.16211833333333342	1.0	600
chr2:174341393-174341993	0.5025566666666661	1.0	600
chr2:174407975-174408575	0.3526900000000001	1.0	600
chr2:174437968-174438568	0.08809999999999997	1.0	600
chr2:174486951-174487551	0.07424333333333333	1.0	600
chr2:174532500-174533100	0.015583333333333307	1.0	600
chr2:174561114-174561714	0.1940416666666667	1.0	600
chr2:174612934-174613534	0.10320833333333333	1.0	600
chr2:174664274-174664874	0.03485000000000003	1.0	600
chr2:174682690-174683290	0.21778833333333344	1.0	600
chr2:174729430-174730030	0.20081166666666694	1.0	600
chr2:174878521-174879121	0.23605999999999994	1.0	600
chr2:175005065-175005665	0.44293000000000005	1.0	600
chr2:175168088-175168688	0.380486666666667	1.0	600
chr2:175181326-175181926	0.48186999999999985	1.0	600
chr2:175303527-175304127	0.29084333333333295	1.0	600
chr2:175363114-175363714	0.9050433333333336	1.0	600
chr2:175543842-175544442	0.15471166666666689	1.0	600
chr2:175545876-175546476	0.31798333333333345	1.0	600
chr2:175587682-175588282	0.04308833333333334	1.0	600
chr2:175710617-175711217	0.08078666666666666	1.0	600
chr2:175812132-175812732	0.35183000000000014	1.0	600
chr2:175869773-175870373	0.03073833333333338	1.0	600
chr2:175942085-175942685	0.09637499999999997	1.0	600
chr2:175950719-175951319	0.17225833333333349	1.0	600
chr2:176001965-176002565	0.24703166666666662	1.0	600
chr2:176016359-176016959	0.11517500000000008	1.0	600
chr2:176140375-176140975	0.13165666666666667	1.0	600
chr2:176174828-176175428	0.39100833333333335	1.0	600
chr2:176269110-176269710	0.17855833333333332	1.0	600
chr2:176454848-176455448	0.6234799999999997	1.0	600
chr2:176632662-176633262	0.027728333333333334	1.0	600
chr2:176653739-176654339	0.3489283333333333	1.0	600
chr2:176709886-176710486	0.673074999999999	1.0	600
chr2:176895569-176896169	0.15223500000000012	1.0	600
chr2:177028259-177028859	0.038633333333333346	1.0	600
chr2:177030231-177030831	0.059019999999999954	1.0	600
chr2:177210309-177210909	0.02740500000000001	1.0	600
chr2:177212330-177212930	0.5296949999999999	1.0	600
chr2:177264481-177265081	0.26831	1.0	600
chr2:177297487-177298087	0.15952500000000003	1.0	600
chr2:177326875-177327475	0.1127066666666667	1.0	600
chr2:177327717-177328317	0.11246666666666667	1.0	600
chr2:177333815-177334415	0.15071500000000018	1.0	600
chr2:177392473-177393073	0.6453499999999999	1.0	600
chr2:177543349-177543949	0.6637899999999992	1.0	600
chr2:177552753-177553353	0.08383333333333327	1.0	600
chr2:177554573-177555173	0.026006666666666636	1.0	600
chr2:177583832-177584432	0.07869833333333343	1.0	600
chr2:177598220-177598820	0.6854166666666672	1.0	600
chr2:177604325-177604925	0.04521833333333338	1.0	600
chr2:177618714-177619314	0.060474999999999925	1.0	600
chr2:177627197-177627797	0.07818499999999995	1.0	600
chr2:177692318-177692918	0.27320000000000033	1.0	600
chr2:177841184-177841784	0.00991	1.0	600
chr2:177958726-177959326	0.0415983333333333	1.0	600
chr2:178112082-178112682	0.2586900000000001	1.0	600
chr2:178116223-178116823	0.2511483333333329	1.0	600
chr2:178194131-178194731	0.11697666666666667	1.0	600
chr2:178239229-178239829	0.09235500000000012	1.0	600
chr2:178242142-178242742	0.22637833333333357	1.0	600
chr2:178414516-178415116	0.03429333333333333	1.0	600
chr2:178450971-178451571	0.11094333333333331	1.0	600
chr2:178464982-178465582	0.09777333333333325	1.0	600
chr2:178478321-178478921	0.19585166666666684	1.0	600
chr2:178480053-178480653	0.17420999999999995	1.0	600
chr2:178522796-178523396	0.018608333333333324	1.0	600
chr2:178608304-178608904	0.7551966666666667	1.0	600
chr2:178666682-178667282	0.10491333333333326	1.0	600
chr2:178670711-178671311	0.09547333333333331	1.0	600
chr2:178724937-178725537	0.273165	1.0	600
chr2:179085542-179086142	0.2967183333333332	1.0	600
chr2:179218896-179219496	0.37141833333333363	1.0	600
chr2:179263674-179264274	0.2731966666666667	1.0	600
chr2:179272585-179273185	0.48652999999999974	1.0	600
chr2:179378734-179379334	0.08089	1.0	600
chr2:179867872-179868472	0.016311666666666662	1.0	600
chr2:179936679-179937279	0.0472783333333334	1.0	600
chr2:179974880-179975480	0.041340000000000036	1.0	600
chr2:180007062-180007662	0.1265483333333335	1.0	600
chr2:180046792-180047392	0.13521333333333363	1.0	600
chr2:180122829-180123429	0.005999999999999969	1.0	600
chr2:180125441-180126041	0.12081500000000003	1.0	600
chr2:180750562-180751162	0.005871666666666653	1.0	600
chr2:180796285-180796885	0.01602499999999999	1.0	600
chr2:180980053-180980653	0.1671733333333334	1.0	600
chr2:181436956-181437556	0.019130000000000005	1.0	600
chr2:181457010-181457610	0.06269499999999995	1.0	600
chr2:181476705-181477305	0.11596833333333398	1.0	600
chr2:181656468-181657068	0.1827000000000001	1.0	600
chr2:181891514-181892114	0.3076633333333334	1.0	600
chr2:181954127-181954727	0.020554999999999993	1.0	600
chr2:181961023-181961623	0.2947533333333334	1.0	600
chr2:181985419-181986019	0.6820283333333335	1.0	600
chr2:182077493-182078093	0.3169383333333337	1.0	600
chr2:182368534-182369134	0.023908333333333327	1.0	600
chr2:182430116-182430716	0.2509468267581474	0.9716666666666667	583
chr2:182715905-182716505	0.20382333333333344	1.0	600
chr2:182954704-182955304	0.0705816666666666	1.0	600
chr2:183038200-183038800	0.29771000000000036	1.0	600
chr2:183124019-183124619	0.16893666666666662	1.0	600
chr2:183198495-183199095	0.2206316666666667	1.0	600
chr2:183793119-183793719	0.07170558375634516	0.3283333333333333	197
chr2:183833620-183834220	0.016951666666666653	1.0	600
chr2:184009621-184010221	0.007993333333333333	1.0	600
chr2:184047880-184048480	0.01418333333333333	1.0	600
chr2:184210589-184211189	0.24858166666666676	1.0	600
chr2:184350295-184350895	0.17663666666666694	1.0	600
chr2:184729589-184730189	0.18912500000000015	1.0	600
chr2:184780565-184781165	0.020754999999999964	1.0	600
chr2:184944993-184945593	0.005629999999999982	1.0	600
chr2:184988400-184989000	0.09871166666666667	1.0	600
chr2:185178631-185179231	0.011123333333333329	1.0	600
chr2:185242837-185243437	0.005316666666666644	1.0	600
chr2:185347012-185347612	0.051319999999999935	1.0	600
chr2:185442184-185442784	0.023149999999999952	1.0	600
chr2:185948390-185948990	0.05638166666666671	1.0	600
chr2:186037228-186037828	0.387051666666667	1.0	600
chr2:186223361-186223961	0.04399166666666667	1.0	600
chr2:186456873-186457473	0.022696666666666646	1.0	600
chr2:186485892-186486492	0.2854083333333333	1.0	600
chr2:186589716-186590316	0.08393500000000001	1.0	600
chr2:186641608-186642208	0.06176333333333336	1.0	600
chr2:186829782-186830382	0.12013166666666728	1.0	600
chr2:187297437-187298037	0.018058333333333308	1.0	600
chr2:187370472-187371072	0.06280333333333321	1.0	600
chr2:187521265-187521865	0.1521600000000003	1.0	600
chr2:187684796-187685396	0.01752499999999996	1.0	600
chr2:187745044-187745644	0.16090166666666672	1.0	600
chr2:187768242-187768842	0.15878666666666688	1.0	600
chr2:187857741-187858341	0.0015816666666666674	1.0	600
chr2:187884662-187885262	0.010274999999999986	1.0	600
chr2:187926019-187926619	0.025288333333333343	1.0	600
chr2:187993368-187993968	0.1225183333333334	1.0	600
chr2:188291572-188292172	0.28763500000000003	1.0	600
chr2:188292447-188293047	0.1896316666666668	1.0	600
chr2:188423275-188423875	0.031295000000000066	1.0	600
chr2:188598492-188599092	0.31608000000000014	1.0	600
chr2:188892789-188893389	0.3357116666666667	1.0	600
chr2:188923123-188923723	0.24248000000000008	1.0	600
chr2:188978134-188978734	0.22999666666666674	1.0	600
chr2:189076081-189076681	0.02101833333333333	1.0	600
chr2:189122099-189122699	0.003434999999999988	1.0	600
chr2:189131603-189132203	0.14133666666666667	1.0	600
chr2:189179478-189180078	0.7784333333333332	1.0	600
chr2:189441116-189441716	0.18749166666666678	1.0	600
chr2:189522489-189523089	0.08474333333333339	1.0	600
chr2:189569368-189569968	0.015961666666666662	1.0	600
chr2:189580564-189581164	0.17257500000000023	1.0	600
chr2:189660969-189661569	0.053653333333333345	1.0	600
chr2:189674223-189674823	0.012353333333333353	1.0	600
chr2:189704896-189705496	0.2827400000000002	1.0	600
chr2:189762514-189763114	0.03374166666666671	1.0	600
chr2:189784127-189784727	0.11497166666666668	1.0	600
chr2:189801510-189802110	0.02708833333333333	1.0	600
chr2:189831805-189832405	0.055969999999999964	1.0	600
chr2:189872804-189873404	0.2806466666666669	1.0	600
chr2:189994132-189994732	0.18083500000000022	1.0	600
chr2:190180557-190181157	0.1622833333333334	1.0	600
chr2:190319648-190320248	0.07642666666666662	1.0	600
chr2:190343848-190344448	0.20860833333333356	1.0	600
chr2:190362489-190363089	0.20717333333333363	1.0	600
chr2:190408506-190409106	0.14007333333333352	1.0	600
chr2:190450953-190451553	0.015603333333333318	1.0	600
chr2:190534233-190534833	0.06584999999999996	1.0	600
chr2:190582116-190582716	0.022366666666666663	1.0	600
chr2:190627663-190628263	0.2584150000000006	1.0	600
chr2:190631914-190632514	0.042901666666666775	1.0	600
chr2:190648466-190649066	0.46661500000000006	1.0	600
chr2:190791504-190792104	0.3477416666666669	1.0	600
chr2:190880388-190880988	0.13316833333333342	1.0	600
chr2:191013963-191014563	0.08959333333333327	1.0	600
chr2:191020034-191020634	0.1687066666666667	1.0	600
chr2:191089608-191090208	0.005884999999999983	1.0	600
chr2:191165934-191166534	0.2732033333333333	1.0	600
chr2:191245093-191245693	0.1028016666666666	1.0	600
chr2:191377151-191377751	0.03514000000000005	1.0	600
chr2:191501099-191501699	0.01977333333333332	1.0	600
chr2:191547501-191548101	0.3031183333333327	1.0	600
chr2:191669799-191670399	0.02058833333333332	1.0	600
chr2:191677709-191678309	0.09142499999999998	1.0	600
chr2:191751745-191752345	0.6655566666666662	1.0	600
chr2:191812009-191812609	0.574885	1.0	600
chr2:191820853-191821453	0.18230166666666664	1.0	600
chr2:192051736-192052336	0.326571666666667	1.0	600
chr2:192445843-192446443	0.013929999999999994	1.0	600
chr2:192507665-192508265	0.0	0.0	0
chr2:192584113-192584713	0.007364999999999984	1.0	600
chr2:192695694-192696294	0.1801433333333335	1.0	600
chr2:193052899-193053499	0.049320000000000086	1.0	600
chr2:193261397-193261997	0.01899166666666666	1.0	600
chr2:193484638-193485238	0.005944999999999987	1.0	600
chr2:193672361-193672961	0.5643400000000003	1.0	600
chr2:193890981-193891581	0.11290166666666673	1.0	600
chr2:193897174-193897774	0.006383333333333324	1.0	600
chr2:193946787-193947387	0.012436666666666691	1.0	600
chr2:193989665-193990265	0.015546666666666651	1.0	600
chr2:194112934-194113534	0.4322599999999999	1.0	600
chr2:194262159-194262759	0.017649999999999968	1.0	600
chr2:194363567-194364167	0.019254999999999967	1.0	600
chr2:194580957-194581557	0.03505500000000002	1.0	600
chr2:194848527-194849127	0.05099666666666671	1.0	600
chr2:194970446-194971046	0.01943499999999997	1.0	600
chr2:195053632-195054232	0.037900000000000024	1.0	600
chr2:195065710-195066310	0.00877666666666665	1.0	600
chr2:195219154-195219754	0.06706499999999993	1.0	600
chr2:195276564-195277164	0.09763666666666675	1.0	600
chr2:195282490-195283090	0.03375666666666668	1.0	600
chr2:195479117-195479717	0.01734166666666664	1.0	600
chr2:195504709-195505309	0.029648333333333384	1.0	600
chr2:195614872-195615472	0.022516666666666647	1.0	600
chr2:195656799-195657399	0.5744850000000002	1.0	600
chr2:195811187-195811787	0.07965666666666676	1.0	600
chr2:195826963-195827563	0.018043333333333314	1.0	600
chr2:195887286-195887886	0.025380000000000017	1.0	600
chr2:195960793-195961393	0.21702000000000027	1.0	600
chr2:196068552-196069152	0.08967166666666661	1.0	600
chr2:196171411-196172011	0.14487333333333346	1.0	600
chr2:196563147-196563747	0.039348333333333485	1.0	600
chr2:196592659-196593259	0.2591783333333338	1.0	600
chr2:196639289-196639889	0.2661683333333334	1.0	600
chr2:196742150-196742750	0.20835999999999988	1.0	600
chr2:196799429-196800029	0.1932183333333336	1.0	600
chr2:196899836-196900436	0.02227999999999998	1.0	600
chr2:196926436-196927036	0.29922500000000035	1.0	600
chr2:196990934-196991534	0.3998766666666668	1.0	600
chr2:197011916-197012516	0.13601833333333335	1.0	600
chr2:197073930-197074530	0.02122666666666662	1.0	600
chr2:197227760-197228360	0.008585000000000002	1.0	600
chr2:197266945-197267545	0.033991666666666726	1.0	600
chr2:197293446-197294046	0.24062166666666693	1.0	600
chr2:197310580-197311180	0.2618500000000005	1.0	600
chr2:197434744-197435344	0.3688266666666665	1.0	600
chr2:197440183-197440783	0.0813616666666668	1.0	600
chr2:197453141-197453741	0.12375000000000004	1.0	600
chr2:197499671-197500271	0.24903833333333333	1.0	600
chr2:197515692-197516292	0.23940500000000006	1.0	600
chr2:197558354-197558954	0.07667500000000002	1.0	600
chr2:197627894-197628494	0.3561916666666667	1.0	600
chr2:197675501-197676101	0.5093783333333323	1.0	600
chr2:197705064-197705664	0.20545833333333344	1.0	600
chr2:197804201-197804801	0.33897166666666645	1.0	600
chr2:197846746-197847346	0.3614683333333329	1.0	600
chr2:197957334-197957934	0.028926666666666663	1.0	600
chr2:198305175-198305775	0.4983116666666663	1.0	600
chr2:198314484-198315084	0.1051483333333333	1.0	600
chr2:198646173-198646773	0.13086666666666688	1.0	600
chr2:199216482-199217082	0.10668666666666676	1.0	600
chr2:199459095-199459695	0.14468833333333345	1.0	600
chr2:199471316-199471916	0.14048333333333343	1.0	600
chr2:199798794-199799394	0.5358700000000001	1.0	600
chr2:199850905-199851505	0.03587	1.0	600
chr2:199893501-199894101	0.04714166666666668	1.0	600
chr2:199910989-199911589	0.21319166666666667	1.0	600
chr2:199955221-199955821	0.153025	1.0	600
chr2:200306311-200306911	0.4991333333333325	1.0	600
chr2:200496164-200496764	0.08908666666666662	1.0	600
chr2:200509822-200510422	0.10412833333333324	1.0	600
chr2:200525760-200526360	0.09580499999999997	1.0	600
chr2:200616089-200616689	0.042713333333333325	1.0	600
chr2:200712879-200713479	0.0272116666666667	1.0	600
chr2:200732027-200732627	0.04465166666666669	1.0	600
chr2:200760465-200761065	0.04603166666666674	1.0	600
chr2:200811543-200812143	0.24234333333333352	1.0	600
chr2:200864439-200865039	0.08396500000000003	1.0	600
chr2:200889063-200889663	0.04483166666666671	1.0	600
chr2:200936666-200937266	0.016304999999999997	1.0	600
chr2:200963438-200964038	0.12659333333333334	1.0	600
chr2:200981427-200982027	0.7820583333333333	1.0	600
chr2:201018649-201019249	0.05620499999999998	1.0	600
chr2:201043214-201043814	0.07064500000000017	1.0	600
chr2:201071411-201072011	0.2738766666666668	1.0	600
chr2:201116534-201117134	0.007769999999999991	1.0	600
chr2:201118400-201119000	0.016223333333333315	1.0	600
chr2:201127449-201128049	0.16435333333333374	1.0	600
chr2:201163066-201163666	0.006158333333333316	1.0	600
chr2:201261664-201262264	0.01391666666666667	1.0	600
chr2:201322988-201323588	0.27332666666666694	1.0	600
chr2:201451365-201451965	0.22562333333333331	1.0	600
chr2:201525388-201525988	0.349475	1.0	600
chr2:201642408-201643008	0.09985833333333333	1.0	600
chr2:201780648-201781248	0.11153999999999988	1.0	600
chr2:201955484-201956084	0.2130583333333335	1.0	600
chr2:201984989-201985589	0.27306499999999984	1.0	600
chr2:202033410-202034010	0.32100333333333303	1.0	600
chr2:202064073-202064673	0.5169400000000003	1.0	600
chr2:202117561-202118161	0.14982333333333342	1.0	600
chr2:202211504-202212104	0.01092666666666664	1.0	600
chr2:202238298-202238898	0.3596766666666667	1.0	600
chr2:202265412-202266012	0.15709499999999993	1.0	600
chr2:202375882-202376482	0.4523483333333334	1.0	600
chr2:202453378-202453978	0.24170666666666668	1.0	600
chr2:202538501-202539101	0.029685000000000024	1.0	600
chr2:202583502-202584102	0.23472000000000004	1.0	600
chr2:202635641-202636241	0.29412666666666704	1.0	600
chr2:202658786-202659386	0.16618833333333363	1.0	600
chr2:202871196-202871796	0.10119166666666672	1.0	600
chr2:202911958-202912558	0.2752916666666667	1.0	600
chr2:202963206-202963806	0.29087500000000005	1.0	600
chr2:202973138-202973738	0.1420883333333336	1.0	600
chr2:203014500-203015100	0.21659833333333348	1.0	600
chr2:203073398-203073998	0.34750333333333355	1.0	600
chr2:203098452-203099052	0.058043333333333356	1.0	600
chr2:203222533-203223133	0.0572933333333334	1.0	600
chr2:203238962-203239562	0.1659300000000002	1.0	600
chr2:203286267-203286867	0.07796666666666667	1.0	600
chr2:203328049-203328649	0.5169216666666668	1.0	600
chr2:203535122-203535722	0.4006600000000003	1.0	600
chr2:203598387-203598987	0.1528183333333337	1.0	600
chr2:203649627-203650227	0.14708666666666684	1.0	600
chr2:203685234-203685834	0.5755016666666652	1.0	600
chr2:203807911-203808511	0.2605550000000001	1.0	600
chr2:203850354-203850954	0.015366666666666676	1.0	600
chr2:204087113-204087713	0.10176999999999999	1.0	600
chr2:204145167-204145767	0.3580166666666669	1.0	600
chr2:204274935-204275535	0.017248333333333313	1.0	600
chr2:204409867-204410467	0.0369933333333334	1.0	600
chr2:204545397-204545997	0.2488650000000005	1.0	600
chr2:204584001-204584601	0.03670833333333335	1.0	600
chr2:204806633-204807233	0.08819500000000001	1.0	600
chr2:204870220-204870820	0.20247500000000027	1.0	600
chr2:204960644-204961244	0.0029016666666666557	1.0	600
chr2:205025037-205025637	0.43218833333333284	1.0	600
chr2:205134220-205134820	0.21022999999999994	1.0	600
chr2:205285889-205286489	0.0768633333333332	1.0	600
chr2:205617319-205617919	0.11883500000000033	1.0	600
chr2:205682125-205682725	0.584801666666667	1.0	600
chr2:205885468-205886068	0.04704333333333334	1.0	600
chr2:205947897-205948497	0.0641033333333334	1.0	600
chr2:206027848-206028448	0.3448216666666668	1.0	600
chr2:206085539-206086139	0.6160233333333334	1.0	600
chr2:206159249-206159849	0.1756633333333335	1.0	600
chr2:206274692-206275292	0.10212833333333335	1.0	600
chr2:206443217-206443817	0.3588066666666665	1.0	600
chr2:206496685-206497285	0.2051433333333336	1.0	600
chr2:206559088-206559688	0.0954616666666666	1.0	600
chr2:206765309-206765909	0.09741833333333332	1.0	600
chr2:206823855-206824455	0.5555183333333333	1.0	600
chr2:206981618-206982218	0.34769999999999984	1.0	600
chr2:207021412-207022012	0.0	0.0	0
chr2:207112496-207113096	0.3203016666666666	1.0	600
chr2:207165920-207166520	0.6979633333333328	1.0	600
chr2:207227363-207227963	0.3722699999999998	1.0	600
chr2:207334457-207335057	0.31644000000000005	1.0	600
chr2:207393874-207394474	0.05381666666666676	1.0	600
chr2:207529607-207530207	0.6470633333333334	1.0	600
chr2:207618929-207619529	0.022663333333333327	1.0	600
chr2:207625128-207625728	0.016131666666666645	1.0	600
chr2:207711205-207711805	0.3174050000000002	1.0	600
chr2:207769734-207770334	0.1785533333333334	1.0	600
chr2:208025265-208025865	0.1899466666666668	1.0	600
chr2:208123238-208123838	0.11895333333333348	1.0	600
chr2:208175209-208175809	0.09470833333333332	1.0	600
chr2:208254130-208254730	0.055575	1.0	600
chr2:208254865-208255465	0.11428833333333337	1.0	600
chr2:208265846-208266446	0.25783333333333347	1.0	600
chr2:208268538-208269138	0.09787166666666668	1.0	600
chr2:208341059-208341659	0.03139666666666664	1.0	600
chr2:208683637-208684237	0.10896166666666678	1.0	600
chr2:208759704-208760304	0.21067666666666685	1.0	600
chr2:208838094-208838694	0.004358333333333308	1.0	600
chr2:208958409-208959009	0.17809000000000022	1.0	600
chr2:209002404-209003004	0.0764283333333334	1.0	600
chr2:209165410-209166010	0.0	0.0	0
chr2:209175461-209176061	0.027246666666666707	1.0	600
chr2:209224261-209224861	0.02460666666666661	1.0	600
chr2:209423627-209424227	0.11071666666666666	1.0	600
chr2:209453123-209453723	0.2523333333333335	1.0	600
chr2:209647432-209648032	0.016073333333333308	1.0	600
chr2:209714471-209715071	0.01604833333333331	1.0	600
chr2:209771507-209772107	0.6603933333333333	1.0	600
chr2:209933897-209934497	0.4835149999999997	1.0	600
chr2:210002240-210002840	0.32861500000000005	1.0	600
chr2:210022899-210023499	0.40945	1.0	600
chr2:210171149-210171749	0.5394299999999993	1.0	600
chr2:210224803-210225403	0.020681666666666664	1.0	600
chr2:210376645-210377245	0.2761249999999997	1.0	600
chr2:210419376-210419976	0.18015500000000026	1.0	600
chr2:210476442-210477042	0.09936999999999996	1.0	600
chr2:210559999-210560599	0.18091166666666672	1.0	600
chr2:210696892-210697492	0.07623000000000008	1.0	600
chr2:210844401-210845001	0.016861666666666664	1.0	600
chr2:210885361-210885961	0.07092833333333323	1.0	600
chr2:210940928-210941528	0.043913333333333346	1.0	600
chr2:210967551-210968151	0.022591666666666652	1.0	600
chr2:210989581-210990181	0.029923333333333312	1.0	600
chr2:211138746-211139346	0.15796666666666684	1.0	600
chr2:211455119-211455719	0.11452500000000017	1.0	600
chr2:211511122-211511722	0.4991116666666666	1.0	600
chr2:211541007-211541607	0.011824999999999995	1.0	600
chr2:211745170-211745770	0.030308333333333392	1.0	600
chr2:212027388-212027988	0.016979999999999974	1.0	600
chr2:212164068-212164668	0.02773833333333334	1.0	600
chr2:212351474-212352074	0.04392666666666663	1.0	600
chr2:212402395-212402995	0.07708166666666663	1.0	600
chr2:212691662-212692262	0.01841333333333332	1.0	600
chr2:212802776-212803376	0.026781666666666634	1.0	600
chr2:212805799-212806399	0.007584999999999968	1.0	600
chr2:213151548-213152148	0.5389449999999999	1.0	600
chr2:213284050-213284650	0.16047666666666666	1.0	600
chr2:213299911-213300511	0.04138499999999996	1.0	600
chr2:213387548-213388148	0.08306546275395038	0.7383333333333333	443
chr2:213500574-213501174	0.01391833333333335	1.0	600
chr2:213631296-213631896	0.09533666666666661	1.0	600
chr2:213752695-213753295	0.016144999999999996	1.0	600
chr2:213865508-213866108	0.041731666666666764	1.0	600
chr2:213923449-213924049	0.0749216666666667	1.0	600
chr2:214035798-214036398	0.050881666666666735	1.0	600
chr2:214187148-214187748	0.0185683333333333	1.0	600
chr2:214328857-214329457	0.23340500000000058	1.0	600
chr2:214357844-214358444	0.007129999999999986	1.0	600
chr2:214410763-214411363	0.7155016666666666	1.0	600
chr2:214465645-214466245	0.11436666666666657	1.0	600
chr2:214471055-214471655	0.02889833333333334	1.0	600
chr2:214575001-214575601	0.246905	1.0	600
chr2:214809721-214810321	0.03844000000000001	1.0	600
chr2:215211693-215212293	0.14962499999999995	1.0	600
chr2:215311681-215312281	0.05306166666666669	1.0	600
chr2:215329072-215329672	0.024851666666666633	1.0	600
chr2:215435861-215436461	0.40447666666666693	1.0	600
chr2:215509232-215509832	0.07024000000000002	1.0	600
chr2:215580645-215581245	0.02524999999999995	1.0	600
chr2:215602892-215603492	0.03608500000000006	1.0	600
chr2:215920031-215920631	0.15702500000000008	1.0	600
chr2:216013388-216013988	0.2642816666666668	1.0	600
chr2:216081520-216082120	0.1358283333333333	1.0	600
chr2:216083381-216083981	0.05525833333333335	1.0	600
chr2:216109053-216109653	0.12926166666666675	1.0	600
chr2:216372059-216372659	0.5766633333333332	1.0	600
chr2:216412078-216412678	0.09513166666666664	1.0	600
chr2:216473952-216474552	0.018796666666666653	1.0	600
chr2:216478151-216478751	0.16043666666666698	1.0	600
chr2:216498466-216499066	0.110685	1.0	600
chr2:216535319-216535919	0.00796833333333332	1.0	600
chr2:216555129-216555729	0.14707500000000018	1.0	600
chr2:216583957-216584557	0.044245000000000076	1.0	600
chr2:216696208-216696808	0.036746666666666684	1.0	600
chr2:216803711-216804311	0.09801499999999996	1.0	600
chr2:216810363-216810963	0.10125166666666666	1.0	600
chr2:216849929-216850529	0.18345333333333344	1.0	600
chr2:217115615-217116215	0.0028583333333333303	1.0	600
chr2:217248139-217248739	0.1773399999999999	1.0	600
chr2:217320122-217320722	0.026931666666666625	1.0	600
chr2:217371580-217372180	0.37038999999999983	1.0	600
chr2:217376999-217377599	0.02331833333333332	1.0	600
chr2:217433988-217434588	0.1311133333333335	1.0	600
chr2:217452637-217453237	0.29754	1.0	600
chr2:217622045-217622645	0.33434166666666676	1.0	600
chr2:217713376-217713976	0.2172066666666667	1.0	600
chr2:217714259-217714859	0.436915	1.0	600
chr2:217836945-217837545	0.1065933333333332	1.0	600
chr2:217838381-217838981	0.2581800000000003	1.0	600
chr2:217865085-217865685	0.121385	1.0	600
chr2:217905340-217905940	0.17440166666666687	1.0	600
chr2:217946635-217947235	0.13440499999999997	1.0	600
chr2:218030656-218031256	0.03163666666666676	1.0	600
chr2:218216831-218217431	0.4845416666666667	1.0	600
chr2:218270068-218270668	0.713675000000001	1.0	600
chr2:218287016-218287616	0.08481833333333322	1.0	600
chr2:218292270-218292870	0.08617833333333329	1.0	600
chr2:218322751-218323351	0.17427	1.0	600
chr2:218367623-218368223	0.22297500000000037	1.0	600
chr2:218395838-218396438	0.2288366666666668	1.0	600
chr2:218398318-218398918	0.07261999999999989	1.0	600
chr2:218399526-218400126	0.5992750000000002	1.0	600
chr2:218406169-218406769	0.04846833333333337	1.0	600
chr2:218542227-218542827	0.0796633333333334	1.0	600
chr2:218555586-218556186	0.052346666666666694	1.0	600
chr2:218568149-218568749	0.3214016666666669	1.0	600
chr2:218659413-218660013	0.3144116666666668	1.0	600
chr2:218710561-218711161	0.24452166666666666	1.0	600
chr2:218745723-218746323	0.3155866666666669	1.0	600
chr2:218776339-218776939	0.04425500000000004	1.0	600
chr2:218781835-218782435	0.14929666666666666	1.0	600
chr2:218809702-218810302	0.11117333333333337	1.0	600
chr2:218908783-218909383	0.05255333333333335	1.0	600
chr2:218995971-218996571	0.04668333333333337	1.0	600
chr2:219048478-219049078	0.008875000000000001	1.0	600
chr2:219057859-219058459	0.07666000000000003	1.0	600
chr2:219160005-219160605	0.07782666666666667	1.0	600
chr2:219176696-219177296	0.17917833333333352	1.0	600
chr2:219177605-219178205	0.1160699999999999	1.0	600
chr2:219206454-219207054	0.17406833333333327	1.0	600
chr2:219218674-219219274	0.08697333333333333	1.0	600
chr2:219229382-219229982	0.3930083333333333	1.0	600
chr2:219253681-219254281	0.1791350000000001	1.0	600
chr2:219279052-219279652	0.20296666666666666	1.0	600
chr2:219286397-219286997	0.28301000000000004	1.0	600
chr2:219289290-219289890	0.14175333333333348	1.0	600
chr2:219294662-219295262	0.29141833333333345	1.0	600
chr2:219303179-219303779	0.07551666666666666	1.0	600
chr2:219387698-219388298	0.01148666666666669	1.0	600
chr2:219469688-219470288	0.02236999999999999	1.0	600
chr2:219497684-219498284	0.38366500000000014	1.0	600
chr2:219498442-219499042	0.1362416666666667	1.0	600
chr2:219527407-219528007	0.01616499999999999	1.0	600
chr2:219543663-219544263	0.307861666666667	1.0	600
chr2:219552439-219553039	0.2483966666666668	1.0	600
chr2:219597860-219598460	0.2141416666666667	1.0	600
chr2:219642358-219642958	0.2876650000000001	1.0	600
chr2:219775935-219776535	0.19688999999999987	1.0	600
chr2:220024880-220025480	0.06468499999999998	1.0	600
chr2:220378382-220378982	0.045011666666666686	1.0	600
chr2:220647125-220647725	0.00048333333333333355	1.0	600
chr2:220857204-220857804	0.2561800000000001	1.0	600
chr2:220864618-220865218	0.00810666666666665	1.0	600
chr2:221019656-221020256	0.0022766666666666577	1.0	600
chr2:221104406-221105006	0.21807000000000015	1.0	600
chr2:221391077-221391677	0.013313333333333345	1.0	600
chr2:221483287-221483887	0.015528333333333337	1.0	600
chr2:221572121-221572721	0.41670333333333337	1.0	600
chr2:221573373-221573973	0.0854466666666667	1.0	600
chr2:221943042-221943642	0.19827333333333355	1.0	600
chr2:222023592-222024192	0.07329833333333348	1.0	600
chr2:222290792-222291392	0.6096283333333322	1.0	600
chr2:222656090-222656690	0.06384499999999999	1.0	600
chr2:222671417-222672017	0.12688666666666681	1.0	600
chr2:222733882-222734482	0.15567000000000017	1.0	600
chr2:222798259-222798859	0.01675166666666665	1.0	600
chr2:222860660-222861260	0.2873433333333336	1.0	600
chr2:222894442-222895042	0.1089166666666668	1.0	600
chr2:222971605-222972205	0.035450000000000044	1.0	600
chr2:222994219-222994819	0.22892833333333348	1.0	600
chr2:223041417-223042017	0.06796833333333328	1.0	600
chr2:223066080-223066680	0.046586666666666665	1.0	600
chr2:223198832-223199432	0.07852333333333325	1.0	600
chr2:223590427-223591027	0.06423333333333339	1.0	600
chr2:223725457-223726057	0.3296033333333333	1.0	600
chr2:223769747-223770347	0.092225	1.0	600
chr2:223837352-223837952	0.17907166666666685	1.0	600
chr2:223945074-223945674	0.29592833333333385	1.0	600
chr2:223957021-223957621	0.16398833333333337	1.0	600
chr2:223969725-223970325	0.006889999999999989	1.0	600
chr2:223993577-223994177	0.026888333333333344	1.0	600
chr2:224017451-224018051	0.013078333333333338	1.0	600
chr2:224039356-224039956	0.0941366666666666	1.0	600
chr2:224118778-224119378	0.4413349999999998	1.0	600
chr2:224211664-224212264	0.5053733333333332	1.0	600
chr2:224378790-224379390	0.25429833333333357	1.0	600
chr2:224585297-224585897	0.4890366666666664	1.0	600
chr2:224627359-224627959	0.007711666666666653	1.0	600
chr2:224632539-224633139	0.024936666666666638	1.0	600
chr2:224973533-224974133	0.00975166666666667	1.0	600
chr2:224982193-224982793	0.687723333333333	1.0	600
chr2:225076528-225077128	0.01162666666666668	1.0	600
chr2:225157649-225158249	0.020014999999999977	1.0	600
chr2:225379052-225379652	0.00874499999999999	1.0	600
chr2:225640039-225640639	0.06344333333333316	1.0	600
chr2:225656349-225656949	0.012611666666666686	1.0	600
chr2:226050671-226051271	0.01977666666666664	1.0	600
chr2:226155063-226155663	0.46717166666666515	1.0	600
chr2:226164424-226165024	0.030006666666666692	1.0	600
chr2:226185792-226186392	0.6342066666666663	1.0	600
chr2:226215804-226216404	0.01986166666666664	1.0	600
chr2:226229839-226230439	0.04998166666666682	1.0	600
chr2:226463616-226464216	0.05504333333333341	1.0	600
chr2:226649885-226650485	0.4147400000000001	1.0	600
chr2:226664708-226665308	0.010179999999999993	1.0	600
chr2:226699484-226700084	0.011123333333333341	1.0	600
chr2:226791411-226792011	0.24040666666666705	1.0	600
chr2:226799584-226800184	0.5662933333333339	1.0	600
chr2:226800933-226801533	0.2616283333333333	1.0	600
chr2:226835691-226836291	0.07087333333333329	1.0	600
chr2:226966329-226966929	0.007478333333333289	1.0	600
chr2:226985221-226985821	0.33159500000000003	1.0	600
chr2:227008707-227009307	0.007831666666666678	1.0	600
chr2:227209570-227210170	0.02421833333333334	1.0	600
chr2:227265199-227265799	0.037560000000000066	1.0	600
chr2:227324945-227325545	0.33696666666666675	1.0	600
chr2:227348473-227349073	0.02391333333333332	1.0	600
chr2:227406197-227406797	0.041576666666666706	1.0	600
chr2:227471827-227472427	0.32484833333333346	1.0	600
chr2:227501162-227501762	0.1915500000000002	1.0	600
chr2:227689683-227690283	0.23538166666666635	1.0	600
chr2:227717754-227718354	0.014038333333333325	1.0	600
chr2:227766195-227766795	0.023989999999999977	1.0	600
chr2:228090516-228091116	0.16060999999999995	1.0	600
chr2:228158512-228159112	0.003744999999999987	1.0	600
chr2:228293590-228294190	0.19261833333333353	1.0	600
chr2:229102897-229103497	0.004078333333333332	1.0	600
chr2:229288663-229289263	0.09160666666666673	1.0	600
chr2:229416125-229416725	0.002339999999999995	1.0	600
chr2:229456253-229456853	0.033778333333333355	1.0	600
chr2:229915045-229915645	0.01310333333333334	1.0	600
chr2:229921945-229922545	0.4952016666666667	1.0	600
chr2:229924986-229925586	0.26598333333333346	1.0	600
chr2:230012538-230013138	0.04815166666666666	1.0	600
chr2:230114743-230115343	0.060675000000000034	1.0	600
chr2:230219802-230220402	0.04936000000000008	1.0	600
chr2:230326911-230327511	0.0691383333333333	1.0	600
chr2:230356070-230356670	0.011115000000000009	1.0	600
chr2:230411699-230412299	0.005408333333333316	1.0	600
chr2:230415908-230416508	0.07563166666666668	1.0	600
chr2:230436887-230437487	0.07579666666666664	1.0	600
chr2:230441435-230442035	0.0027733333333333234	1.0	600
chr2:230523779-230524379	0.15018000000000015	1.0	600
chr2:230585834-230586434	0.02862333333333336	1.0	600
chr2:230712497-230713097	0.2524150000000004	1.0	600
chr2:230798813-230799413	0.19673500000000016	1.0	600
chr2:230864561-230865161	0.26398999999999995	1.0	600
chr2:230886609-230887209	0.013316666666666692	1.0	600
chr2:230932460-230933060	0.03315666666666673	1.0	600
chr2:231037777-231038377	0.20418833333333364	1.0	600
chr2:231047488-231048088	0.05311333333333334	1.0	600
chr2:231052749-231053349	0.014150000000000001	1.0	600
chr2:231056582-231057182	0.2996683333333333	1.0	600
chr2:231198313-231198913	0.11073500000000015	1.0	600
chr2:231227218-231227818	0.07013833333333326	1.0	600
chr2:231388317-231388917	0.2189416666666668	1.0	600
chr2:231412193-231412793	0.023439999999999978	1.0	600
chr2:231464302-231464902	0.3032616666666668	1.0	600
chr2:231514139-231514739	0.05047000000000002	1.0	600
chr2:231530191-231530791	0.01846333333333331	1.0	600
chr2:231542401-231543001	0.08682499999999997	1.0	600
chr2:231604011-231604611	0.024716666666666633	1.0	600
chr2:231604683-231605283	0.193336666666667	1.0	600
chr2:231608728-231609328	0.11538333333333341	1.0	600
chr2:231614134-231614734	0.11359500000000015	1.0	600
chr2:231661953-231662553	0.2621166666666667	1.0	600
chr2:231666230-231666830	0.08441166666666662	1.0	600
chr2:231673547-231674147	0.015464999999999987	1.0	600
chr2:231680876-231681476	0.01928999999999997	1.0	600
chr2:231708033-231708633	0.45431666666666587	1.0	600
chr2:231710117-231710717	0.09602999999999999	1.0	600
chr2:231781053-231781653	0.5384666666666663	1.0	600
chr2:231887270-231887870	0.01882166666666668	1.0	600
chr2:231929681-231930281	0.10980000000000002	1.0	600
chr2:231961385-231961985	0.1706700000000001	1.0	600
chr2:231969828-231970428	0.17471999999999974	1.0	600
chr2:232306705-232307305	0.011650000000000004	1.0	600
chr2:232447628-232448228	0.07054666666666665	1.0	600
chr2:232550309-232550909	0.19656166666666677	1.0	600
chr2:232569738-232570338	0.039370000000000065	1.0	600
chr2:232605722-232606322	0.02962000000000003	1.0	600
chr2:232633201-232633801	0.14242499999999994	1.0	600
chr2:232696916-232697516	0.38983333333333314	1.0	600
chr2:232853390-232853990	0.013501666666666665	1.0	600
chr2:232872049-232872649	0.19981166666666667	1.0	600
chr2:232879744-232880344	0.0013500000000000007	1.0	600
chr2:232901828-232902428	0.0033716666666666574	1.0	600
chr2:233003343-233003943	0.005083333333333322	1.0	600
chr2:233166198-233166798	0.00955333333333332	1.0	600
chr2:233251255-233251855	0.13903666666666664	1.0	600
chr2:233290965-233291565	0.004639999999999987	1.0	600
chr2:233354084-233354684	0.18198999999999999	1.0	600
chr2:233517157-233517757	0.0872983333333333	1.0	600
chr2:233566419-233567019	0.12892500000000023	1.0	600
chr2:233643170-233643770	0.27116166666666686	1.0	600
chr2:233854398-233854998	0.08653833333333327	1.0	600
chr2:234045913-234046513	0.03559500000000002	1.0	600
chr2:234131024-234131624	0.1335983333333335	1.0	600
chr2:234139598-234140198	0.046650000000000025	1.0	600
chr2:234144160-234144760	0.00483666666666666	1.0	600
chr2:234285146-234285746	0.0060849999999999845	1.0	600
chr2:234459597-234460197	0.10409833333333332	1.0	600
chr2:234496825-234497425	0.059321666666666696	1.0	600
chr2:234788711-234789311	0.001918333333333329	1.0	600
chr2:234861805-234862405	0.013493333333333348	1.0	600
chr2:234865846-234866446	0.0022899999999999917	1.0	600
chr2:234951606-234952206	0.007348333333333326	1.0	600
chr2:234986261-234986861	0.009591666666666639	1.0	600
chr2:235149033-235149633	0.1397500000000001	1.0	600
chr2:235384627-235385227	0.16728000000000015	1.0	600
chr2:235468885-235469485	0.08428499999999996	1.0	600
chr2:235493588-235494188	0.19009666666666677	1.0	600
chr2:235553631-235554231	0.02447166666666666	1.0	600
chr2:235577472-235578072	0.14981166666666684	1.0	600
chr2:235605531-235606131	0.01287	1.0	600
chr2:235636705-235637305	0.002734999999999987	1.0	600
chr2:235669248-235669848	0.132281666666667	1.0	600
chr2:235679306-235679906	0.0016233333333333336	1.0	600
chr2:235688499-235689099	0.004679999999999993	1.0	600
chr2:235752561-235753161	0.0034883333333333207	1.0	600
chr2:236235083-236235683	0.04522500000000013	1.0	600
chr2:236321249-236321849	0.009618333333333324	1.0	600
chr2:236438954-236439554	0.14709666666666676	1.0	600
chr2:236567412-236568012	0.006924999999999992	1.0	600
chr2:236604934-236605534	0.00726166666666667	1.0	600
chr2:236740066-236740666	0.0025283333333333243	1.0	600
chr2:236828995-236829595	0.011860000000000011	1.0	600
chr2:236903419-236904019	0.004601666666666666	1.0	600
chr2:237085576-237086176	0.20350833333333335	1.0	600
chr2:237116498-237117098	0.008806666666666671	1.0	600
chr2:237118551-237119151	0.0011216666666666669	1.0	600
chr2:237266346-237266946	0.0048533333333333	1.0	600
chr2:237315036-237315636	0.10365166666666664	1.0	600
chr2:237428877-237429477	0.030688333333333317	1.0	600
chr2:237617265-237617865	0.006808333333333326	1.0	600
chr2:237691784-237692384	0.03732500000000002	1.0	600
chr2:237898526-237899126	0.008848333333333347	1.0	600
chr2:237905168-237905768	0.07421999999999994	1.0	600
chr2:237966554-237967154	0.17583166666666672	1.0	600
chr2:237995461-237996061	0.011876666666666678	1.0	600
chr2:238060685-238061285	0.01738333333333331	1.0	600
chr2:238122114-238122714	0.005613333333333333	1.0	600
chr2:238203446-238204046	0.13574666666666677	1.0	600
chr2:238231369-238231969	0.17437999999999998	1.0	600
chr2:238239849-238240449	0.10459333333333327	1.0	600
chr2:238288567-238289167	0.29900333333333384	1.0	600
chr2:238320105-238320705	0.20942166666666662	1.0	600
chr2:238523426-238524026	0.16101000000000046	1.0	600
chr2:238567714-238568314	0.011134999999999996	1.0	600
chr2:238782913-238783513	0.0071649999999999795	1.0	600
chr2:238856073-238856673	0.004759999999999994	1.0	600
chr2:238864149-238864749	0.1449500000000003	1.0	600
chr2:239118121-239118721	0.007200000000000008	1.0	600
chr2:239121504-239122104	0.0035016666666666495	1.0	600
chr2:239131567-239132167	0.0023166666666666596	1.0	600
chr2:239175942-239176542	0.2225183333333333	1.0	600
chr2:239191956-239192556	0.00614333333333333	1.0	600
chr2:239195195-239195795	0.2729100000000002	1.0	600
chr2:239234100-239234700	0.0010400000000000006	1.0	600
chr2:239275000-239275600	0.20905000000000012	1.0	600
chr2:239316962-239317562	0.030578333333333336	1.0	600
chr2:239380830-239381430	0.085165	1.0	600
chr2:239391520-239392120	0.009525000000000007	1.0	600
chr2:239400962-239401562	0.13185000000000024	1.0	600
chr2:239425569-239426169	0.0032949999999999915	1.0	600
chr2:239665830-239666430	0.017306666666666654	1.0	600
chr2:239700938-239701538	0.002006666666666667	1.0	600
chr2:239830566-239831166	0.016660000000000008	1.0	600
chr2:239917855-239918455	0.008883333333333309	1.0	600
chr2:240025121-240025721	0.07899999999999996	1.0	600
chr2:240033226-240033826	0.019814999999999996	1.0	600
chr2:240136062-240136662	0.13431500000000024	1.0	600
chr2:240233159-240233759	0.004616666666666657	1.0	600
chr2:240251137-240251737	0.0047833333333333235	1.0	600
chr2:240259023-240259623	0.06787666666666663	1.0	600
chr2:240268250-240268850	0.10345500000000009	1.0	600
chr2:240321593-240322193	0.014519999999999996	1.0	600
chr2:240435327-240435927	0.09594	1.0	600
chr2:240438110-240438710	0.0027099999999999967	1.0	600
chr2:240452373-240452973	0.030518333333333352	1.0	600
chr2:240484834-240485434	0.10321500000000011	1.0	600
chr2:240560839-240561439	0.4128083333333335	1.0	600
chr2:240566324-240566924	0.002116666666666665	1.0	600
chr2:240586428-240587028	0.13367666666666664	1.0	600
chr2:240800089-240800689	0.04308500000000001	1.0	600
chr2:240819986-240820586	0.16393000000000021	1.0	600
chr2:240832186-240832786	0.04877333333333336	1.0	600
chr2:240840307-240840907	0.0017866666666666628	1.0	600
chr2:240853036-240853636	0.0037616666666666493	1.0	600
chr2:240927335-240927935	0.0028816666666666635	1.0	600
chr2:240931418-240932018	0.002248333333333333	1.0	600
chr2:240973049-240973649	0.1678750000000002	1.0	600
chr2:241069257-241069857	0.00043666666666666696	1.0	600
chr2:241086476-241087076	0.0038866666666666516	1.0	600
chr2:241102062-241102662	0.040510000000000046	1.0	600
chr2:241149228-241149828	0.06426333333333326	1.0	600
chr2:241150175-241150775	0.21279500000000023	1.0	600
chr2:241272273-241272873	0.09395500000000004	1.0	600
chr2:241306314-241306914	0.013929999999999993	1.0	600
chr2:241315457-241316057	0.37244000000000016	1.0	600
chr2:241355942-241356542	0.024019999999999986	1.0	600
chr2:241442011-241442611	0.6035283333333326	1.0	600
chr2:241508386-241508986	0.005563333333333322	1.0	600
chr2:241540921-241541521	0.01658000000000001	1.0	600
chr2:241559628-241560228	0.13573500000000008	1.0	600
chr2:241610039-241610639	0.01654499999999999	1.0	600
chr2:241636847-241637447	0.16850666666666705	1.0	600
chr2:241669912-241670512	0.003364999999999993	1.0	600
chr2:241686619-241687219	0.17496333333333353	1.0	600
chr2:241701642-241702242	0.1250500000000001	1.0	600
chr2:241734236-241734836	0.004279999999999997	1.0	600
chr2:241844022-241844622	0.04937833333333343	1.0	600
chr2:241881421-241882021	0.018669999999999975	1.0	600
chr2:241987678-241988278	0.09192166666666678	1.0	600
chr2:241994310-241994910	0.044938333333333386	1.0	600
chr2:242088349-242088949	0.04447833333333336	1.0	600
chr3:63088-63688	0.26520333333333335	1.0	600
chr3:228650-229250	0.5567850000000002	1.0	600
chr3:419019-419619	0.0690799999999998	1.0	600
chr3:603737-604337	0.018906666666666645	1.0	600
chr3:619494-620094	0.014842105263157887	0.9183333333333333	551
chr3:1025521-1026121	0.10118333333333335	1.0	600
chr3:1313820-1314420	0.12094666666666672	1.0	600
chr3:1711252-1711852	0.05139833333333332	1.0	600
chr3:1717440-1718040	0.536143333333333	1.0	600
chr3:1742002-1742602	0.02239666666666664	1.0	600
chr3:1815847-1816447	0.20232333333333363	1.0	600
chr3:1987944-1988544	0.02573166666666664	1.0	600
chr3:1991116-1991716	0.016853333333333314	1.0	600
chr3:2062757-2063357	0.01039000000000001	1.0	600
chr3:2098443-2099043	0.07758499999999993	1.0	600
chr3:2765082-2765682	0.033455000000000026	1.0	600
chr3:3114921-3115521	0.00848	1.0	600
chr3:3126576-3127176	0.018534999999999982	1.0	600
chr3:3179452-3180052	0.1983183333333335	1.0	600
chr3:3200548-3201148	0.08789333333333325	1.0	600
chr3:3463091-3463691	0.010336666666666676	1.0	600
chr3:3537687-3538287	0.006895000000000008	1.0	600
chr3:3799032-3799632	0.24813333333333337	1.0	600
chr3:3817761-3818361	0.23085333333333344	1.0	600
chr3:3924228-3924828	0.1571083333333335	1.0	600
chr3:4156898-4157498	0.018088333333333328	1.0	600
chr3:4303278-4303878	0.0922099999999999	1.0	600
chr3:4466965-4467565	0.2252733333333336	1.0	600
chr3:4492960-4493560	0.5072533333333336	1.0	600
chr3:4692027-4692627	0.013766666666666658	1.0	600
chr3:4711249-4711849	0.16926499999999997	1.0	600
chr3:4801672-4802272	0.0025283333333333247	1.0	600
chr3:4826309-4826909	0.1372016666666669	1.0	600
chr3:4868066-4868666	0.14021000000000008	1.0	600
chr3:4928300-4928900	0.12638500000000014	1.0	600
chr3:4977415-4978015	0.33987333333333364	1.0	600
chr3:4978463-4979063	0.38241500000000006	1.0	600
chr3:4986638-4987238	0.4705083333333334	1.0	600
chr3:4994799-4995399	0.32436999999999994	1.0	600
chr3:5026730-5027330	0.11984666666666707	1.0	600
chr3:5121937-5122537	0.25111000000000006	1.0	600
chr3:5187244-5187844	0.3318	1.0	600
chr3:5426184-5426784	0.27496000000000015	1.0	600
chr3:5440213-5440813	0.011541666666666674	1.0	600
chr3:5537541-5538141	0.012915000000000013	1.0	600
chr3:5829142-5829742	0.008083333333333331	1.0	600
chr3:5846464-5847064	0.1886650000000002	1.0	600
chr3:5873499-5874099	0.04339666666666665	1.0	600
chr3:5968089-5968689	0.009061666666666624	1.0	600
chr3:6282677-6283277	0.04202333333333336	1.0	600
chr3:6354666-6355266	0.006399999999999975	1.0	600
chr3:6460917-6461517	0.1295683333333335	1.0	600
chr3:6497362-6497962	0.1023033333333336	1.0	600
chr3:6691442-6692042	0.10636666666666672	1.0	600
chr3:6936277-6936877	0.0039016666666666536	1.0	600
chr3:6973300-6973900	0.004451666666666651	1.0	600
chr3:7253290-7253890	0.028428333333333344	1.0	600
chr3:7267003-7267603	0.020505000000000006	1.0	600
chr3:7410929-7411529	0.003478333333333312	1.0	600
chr3:7413517-7414117	0.007320000000000001	1.0	600
chr3:7560631-7561231	0.00438499999999998	1.0	600
chr3:7610535-7611135	0.005883333333333313	1.0	600
chr3:7667138-7667738	0.02563666666666662	1.0	600
chr3:7668314-7668914	0.008049999999999993	1.0	600
chr3:7878185-7878785	0.06792000000000004	1.0	600
chr3:8111117-8111717	0.0561166666666667	1.0	600
chr3:8236076-8236676	0.017378333333333298	1.0	600
chr3:8275808-8276408	0.0033433333333333167	1.0	600
chr3:8324686-8325286	0.020036666666666637	1.0	600
chr3:8365886-8366486	0.1047433333333332	1.0	600
chr3:8408232-8408832	0.05307833333333339	1.0	600
chr3:8501447-8502047	0.35475666666666666	1.0	600
chr3:8622780-8623380	0.01722666666666666	1.0	600
chr3:8629348-8629948	0.10972333333333341	1.0	600
chr3:8922360-8922960	0.19008333333333327	1.0	600
chr3:8957177-8957777	0.07312333333333339	1.0	600
chr3:8963162-8963762	0.14621166666666677	1.0	600
chr3:9029418-9030018	0.01582166666666663	1.0	600
chr3:9172851-9173451	0.16747500000000023	1.0	600
chr3:9204549-9205149	0.30256666666666704	1.0	600
chr3:9249365-9249965	0.5480983333333325	1.0	600
chr3:9362715-9363315	0.07656499999999997	1.0	600
chr3:9396436-9397036	0.29122333333333317	1.0	600
chr3:9422600-9423200	0.6993950000000004	1.0	600
chr3:9455017-9455617	0.02963333333333335	1.0	600
chr3:9573325-9573925	0.18650500000000017	1.0	600
chr3:9600518-9601118	0.7249700000000004	1.0	600
chr3:9649054-9649654	0.2525383333333333	1.0	600
chr3:9729128-9729728	0.24223166666666657	1.0	600
chr3:9731041-9731641	0.09585666666666666	1.0	600
chr3:9749576-9750176	0.04784500000000003	1.0	600
chr3:9792467-9793067	0.274195	1.0	600
chr3:9843728-9844328	0.05503166666666672	1.0	600
chr3:9862518-9863118	0.06825000000000003	1.0	600
chr3:9890278-9890878	0.2068266666666667	1.0	600
chr3:9915032-9915632	0.25426666666666664	1.0	600
chr3:9916771-9917371	0.2651200000000002	1.0	600
chr3:9932663-9933263	0.38557333333333316	1.0	600
chr3:9933473-9934073	0.16272000000000011	1.0	600
chr3:9946320-9946920	0.6409700000000002	1.0	600
chr3:9986528-9987128	0.2691983333333333	1.0	600
chr3:10008869-10009469	0.03186833333333335	1.0	600
chr3:10010909-10011509	0.03135333333333331	1.0	600
chr3:10115256-10115856	0.33554666666666666	1.0	600
chr3:10125177-10125777	0.182685	1.0	600
chr3:10141454-10142054	0.06621166666666665	1.0	600
chr3:10164555-10165155	0.18028166666666667	1.0	600
chr3:10248142-10248742	0.08804999999999993	1.0	600
chr3:10320906-10321506	0.08144833333333315	1.0	600
chr3:10484453-10485053	0.017904999999999987	1.0	600
chr3:10834995-10835595	0.0062966666666666535	1.0	600
chr3:11091921-11092521	0.0458883333333334	1.0	600
chr3:11385105-11385705	0.028206666666666647	1.0	600
chr3:11434110-11434710	0.49036833333333313	1.0	600
chr3:11499026-11499626	0.02459333333333329	1.0	600
chr3:11568509-11569109	0.20913500000000027	1.0	600
chr3:11591242-11591842	0.3652266666666668	1.0	600
chr3:11642594-11643194	0.19992833333333357	1.0	600
chr3:11643685-11644285	0.37978333333333336	1.0	600
chr3:11701477-11702077	0.008128333333333326	1.0	600
chr3:11719394-11719994	0.08147333333333322	1.0	600
chr3:11846654-11847254	0.058166666666666665	1.0	600
chr3:11938722-11939322	0.018893333333333293	1.0	600
chr3:12158700-12159300	0.3093450000000002	1.0	600
chr3:12175744-12176344	0.05971499999999996	1.0	600
chr3:12397047-12397647	0.07487166666666663	1.0	600
chr3:12484208-12484808	0.10612333333333321	1.0	600
chr3:12540561-12541161	0.005429999999999968	1.0	600
chr3:12556709-12557309	0.1677816666666667	1.0	600
chr3:12663912-12664512	0.3944183333333336	1.0	600
chr3:12705027-12705627	0.03086333333333338	1.0	600
chr3:12742788-12743388	0.07931666666666644	1.0	600
chr3:12810102-12810702	0.3082066666666667	1.0	600
chr3:12841238-12841838	0.1686716666666668	1.0	600
chr3:12967493-12968093	0.1014933333333334	1.0	600
chr3:12985295-12985895	0.22510999999999987	1.0	600
chr3:12994084-12994684	0.041338333333333366	1.0	600
chr3:13017884-13018484	0.07041166666666666	1.0	600
chr3:13230134-13230734	0.2493249999999998	1.0	600
chr3:13280527-13281127	0.04840000000000003	1.0	600
chr3:13407593-13408193	0.0052166666666666524	1.0	600
chr3:13451641-13452241	0.06921666666666672	1.0	600
chr3:13479237-13479837	0.0752799999999999	1.0	600
chr3:13479941-13480541	0.11485833333333337	1.0	600
chr3:13484211-13484811	0.02306499999999998	1.0	600
chr3:13496177-13496777	0.095655	1.0	600
chr3:13498236-13498836	0.10368499999999994	1.0	600
chr3:13535809-13536409	0.1665500000000001	1.0	600
chr3:13548795-13549395	0.006653333333333318	1.0	600
chr3:13607215-13607815	0.05697833333333339	1.0	600
chr3:13648097-13648697	0.02984	1.0	600
chr3:13665067-13665667	0.013070000000000005	1.0	600
chr3:13687032-13687632	0.194416666666667	1.0	600
chr3:13750420-13751020	0.020346666666666673	1.0	600
chr3:13895261-13895861	0.0021866666666666614	1.0	600
chr3:13922281-13922881	0.21660500000000013	1.0	600
chr3:14046431-14047031	0.09726166666666672	1.0	600
chr3:14076058-14076658	0.27771666666666683	1.0	600
chr3:14124565-14125165	0.1804316666666668	1.0	600
chr3:14178377-14178977	0.141255	1.0	600
chr3:14394086-14394686	0.02042999999999999	1.0	600
chr3:14402222-14402822	0.34317999999999993	1.0	600
chr3:14432132-14432732	0.12908166666666693	1.0	600
chr3:14651315-14651915	0.15807666666666662	1.0	600
chr3:14702104-14702704	0.07221666666666669	1.0	600
chr3:14860558-14861158	0.0512350000000001	1.0	600
chr3:14940713-14941313	0.14821500000000043	1.0	600
chr3:14948188-14948788	0.17476833333333336	1.0	600
chr3:15048037-15048637	0.09036166666666666	1.0	600
chr3:15098843-15099443	0.11450499999999998	1.0	600
chr3:15138950-15139550	0.0482650000000001	1.0	600
chr3:15183741-15184341	0.02928500000000002	1.0	600
chr3:15267844-15268444	0.06884166666666662	1.0	600
chr3:15269433-15270033	0.28504333333333337	1.0	600
chr3:15292976-15293576	0.07800999999999995	1.0	600
chr3:15297404-15298004	0.017304999999999994	1.0	600
chr3:15306120-15306720	0.012651666666666657	1.0	600
chr3:15325146-15325746	0.003876666666666653	1.0	600
chr3:15332305-15332905	0.2404900000000004	1.0	600
chr3:15378103-15378703	0.10935166666666682	1.0	600
chr3:15427309-15427909	0.25961	1.0	600
chr3:15627696-15628296	0.012651666666666667	1.0	600
chr3:15630046-15630646	0.029095000000000006	1.0	600
chr3:15654789-15655389	0.057909999999999955	1.0	600
chr3:15699716-15700316	0.17794666666666664	1.0	600
chr3:15797658-15798258	0.8054200000000002	1.0	600
chr3:15802206-15802806	0.058763333333333195	1.0	600
chr3:15859558-15860158	0.30105000000000026	1.0	600
chr3:15924840-15925440	0.04538666666666666	1.0	600
chr3:15946422-15947022	0.1004116666666665	1.0	600
chr3:15982754-15983354	0.28726333333333376	1.0	600
chr3:16061116-16061716	0.004296666666666656	1.0	600
chr3:16085782-16086382	0.09857666666666656	1.0	600
chr3:16182697-16183297	0.00788333333333333	1.0	600
chr3:16203809-16204409	0.01507833333333336	1.0	600
chr3:16264830-16265430	0.1593933333333335	1.0	600
chr3:16390655-16391255	0.013470000000000008	1.0	600
chr3:16398648-16399248	0.04338166666666665	1.0	600
chr3:16412536-16413136	0.027669999999999976	1.0	600
chr3:16568146-16568746	0.022933333333333316	1.0	600
chr3:16589427-16590027	0.06658833333333317	1.0	600
chr3:16716287-16716887	0.02523166666666662	1.0	600
chr3:17391272-17391872	0.011621666666666678	1.0	600
chr3:17742378-17742978	0.44592999999999977	1.0	600
chr3:17830643-17831243	0.027871666666666683	1.0	600
chr3:17841101-17841701	0.0897533333333333	1.0	600
chr3:17860416-17861016	0.19383666666666646	1.0	600
chr3:18425084-18425684	0.8583783333333344	1.0	600
chr3:18444919-18445519	0.38704833333333366	1.0	600
chr3:18501021-18501621	0.012220000000000002	1.0	600
chr3:18798535-18799135	0.05376500000000007	1.0	600
chr3:19164735-19165335	0.01619666666666666	1.0	600
chr3:19230025-19230625	0.03405500000000005	1.0	600
chr3:19297390-19297990	0.01134833333333336	1.0	600
chr3:19364062-19364662	0.014994999999999975	1.0	600
chr3:19649636-19650236	0.12051666666666665	1.0	600
chr3:19751233-19751833	0.16859833333333335	1.0	600
chr3:19873584-19874184	0.14181499999999986	1.0	600
chr3:19889035-19889635	0.05402666666666666	1.0	600
chr3:19892648-19893248	0.015736666666666673	1.0	600
chr3:19907048-19907648	0.036813333333333344	1.0	600
chr3:19946719-19947319	0.23926666666666696	1.0	600
chr3:20023594-20024194	0.4417933333333331	1.0	600
chr3:20039667-20040267	0.17595166666666714	1.0	600
chr3:20041369-20041969	0.38644500000000015	1.0	600
chr3:20044109-20044709	0.11359666666666667	1.0	600
chr3:20072309-20072909	0.20829000000000025	1.0	600
chr3:20085039-20085639	0.08681666666666656	1.0	600
chr3:20167146-20167746	0.07481333333333345	1.0	600
chr3:20185976-20186576	0.09253499999999994	1.0	600
chr3:20416227-20416827	0.2600816666666667	1.0	600
chr3:20599340-20599940	0.22170666666666677	1.0	600
chr3:20664723-20665323	0.21827833333333355	1.0	600
chr3:20786401-20787001	0.013444999999999995	1.0	600
chr3:20807761-20808361	0.026326666666666602	1.0	600
chr3:20851302-20851902	0.026316666666666648	1.0	600
chr3:20971771-20972371	0.0	0.0	0
chr3:21008015-21008615	0.03154999999999995	1.0	600
chr3:21148638-21149238	0.013736666666666656	1.0	600
chr3:21201353-21201953	0.24877166666666733	1.0	600
chr3:21219508-21220108	0.01208833333333335	1.0	600
chr3:21230289-21230889	0.008996666666666682	1.0	600
chr3:21307756-21308356	0.1422833333333334	1.0	600
chr3:21361377-21361977	0.005913333333333313	1.0	600
chr3:21615323-21615923	0.0661683333333333	1.0	600
chr3:21643932-21644532	0.009911666666666647	1.0	600
chr3:21738874-21739474	0.1894049999999999	1.0	600
chr3:21757973-21758573	0.01332	1.0	600
chr3:21992446-21993046	0.040221666666666746	1.0	600
chr3:22051789-22052389	0.0	0.0	0
chr3:22189690-22190290	0.36463333333333325	1.0	600
chr3:22382317-22382917	0.9587716666666671	1.0	600
chr3:22902488-22903088	0.03349833333333337	1.0	600
chr3:22989926-22990526	0.7535483333333336	1.0	600
chr3:23123748-23124348	0.07896999999999998	1.0	600
chr3:23202730-23203330	0.3690249999999999	1.0	600
chr3:23209831-23210431	0.013488333333333328	1.0	600
chr3:23411175-23411775	0.062068333333333274	1.0	600
chr3:23474931-23475531	0.036465000000000025	1.0	600
chr3:23494442-23495042	0.025293333333333348	1.0	600
chr3:23611884-23612484	0.01755833333333333	1.0	600
chr3:23616805-23617405	0.11535166666666662	1.0	600
chr3:23645938-23646538	0.006494999999999988	1.0	600
chr3:23668622-23669222	0.005566666666666653	1.0	600
chr3:23685658-23686258	0.1937066666666666	1.0	600
chr3:23776522-23777122	0.3571616666666669	1.0	600
chr3:23810663-23811263	0.03276000000000005	1.0	600
chr3:23852304-23852904	0.07138833333333336	1.0	600
chr3:23863895-23864495	0.04017333333333344	1.0	600
chr3:23916756-23917356	0.20067999999999994	1.0	600
chr3:23944933-23945533	0.059686666666666666	1.0	600
chr3:23945758-23946358	0.4159300000000001	1.0	600
chr3:24080543-24081143	0.0	0.0	0
chr3:24115887-24116487	0.0453066666666667	1.0	600
chr3:24254769-24255369	0.2385850000000001	1.0	600
chr3:24276212-24276812	0.05111500000000011	1.0	600
chr3:24335512-24336112	0.027766666666666648	1.0	600
chr3:24405691-24406291	0.05461999999999996	1.0	600
chr3:24410153-24410753	0.07126666666666671	1.0	600
chr3:24442502-24443102	0.02448166666666667	1.0	600
chr3:24691222-24691822	0.22087833333333345	1.0	600
chr3:24828947-24829547	0.23117000000000013	1.0	600
chr3:24953900-24954500	0.04257666666666667	1.0	600
chr3:24969570-24970170	0.2950700000000004	1.0	600
chr3:25045209-25045809	0.09729499999999995	1.0	600
chr3:25223000-25223600	0.039663333333333356	1.0	600
chr3:25318038-25318638	0.77211	1.0	600
chr3:25448906-25449506	0.12015333333333345	1.0	600
chr3:25647949-25648549	0.03988833333333343	1.0	600
chr3:25664668-25665268	0.3649766666666666	1.0	600
chr3:25783139-25783739	0.23776666666666685	1.0	600
chr3:25789735-25790335	0.030593333333333337	1.0	600
chr3:25809524-25810124	0.04226166666666673	1.0	600
chr3:25820339-25820939	0.03408499999999998	1.0	600
chr3:26088573-26089173	0.10303999999999998	1.0	600
chr3:26137576-26138176	0.04239666666666666	1.0	600
chr3:26215822-26216422	0.4068583333333333	1.0	600
chr3:26349715-26350315	0.017818333333333276	1.0	600
chr3:26365599-26366199	0.01878166666666667	1.0	600
chr3:26445960-26446560	0.1130016666666667	1.0	600
chr3:26492756-26493356	0.016600000000000004	1.0	600
chr3:26574547-26575147	0.007883333333333319	1.0	600
chr3:27175859-27176459	0.019833333333333307	1.0	600
chr3:27369200-27369800	0.16303833333333367	1.0	600
chr3:27484207-27484807	0.08958166666666664	1.0	600
chr3:27560885-27561485	0.07286500000000012	1.0	600
chr3:27758008-27758608	0.018714999999999985	1.0	600
chr3:28149708-28150308	0.04352000000000009	1.0	600
chr3:28241214-28241814	0.11955999999999999	1.0	600
chr3:28348836-28349436	0.13057666666666673	1.0	600
chr3:28525782-28526382	0.11763166666666663	1.0	600
chr3:28575840-28576440	0.7797183333333336	1.0	600
chr3:29202509-29203109	0.17676500000000014	1.0	600
chr3:29267433-29268033	0.46132499999999926	1.0	600
chr3:29280680-29281280	0.6583799999999994	1.0	600
chr3:29287779-29288379	0.059605	1.0	600
chr3:29322359-29322959	0.145805	1.0	600
chr3:29335340-29335940	0.21281666666666693	1.0	600
chr3:29353163-29353763	0.2691183333333332	1.0	600
chr3:29372321-29372921	0.04740166666666668	1.0	600
chr3:29525166-29525766	0.4209533333333335	1.0	600
chr3:29613753-29614353	0.00736333333333334	1.0	600
chr3:29713405-29714005	0.006526666666666643	1.0	600
chr3:29803769-29804369	0.029235000000000008	1.0	600
chr3:29837577-29838177	0.016266666666666662	1.0	600
chr3:29915173-29915773	0.13425500000000015	1.0	600
chr3:29982941-29983541	0.13414333333333395	1.0	600
chr3:30157732-30158332	0.008069999999999971	1.0	600
chr3:30167374-30167974	0.49429499999999993	1.0	600
chr3:30179726-30180326	0.01665166666666664	1.0	600
chr3:30195762-30196362	0.002289999999999995	1.0	600
chr3:30449264-30449864	0.5116616666666658	1.0	600
chr3:30496347-30496947	0.43863333333333326	1.0	600
chr3:30549535-30550135	0.273955	1.0	600
chr3:30606349-30606949	0.5667283333333334	1.0	600
chr3:30680646-30681246	0.08129666666666659	1.0	600
chr3:30693383-30693983	0.41949000000000003	1.0	600
chr3:30719295-30719895	0.004179999999999986	1.0	600
chr3:30972549-30973149	0.20534166666666678	1.0	600
chr3:31070923-31071523	0.22638666666666718	1.0	600
chr3:31103300-31103900	0.026119999999999987	1.0	600
chr3:31404848-31405448	0.40847333333333313	1.0	600
chr3:31532183-31532783	0.4717550000000002	1.0	600
chr3:31718832-31719432	0.008946666666666667	1.0	600
chr3:31877384-31877984	0.02559833333333331	1.0	600
chr3:31931343-31931943	0.011400000000000025	1.0	600
chr3:31960122-31960722	0.08005666666666665	1.0	600
chr3:31968763-31969363	0.06495166666666657	1.0	600
chr3:31981114-31981714	0.4001716666666664	1.0	600
chr3:32060829-32061429	0.008488333333333325	1.0	600
chr3:32106255-32106855	0.2288633333333335	1.0	600
chr3:32146618-32147218	0.21688666666666706	1.0	600
chr3:32375894-32376494	0.01983999999999997	1.0	600
chr3:32401418-32402018	0.08448999999999991	1.0	600
chr3:32422038-32422638	0.1322800000000002	1.0	600
chr3:32467714-32468314	0.06152333333333329	1.0	600
chr3:32502540-32503140	0.13881166666666686	1.0	600
chr3:32570626-32571226	0.3163166666666669	1.0	600
chr3:32684827-32685427	0.15752500000000003	1.0	600
chr3:32761062-32761662	0.006351666666666631	1.0	600
chr3:32781335-32781935	0.003969999999999993	1.0	600
chr3:32888236-32888836	0.015736666666666642	1.0	600
chr3:32998839-32999439	0.11178500000000016	1.0	600
chr3:33074334-33074934	0.04753666666666673	1.0	600
chr3:33086095-33086695	0.007281666666666639	1.0	600
chr3:33096906-33097506	0.06911666666666666	1.0	600
chr3:33108624-33109224	0.055514999999999974	1.0	600
chr3:33114258-33114858	0.4422666666666659	1.0	600
chr3:33213768-33214368	0.2599300000000001	1.0	600
chr3:33283493-33284093	0.19272333333333352	1.0	600
chr3:33440189-33440789	0.1408016666666666	1.0	600
chr3:33658804-33659404	0.6791750000000002	1.0	600
chr3:33688684-33689284	0.09813166666666653	1.0	600
chr3:33717970-33718570	0.19718833333333333	1.0	600
chr3:33798750-33799350	0.3655116666666667	1.0	600
chr3:33995635-33996235	0.14134833333333346	1.0	600
chr3:34111771-34112371	0.009825000000000023	1.0	600
chr3:34184556-34185156	0.004551666666666653	1.0	600
chr3:34278138-34278738	0.07007500000000005	1.0	600
chr3:34474650-34475250	0.008385000000000002	1.0	600
chr3:34599888-34600488	0.061920000000000086	1.0	600
chr3:34626747-34627347	0.14370666666666673	1.0	600
chr3:34672426-34673026	0.20537666666666682	1.0	600
chr3:34982406-34983006	0.017616666666666628	1.0	600
chr3:35041306-35041906	0.05542500000000008	1.0	600
chr3:35449179-35449779	0.024398333333333314	1.0	600
chr3:35596467-35597067	0.01613666666666663	1.0	600
chr3:35639117-35639717	0.22827000000000008	1.0	600
chr3:35652714-35653314	0.09397166666666662	1.0	600
chr3:35660587-35661187	0.0036249999999999924	1.0	600
chr3:35736259-35736859	0.012531666666666663	1.0	600
chr3:35757496-35758096	0.010931666666666671	1.0	600
chr3:35932816-35933416	0.21037666666666677	1.0	600
chr3:35965757-35966357	0.0625916666666666	1.0	600
chr3:35973055-35973655	0.015653386454183252	0.8366666666666667	502
chr3:36060598-36061198	0.064875	1.0	600
chr3:36351856-36352456	0.11183833333333361	1.0	600
chr3:36627847-36628447	0.016603333333333314	1.0	600
chr3:36764224-36764824	0.07673333333333332	1.0	600
chr3:36786825-36787425	0.058161666666666605	1.0	600
chr3:36865663-36866263	0.0490783333333334	1.0	600
chr3:36881169-36881769	0.04422500000000006	1.0	600
chr3:36937812-36938412	0.05048333333333335	1.0	600
chr3:36944181-36944781	0.03693333333333336	1.0	600
chr3:37058029-37058629	0.010253333333333345	1.0	600
chr3:37131108-37131708	0.11695166666666681	1.0	600
chr3:37136566-37137166	0.09778499999999997	1.0	600
chr3:37165638-37166238	0.21711833333333344	1.0	600
chr3:37176038-37176638	0.2017050000000001	1.0	600
chr3:37242934-37243534	0.3428083333333332	1.0	600
chr3:37294219-37294819	0.04781000000000001	1.0	600
chr3:37402289-37402889	0.03678999999999996	1.0	600
chr3:37451793-37452393	0.06179666666666671	1.0	600
chr3:37806021-37806621	0.07026999999999996	1.0	600
chr3:37839311-37839911	0.19184666666666664	1.0	600
chr3:37860301-37860901	0.05734833333333325	1.0	600
chr3:37862111-37862711	0.15827500000000003	1.0	600
chr3:37931276-37931876	0.07397166666666666	1.0	600
chr3:37998858-37999458	0.30073166666666684	1.0	600
chr3:38004992-38005592	0.018088333333333314	1.0	600
chr3:38024782-38025382	0.00546666666666666	1.0	600
chr3:38136949-38137549	0.061991666666666646	1.0	600
chr3:38160223-38160823	0.0247033333333333	1.0	600
chr3:38164810-38165410	0.20558999999999994	1.0	600
chr3:38346452-38347052	0.11446000000000017	1.0	600
chr3:38358546-38359146	0.04300000000000004	1.0	600
chr3:38453469-38454069	0.3783516666666667	1.0	600
chr3:38496001-38496601	0.12060833333333335	1.0	600
chr3:38649530-38650130	0.2652933333333335	1.0	600
chr3:38708331-38708931	0.012600000000000026	1.0	600
chr3:38786564-38787164	0.04741333333333333	1.0	600
chr3:39051688-39052288	0.19225000000000014	1.0	600
chr3:39056349-39056949	0.09726333333333333	1.0	600
chr3:39107287-39107887	0.19373833333333354	1.0	600
chr3:39152638-39153238	0.38559833333333365	1.0	600
chr3:39153379-39153979	0.19721833333333347	1.0	600
chr3:39166868-39167468	0.11329000000000043	1.0	600
chr3:39180572-39181172	0.24393166666666696	1.0	600
chr3:39245263-39245863	0.026028333333333323	1.0	600
chr3:39288223-39288823	0.005226666666666643	1.0	600
chr3:39406376-39406976	0.12236000000000002	1.0	600
chr3:39447758-39448358	0.06352333333333333	1.0	600
chr3:39460560-39461160	0.1154566666666668	1.0	600
chr3:39639252-39639852	0.1940366666666669	1.0	600
chr3:40016374-40016974	0.004081666666666652	1.0	600
chr3:40086800-40087400	0.014898333333333324	1.0	600
chr3:40178842-40179442	0.028061666666666655	1.0	600
chr3:40194305-40194905	0.026293333333333318	1.0	600
chr3:40283313-40283913	0.1623416666666667	1.0	600
chr3:40309327-40309927	0.2998850000000001	1.0	600
chr3:40320039-40320639	0.01661000000000003	1.0	600
chr3:40322442-40323042	0.6632500000000001	1.0	600
chr3:40349784-40350384	0.26059833333333304	1.0	600
chr3:40359772-40360372	0.04636500000000012	1.0	600
chr3:40426072-40426672	0.058658333333333285	1.0	600
chr3:40452999-40453599	0.05511999999999997	1.0	600
chr3:40456996-40457596	0.12075333333333355	1.0	600
chr3:40524585-40525185	0.014800000000000004	1.0	600
chr3:40584432-40585032	0.3445516666666666	1.0	600
chr3:40737777-40738377	0.04296166666666666	1.0	600
chr3:40769042-40769642	0.14837000000000028	1.0	600
chr3:40773708-40774308	0.0033049999999999885	1.0	600
chr3:40780383-40780983	0.2513016666666667	1.0	600
chr3:40877815-40878415	0.58634	1.0	600
chr3:40915205-40915805	0.0065783333333333215	1.0	600
chr3:40938120-40938720	0.3063083333333334	1.0	600
chr3:41060178-41060778	0.1815116666666669	1.0	600
chr3:41065889-41066489	0.008334999999999985	1.0	600
chr3:41117421-41118021	0.3308466666666668	1.0	600
chr3:41199111-41199711	0.22039166666666682	1.0	600
chr3:41247477-41248077	0.057731666666666556	1.0	600
chr3:41271365-41271965	0.038826666666666634	1.0	600
chr3:41344098-41344698	0.14858666666666676	1.0	600
chr3:41399563-41400163	0.1873683333333335	1.0	600
chr3:41431861-41432461	0.019401666666666664	1.0	600
chr3:41496661-41497261	0.1551833333333333	1.0	600
chr3:41603390-41603990	0.017676666666666622	1.0	600
chr3:41932576-41933176	0.015321666666666648	1.0	600
chr3:41962018-41962618	0.11792166666666666	1.0	600
chr3:42013337-42013937	0.12525666666666682	1.0	600
chr3:42013944-42014544	0.15579500000000004	1.0	600
chr3:42025504-42026104	0.22673000000000001	1.0	600
chr3:42052736-42053336	0.22725166666666666	1.0	600
chr3:42080440-42081040	0.07208333333333329	1.0	600
chr3:42090776-42091376	0.1758366666666666	1.0	600
chr3:42095265-42095865	0.02343833333333334	1.0	600
chr3:42141517-42142117	0.013476666666666665	1.0	600
chr3:42148901-42149501	0.39588166666666696	1.0	600
chr3:42179303-42179903	0.06593999999999992	1.0	600
chr3:42356558-42357158	0.0732983333333333	1.0	600
chr3:42506306-42506906	0.015401666666666636	1.0	600
chr3:42565044-42565644	0.014873333333333344	1.0	600
chr3:42571457-42572057	0.026496666666666627	1.0	600
chr3:42581753-42582353	0.19477833333333358	1.0	600
chr3:42590505-42591105	0.13803666666666672	1.0	600
chr3:42600326-42600926	0.1984166666666668	1.0	600
chr3:42683837-42684437	0.20479333333333344	1.0	600
chr3:42732082-42732682	0.16076000000000004	1.0	600
chr3:42739528-42740128	0.23688166666666666	1.0	600
chr3:42772950-42773550	0.08059499999999994	1.0	600
chr3:42804258-42804858	0.04819000000000006	1.0	600
chr3:42880793-42881393	0.005314999999999987	1.0	600
chr3:42955844-42956444	0.1010566666666667	1.0	600
chr3:42961511-42962111	0.014071666666666658	1.0	600
chr3:42991360-42991960	0.1383883333333334	1.0	600
chr3:42996684-42997284	0.04069666666666674	1.0	600
chr3:43001096-43001696	0.10468166666666667	1.0	600
chr3:43105795-43106395	0.06828666666666663	1.0	600
chr3:43286206-43286806	0.36778333333333335	1.0	600
chr3:43478833-43479433	0.05830833333333336	1.0	600
chr3:43486003-43486603	0.5440483333333339	1.0	600
chr3:43502244-43502844	0.017136666666666668	1.0	600
chr3:43538808-43539408	0.020466666666666643	1.0	600
chr3:43570531-43571131	0.21200166666666687	1.0	600
chr3:43621804-43622404	0.03179333333333335	1.0	600
chr3:43664081-43664681	0.3464483333333336	1.0	600
chr3:43690611-43691211	0.07348166666666664	1.0	600
chr3:43698237-43698837	0.003581666666666661	1.0	600
chr3:43769375-43769975	0.03209333333333336	1.0	600
chr3:43855017-43855617	0.03966666666666674	1.0	600
chr3:43857356-43857956	0.005304999999999982	1.0	600
chr3:43894116-43894716	0.009583333333333352	1.0	600
chr3:43897584-43898184	0.033843333333333385	1.0	600
chr3:43998939-43999539	0.5133766666666663	1.0	600
chr3:44013872-44014472	0.06361499999999996	1.0	600
chr3:44235816-44236416	0.09059833333333321	1.0	600
chr3:44265978-44266578	0.21683833333333344	1.0	600
chr3:44338076-44338676	0.06600166666666658	1.0	600
chr3:44477383-44477983	0.05886666666666656	1.0	600
chr3:44510339-44510939	0.029416666666666716	1.0	600
chr3:44554914-44555514	0.09856666666666672	1.0	600
chr3:44584614-44585214	0.039323333333333356	1.0	600
chr3:44624788-44625388	0.045255000000000045	1.0	600
chr3:44648347-44648947	0.12601000000000004	1.0	600
chr3:44729352-44729952	0.021539999999999976	1.0	600
chr3:44748745-44749345	0.11217500000000005	1.0	600
chr3:44761399-44761999	0.26190166666666653	1.0	600
chr3:44861579-44862179	0.19148833333333334	1.0	600
chr3:44881131-44881731	0.1041433333333333	1.0	600
chr3:44975907-44976507	0.2731500000000003	1.0	600
chr3:45037557-45038157	0.03988166666666669	1.0	600
chr3:45104898-45105498	0.027483333333333332	1.0	600
chr3:45224999-45225599	0.556333333333333	1.0	600
chr3:45226086-45226686	0.043740000000000084	1.0	600
chr3:45350778-45351378	0.010774999999999984	1.0	600
chr3:45386144-45386744	0.03719000000000004	1.0	600
chr3:45388199-45388799	0.13720166666666672	1.0	600
chr3:45488363-45488963	0.15371333333333342	1.0	600
chr3:45545403-45546003	0.006846666666666645	1.0	600
chr3:45583296-45583896	0.26125666666666686	1.0	600
chr3:45593772-45594372	0.09029999999999991	1.0	600
chr3:45656636-45657236	0.028340000000000042	1.0	600
chr3:45689029-45689629	0.2740583333333334	1.0	600
chr3:45692953-45693553	0.09392833333333335	1.0	600
chr3:45718801-45719401	0.03752000000000007	1.0	600
chr3:45841877-45842477	0.15552500000000008	1.0	600
chr3:45995547-45996147	0.18219166666666678	1.0	600
chr3:46013037-46013637	0.10150166666666655	1.0	600
chr3:46095378-46095978	0.07405999999999996	1.0	600
chr3:46138214-46138814	0.34822499999999984	1.0	600
chr3:46179265-46179865	0.0	0.0	0
chr3:46269443-46270043	0.04094000000000004	1.0	600
chr3:46346336-46346936	0.10619999999999992	1.0	600
chr3:46700859-46701459	0.28321166666666714	1.0	600
chr3:46775311-46775911	0.2712233333333331	1.0	600
chr3:46845787-46846387	0.19320166666666666	1.0	600
chr3:46867366-46867966	0.2548600000000002	1.0	600
chr3:46892336-46892936	0.15077500000000021	1.0	600
chr3:46905391-46905991	0.023983333333333336	1.0	600
chr3:46935370-46935970	0.012934999999999988	1.0	600
chr3:46976539-46977139	0.23748333333333357	1.0	600
chr3:46979389-46979989	0.42962000000000006	1.0	600
chr3:47009120-47009720	0.2633000000000002	1.0	600
chr3:47126494-47127094	0.1861633333333337	1.0	600
chr3:47163850-47164450	0.24056666666666704	1.0	600
chr3:47282605-47283205	0.4183883333333333	1.0	600
chr3:47381213-47381813	0.06538666666666659	1.0	600
chr3:47405048-47405648	0.06482333333333316	1.0	600
chr3:47475672-47476272	0.22974166666666682	1.0	600
chr3:47513154-47513754	0.11841166666666667	1.0	600
chr3:47686062-47686662	0.21729666666666717	1.0	600
chr3:47707762-47708362	0.0520433333333334	1.0	600
chr3:47781608-47782208	0.35004666666666684	1.0	600
chr3:47802774-47803374	0.37357333333333315	1.0	600
chr3:47824653-47825253	0.2815249999999999	1.0	600
chr3:47989816-47990416	0.05203000000000006	1.0	600
chr3:48023277-48023877	0.27579166666666677	1.0	600
chr3:48088678-48089278	0.31368999999999986	1.0	600
chr3:48130220-48130820	0.16027500000000006	1.0	600
chr3:48134774-48135374	0.05300500000000002	1.0	600
chr3:48188312-48188912	0.24314833333333344	1.0	600
chr3:48240767-48241367	0.08385666666666652	1.0	600
chr3:48268506-48269106	0.3133116666666668	1.0	600
chr3:48301137-48301737	0.05439	1.0	600
chr3:48404673-48405273	0.0026183333333333206	1.0	600
chr3:48411564-48412164	0.25202166666666687	1.0	600
chr3:48418694-48419294	0.23082333333333352	1.0	600
chr3:48426414-48427014	0.49933166666666684	1.0	600
chr3:48439895-48440495	0.2827783333333334	1.0	600
chr3:48446388-48446988	0.15406833333333322	1.0	600
chr3:48465451-48466051	0.2730200000000001	1.0	600
chr3:48504656-48505256	0.004861666666666651	1.0	600
chr3:48556595-48557195	0.2751300000000002	1.0	600
chr3:48609439-48610039	0.08111999999999993	1.0	600
chr3:48635249-48635849	0.02084833333333331	1.0	600
chr3:48656193-48656793	0.3761733333333333	1.0	600
chr3:48663405-48664005	0.06735833333333327	1.0	600
chr3:48685639-48686239	0.3666483333333333	1.0	600
chr3:48695245-48695845	0.2592600000000005	1.0	600
chr3:48716989-48717589	0.1966033333333334	1.0	600
chr3:48739827-48740427	0.04881666666666667	1.0	600
chr3:48764429-48765029	0.06491333333333336	1.0	600
chr3:48847561-48848161	0.27378500000000006	1.0	600
chr3:48873298-48873898	0.0	0.0	0
chr3:48877937-48878537	0.06661666666666667	1.0	600
chr3:48898654-48899254	0.2775166666666669	1.0	600
chr3:48918443-48919043	0.18515166666666666	1.0	600
chr3:48962060-48962660	0.02661833333333333	1.0	600
chr3:48989535-48990135	0.024426666666666676	1.0	600
chr3:48991657-48992257	0.02628833333333332	1.0	600
chr3:49007005-49007605	0.2515300000000002	1.0	600
chr3:49021291-49021891	0.19610166666666673	1.0	600
chr3:49029169-49029769	0.3931333333333336	1.0	600
chr3:49093830-49094430	0.4696766666666669	1.0	600
chr3:49104516-49105116	0.20965333333333352	1.0	600
chr3:49116149-49116749	0.4932566666666665	1.0	600
chr3:49120638-49121238	0.32642166666666644	1.0	600
chr3:49276762-49277362	0.16516000000000042	1.0	600
chr3:49332834-49333434	0.26470500000000013	1.0	600
chr3:49339854-49340454	0.23821833333333373	1.0	600
chr3:49358093-49358693	0.17410666666666685	1.0	600
chr3:49411786-49412386	0.45083500000000026	1.0	600
chr3:49429041-49429641	0.3104216666666665	1.0	600
chr3:49469822-49470422	0.4690333333333335	1.0	600
chr3:49484349-49484949	0.18633666666666696	1.0	600
chr3:49519112-49519712	0.4809650000000002	1.0	600
chr3:49539685-49540285	0.03561833333333341	1.0	600
chr3:49554044-49554644	0.24010000000000006	1.0	600
chr3:49723780-49724380	0.23551500000000009	1.0	600
chr3:49786283-49786883	0.5873966666666662	1.0	600
chr3:49802458-49803058	0.028679999999999997	1.0	600
chr3:49836286-49836886	0.20850333333333346	1.0	600
chr3:49847300-49847900	0.26177666666666655	1.0	600
chr3:49856378-49856978	0.17878166666666687	1.0	600
chr3:49929608-49930208	0.17396500000000023	1.0	600
chr3:49939748-49940348	0.3629083333333333	1.0	600
chr3:49966691-49967291	0.4861883333333333	1.0	600
chr3:50088588-50089188	0.2712316666666668	1.0	600
chr3:50213287-50213887	0.21084833333333347	1.0	600
chr3:50225974-50226574	0.06728666666666662	1.0	600
chr3:50227191-50227791	0.07852333333333326	1.0	600
chr3:50235703-50236303	0.24999000000000024	1.0	600
chr3:50237851-50238451	0.36149499999999996	1.0	600
chr3:50246039-50246639	0.17992666666666662	1.0	600
chr3:50259964-50260564	0.14456333333333335	1.0	600
chr3:50264527-50265127	0.3087583333333332	1.0	600
chr3:50268696-50269296	0.35668166666666723	1.0	600
chr3:50270239-50270839	0.24876333333333317	1.0	600
chr3:50292237-50292837	0.2376933333333334	1.0	600
chr3:50299203-50299803	0.05423166666666669	1.0	600
chr3:50320916-50321516	0.08391000000000003	1.0	600
chr3:50337251-50337851	0.16552333333333333	1.0	600
chr3:50350505-50351105	0.26181166666666666	1.0	600
chr3:50359358-50359958	0.1768650000000001	1.0	600
chr3:50364917-50365517	0.5511266666666671	1.0	600
chr3:50390625-50391225	0.1953416666666668	1.0	600
chr3:50405382-50405982	0.062038333333333216	1.0	600
chr3:50567473-50568073	0.17771833333333337	1.0	600
chr3:50568826-50569426	0.01618333333333333	1.0	600
chr3:50611538-50612138	0.31998000000000026	1.0	600
chr3:50616689-50617289	0.12710666666666665	1.0	600
chr3:51384824-51385424	0.3406199999999999	1.0	600
chr3:51390855-51391455	0.27599666666666645	1.0	600
chr3:51416891-51417491	0.05728666666666675	1.0	600
chr3:51499920-51500520	0.3120433333333334	1.0	600
chr3:51519794-51520394	0.07754500000000003	1.0	600
chr3:51538395-51538995	0.38159000000000004	1.0	600
chr3:51670847-51671447	0.1427900000000002	1.0	600
chr3:51941784-51942384	0.106845	1.0	600
chr3:51955823-51956423	0.6651883333333338	1.0	600
chr3:51965984-51966584	0.2686916666666673	1.0	600
chr3:51967262-51967862	0.2677600000000002	1.0	600
chr3:51973745-51974345	0.07351499999999993	1.0	600
chr3:51982925-51983525	0.061108333333333334	1.0	600
chr3:51990902-51991502	0.18227333333333354	1.0	600
chr3:51995649-51996249	0.12019166666666695	1.0	600
chr3:52019603-52020203	0.2528550000000001	1.0	600
chr3:52028498-52029098	0.011100000000000007	1.0	600
chr3:52039698-52040298	0.27617833333333325	1.0	600
chr3:52046507-52047107	0.18971166666666672	1.0	600
chr3:52047169-52047769	0.20556000000000002	1.0	600
chr3:52057152-52057752	0.18019833333333332	1.0	600
chr3:52109116-52109716	0.05463500000000003	1.0	600
chr3:52111046-52111646	0.04786333333333334	1.0	600
chr3:52135889-52136489	0.01595666666666665	1.0	600
chr3:52154480-52155080	0.11835500000000009	1.0	600
chr3:52197773-52198373	0.10753333333333327	1.0	600
chr3:52238912-52239512	0.23774333333333336	1.0	600
chr3:52278419-52279019	0.1728183333333334	1.0	600
chr3:52287737-52288337	0.04969000000000008	1.0	600
chr3:52377772-52378372	0.022096666666666653	1.0	600
chr3:52410136-52410736	0.24027666666666686	1.0	600
chr3:52528629-52529229	0.3506733333333331	1.0	600
chr3:52533614-52534214	0.1933733333333334	1.0	600
chr3:52536233-52536833	0.18767333333333328	1.0	600
chr3:52596769-52597369	0.26934499999999983	1.0	600
chr3:52685333-52685933	0.5695666666666671	1.0	600
chr3:52692713-52693313	0.5176050000000002	1.0	600
chr3:52705498-52706098	0.12752333333333335	1.0	600
chr3:52753544-52754144	0.799790000000001	1.0	600
chr3:52770680-52771280	0.24622166666666687	1.0	600
chr3:52897332-52897932	0.30219166666666675	1.0	600
chr3:52953969-52954569	0.23467	1.0	600
chr3:53017568-53018168	0.07674333333333333	1.0	600
chr3:53045051-53045651	0.11406166666666664	1.0	600
chr3:53130188-53130788	0.15161500000000017	1.0	600
chr3:53160831-53161431	0.14829500000000012	1.0	600
chr3:53182696-53183296	0.30177333333333356	1.0	600
chr3:53255790-53256390	0.24320500000000006	1.0	600
chr3:53269917-53270517	0.05819666666666659	1.0	600
chr3:53286927-53287527	0.3205533333333333	1.0	600
chr3:53347310-53347910	0.2931066666666668	1.0	600
chr3:53574851-53575451	0.006476666666666651	1.0	600
chr3:53842613-53843213	0.14210833333333356	1.0	600
chr3:53846157-53846757	0.08202833333333333	1.0	600
chr3:53881903-53882503	0.2209450000000001	1.0	600
chr3:53891660-53892260	0.08650999999999996	1.0	600
chr3:53941514-53942114	0.03187333333333333	1.0	600
chr3:54581940-54582540	0.03237833333333337	1.0	600
chr3:54736655-54737255	0.026336666666666626	1.0	600
chr3:54812207-54812807	0.003136666666666657	1.0	600
chr3:54853740-54854340	0.10962333333333327	1.0	600
chr3:54891450-54892050	0.06379333333333337	1.0	600
chr3:55062011-55062611	0.005153333333333306	1.0	600
chr3:55596704-55597304	0.01867499999999998	1.0	600
chr3:55966469-55967069	0.026184999999999996	1.0	600
chr3:56079072-56079672	0.01195666666666668	1.0	600
chr3:56098428-56099028	0.016026666666666675	1.0	600
chr3:56306276-56306876	0.043448333333333373	1.0	600
chr3:56369529-56370129	0.09640666666666668	1.0	600
chr3:56413797-56414397	0.30195500000000036	1.0	600
chr3:56422513-56423113	0.0867166666666667	1.0	600
chr3:56468186-56468786	0.39979166666666704	1.0	600
chr3:56556816-56557416	0.09320333333333328	1.0	600
chr3:56682528-56683128	0.7171849999999995	1.0	600
chr3:56801705-56802305	0.27705833333333324	1.0	600
chr3:56962869-56963469	0.012965000000000011	1.0	600
chr3:57017420-57018020	0.1914150000000001	1.0	600
chr3:57090997-57091597	0.09950666666666669	1.0	600
chr3:57096944-57097544	0.0034966666666666596	1.0	600
chr3:57150611-57151211	0.41485333333333324	1.0	600
chr3:57165087-57165687	0.278196666666667	1.0	600
chr3:57219889-57220489	0.07038666666666661	1.0	600
chr3:57227440-57228040	0.21994666666666673	1.0	600
chr3:57555698-57556298	0.07055666666666664	1.0	600
chr3:57597202-57597802	0.19721166666666706	1.0	600
chr3:57614159-57614759	0.3089816666666659	1.0	600
chr3:57692356-57692956	0.37867999999999985	1.0	600
chr3:57699256-57699856	0.04578166666666665	1.0	600
chr3:57712377-57712977	0.1518966666666669	1.0	600
chr3:57755963-57756563	0.5004750000000003	1.0	600
chr3:57854229-57854829	0.1091833333333334	1.0	600
chr3:57998520-57999120	0.17442666666666676	1.0	600
chr3:58008072-58008672	0.29898333333333343	1.0	600
chr3:58033386-58033986	0.0560433333333332	1.0	600
chr3:58151529-58152129	0.02085833333333333	1.0	600
chr3:58165445-58166045	0.14841666666666684	1.0	600
chr3:58167725-58168325	0.03875833333333339	1.0	600
chr3:58177583-58178183	0.007259999999999992	1.0	600
chr3:58217380-58217980	0.018045	1.0	600
chr3:58237170-58237770	0.029091666666666665	1.0	600
chr3:58305983-58306583	0.047381666666666655	1.0	600
chr3:58332550-58333150	0.21722833333333336	1.0	600
chr3:58433594-58434194	0.18384833333333328	1.0	600
chr3:58491683-58492283	0.15153500000000014	1.0	600
chr3:58532634-58533234	0.024324999999999982	1.0	600
chr3:58536899-58537499	0.025408333333333307	1.0	600
chr3:58549785-58550385	0.0	0.0	0
chr3:58796126-58796726	0.011613333333333342	1.0	600
chr3:58799026-58799626	0.034106666666666736	1.0	600
chr3:59049758-59050358	0.09957166666666663	1.0	600
chr3:59287934-59288534	0.031066666666666663	1.0	600
chr3:59483179-59483779	0.1842300000000005	1.0	600
chr3:59628459-59629059	0.1402266666666667	1.0	600
chr3:59767875-59768475	0.006269999999999981	1.0	600
chr3:60385216-60385816	0.020308333333333286	1.0	600
chr3:60401681-60402281	0.48374500000000004	1.0	600
chr3:60476845-60477445	0.02846166666666666	1.0	600
chr3:60481743-60482343	0.18125166666666678	1.0	600
chr3:60596018-60596618	0.015136666666666692	1.0	600
chr3:60792953-60793553	0.023564999999999933	1.0	600
chr3:60880568-60881168	0.19546166666666676	1.0	600
chr3:61163129-61163729	0.02940833333333339	1.0	600
chr3:61251216-61251816	0.1972133333333335	1.0	600
chr3:61259496-61260096	0.11898166666666668	1.0	600
chr3:61458816-61459416	0.02791000000000003	1.0	600
chr3:61473769-61474369	0.047316666666666694	1.0	600
chr3:61486800-61487400	0.023521666666666628	1.0	600
chr3:61620563-61621163	0.010561666666666684	1.0	600
chr3:61693627-61694227	0.0032783333333333267	1.0	600
chr3:61977939-61978539	0.06490500000000003	1.0	600
chr3:62281735-62282335	0.08872833333333331	1.0	600
chr3:62318682-62319282	0.039425000000000064	1.0	600
chr3:62833812-62834412	0.03268666666666669	1.0	600
chr3:62839259-62839859	0.01628666666666663	1.0	600
chr3:63091735-63092335	0.01807666666666665	1.0	600
chr3:63297733-63298333	0.06392833333333338	1.0	600
chr3:63309176-63309776	0.012706666666666665	1.0	600
chr3:63311346-63311946	0.15361166666666692	1.0	600
chr3:63401002-63401602	0.04634666666666668	1.0	600
chr3:63863538-63864138	0.11374166666666691	1.0	600
chr3:63896751-63897351	0.20334166666666667	1.0	600
chr3:63911752-63912352	0.42448499999999995	1.0	600
chr3:63975730-63976330	0.16141166666666668	1.0	600
chr3:64109372-64109972	0.034796666666666684	1.0	600
chr3:64187044-64187644	0.35123499999999996	1.0	600
chr3:64189127-64189727	0.06667833333333317	1.0	600
chr3:64210167-64210767	0.36490000000000017	1.0	600
chr3:64225101-64225701	0.4031816666666669	1.0	600
chr3:64311607-64312207	0.28277500000000005	1.0	600
chr3:64397563-64398163	0.10936166666666661	1.0	600
chr3:64533494-64534094	0.22377833333333355	1.0	600
chr3:64595269-64595869	0.23010000000000005	1.0	600
chr3:64685644-64686244	0.2245983333333334	1.0	600
chr3:64687786-64688386	0.546131666666667	1.0	600
chr3:64751426-64752026	0.1710350000000003	1.0	600
chr3:64784897-64785497	0.07815666666666668	1.0	600
chr3:64863727-64864327	0.5211916666666664	1.0	600
chr3:64886903-64887503	0.024041666666666607	1.0	600
chr3:65170611-65171211	0.10855666666666666	1.0	600
chr3:65265394-65265994	0.04094999999999999	1.0	600
chr3:65333918-65334518	0.18873333333333345	1.0	600
chr3:65549198-65549798	0.260635	1.0	600
chr3:65575110-65575710	0.015408333333333293	1.0	600
chr3:65597207-65597807	0.6215249999999992	1.0	600
chr3:65726908-65727508	0.02294666666666666	1.0	600
chr3:65918117-65918717	0.050533333333333465	1.0	600
chr3:65970780-65971380	0.03456499999999997	1.0	600
chr3:66038658-66039258	0.3795816666666669	1.0	600
chr3:66220650-66221250	0.10347833333333331	1.0	600
chr3:66348582-66349182	0.27004166666666674	1.0	600
chr3:66482899-66483499	0.04541833333333345	1.0	600
chr3:66500810-66501410	0.26872833333333346	1.0	600
chr3:66798754-66799354	0.02151999999999996	1.0	600
chr3:66820123-66820723	0.5873349999999992	1.0	600
chr3:66845014-66845614	0.14039999999999994	1.0	600
chr3:66997875-66998475	0.3775650000000001	1.0	600
chr3:67115206-67115806	0.008890000000000006	1.0	600
chr3:67135112-67135712	0.004068333333333315	1.0	600
chr3:67184255-67184855	0.5911866666666664	1.0	600
chr3:67362244-67362844	0.03898500000000005	1.0	600
chr3:67382358-67382958	0.08875333333333325	1.0	600
chr3:67618027-67618627	0.0520800000000001	1.0	600
chr3:67654313-67654913	0.07220833333333329	1.0	600
chr3:67706788-67707388	0.05854666666666668	1.0	600
chr3:67808769-67809369	0.00944999999999999	1.0	600
chr3:67855894-67856494	0.20878499999999994	1.0	600
chr3:68139175-68139775	0.5225083333333318	1.0	600
chr3:68663245-68663845	0.012826666666666674	1.0	600
chr3:69013432-69014032	0.09018166666666654	1.0	600
chr3:69080108-69080708	0.39025833333333326	1.0	600
chr3:69084656-69085256	0.40454833333333334	1.0	600
chr3:69181526-69182126	0.27443499999999993	1.0	600
chr3:69184595-69185195	0.09878166666666678	1.0	600
chr3:69249880-69250480	0.31285833333333346	1.0	600
chr3:69319631-69320231	0.00311166666666666	1.0	600
chr3:69359933-69360533	0.07522666666666669	1.0	600
chr3:69385925-69386525	0.4778066666666659	1.0	600
chr3:69414576-69415176	0.00734999999999999	1.0	600
chr3:69509272-69509872	0.02566	1.0	600
chr3:69739099-69739699	0.5782383333333333	1.0	600
chr3:70000440-70001040	0.607455	1.0	600
chr3:70095041-70095641	0.060111666666666654	1.0	600
chr3:70097726-70098326	0.5020316666666659	1.0	600
chr3:70124305-70124905	0.1296533333333332	1.0	600
chr3:70309660-70310260	0.35668166666666673	1.0	600
chr3:70335280-70335880	0.0418316666666667	1.0	600
chr3:70348905-70349505	0.009929999999999984	1.0	600
chr3:70373637-70374237	0.015818333333333302	1.0	600
chr3:70674788-70675388	0.07397833333333328	1.0	600
chr3:70774103-70774703	0.026683333333333312	1.0	600
chr3:70928434-70929034	0.008993333333333332	1.0	600
chr3:71040138-71040738	0.026866666666666657	1.0	600
chr3:71064973-71065573	0.4965649999999999	1.0	600
chr3:71158313-71158913	0.027251666666666747	1.0	600
chr3:71305022-71305622	0.6941550000000001	1.0	600
chr3:71376938-71377538	0.10019999999999994	1.0	600
chr3:71549609-71550209	0.06865499999999995	1.0	600
chr3:71582189-71582789	0.26700000000000024	1.0	600
chr3:71583497-71584097	0.6521533333333331	1.0	600
chr3:71694989-71695589	0.005658333333333319	1.0	600
chr3:71725171-71725771	0.19207333333333346	1.0	600
chr3:71769421-71770021	0.016341666666666668	1.0	600
chr3:72171342-72171942	0.05055166666666668	1.0	600
chr3:72171972-72172572	0.13846500000000017	1.0	600
chr3:72288703-72289303	0.1579199999999999	1.0	600
chr3:72312163-72312763	0.014569999999999993	1.0	600
chr3:72446899-72447499	0.18527333333333335	1.0	600
chr3:72487309-72487909	0.16184333333333378	1.0	600
chr3:72591452-72592052	0.06982666666666663	1.0	600
chr3:72615567-72616167	0.011755000000000015	1.0	600
chr3:72699227-72699827	0.05209833333333333	1.0	600
chr3:72811787-72812387	0.11397833333333329	1.0	600
chr3:72848160-72848760	0.30149666666666697	1.0	600
chr3:72887752-72888352	0.10496833333333326	1.0	600
chr3:72957191-72957791	0.34119166666666684	1.0	600
chr3:72984115-72984715	0.023673333333333314	1.0	600
chr3:72996476-72997076	0.5416966666666668	1.0	600
chr3:73019381-73019981	0.009740000000000013	1.0	600
chr3:73051286-73051886	0.05410166666666672	1.0	600
chr3:73148901-73149501	0.17322500000000027	1.0	600
chr3:73235108-73235708	0.04830333333333337	1.0	600
chr3:73365591-73366191	0.062179999999999964	1.0	600
chr3:73405842-73406442	0.13919333333333347	1.0	600
chr3:73417748-73418348	0.30221666666666686	1.0	600
chr3:73437771-73438371	0.09921166666666667	1.0	600
chr3:73493912-73494512	0.15846333333333334	1.0	600
chr3:73631735-73632335	0.005496666666666652	1.0	600
chr3:73788929-73789529	0.04467833333333334	1.0	600
chr3:73808854-73809454	0.06336	1.0	600
chr3:74360371-74360971	0.0017099999999999986	1.0	600
chr3:74751216-74751816	0.10133500000000005	1.0	600
chr3:74822053-74822653	0.140535	1.0	600
chr3:75330596-75331196	0.03429000000000011	1.0	600
chr3:75331455-75332055	0.0057549999999999876	1.0	600
chr3:75434940-75435540	0.09000833333333323	1.0	600
chr3:75618549-75619149	0.004474999999999981	1.0	600
chr3:76760043-76760643	0.18312000000000006	1.0	600
chr3:76849313-76849913	0.012513333333333338	1.0	600
chr3:76866679-76867279	0.394325	1.0	600
chr3:77376987-77377587	0.028085000000000006	1.0	600
chr3:77394786-77395386	0.21904666666666656	1.0	600
chr3:77682658-77683258	0.0567633333333334	1.0	600
chr3:77808172-77808772	0.02020666666666665	1.0	600
chr3:77894400-77895000	0.007196666666666671	1.0	600
chr3:77899373-77899973	0.07656999999999996	1.0	600
chr3:78046063-78046663	0.3391833333333336	1.0	600
chr3:78458482-78459082	0.04831499999999996	1.0	600
chr3:78677278-78677878	0.2063566666666666	1.0	600
chr3:78802675-78803275	0.018944999999999983	1.0	600
chr3:78964806-78965406	0.01786499999999999	1.0	600
chr3:78969343-78969943	0.26426166666666656	1.0	600
chr3:79272113-79272713	0.10356166666666661	1.0	600
chr3:79587998-79588598	0.007258333333333325	1.0	600
chr3:79732120-79732720	0.01332000000000001	1.0	600
chr3:79800432-79801032	0.019679999999999972	1.0	600
chr3:79835357-79835957	0.00767333333333332	1.0	600
chr3:79972304-79972904	0.06882666666666665	1.0	600
chr3:79975734-79976334	0.00715999999999999	1.0	600
chr3:80397104-80397704	0.057875000000000086	1.0	600
chr3:80443248-80443848	0.003536666666666648	1.0	600
chr3:80519425-80520025	0.08492666666666661	1.0	600
chr3:80740078-80740678	0.04398666666666673	1.0	600
chr3:80792022-80792622	0.054098333333333325	1.0	600
chr3:81057018-81057618	0.08088235294117645	0.34	204
chr3:81198707-81199307	0.39570500000000003	1.0	600
chr3:81551953-81552553	0.007766666666666634	1.0	600
chr3:81555555-81556155	0.007919999999999993	1.0	600
chr3:81557929-81558529	0.03554833333333336	1.0	600
chr3:81760975-81761575	0.21195166666666665	1.0	600
chr3:82019714-82020314	0.24093166666666685	1.0	600
chr3:82030813-82031413	0.04463666666666669	1.0	600
chr3:82158674-82159274	0.01532999999999998	1.0	600
chr3:82553360-82553960	0.025345000000000006	1.0	600
chr3:82623463-82624063	0.03352666666666666	1.0	600
chr3:82699090-82699690	0.03885833333333347	1.0	600
chr3:82710733-82711333	0.044918333333333296	1.0	600
chr3:82759819-82760419	0.08146833333333334	1.0	600
chr3:82855267-82855867	0.010690000000000002	1.0	600
chr3:83043093-83043693	0.0017066666666666667	1.0	600
chr3:83139071-83139671	0.010871666666666661	1.0	600
chr3:83421906-83422506	0.006036666666666617	1.0	600
chr3:83629031-83629631	0.016274999999999977	1.0	600
chr3:83648851-83649451	0.054668333333333395	1.0	600
chr3:83982035-83982635	0.2813566666666667	1.0	600
chr3:84086821-84087421	0.1103733333333332	1.0	600
chr3:84148289-84148889	0.09807500000000002	1.0	600
chr3:84258551-84259151	0.020858333333333322	1.0	600
chr3:84730807-84731407	0.02690999999999999	1.0	600
chr3:84759974-84760574	0.029028333333333364	1.0	600
chr3:84958628-84959228	0.4724216666666668	1.0	600
chr3:85310554-85311154	0.015233333333333326	1.0	600
chr3:85414318-85414918	0.25451500000000016	1.0	600
chr3:85639396-85639996	0.0045666666666666555	1.0	600
chr3:86063848-86064448	0.040376666666666686	1.0	600
chr3:86183863-86184463	0.08237833333333337	1.0	600
chr3:86232749-86233349	0.03881666666666672	1.0	600
chr3:86238352-86238952	0.01818166666666664	1.0	600
chr3:86268681-86269281	0.017974999999999942	1.0	600
chr3:86384537-86385137	0.050626617375231185	0.9016666666666666	541
chr3:86413856-86414456	0.19520166666666688	1.0	600
chr3:86438489-86439089	0.02206499999999998	1.0	600
chr3:86680811-86681411	0.07441166666666675	1.0	600
chr3:86738691-86739291	0.08410166666666671	1.0	600
chr3:86793561-86794161	0.6874966666666663	1.0	600
chr3:86900293-86900893	0.16310666666666665	1.0	600
chr3:86908015-86908615	0.005336666666666653	1.0	600
chr3:86990898-86991498	0.4107150000000001	1.0	600
chr3:87041488-87042088	0.014026666666666653	1.0	600
chr3:87089482-87090082	0.009113333333333352	1.0	600
chr3:87226916-87227516	0.19494500000000028	1.0	600
chr3:87255990-87256590	0.0031299999999999852	1.0	600
chr3:87279220-87279820	0.027224999999999985	1.0	600
chr3:87518963-87519563	0.051346666666666714	1.0	600
chr3:87524868-87525468	0.0884416666666668	1.0	600
chr3:87605198-87605798	0.02536999999999997	1.0	600
chr3:87682713-87683313	0.04718500000000005	1.0	600
chr3:88006620-88007220	0.004543333333333316	1.0	600
chr3:88058714-88059314	0.6095183333333337	1.0	600
chr3:88149363-88149963	0.03432166666666668	1.0	600
chr3:88171660-88172260	0.12043833333333338	1.0	600
chr3:88207263-88207863	0.08217499999999998	1.0	600
chr3:88402590-88403190	0.04604666666666673	1.0	600
chr3:88709750-88710350	0.019834999999999995	1.0	600
chr3:88796452-88797052	0.07505666666666667	1.0	600
chr3:88891066-88891666	0.08697666666666677	1.0	600
chr3:88919538-88920138	0.03120333333333333	1.0	600
chr3:88961272-88961872	0.013665000000000009	1.0	600
chr3:89107295-89107895	0.4855449999999997	1.0	600
chr3:89114459-89115059	0.038965000000000014	1.0	600
chr3:89233485-89234085	0.22601500000000038	1.0	600
chr3:89269166-89269766	0.06574	1.0	600
chr3:89377382-89377982	0.21170333333333352	1.0	600
chr3:89655679-89656279	0.18072833333333355	1.0	600
chr3:89674279-89674879	0.04617166666666672	1.0	600
chr3:90040172-90040772	0.4112250000000002	1.0	600
chr3:90236629-90237229	0.014583333333333318	1.0	600
chr3:90287437-90288037	0.0	0.0	0
chr3:91393858-91394458	0.0	0.0	0
chr3:93791408-93792008	0.0	0.0	0
chr3:93843884-93844484	0.054279999999999974	1.0	600
chr3:93973589-93974189	0.20779833333333342	1.0	600
chr3:93979762-93980362	0.14629166666666674	1.0	600
chr3:94023234-94023834	0.032545	1.0	600
chr3:94062619-94063219	0.06297333333333333	1.0	600
chr3:94357364-94357964	0.02394499999999995	1.0	600
chr3:94369482-94370082	0.1788400000000001	1.0	600
chr3:94427933-94428533	0.007985	1.0	600
chr3:94460840-94461440	0.12119166666666681	1.0	600
chr3:94524960-94525560	0.038315000000000016	1.0	600
chr3:94626522-94627122	0.028973333333333347	1.0	600
chr3:94735613-94736213	0.01095833333333335	1.0	600
chr3:94804817-94805417	0.001878333333333331	1.0	600
chr3:94977372-94977972	0.024018333333333322	1.0	600
chr3:95042283-95042883	0.008843333333333318	1.0	600
chr3:95135424-95136024	0.028926666666666764	1.0	600
chr3:95218914-95219514	0.06743333333333335	1.0	600
chr3:95432820-95433420	0.013631666666666655	1.0	600
chr3:95790985-95791585	0.004029999999999992	1.0	600
chr3:95823087-95823687	0.0026549999999999807	1.0	600
chr3:95919321-95919921	0.015786666666666626	1.0	600
chr3:96074294-96074894	0.00537166666666664	1.0	600
chr3:96181038-96181638	0.016184999999999995	1.0	600
chr3:96198706-96199306	0.008966666666666666	1.0	600
chr3:96620505-96621105	0.022084999999999983	1.0	600
chr3:96813059-96813659	0.07487166666666656	1.0	600
chr3:96814289-96814889	0.5199149999999993	1.0	600
chr3:96846794-96847394	0.005136666666666645	1.0	600
chr3:96951329-96951929	0.021664999999999976	1.0	600
chr3:97244633-97245233	0.03277333333333336	1.0	600
chr3:97416222-97416822	0.09135833333333328	1.0	600
chr3:97455118-97455718	0.06047666666666673	1.0	600
chr3:97480597-97481197	0.17782833333333348	1.0	600
chr3:97640049-97640649	0.02978500000000007	1.0	600
chr3:97654545-97655145	0.05300666666666682	1.0	600
chr3:97764460-97765060	0.10402833333333329	1.0	600
chr3:97821662-97822262	0.12066166666666672	1.0	600
chr3:97932390-97932990	0.014138333333333326	1.0	600
chr3:97972151-97972751	0.045079124579124705	0.99	594
chr3:98039163-98039763	0.004521666666666654	1.0	600
chr3:98078065-98078665	0.19568500000000022	1.0	600
chr3:98444260-98444860	0.06454666666666667	1.0	600
chr3:98522669-98523269	0.25030166666666703	1.0	600
chr3:98593414-98594014	0.06737666666666665	1.0	600
chr3:98727951-98728551	0.01865166666666665	1.0	600
chr3:98732430-98733030	0.17744833333333357	1.0	600
chr3:98770029-98770629	0.07637999999999989	1.0	600
chr3:98901476-98902076	0.38745000000000007	1.0	600
chr3:99238817-99239417	0.15539999999999995	1.0	600
chr3:99291321-99291921	0.22426712328767123	0.73	438
chr3:99429907-99430507	0.04338333333333335	1.0	600
chr3:99487982-99488582	0.3707233333333333	1.0	600
chr3:99544855-99545455	0.39878833333333347	1.0	600
chr3:99551413-99552013	0.057184999999999965	1.0	600
chr3:99635677-99636277	0.10950833333333337	1.0	600
chr3:99677847-99678447	0.5897199999999998	1.0	600
chr3:99734427-99735027	0.0	0.0	0
chr3:99765295-99765895	0.04334500000000002	1.0	600
chr3:99782502-99783102	0.2591	1.0	600
chr3:99817563-99818163	0.1811633333333335	1.0	600
chr3:99875899-99876499	0.3754766666666667	1.0	600
chr3:99950103-99950703	0.042001666666666715	1.0	600
chr3:100260520-100261120	0.22501833333333332	1.0	600
chr3:100334416-100335016	0.02189666666666666	1.0	600
chr3:100401154-100401754	0.06198166666666662	1.0	600
chr3:100441514-100442114	0.02965000000000001	1.0	600
chr3:100492202-100492802	0.21533500000000014	1.0	600
chr3:100658656-100659256	0.01899666666666664	1.0	600
chr3:100709100-100709700	0.2339116666666665	1.0	600
chr3:100992207-100992807	0.3210283333333335	1.0	600
chr3:101158293-101158893	0.032111666666666684	1.0	600
chr3:101238110-101238710	0.10944166666666673	1.0	600
chr3:101474160-101474760	0.0	0.0	0
chr3:101512709-101513309	0.26521666666666655	1.0	600
chr3:101561536-101562136	0.036871666666666705	1.0	600
chr3:101573840-101574440	0.38773833333333335	1.0	600
chr3:101724611-101725211	0.2667966666666666	1.0	600
chr3:101778853-101779453	0.08447499999999994	1.0	600
chr3:101809080-101809680	0.050483333333333415	1.0	600
chr3:101827676-101828276	0.45961000000000013	1.0	600
chr3:101828981-101829581	0.051070000000000074	1.0	600
chr3:101849101-101849701	0.28135833333333343	1.0	600
chr3:102079535-102080135	0.05131333333333345	1.0	600
chr3:102112973-102113573	0.07873833333333334	1.0	600
chr3:102362710-102363310	0.057753333333333344	1.0	600
chr3:102643971-102644571	0.023749999999999983	1.0	600
chr3:103060037-103060637	0.47523499999999985	1.0	600
chr3:103306693-103307293	0.01723833333333332	1.0	600
chr3:103794475-103795075	0.13036500000000015	1.0	600
chr3:104038771-104039371	0.05416000000000005	1.0	600
chr3:104169278-104169878	0.02254166666666665	1.0	600
chr3:104359393-104359993	0.2430983333333333	1.0	600
chr3:104366991-104367591	0.22115499999999996	1.0	600
chr3:104502893-104503493	0.5788416666666661	1.0	600
chr3:104572479-104573079	0.03139999999999998	1.0	600
chr3:104713741-104714341	0.02779333333333337	1.0	600
chr3:105160554-105161154	0.042673333333333334	1.0	600
chr3:105216147-105216747	0.02044166666666664	1.0	600
chr3:105366425-105367025	0.2356183333333333	1.0	600
chr3:105378408-105379008	0.31527666666666676	1.0	600
chr3:105460553-105461153	0.021371666666666633	1.0	600
chr3:105761996-105762596	0.2661616666666664	1.0	600
chr3:105836496-105837096	0.37931166666666677	1.0	600
chr3:105868773-105869373	0.3985866666666665	1.0	600
chr3:105980407-105981007	0.01535666666666666	1.0	600
chr3:106196678-106197278	0.0215783333333333	1.0	600
chr3:106203698-106204298	0.0032316666666666596	1.0	600
chr3:106221685-106222285	0.1272466666666667	1.0	600
chr3:106451704-106452304	0.01952166666666665	1.0	600
chr3:106609617-106610217	0.22728000000000004	1.0	600
chr3:106995494-106996094	0.23358833333333337	1.0	600
chr3:107064331-107064931	0.15469000000000024	1.0	600
chr3:107116176-107116776	0.08013666666666654	1.0	600
chr3:107118063-107118663	0.2743933333333332	1.0	600
chr3:107208026-107208626	0.605178333333333	1.0	600
chr3:107235758-107236358	0.22438166666666678	1.0	600
chr3:107240360-107240960	0.027176666666666686	1.0	600
chr3:107421090-107421690	0.10311	1.0	600
chr3:107429744-107430344	0.07686666666666662	1.0	600
chr3:107431209-107431809	0.07797666666666664	1.0	600
chr3:107522644-107523244	0.8416600000000003	1.0	600
chr3:107753400-107754000	0.07046833333333338	1.0	600
chr3:107927345-107927945	0.5737650000000001	1.0	600
chr3:107957062-107957662	0.5814749999999983	1.0	600
chr3:107970208-107970808	0.12298333333333335	1.0	600
chr3:108090748-108091348	0.17857500000000012	1.0	600
chr3:108222218-108222818	0.1664300000000002	1.0	600
chr3:108406509-108407109	0.17536500000000027	1.0	600
chr3:108589214-108589814	0.24010833333333328	1.0	600
chr3:108662056-108662656	0.45027500000000004	1.0	600
chr3:108693201-108693801	0.07501833333333337	1.0	600
chr3:108866070-108866670	0.02740833333333329	1.0	600
chr3:108927046-108927646	0.2261533333333334	1.0	600
chr3:109039648-109040248	0.02436999999999998	1.0	600
chr3:109103255-109103855	0.23291833333333345	1.0	600
chr3:109680394-109680994	0.062123333333333274	1.0	600
chr3:109682133-109682733	0.10690500000000003	1.0	600
chr3:109792077-109792677	0.038376666666666746	1.0	600
chr3:109815775-109816375	0.03978000000000003	1.0	600
chr3:110354517-110355117	0.017699999999999987	1.0	600
chr3:110507281-110507881	0.02292166666666663	1.0	600
chr3:110659667-110660267	0.00931333333333334	1.0	600
chr3:110999600-111000200	0.19900000000000004	1.0	600
chr3:111071418-111072018	0.7387650000000003	1.0	600
chr3:111195169-111195769	0.04670166666666668	1.0	600
chr3:111220484-111221084	0.06318000000000004	1.0	600
chr3:111322336-111322936	0.031003333333333317	1.0	600
chr3:111407890-111408490	0.2599866666666666	1.0	600
chr3:111652358-111652958	0.04482166666666672	1.0	600
chr3:111657382-111657982	0.0812616666666666	1.0	600
chr3:111663609-111664209	0.05907500000000002	1.0	600
chr3:111674295-111674895	0.17038500000000015	1.0	600
chr3:111717434-111718034	0.0672633333333333	1.0	600
chr3:111768516-111769116	0.31237166666666666	1.0	600
chr3:111859418-111860018	0.18795500000000032	1.0	600
chr3:111860250-111860850	0.22560000000000016	1.0	600
chr3:111978715-111979315	0.08813499999999999	1.0	600
chr3:112086048-112086648	0.15514333333333336	1.0	600
chr3:112111709-112112309	0.08138666666666668	1.0	600
chr3:112119777-112120377	0.00970333333333335	1.0	600
chr3:112136748-112137348	0.04016499999999998	1.0	600
chr3:112185501-112186101	0.313865	1.0	600
chr3:112293209-112293809	0.026051666666666654	1.0	600
chr3:112322147-112322747	0.06975166666666667	1.0	600
chr3:112327274-112327874	0.06271333333333332	1.0	600
chr3:112332879-112333479	0.028683333333333328	1.0	600
chr3:112378922-112379522	0.007983333333333325	1.0	600
chr3:112390999-112391599	0.04213000000000008	1.0	600
chr3:112519293-112519893	0.04823500000000009	1.0	600
chr3:112562034-112562634	0.10183499999999995	1.0	600
chr3:112642789-112643389	0.056008333333333396	1.0	600
chr3:112918912-112919512	0.1860766666666669	1.0	600
chr3:112984399-112984999	0.03684000000000005	1.0	600
chr3:112990587-112991187	0.1254750000000001	1.0	600
chr3:113019419-113020019	0.11996500000000014	1.0	600
chr3:113051115-113051715	0.10201833333333331	1.0	600
chr3:113104074-113104674	0.3294383333333334	1.0	600
chr3:113228828-113229428	0.23759000000000025	1.0	600
chr3:113254248-113254848	0.39064000000000004	1.0	600
chr3:113276015-113276615	0.27397666666666687	1.0	600
chr3:113436213-113436813	0.036693333333333425	1.0	600
chr3:113514902-113515502	0.10375333333333332	1.0	600
chr3:113555626-113556226	0.0985666666666666	1.0	600
chr3:113696451-113697051	0.7010950000000002	1.0	600
chr3:113746009-113746609	0.3612383333333335	1.0	600
chr3:113787649-113788249	0.14734666666666685	1.0	600
chr3:113838499-113839099	0.12581499999999995	1.0	600
chr3:113890527-113891127	0.012181666666666669	1.0	600
chr3:113947594-113948194	0.09417166666666671	1.0	600
chr3:114056310-114056910	0.25728500000000026	1.0	600
chr3:114065268-114065868	0.3087666666666667	1.0	600
chr3:114144833-114145433	0.17297833333333354	1.0	600
chr3:114152498-114153098	0.1262016666666669	1.0	600
chr3:114235839-114236439	0.1264433333333333	1.0	600
chr3:114335273-114335873	0.08407666666666666	1.0	600
chr3:114380019-114380619	0.8107333333333335	1.0	600
chr3:114383695-114384295	0.4089550000000001	1.0	600
chr3:114624739-114625339	0.6807349999999992	1.0	600
chr3:114639081-114639681	0.6795883333333326	1.0	600
chr3:114730176-114730776	0.03599833333333336	1.0	600
chr3:114782117-114782717	0.06764166666666668	1.0	600
chr3:114848076-114848676	0.7660149999999997	1.0	600
chr3:115092324-115092924	0.31171499999999996	1.0	600
chr3:115109793-115110393	0.2788600000000004	1.0	600
chr3:115147082-115147682	0.5110399999999997	1.0	600
chr3:115408613-115409213	0.026928333333333315	1.0	600
chr3:115530550-115531150	0.36405000000000015	1.0	600
chr3:115623245-115623845	0.8024100000000002	1.0	600
chr3:115658250-115658850	0.09447666666666672	1.0	600
chr3:115692779-115693379	0.20122333333333342	1.0	600
chr3:115784276-115784876	0.130435	1.0	600
chr3:115819652-115820252	0.12164166666666686	1.0	600
chr3:115918939-115919539	0.2562600000000002	1.0	600
chr3:116148679-116149279	0.6362433333333332	1.0	600
chr3:116423348-116423948	0.49295333333333263	1.0	600
chr3:116434689-116435289	0.011796666666666657	1.0	600
chr3:116670796-116671396	0.2811133333333334	1.0	600
chr3:116770728-116771328	0.14925166666666684	1.0	600
chr3:116795532-116796132	0.010678333333333321	1.0	600
chr3:116862365-116862965	0.1474233333333336	1.0	600
chr3:116951606-116952206	0.0588283333333333	1.0	600
chr3:117074115-117074715	0.011856666666666661	1.0	600
chr3:117139582-117140182	0.3131066666666667	1.0	600
chr3:117144675-117145275	0.0062983333333333155	1.0	600
chr3:117253237-117253837	0.14769666666666662	1.0	600
chr3:117290843-117291443	0.22538333333333352	1.0	600
chr3:117393194-117393794	0.23379333333333335	1.0	600
chr3:117519957-117520557	0.21114000000000022	1.0	600
chr3:117641389-117641989	0.14259000000000013	1.0	600
chr3:117892369-117892969	0.04747166666666669	1.0	600
chr3:117997302-117997902	0.4816916666666659	1.0	600
chr3:118014061-118014661	0.03446166666666667	1.0	600
chr3:118116191-118116791	0.09836833333333336	1.0	600
chr3:118276093-118276693	0.3553300000000001	1.0	600
chr3:118407463-118408063	0.07238833333333332	1.0	600
chr3:118628634-118629234	0.46111333333333276	1.0	600
chr3:118732936-118733536	0.07444999999999996	1.0	600
chr3:118757290-118757890	0.036880000000000086	1.0	600
chr3:118792624-118793224	0.013771666666666654	1.0	600
chr3:118884548-118885148	0.07808499999999997	1.0	600
chr3:118894839-118895439	0.067455	1.0	600
chr3:118987369-118987969	0.3886899999999999	1.0	600
chr3:118991697-118992297	0.629425	1.0	600
chr3:119034600-119035200	0.2154733333333334	1.0	600
chr3:119133067-119133667	0.14865500000000018	1.0	600
chr3:119235203-119235803	0.04833999999999999	1.0	600
chr3:119240660-119241260	0.045128333333333374	1.0	600
chr3:119293938-119294538	0.41426499999999994	1.0	600
chr3:119300905-119301505	0.06898999999999998	1.0	600
chr3:119322941-119323541	0.023298333333333327	1.0	600
chr3:119329458-119330058	0.4021716666666667	1.0	600
chr3:119463452-119464052	0.17170500000000025	1.0	600
chr3:119468631-119469231	0.13713333333333336	1.0	600
chr3:119498190-119498790	0.07405333333333335	1.0	600
chr3:119579555-119580155	0.0008066666666666671	1.0	600
chr3:119609910-119610510	0.02160999999999999	1.0	600
chr3:119627327-119627927	0.02211333333333333	1.0	600
chr3:119676811-119677411	0.18549833333333343	1.0	600
chr3:119699284-119699884	0.2671583333333337	1.0	600
chr3:119702664-119703264	0.11549666666666666	1.0	600
chr3:119891862-119892462	0.08573666666666664	1.0	600
chr3:120094741-120095341	0.32591166666666654	1.0	600
chr3:120095384-120095984	0.200525	1.0	600
chr3:120139489-120140089	0.14186833333333346	1.0	600
chr3:120222283-120222883	0.16868500000000006	1.0	600
chr3:120324565-120325165	0.299741666666667	1.0	600
chr3:120349074-120349674	0.1652633333333335	1.0	600
chr3:120380740-120381340	0.25437499999999985	1.0	600
chr3:120413784-120414384	0.0032857142857142855	0.011666666666666667	7
chr3:120417092-120417692	0.2904316666666667	1.0	600
chr3:120485882-120486482	0.11584000000000003	1.0	600
chr3:120558752-120559352	0.09660666666666665	1.0	600
chr3:120564261-120564861	0.01218000000000001	1.0	600
chr3:120567619-120568219	0.057148333333333336	1.0	600
chr3:120595967-120596567	0.2810966666666667	1.0	600
chr3:120655966-120656566	0.07450166666666667	1.0	600
chr3:120742300-120742900	0.3550700000000002	1.0	600
chr3:120820560-120821160	0.11240500000000007	1.0	600
chr3:120884578-120885178	0.18546000000000043	1.0	600
chr3:120907917-120908517	0.28052833333333355	1.0	600
chr3:121023311-121023911	0.26224166666666626	1.0	600
chr3:121059392-121059992	0.06264333333333334	1.0	600
chr3:121244385-121244985	0.19329666666666664	1.0	600
chr3:121256999-121257599	0.3767549999999998	1.0	600
chr3:121332899-121333499	0.3004383333333336	1.0	600
chr3:121545735-121546335	0.1979716666666669	1.0	600
chr3:121709377-121709977	0.2863950000000003	1.0	600
chr3:121749627-121750227	0.20091333333333347	1.0	600
chr3:121766991-121767591	0.2001516666666668	1.0	600
chr3:121805148-121805748	0.02989333333333332	1.0	600
chr3:121834823-121835423	0.21131833333333327	1.0	600
chr3:121980217-121980817	0.055751666666666706	1.0	600
chr3:122134149-122134749	0.13507666666666657	1.0	600
chr3:122382958-122383558	0.27606833333333325	1.0	600
chr3:122383858-122384458	0.12312333333333347	1.0	600
chr3:122514638-122515238	0.25348999999999994	1.0	600
chr3:122564026-122564626	0.16573333333333337	1.0	600
chr3:122670600-122671200	0.18242	1.0	600
chr3:122679008-122679608	0.035420000000000035	1.0	600
chr3:122680453-122681053	0.1717316666666667	1.0	600
chr3:122894086-122894686	0.12458166666666706	1.0	600
chr3:123066705-123067305	0.21398833333333342	1.0	600
chr3:123201594-123202194	0.18985333333333348	1.0	600
chr3:123584824-123585424	0.3492866666666671	1.0	600
chr3:123607511-123608111	0.038695	1.0	600
chr3:123625174-123625774	0.07325166666666676	1.0	600
chr3:123652273-123652873	0.04260166666666666	1.0	600
chr3:123660838-123661438	0.4494033333333325	1.0	600
chr3:123898361-123898961	0.03924166666666686	1.0	600
chr3:123961102-123961702	0.19230833333333344	1.0	600
chr3:124032922-124033522	0.4927949999999999	1.0	600
chr3:124038879-124039479	0.0468383333333334	1.0	600
chr3:124040510-124041110	0.11766833333333343	1.0	600
chr3:124313956-124314556	0.13382000000000022	1.0	600
chr3:124461948-124462548	0.13640166666666664	1.0	600
chr3:124508098-124508698	0.05314333333333338	1.0	600
chr3:124784654-124785254	0.15136166666666676	1.0	600
chr3:124887174-124887774	0.06702666666666661	1.0	600
chr3:124911321-124911921	0.016524999999999963	1.0	600
chr3:125055863-125056463	0.23068499999999995	1.0	600
chr3:125237278-125237878	0.07985166666666663	1.0	600
chr3:125329648-125330248	0.04364166666666674	1.0	600
chr3:125357038-125357638	0.05854166666666665	1.0	600
chr3:125375077-125375677	0.5905533333333324	1.0	600
chr3:125387285-125387885	0.1607516666666669	1.0	600
chr3:125466389-125466989	0.20635000000000006	1.0	600
chr3:125519969-125520569	0.09093166666666654	1.0	600
chr3:125595322-125595922	0.21644000000000038	1.0	600
chr3:125659166-125659766	0.058466666666666604	1.0	600
chr3:125783071-125783671	0.02861666666666667	1.0	600
chr3:125792243-125792843	0.34275333333333324	1.0	600
chr3:125825577-125826177	0.016245000000000013	1.0	600
chr3:125872560-125873160	0.005579999999999973	1.0	600
chr3:125916175-125916775	0.05864166666666668	1.0	600
chr3:125972180-125972780	0.04002833333333338	1.0	600
chr3:125990109-125990709	0.17268666666666668	1.0	600
chr3:126083815-126084415	0.0012516666666666674	1.0	600
chr3:126267380-126267980	0.07218499999999997	1.0	600
chr3:126287295-126287895	0.13447000000000028	1.0	600
chr3:126301848-126302448	0.12109833333333349	1.0	600
chr3:126342931-126343531	0.08642	1.0	600
chr3:126347381-126347981	0.12747000000000008	1.0	600
chr3:126355712-126356312	0.35477166666666693	1.0	600
chr3:126357233-126357833	0.06676999999999997	1.0	600
chr3:126389142-126389742	0.10607666666666661	1.0	600
chr3:126475595-126476195	0.1038099999999999	1.0	600
chr3:126620632-126621232	0.005319999999999986	1.0	600
chr3:126654820-126655420	0.060118333333333315	1.0	600
chr3:126679166-126679766	0.009145000000000014	1.0	600
chr3:126689779-126690379	0.24402499999999974	1.0	600
chr3:126703835-126704435	0.23871166666666668	1.0	600
chr3:126718076-126718676	0.013258333333333336	1.0	600
chr3:126870629-126871229	0.45458500000000013	1.0	600
chr3:126895502-126896102	0.05125499999999994	1.0	600
chr3:126971719-126972319	0.005548333333333324	1.0	600
chr3:126982708-126983308	0.10793500000000009	1.0	600
chr3:127002015-127002615	0.07433666666666662	1.0	600
chr3:127035469-127036069	0.27962833333333365	1.0	600
chr3:127382497-127383097	0.013564999999999995	1.0	600
chr3:127547630-127548230	0.037306666666666696	1.0	600
chr3:127590477-127591077	0.08703000000000002	1.0	600
chr3:127598039-127598639	0.10586166666666659	1.0	600
chr3:127629064-127629664	0.06353000000000004	1.0	600
chr3:127666911-127667511	0.05238500000000001	1.0	600
chr3:127672613-127673213	0.1492033333333334	1.0	600
chr3:127762961-127763561	0.03938500000000009	1.0	600
chr3:127775226-127775826	0.11616833333333337	1.0	600
chr3:127814075-127814675	0.27667500000000006	1.0	600
chr3:127823132-127823732	0.15363833333333363	1.0	600
chr3:127920582-127921182	0.3739933333333336	1.0	600
chr3:127924735-127925335	0.039165000000000096	1.0	600
chr3:128051983-128052583	0.16514166666666674	1.0	600
chr3:128075414-128076014	0.022168333333333325	1.0	600
chr3:128095046-128095646	0.04794166666666674	1.0	600
chr3:128123607-128124207	0.2993083333333338	1.0	600
chr3:128153157-128153757	0.4029049999999999	1.0	600
chr3:128161116-128161716	0.3747116666666666	1.0	600
chr3:128226731-128227331	0.36595666666666676	1.0	600
chr3:128276411-128277011	0.0034249999999999884	1.0	600
chr3:128310652-128311252	0.051836666666666684	1.0	600
chr3:128487647-128488247	0.3578533333333334	1.0	600
chr3:128584254-128584854	0.06006666666666663	1.0	600
chr3:128608228-128608828	0.03063666666666668	1.0	600
chr3:128617531-128618131	0.05092166666666672	1.0	600
chr3:128650585-128651185	0.3877016666666669	1.0	600
chr3:128680561-128681161	0.06711500000000002	1.0	600
chr3:128698558-128699158	0.09233666666666668	1.0	600
chr3:128725783-128726383	0.37383333333333335	1.0	600
chr3:128746410-128747010	0.15365	1.0	600
chr3:128845693-128846293	0.04967666666666677	1.0	600
chr3:128879252-128879852	0.10265666666666666	1.0	600
chr3:128920335-128920935	0.1026433333333335	1.0	600
chr3:128934026-128934626	0.03395166666666669	1.0	600
chr3:129087815-129088415	0.06467666666666667	1.0	600
chr3:129121666-129122266	0.00814333333333332	1.0	600
chr3:129160765-129161365	0.05901999999999999	1.0	600
chr3:129183644-129184244	0.3124816666666669	1.0	600
chr3:129278540-129279140	0.017023333333333328	1.0	600
chr3:129291136-129291736	0.07445833333333332	1.0	600
chr3:129314648-129315248	0.15599333333333343	1.0	600
chr3:129396044-129396644	0.34098333333333347	1.0	600
chr3:129399421-129400021	0.10448999999999983	1.0	600
chr3:129428385-129428985	0.03759000000000006	1.0	600
chr3:129439710-129440310	0.16748166666666678	1.0	600
chr3:129490101-129490701	0.09538499999999991	1.0	600
chr3:129507328-129507928	0.15121833333333345	1.0	600
chr3:129555872-129556472	0.24606666666666674	1.0	600
chr3:129596194-129596794	0.07795666666666672	1.0	600
chr3:129603094-129603694	0.13953833333333332	1.0	600
chr3:129626522-129627122	0.006176666666666645	1.0	600
chr3:129893529-129894129	0.09619166666666669	1.0	600
chr3:129936567-129937167	0.15951833333333348	1.0	600
chr3:129942101-129942701	0.05372500000000002	1.0	600
chr3:130111308-130111908	0.08641333333333326	1.0	600
chr3:130213125-130213725	0.02084499999999998	1.0	600
chr3:130257710-130258310	0.029063333333333354	1.0	600
chr3:130431807-130432407	0.1499433333333336	1.0	600
chr3:130590678-130591278	0.10380499999999998	1.0	600
chr3:130727033-130727633	0.03227666666666675	1.0	600
chr3:130746580-130747180	0.10698333333333324	1.0	600
chr3:130876767-130877367	0.2557100000000001	1.0	600
chr3:130893748-130894348	0.22083166666666676	1.0	600
chr3:130952348-130952948	0.045195000000000055	1.0	600
chr3:131026522-131027122	0.09207333333333333	1.0	600
chr3:131043909-131044509	0.12849333333333332	1.0	600
chr3:131184682-131185282	0.021598333333333327	1.0	600
chr3:131242070-131242670	0.06471000000000006	1.0	600
chr3:131361763-131362363	0.31860166666666667	1.0	600
chr3:131381338-131381938	0.13100166666666666	1.0	600
chr3:131502716-131503316	0.10678999999999995	1.0	600
chr3:131617871-131618471	0.06511833333333328	1.0	600
chr3:131839284-131839884	0.02920166666666668	1.0	600
chr3:132034840-132035440	0.15518166666666688	1.0	600
chr3:132269595-132270195	0.04143499999999996	1.0	600
chr3:132416921-132417521	0.1276866666666667	1.0	600
chr3:132659561-132660161	0.15519166666666687	1.0	600
chr3:132722215-132722815	0.23889833333333318	1.0	600
chr3:132756725-132757325	0.015139999999999973	1.0	600
chr3:132764076-132764676	0.0	0.0	0
chr3:133330376-133330976	0.08632333333333339	1.0	600
chr3:133363074-133363674	0.015656666666666624	1.0	600
chr3:133399469-133400069	0.2046666666666666	1.0	600
chr3:133423647-133424247	0.045490000000000065	1.0	600
chr3:133519386-133519986	0.04640500000000014	1.0	600
chr3:133805474-133806074	0.26208000000000004	1.0	600
chr3:133821771-133822371	0.015114999999999993	1.0	600
chr3:134015061-134015661	0.03879166666666667	1.0	600
chr3:134093965-134094565	0.030703333333333305	1.0	600
chr3:134250575-134251175	0.11636666666666677	1.0	600
chr3:134308362-134308962	0.044166666666666764	1.0	600
chr3:134313115-134313715	0.11240833333333348	1.0	600
chr3:134363924-134364524	0.21942666666666677	1.0	600
chr3:134366913-134367513	0.3573449999999998	1.0	600
chr3:134374151-134374751	0.32252499999999995	1.0	600
chr3:134406399-134406999	0.2989416666666666	1.0	600
chr3:134453817-134454417	0.02198999999999997	1.0	600
chr3:134485685-134486285	0.1556366666666667	1.0	600
chr3:134794988-134795588	0.8416250000000002	1.0	600
chr3:134905344-134905944	0.05033166666666667	1.0	600
chr3:135343417-135344017	0.05642333333333325	1.0	600
chr3:135427869-135428469	0.11033833333333336	1.0	600
chr3:135478298-135478898	0.02784333333333337	1.0	600
chr3:135702966-135703566	0.08790666666666659	1.0	600
chr3:135965315-135965915	0.10549999999999994	1.0	600
chr3:136075114-136075714	0.11067833333333321	1.0	600
chr3:136195625-136196225	0.36028000000000027	1.0	600
chr3:136196518-136197118	0.18186000000000027	1.0	600
chr3:136250041-136250641	0.20870333333333344	1.0	600
chr3:136752159-136752759	0.7605033333333336	1.0	600
chr3:136765107-136765707	0.04964499999999995	1.0	600
chr3:136771768-136772368	0.13473166666666678	1.0	600
chr3:136861833-136862433	0.22737833333333327	1.0	600
chr3:136930170-136930770	0.4996433333333329	1.0	600
chr3:136994758-136995358	0.18128000000000002	1.0	600
chr3:137032319-137032919	0.25410166666666667	1.0	600
chr3:137106114-137106714	0.05829000000000003	1.0	600
chr3:137211731-137212331	0.04509166666666665	1.0	600
chr3:137267236-137267836	0.03688166666666668	1.0	600
chr3:137330214-137330814	0.16727833333333367	1.0	600
chr3:137434364-137434964	0.12307000000000014	1.0	600
chr3:137791634-137792234	0.03446000000000002	1.0	600
chr3:137865812-137866412	0.3781599999999999	1.0	600
chr3:137869313-137869913	0.16639000000000007	1.0	600
chr3:138068475-138069075	0.05651666666666672	1.0	600
chr3:138114818-138115418	0.032995000000000024	1.0	600
chr3:138174395-138174995	0.37207166666666647	1.0	600
chr3:138186977-138187577	0.277975	1.0	600
chr3:138329609-138330209	0.05862333333333333	1.0	600
chr3:138348105-138348705	0.06441166666666671	1.0	600
chr3:138367927-138368527	0.1868050000000005	1.0	600
chr3:138381875-138382475	0.03897166666666671	1.0	600
chr3:138608979-138609579	0.012928333333333333	1.0	600
chr3:138697987-138698587	0.03628666666666671	1.0	600
chr3:138802495-138803095	0.16127166666666667	1.0	600
chr3:138834664-138835264	0.17312166666666692	1.0	600
chr3:138861682-138862282	0.30435166666666663	1.0	600
chr3:138915804-138916404	0.04359000000000012	1.0	600
chr3:138927713-138928313	0.10291833333333328	1.0	600
chr3:138936090-138936690	0.05424666666666671	1.0	600
chr3:138945261-138945861	0.41296166666666667	1.0	600
chr3:138995817-138996417	0.1957933333333335	1.0	600
chr3:139173589-139174189	0.23995	1.0	600
chr3:139329168-139329768	0.044253333333333374	1.0	600
chr3:139343713-139344313	0.09526333333333323	1.0	600
chr3:139389450-139390050	0.13994833333333348	1.0	600
chr3:139427455-139428055	0.3893816666666665	1.0	600
chr3:139512920-139513520	0.09492833333333328	1.0	600
chr3:139532853-139533453	0.25318833333333346	1.0	600
chr3:139616720-139617320	0.00476166666666665	1.0	600
chr3:139677709-139678309	0.03447000000000003	1.0	600
chr3:139773288-139773888	0.016996666666666643	1.0	600
chr3:140060605-140061205	0.05812666666666665	1.0	600
chr3:140439139-140439739	0.011060000000000004	1.0	600
chr3:140535614-140536214	0.016280000000000003	1.0	600
chr3:140726079-140726679	0.16228666666666688	1.0	600
chr3:140787307-140787907	0.21522166666666653	1.0	600
chr3:140941498-140942098	0.22767166666666663	1.0	600
chr3:140998500-140999100	0.02925833333333341	1.0	600
chr3:140999933-141000533	0.051871666666666726	1.0	600
chr3:141192164-141192764	0.045356666666666746	1.0	600
chr3:141231428-141232028	0.06336666666666664	1.0	600
chr3:141311575-141312175	0.12459833333333341	1.0	600
chr3:141346294-141346894	0.05838166666666669	1.0	600
chr3:141368072-141368672	0.6027316666666667	1.0	600
chr3:141399062-141399662	0.026851666666666663	1.0	600
chr3:141402441-141403041	0.22499333333333355	1.0	600
chr3:141460006-141460606	0.038020000000000005	1.0	600
chr3:141486709-141487309	0.24168999999999996	1.0	600
chr3:141686875-141687475	0.025156666666666647	1.0	600
chr3:141737912-141738512	0.34628	1.0	600
chr3:141792251-141792851	0.05278166666666663	1.0	600
chr3:141798345-141798945	0.38267166666666697	1.0	600
chr3:141876276-141876876	0.22647333333333336	1.0	600
chr3:141985287-141985887	0.21320333333333333	1.0	600
chr3:142099246-142099846	0.03975666666666668	1.0	600
chr3:142149226-142149826	0.20844000000000007	1.0	600
chr3:142225294-142225894	0.1642700000000004	1.0	600
chr3:142447805-142448405	0.32752833333333325	1.0	600
chr3:142578578-142579178	0.1529183333333335	1.0	600
chr3:142596104-142596704	0.10508166666666659	1.0	600
chr3:142723719-142724319	0.2430233333333333	1.0	600
chr3:142724688-142725288	0.10323499999999985	1.0	600
chr3:143001255-143001855	0.3223833333333334	1.0	600
chr3:143119429-143120029	0.22952000000000009	1.0	600
chr3:143198928-143199528	0.058241666666666705	1.0	600
chr3:143595210-143595810	0.07323666666666666	1.0	600
chr3:143669201-143669801	0.40511333333333305	1.0	600
chr3:143832983-143833583	0.05335500000000007	1.0	600
chr3:143971124-143971724	0.028044999999999997	1.0	600
chr3:144031777-144032377	0.15372666666666687	1.0	600
chr3:144155031-144155631	0.13139333333333347	1.0	600
chr3:144331564-144332164	0.01324833333333335	1.0	600
chr3:144353826-144354426	0.017126666666666655	1.0	600
chr3:144426518-144427118	0.26584999999999986	1.0	600
chr3:144892810-144893410	0.0060316666666666505	1.0	600
chr3:144927814-144928414	0.05185166666666663	1.0	600
chr3:144950979-144951579	0.09165333333333325	1.0	600
chr3:145006098-145006698	0.00947333333333333	1.0	600
chr3:145538665-145539265	0.0845516666666668	1.0	600
chr3:145559249-145559849	0.14293500000000028	1.0	600
chr3:145608760-145609360	0.12471166666666676	1.0	600
chr3:145652280-145652880	0.02457499999999997	1.0	600
chr3:145836035-145836635	0.07064666666666675	1.0	600
chr3:146131289-146131889	0.04785666666666666	1.0	600
chr3:146160922-146161522	0.2112166666666666	1.0	600
chr3:146245290-146245890	0.02596666666666664	1.0	600
chr3:146250894-146251494	0.010329999999999995	1.0	600
chr3:146251538-146252138	0.058371666666666634	1.0	600
chr3:146274614-146275214	0.07021166666666662	1.0	600
chr3:146327012-146327612	0.05335333333333336	1.0	600
chr3:146544455-146545055	0.0067049999999999966	1.0	600
chr3:146765504-146766104	0.005474999999999982	1.0	600
chr3:146912665-146913265	0.04695333333333332	1.0	600
chr3:147008786-147009386	0.1939383333333333	1.0	600
chr3:147354617-147355217	0.38928833333333324	1.0	600
chr3:147510353-147510953	0.026361666666666658	1.0	600
chr3:147536121-147536721	0.02959833333333341	1.0	600
chr3:147856680-147857280	0.13013166666666662	1.0	600
chr3:147971404-147972004	0.06070999999999998	1.0	600
chr3:148076012-148076612	0.5716283333333327	1.0	600
chr3:148319153-148319753	0.03334499999999997	1.0	600
chr3:148460552-148461152	0.10053833333333326	1.0	600
chr3:148693004-148693604	0.018725000000000012	1.0	600
chr3:148802594-148803194	0.05070500000000004	1.0	600
chr3:148852115-148852715	0.07923499999999997	1.0	600
chr3:148991261-148991861	0.06572333333333326	1.0	600
chr3:149086311-149086911	0.16296000000000008	1.0	600
chr3:149129217-149129817	0.169645	1.0	600
chr3:149134553-149135153	0.09979500000000001	1.0	600
chr3:149299911-149300511	0.23156499999999985	1.0	600
chr3:149356055-149356655	0.14112333333333354	1.0	600
chr3:149357571-149358171	0.09767499999999993	1.0	600
chr3:149426972-149427572	0.07348	1.0	600
chr3:149527703-149528303	0.23933666666666667	1.0	600
chr3:149576079-149576679	0.10127499999999998	1.0	600
chr3:149657760-149658360	0.44933166666666646	1.0	600
chr3:149752156-149752756	0.2745966666666669	1.0	600
chr3:149765665-149766265	0.05805833333333337	1.0	600
chr3:149808082-149808682	0.1676966666666668	1.0	600
chr3:149812855-149813455	0.18782166666666675	1.0	600
chr3:149881517-149882117	0.05289833333333338	1.0	600
chr3:149906534-149907134	0.12432166666666684	1.0	600
chr3:149970725-149971325	0.4462049999999999	1.0	600
chr3:150081809-150082409	0.03665630712979898	0.9116666666666666	547
chr3:150127346-150127946	0.08549666666666657	1.0	600
chr3:150184020-150184620	0.0707316666666666	1.0	600
chr3:150308026-150308626	0.2044766666666668	1.0	600
chr3:150349601-150350201	0.2510866666666667	1.0	600
chr3:150357864-150358464	0.3658249999999997	1.0	600
chr3:150407968-150408568	0.504626666666666	1.0	600
chr3:150444551-150445151	0.06790333333333334	1.0	600
chr3:150546303-150546903	0.3188816666666667	1.0	600
chr3:150603232-150603832	0.3641649999999999	1.0	600
chr3:150703668-150704268	0.02903500000000003	1.0	600
chr3:150762905-150763505	0.18779833333333354	1.0	600
chr3:150962835-150963435	0.1432433333333333	1.0	600
chr3:151085351-151085951	0.36586333333333326	1.0	600
chr3:151328807-151329407	0.17432833333333364	1.0	600
chr3:151392458-151393058	0.03388333333333336	1.0	600
chr3:151538219-151538819	0.04887166666666666	1.0	600
chr3:151562750-151563350	0.03710000000000003	1.0	600
chr3:151645651-151646251	0.00889666666666667	1.0	600
chr3:151701656-151702256	0.13110833333333344	1.0	600
chr3:151786691-151787291	0.04136166666666674	1.0	600
chr3:151838870-151839470	0.06937166666666661	1.0	600
chr3:152194957-152195557	0.009380000000000005	1.0	600
chr3:152266520-152267120	0.19681666666666697	1.0	600
chr3:152268560-152269160	0.5486033333333334	1.0	600
chr3:152298726-152299326	0.8905649999999999	1.0	600
chr3:152359949-152360549	0.09254166666666659	1.0	600
chr3:152446110-152446710	0.8173766666666666	1.0	600
chr3:152464367-152464967	0.9927533333333334	1.0	600
chr3:152465032-152465632	0.8168316666666667	1.0	600
chr3:152620910-152621510	0.20993666666666683	1.0	600
chr3:152650122-152650722	0.25758	1.0	600
chr3:152766814-152767414	0.23886000000000002	1.0	600
chr3:152834790-152835390	0.06918500000000002	1.0	600
chr3:152912050-152912650	0.012323333333333327	1.0	600
chr3:153042945-153043545	0.0381716666666668	1.0	600
chr3:153068410-153069010	0.0637466666666667	1.0	600
chr3:153123767-153124367	0.19268833333333338	1.0	600
chr3:153161086-153161686	0.44666333333333325	1.0	600
chr3:153161898-153162498	0.19940333333333335	1.0	600
chr3:153356990-153357590	0.03692	1.0	600
chr3:153506505-153507105	0.10892000000000007	1.0	600
chr3:153977001-153977601	0.14383666666666675	1.0	600
chr3:154060506-154061106	0.42142499999999994	1.0	600
chr3:154243175-154243775	0.19454000000000007	1.0	600
chr3:154252876-154253476	0.15643000000000018	1.0	600
chr3:154349129-154349729	0.08018500000000005	1.0	600
chr3:154576092-154576692	0.2755500000000002	1.0	600
chr3:154623768-154624368	0.09618666666666671	1.0	600
chr3:154644258-154644858	0.024311666666666648	1.0	600
chr3:154722623-154723223	0.01795666666666664	1.0	600
chr3:154846711-154847311	0.08926999999999997	1.0	600
chr3:154849503-154850103	0.007276666666666642	1.0	600
chr3:154858432-154859032	0.08032666666666674	1.0	600
chr3:155052403-155053003	0.13873666666666698	1.0	600
chr3:155079816-155080416	0.2834250000000003	1.0	600
chr3:155325870-155326470	0.028859999999999986	1.0	600
chr3:155610172-155610772	0.14128000000000004	1.0	600
chr3:155621261-155621861	0.14433500000000005	1.0	600
chr3:155667344-155667944	0.034320000000000066	1.0	600
chr3:155698958-155699558	0.036745	1.0	600
chr3:155701831-155702431	0.07839999999999993	1.0	600
chr3:155744844-155745444	0.14656000000000008	1.0	600
chr3:155805980-155806580	0.11214666666666676	1.0	600
chr3:155854354-155854954	0.14611666666666673	1.0	600
chr3:155870212-155870812	0.049148333333333336	1.0	600
chr3:155870870-155871470	0.12979166666666683	1.0	600
chr3:156163812-156164412	0.1307333333333335	1.0	600
chr3:156217649-156218249	0.015604999999999994	1.0	600
chr3:156229112-156229712	0.011951666666666657	1.0	600
chr3:156456648-156457248	0.06914833333333333	1.0	600
chr3:156535099-156535699	0.1492083333333335	1.0	600
chr3:156554879-156555479	0.34259333333333347	1.0	600
chr3:156606016-156606616	0.015796666666666667	1.0	600
chr3:156633265-156633865	0.13951500000000008	1.0	600
chr3:156674199-156674799	0.3554050000000001	1.0	600
chr3:156708873-156709473	0.019110000000000005	1.0	600
chr3:156816711-156817311	0.2279266666666666	1.0	600
chr3:156825993-156826593	0.11855000000000004	1.0	600
chr3:156882276-156882876	0.20297666666666678	1.0	600
chr3:156935362-156935962	0.09738499999999992	1.0	600
chr3:157115977-157116577	0.10723333333333329	1.0	600
chr3:157129643-157130243	0.043246666666666704	1.0	600
chr3:157159950-157160550	0.3654133333333332	1.0	600
chr3:157174882-157175482	0.07534333333333333	1.0	600
chr3:157248493-157249093	0.08394833333333322	1.0	600
chr3:157437488-157438088	0.3752566666666668	1.0	600
chr3:157488376-157488976	0.09304166666666666	1.0	600
chr3:157680422-157681022	0.32269000000000003	1.0	600
chr3:158109787-158110387	0.36930666666666656	1.0	600
chr3:158352681-158353281	0.0369216666666667	1.0	600
chr3:158357465-158358065	0.04096666666666672	1.0	600
chr3:158425436-158426036	0.15875166666666699	1.0	600
chr3:158570831-158571431	0.149205	1.0	600
chr3:158644204-158644804	0.11696166666666676	1.0	600
chr3:158713088-158713688	0.10147833333333335	1.0	600
chr3:158731872-158732472	0.13208666666666674	1.0	600
chr3:158801711-158802311	0.1999066666666667	1.0	600
chr3:158933406-158934006	0.03123499999999999	1.0	600
chr3:159373019-159373619	0.035198333333333415	1.0	600
chr3:159432136-159432736	0.025403333333333313	1.0	600
chr3:159440338-159440938	0.028863333333333407	1.0	600
chr3:159507845-159508445	0.0647716666666667	1.0	600
chr3:159763636-159764236	0.2656816666666668	1.0	600
chr3:159805002-159805602	0.041510000000000054	1.0	600
chr3:159839669-159840269	0.6961083333333336	1.0	600
chr3:159852933-159853533	0.48925666666666673	1.0	600
chr3:159856351-159856951	0.4112449999999999	1.0	600
chr3:159988437-159989037	0.2039733333333333	1.0	600
chr3:160227175-160227775	0.308056666666667	1.0	600
chr3:160388368-160388968	0.2651499999999999	1.0	600
chr3:160396393-160396993	0.1258416666666668	1.0	600
chr3:160398977-160399577	0.1526099999999999	1.0	600
chr3:160525837-160526437	0.36268500000000004	1.0	600
chr3:160562756-160563356	0.027613333333333306	1.0	600
chr3:160565320-160565920	0.3613266666666665	1.0	600
chr3:160624249-160624849	0.3059800000000003	1.0	600
chr3:160755241-160755841	0.12108000000000003	1.0	600
chr3:161200148-161200748	0.06813166666666669	1.0	600
chr3:161220953-161221553	0.034645000000000016	1.0	600
chr3:161230928-161231528	0.1393466666666666	1.0	600
chr3:161266210-161266810	0.1229000000000001	1.0	600
chr3:161428788-161429388	0.4297533333333332	1.0	600
chr3:161822139-161822739	0.5649199999999996	1.0	600
chr3:161952510-161953110	0.004523333333333327	1.0	600
chr3:161969067-161969667	0.010486666666666655	1.0	600
chr3:162212387-162212987	0.011176666666666654	1.0	600
chr3:162247860-162248460	0.05177166666666665	1.0	600
chr3:162375090-162375690	0.022048333333333284	1.0	600
chr3:162452585-162453185	0.004106666666666655	1.0	600
chr3:162542389-162542989	0.00591166666666662	1.0	600
chr3:162575127-162575727	0.056743333333333264	1.0	600
chr3:162704422-162705022	0.024104999999999963	1.0	600
chr3:162710096-162710696	0.08834166666666665	1.0	600
chr3:162760413-162761013	0.1466183333333335	1.0	600
chr3:162908638-162909238	0.025214999999999987	1.0	600
chr3:163191153-163191753	0.18944500000000003	1.0	600
chr3:163400226-163400826	0.02009166666666666	1.0	600
chr3:163501993-163502593	0.07390833333333341	1.0	600
chr3:163504171-163504771	0.12357833333333339	1.0	600
chr3:163617627-163618227	0.055323333333333266	1.0	600
chr3:163821270-163821870	0.09275833333333335	1.0	600
chr3:164043001-164043601	0.04650333333333349	1.0	600
chr3:164061611-164062211	0.27224666666666686	1.0	600
chr3:164303263-164303863	0.021109999999999973	1.0	600
chr3:164398031-164398631	0.01855333333333334	1.0	600
chr3:164538716-164539316	0.02041333333333329	1.0	600
chr3:164573464-164574064	0.039026666666666675	1.0	600
chr3:164575104-164575704	0.014126666666666666	1.0	600
chr3:164687032-164687632	0.0343733333333334	1.0	600
chr3:164722662-164723262	0.08275833333333354	1.0	600
chr3:164769668-164770268	0.0068833333333333194	1.0	600
chr3:164840072-164840672	0.012418333333333318	1.0	600
chr3:164889435-164890035	0.13323166666666653	1.0	600
chr3:164943309-164943909	0.017936666666666642	1.0	600
chr3:165185585-165186185	0.2581483333333332	1.0	600
chr3:165206634-165207234	0.3198766666666667	1.0	600
chr3:165225668-165226268	0.02230833333333331	1.0	600
chr3:165290670-165291270	0.12353666666666667	1.0	600
chr3:165474322-165474922	0.27187833333333356	1.0	600
chr3:165637906-165638506	0.04310000000000012	1.0	600
chr3:165953930-165954530	0.03640166666666668	1.0	600
chr3:166147332-166147932	0.03801166666666671	1.0	600
chr3:166199344-166199944	0.0773416666666667	1.0	600
chr3:166276094-166276694	0.025808333333333308	1.0	600
chr3:166283918-166284518	0.05028500000000015	1.0	600
chr3:166428193-166428793	0.11035833333333347	1.0	600
chr3:166799746-166800346	0.005834999999999977	1.0	600
chr3:166860333-166860933	0.15680999999999995	1.0	600
chr3:167291212-167291812	0.09289500000000019	1.0	600
chr3:167380054-167380654	0.08621333333333324	1.0	600
chr3:167469495-167470095	0.007083333333333314	1.0	600
chr3:167497777-167498377	0.008489999999999973	1.0	600
chr3:167536887-167537487	0.20060500000000026	1.0	600
chr3:167576883-167577483	0.006374999999999969	1.0	600
chr3:167734695-167735295	0.4557916666666662	1.0	600
chr3:167735356-167735956	0.2534866666666668	1.0	600
chr3:167812538-167813138	0.36414500000000005	1.0	600
chr3:168095682-168096282	0.3347933333333334	1.0	600
chr3:168123435-168124035	0.28459166666666685	1.0	600
chr3:168165515-168166115	0.03871166666666675	1.0	600
chr3:168213800-168214400	0.0649883333333332	1.0	600
chr3:168225514-168226114	0.013958333333333312	1.0	600
chr3:168249442-168250042	0.2942916666666667	1.0	600
chr3:168604064-168604664	0.03878000000000006	1.0	600
chr3:168651991-168652591	0.029446666666666683	1.0	600
chr3:168978199-168978799	0.20477833333333378	1.0	600
chr3:169051305-169051905	0.23087500000000033	1.0	600
chr3:169152166-169152766	0.7402666666666667	1.0	600
chr3:169242378-169242978	0.8872433333333334	1.0	600
chr3:169348394-169348994	0.17052499999999984	1.0	600
chr3:169668981-169669581	0.38791999999999993	1.0	600
chr3:169748897-169749497	0.07237666666666669	1.0	600
chr3:169764831-169765431	0.16479166666666706	1.0	600
chr3:169773055-169773655	0.18326500000000004	1.0	600
chr3:169966441-169967041	0.24142333333333313	1.0	600
chr3:169976132-169976732	0.08745833333333332	1.0	600
chr3:170046836-170047436	0.008861666666666658	1.0	600
chr3:170181406-170182006	0.2395850000000001	1.0	600
chr3:170222087-170222687	0.22373500000000013	1.0	600
chr3:170253289-170253889	0.09288833333333328	1.0	600
chr3:170299110-170299710	0.04418166666666663	1.0	600
chr3:170357082-170357682	0.2511566666666669	1.0	600
chr3:170420921-170421521	0.03406333333333336	1.0	600
chr3:170425705-170426305	0.23567166666666656	1.0	600
chr3:170437013-170437613	0.6050333333333332	1.0	600
chr3:170610833-170611433	0.04695833333333354	1.0	600
chr3:170658493-170659093	0.013120000000000003	1.0	600
chr3:170908386-170908986	0.29785833333333334	1.0	600
chr3:170995474-170996074	0.048653333333333354	1.0	600
chr3:171301015-171301615	0.01630166666666664	1.0	600
chr3:171362637-171363237	0.017591666666666665	1.0	600
chr3:171419343-171419943	0.009170000000000018	1.0	600
chr3:171460231-171460831	0.5696766666666663	1.0	600
chr3:171564478-171565078	0.045690000000000064	1.0	600
chr3:171614448-171615048	0.015840000000000007	1.0	600
chr3:171625802-171626402	0.17587000000000017	1.0	600
chr3:171776331-171776931	0.12390166666666683	1.0	600
chr3:171809794-171810394	0.06239500000000004	1.0	600
chr3:171946756-171947356	0.15039175257731976	0.97	582
chr3:171956272-171956872	0.4541099999999995	1.0	600
chr3:172040178-172040778	0.314866666666667	1.0	600
chr3:172114017-172114617	0.009263333333333323	1.0	600
chr3:172125904-172126504	0.6418666666666668	1.0	600
chr3:172153174-172153774	0.4825816666666665	1.0	600
chr3:172175526-172176126	0.07348000000000002	1.0	600
chr3:172203752-172204352	0.7029050000000002	1.0	600
chr3:172265544-172266144	0.2522316666666668	1.0	600
chr3:172469044-172469644	0.05940499999999995	1.0	600
chr3:172710912-172711512	0.23940833333333353	1.0	600
chr3:172750339-172750939	0.23237666666666687	1.0	600
chr3:173158962-173159562	0.26886250000000006	0.26666666666666666	160
chr3:173260776-173261376	0.05685000000000001	1.0	600
chr3:173315332-173315932	0.017228333333333325	1.0	600
chr3:173372030-173372630	0.0984566666666665	1.0	600
chr3:173395349-173395949	0.11549333333333342	1.0	600
chr3:173397619-173398219	0.24334333333333352	1.0	600
chr3:173443995-173444595	0.21860500000000022	1.0	600
chr3:173489202-173489802	0.13043666666666667	1.0	600
chr3:173499885-173500485	0.08936833333333344	1.0	600
chr3:173643344-173643944	0.03153166666666666	1.0	600
chr3:173664827-173665427	0.07410833333333329	1.0	600
chr3:173728874-173729474	0.024276666666666634	1.0	600
chr3:173767906-173768506	0.009074999999999995	1.0	600
chr3:173835576-173836176	0.013331666666666693	1.0	600
chr3:173893310-173893910	0.061856666666666615	1.0	600
chr3:173942436-173943036	0.014846666666666671	1.0	600
chr3:174028746-174029346	0.09301500000000001	1.0	600
chr3:174092445-174093045	0.0960583333333333	1.0	600
chr3:174350390-174350990	0.013464999999999986	1.0	600
chr3:174368545-174369145	0.2890466666666666	1.0	600
chr3:174440630-174441230	0.2478633333333336	1.0	600
chr3:174465505-174466105	0.05548333333333333	1.0	600
chr3:174758637-174759237	0.2923566666666668	1.0	600
chr3:174906523-174907123	0.01799666666666665	1.0	600
chr3:175208280-175208880	0.018913333333333334	1.0	600
chr3:175255854-175256454	0.07813833333333332	1.0	600
chr3:175766910-175767510	0.004301666666666651	1.0	600
chr3:176197915-176198515	0.040903333333333486	1.0	600
chr3:176614968-176615568	0.005691666666666637	1.0	600
chr3:177046219-177046819	0.026206666666666656	1.0	600
chr3:177183474-177184074	0.010830000000000024	1.0	600
chr3:177197281-177197881	0.4178299999999997	1.0	600
chr3:177232359-177232959	0.12719	1.0	600
chr3:177246642-177247242	0.017733333333333334	1.0	600
chr3:177345473-177346073	0.21870500000000012	1.0	600
chr3:177359781-177360381	0.5876366666666663	1.0	600
chr3:177386117-177386717	0.11156500000000018	1.0	600
chr3:177437489-177438089	0.15547999999999998	1.0	600
chr3:177491206-177491806	0.27185166666666677	1.0	600
chr3:177554760-177555360	0.1644316666666667	1.0	600
chr3:177588926-177589526	0.04467833333333337	1.0	600
chr3:177686518-177687118	0.08442333333333339	1.0	600
chr3:177726969-177727569	0.06236833333333324	1.0	600
chr3:178047960-178048560	0.014464999999999995	1.0	600
chr3:178130122-178130722	0.06200833333333322	1.0	600
chr3:178156455-178157055	0.00900666666666667	1.0	600
chr3:178170738-178171338	0.4373533333333329	1.0	600
chr3:178483948-178484548	0.036420000000000056	1.0	600
chr3:178565833-178566433	0.008456666666666663	1.0	600
chr3:178579078-178579678	0.15866166666666673	1.0	600
chr3:179037255-179037855	0.035071666666666716	1.0	600
chr3:179052166-179052766	0.16741333333333347	1.0	600
chr3:179071550-179072150	0.21335833333333334	1.0	600
chr3:179119978-179120578	0.0	0.0	0
chr3:179147803-179148403	0.4932783333333336	1.0	600
chr3:179180851-179181451	0.4792966666666667	1.0	600
chr3:179190062-179190662	0.10497500000000004	1.0	600
chr3:179322638-179323238	0.10692999999999998	1.0	600
chr3:179347345-179347945	0.14454666666666666	1.0	600
chr3:179451219-179451819	0.28895000000000004	1.0	600
chr3:179562548-179563148	0.2605416666666665	1.0	600
chr3:179604429-179605029	0.23872333333333334	1.0	600
chr3:179652633-179653233	0.17780333333333345	1.0	600
chr3:179653239-179653839	0.31968666666666673	1.0	600
chr3:179663869-179664469	0.03778000000000013	1.0	600
chr3:179723393-179723993	0.06500999999999997	1.0	600
chr3:179724682-179725282	0.055961666666666667	1.0	600
chr3:179811522-179812122	0.17707333333333342	1.0	600
chr3:179822380-179822980	0.2798716666666667	1.0	600
chr3:179854019-179854619	0.1770016666666667	1.0	600
chr3:179900035-179900635	0.664946666666667	1.0	600
chr3:179942118-179942718	0.0024416666666666627	1.0	600
chr3:180036790-180037390	0.19834500000000047	1.0	600
chr3:180319136-180319736	0.02217166666666664	1.0	600
chr3:180326871-180327471	0.12454333333333335	1.0	600
chr3:180416139-180416739	0.04440666666666671	1.0	600
chr3:180601852-180602452	0.2617500000000001	1.0	600
chr3:180679473-180680073	0.07878833333333324	1.0	600
chr3:180912068-180912668	0.24571999999999988	1.0	600
chr3:180954507-180955107	0.021276666666666638	1.0	600
chr3:180989511-180990111	0.11689666666666688	1.0	600
chr3:181262210-181262810	0.025818333333333283	1.0	600
chr3:181320914-181321514	0.11035000000000002	1.0	600
chr3:181695179-181695779	0.0031083333333333336	1.0	600
chr3:181695836-181696436	0.0037149999999999987	1.0	600
chr3:181701939-181702539	0.4834916666666666	1.0	600
chr3:181711496-181712096	0.6876916666666669	1.0	600
chr3:181720190-181720790	0.2948050000000001	1.0	600
chr3:181725660-181726260	0.3484133333333337	1.0	600
chr3:181726422-181727022	0.3689749999999999	1.0	600
chr3:181733597-181734197	0.22870333333333367	1.0	600
chr3:181752225-181752825	0.8012499999999997	1.0	600
chr3:181834077-181834677	0.10976333333333353	1.0	600
chr3:182005593-182006193	0.0027416666666666653	1.0	600
chr3:182047830-182048430	0.0975166666666667	1.0	600
chr3:182061328-182061928	0.5640349999999996	1.0	600
chr3:182172658-182173258	0.5366933333333327	1.0	600
chr3:182265088-182265688	0.04371333333333335	1.0	600
chr3:182364741-182365341	0.5982800000000004	1.0	600
chr3:182462791-182463391	0.1491183333333334	1.0	600
chr3:182682081-182682681	0.15085000000000007	1.0	600
chr3:182784463-182785063	0.06858499999999998	1.0	600
chr3:182793143-182793743	0.20246500000000003	1.0	600
chr3:182879622-182880222	0.08961499999999996	1.0	600
chr3:182980193-182980793	0.25163000000000013	1.0	600
chr3:183099251-183099851	0.14215000000000014	1.0	600
chr3:183162450-183163050	0.0640516666666667	1.0	600
chr3:183178596-183179196	0.016784999999999967	1.0	600
chr3:183187713-183188313	0.018201666666666654	1.0	600
chr3:183244457-183245057	0.10077666666666668	1.0	600
chr3:183253953-183254553	0.044558333333333346	1.0	600
chr3:183447623-183448223	0.0031749999999999886	1.0	600
chr3:183542317-183542917	0.020583333333333304	1.0	600
chr3:183635298-183635898	0.21924666666666656	1.0	600
chr3:183697481-183698081	0.20293166666666665	1.0	600
chr3:183802843-183803443	0.16764500000000002	1.0	600
chr3:183884606-183885206	0.28078833333333325	1.0	600
chr3:183973226-183973826	0.018288333333333344	1.0	600
chr3:184017702-184018302	0.22195000000000026	1.0	600
chr3:184066256-184066856	0.03899666666666678	1.0	600
chr3:184135072-184135672	0.33157833333333336	1.0	600
chr3:184155023-184155623	0.24271666666666672	1.0	600
chr3:184174545-184175145	0.4182800000000001	1.0	600
chr3:184185816-184186416	0.2619433333333334	1.0	600
chr3:184209685-184210285	0.1294266666666668	1.0	600
chr3:184249350-184249950	0.27550833333333324	1.0	600
chr3:184259723-184260323	0.6377000000000007	1.0	600
chr3:184291984-184292584	0.3238400000000003	1.0	600
chr3:184298783-184299383	0.16382500000000003	1.0	600
chr3:184314787-184315387	0.20995666666666696	1.0	600
chr3:184319891-184320491	0.49194000000000015	1.0	600
chr3:184335581-184336181	0.24202666666666664	1.0	600
chr3:184345613-184346213	0.2253333333333334	1.0	600
chr3:184358980-184359580	0.4191433333333332	1.0	600
chr3:184361384-184361984	0.12012999999999993	1.0	600
chr3:184518673-184519273	0.07548666666666667	1.0	600
chr3:184541987-184542587	0.008283333333333328	1.0	600
chr3:184561398-184561998	0.2684016666666668	1.0	600
chr3:184583334-184583934	0.011913333333333324	1.0	600
chr3:184597633-184598233	0.33007166666666665	1.0	600
chr3:184601668-184602268	0.47572833333333314	1.0	600
chr3:184616302-184616902	0.1415733333333334	1.0	600
chr3:184647165-184647765	0.019626666666666653	1.0	600
chr3:184711365-184711965	0.1694133333333334	1.0	600
chr3:184771525-184772125	0.496089999999999	1.0	600
chr3:184811827-184812427	0.1315450000000002	1.0	600
chr3:185152686-185153286	0.2979200000000006	1.0	600
chr3:185175378-185175978	0.10084333333333324	1.0	600
chr3:185216510-185217110	0.01470833333333329	1.0	600
chr3:185282606-185283206	0.09409166666666667	1.0	600
chr3:185362779-185363379	0.521855	1.0	600
chr3:185413853-185414453	0.08252833333333319	1.0	600
chr3:185498767-185499367	0.14120666666666695	1.0	600
chr3:185585770-185586370	0.29685333333333336	1.0	600
chr3:185824778-185825378	0.5547133333333331	1.0	600
chr3:185937785-185938385	0.2748366666666669	1.0	600
chr3:186044879-186045479	0.4648116666666661	1.0	600
chr3:186097637-186098237	0.6330449999999997	1.0	600
chr3:186108876-186109476	0.6333366666666665	1.0	600
chr3:186182543-186183143	0.043646666666666736	1.0	600
chr3:186233518-186234118	0.00961833333333333	1.0	600
chr3:186340030-186340630	0.2506150000000001	1.0	600
chr3:186383215-186383815	0.12035833333333332	1.0	600
chr3:186567058-186567658	0.08122333333333324	1.0	600
chr3:186570298-186570898	0.3100600000000002	1.0	600
chr3:186616897-186617497	0.16504833333333335	1.0	600
chr3:186649149-186649749	0.02146333333333331	1.0	600
chr3:186665555-186666155	0.1709716666666666	1.0	600
chr3:186707662-186708262	0.050435000000000126	1.0	600
chr3:186782976-186783576	0.2343316666666667	1.0	600
chr3:186789817-186790417	0.5357416666666669	1.0	600
chr3:186806195-186806795	0.061674999999999924	1.0	600
chr3:186827279-186827879	0.0013066666666666671	1.0	600
chr3:187072187-187072787	0.015419999999999965	1.0	600
chr3:187139247-187139847	0.01364499999999999	1.0	600
chr3:187291090-187291690	0.36935333333333303	1.0	600
chr3:187379939-187380539	0.07015833333333327	1.0	600
chr3:187617781-187618381	0.02089000000000001	1.0	600
chr3:187738712-187739312	0.25038500000000014	1.0	600
chr3:187739777-187740377	0.36372500000000035	1.0	600
chr3:187745436-187746036	0.5811916666666664	1.0	600
chr3:187997274-187997874	0.20293333333333333	1.0	600
chr3:188014113-188014713	0.11781833333333334	1.0	600
chr3:188052222-188052822	0.5319816666666667	1.0	600
chr3:188153517-188154117	0.6616783333333329	1.0	600
chr3:188262735-188263335	0.2352116666666666	1.0	600
chr3:188306176-188306776	0.014944999999999995	1.0	600
chr3:188469218-188469818	0.1726783333333335	1.0	600
chr3:188512159-188512759	0.02240499999999995	1.0	600
chr3:188565877-188566477	0.008901666666666683	1.0	600
chr3:188897883-188898483	0.015746666666666645	1.0	600
chr3:188947752-188948352	0.5686616666666666	1.0	600
chr3:188954469-188955069	0.1307333333333335	1.0	600
chr3:188994599-188995199	0.0375583333333334	1.0	600
chr3:189509664-189510264	0.022911666666666646	1.0	600
chr3:189510713-189511313	0.008093333333333319	1.0	600
chr3:189617716-189618316	0.009960000000000002	1.0	600
chr3:189690457-189691057	0.02836666666666666	1.0	600
chr3:190120689-190121289	0.1406833333333336	1.0	600
chr3:190177942-190178542	0.012624999999999971	1.0	600
chr3:190322203-190322803	0.03409166666666669	1.0	600
chr3:190457950-190458550	0.3469816666666665	1.0	600
chr3:190513649-190514249	0.24335000000000012	1.0	600
chr3:190533317-190533917	0.7187016666666656	1.0	600
chr3:190546568-190547168	0.12002166666666662	1.0	600
chr3:190551199-190551799	0.16526500000000002	1.0	600
chr3:190576489-190577089	0.04887650085763293	0.9716666666666667	583
chr3:191106884-191107484	0.12738666666666668	1.0	600
chr3:191224937-191225537	0.05019333333333342	1.0	600
chr3:191329253-191329853	0.33923000000000053	1.0	600
chr3:191337531-191338131	0.12044166666666667	1.0	600
chr3:191348410-191349010	0.11237666666666674	1.0	600
chr3:191597024-191597624	0.09645666666666665	1.0	600
chr3:191646662-191647262	0.06891500000000007	1.0	600
chr3:192051365-192051965	0.02200499999999999	1.0	600
chr3:192149841-192150441	0.0	0.0	0
chr3:192152371-192152971	0.0	0.0	0
chr3:192203566-192204166	0.01151333333333332	1.0	600
chr3:192231787-192232387	0.0530733333333334	1.0	600
chr3:192261842-192262442	0.34769333333333324	1.0	600
chr3:192563743-192564343	0.01706499999999997	1.0	600
chr3:192566605-192567205	0.046275000000000045	1.0	600
chr3:192600415-192601015	0.14873833333333367	1.0	600
chr3:192692907-192693507	0.017283333333333328	1.0	600
chr3:192727390-192727990	0.5396183333333331	1.0	600
chr3:192850503-192851103	0.02480333333333331	1.0	600
chr3:192895977-192896577	0.029796666666666614	1.0	600
chr3:192917753-192918353	0.6933099999999999	1.0	600
chr3:193240872-193241472	0.016333333333333335	1.0	600
chr3:193244735-193245335	0.15170500000000026	1.0	600
chr3:193260983-193261583	0.18322500000000025	1.0	600
chr3:193266056-193266656	0.012325000000000003	1.0	600
chr3:193461539-193462139	0.042353333333333396	1.0	600
chr3:193548308-193548908	0.4024550000000001	1.0	600
chr3:193587561-193588161	0.02090000000000001	1.0	600
chr3:193592893-193593493	0.3533133333333333	1.0	600
chr3:193745698-193746298	0.034688333333333335	1.0	600
chr3:193859906-193860506	0.006588333333333317	1.0	600
chr3:193869587-193870187	0.1861366666666668	1.0	600
chr3:193921098-193921698	0.0017649999999999999	1.0	600
chr3:194002916-194003516	0.4483266666666667	1.0	600
chr3:194070936-194071536	0.3884600000000003	1.0	600
chr3:194134559-194135159	0.5912866666666668	1.0	600
chr3:194141358-194141958	0.5636299999999997	1.0	600
chr3:194271146-194271746	0.15036666666666684	1.0	600
chr3:194277032-194277632	0.025561666666666677	1.0	600
chr3:194315367-194315967	0.12665666666666675	1.0	600
chr3:194381464-194382064	0.022634999999999992	1.0	600
chr3:194476885-194477485	0.026051666666666622	1.0	600
chr3:194486713-194487313	0.2299933333333337	1.0	600
chr3:194498672-194499272	0.06322833333333329	1.0	600
chr3:194517149-194517749	0.02568999999999998	1.0	600
chr3:194573666-194574266	0.05068833333333334	1.0	600
chr3:194583623-194584223	0.022976666666666656	1.0	600
chr3:194633137-194633737	0.20629333333333355	1.0	600
chr3:194660777-194661377	0.04874500000000004	1.0	600
chr3:194672230-194672830	0.06997166666666668	1.0	600
chr3:194692848-194693448	0.008805000000000007	1.0	600
chr3:194769023-194769623	0.012734999999999984	1.0	600
chr3:194995747-194996347	0.005599999999999982	1.0	600
chr3:195015848-195016448	0.00235166666666666	1.0	600
chr3:195043990-195044590	0.004131666666666647	1.0	600
chr3:195176784-195177384	0.020918333333333285	1.0	600
chr3:195259949-195260549	0.022335000000000004	1.0	600
chr3:195270897-195271497	0.28033666666666707	1.0	600
chr3:195365304-195365904	0.1005266666666667	1.0	600
chr3:195442793-195443393	0.33855166666666636	1.0	600
chr3:195543086-195543686	0.23221333333333333	1.0	600
chr3:195835934-195836534	0.01772333333333331	1.0	600
chr3:195850763-195851363	0.071515	1.0	600
chr3:195862946-195863546	0.20540499999999992	1.0	600
chr3:195873177-195873777	0.0032183333333333257	1.0	600
chr3:195900600-195901200	0.08567833333333327	1.0	600
chr3:195909550-195910150	0.08945999999999998	1.0	600
chr3:196081863-196082463	0.08259666666666668	1.0	600
chr3:196287475-196288075	0.18356833333333358	1.0	600
chr3:196318024-196318624	0.11568500000000036	1.0	600
chr3:196420647-196421247	0.12357833333333375	1.0	600
chr3:196432241-196432841	0.33012833333333336	1.0	600
chr3:196503543-196504143	0.05671500000000003	1.0	600
chr3:196528609-196529209	0.33592333333333363	1.0	600
chr3:196568338-196568938	0.4271633333333336	1.0	600
chr3:196590584-196591184	0.038498333333333384	1.0	600
chr3:196632307-196632907	0.19554500000000016	1.0	600
chr3:196712032-196712632	0.06829500000000001	1.0	600
chr3:196739515-196740115	0.2918633333333332	1.0	600
chr3:196810097-196810697	0.1971716666666667	1.0	600
chr3:196819216-196819816	0.008594999999999986	1.0	600
chr3:196867535-196868135	0.113295	1.0	600
chr3:196942210-196942810	0.31843000000000005	1.0	600
chr3:196969720-196970320	0.0016616666666666678	1.0	600
chr3:197002640-197003240	0.047570000000000015	1.0	600
chr3:197356212-197356812	0.029846666666666723	1.0	600
chr3:197515704-197516304	0.01074666666666666	1.0	600
chr3:197554623-197555223	0.08052333333333334	1.0	600
chr3:197704827-197705427	0.20616333333333361	1.0	600
chr3:197712163-197712763	0.2406683333333338	1.0	600
chr3:197736720-197737320	0.10460833333333326	1.0	600
chr3:197749508-197750108	0.26180333333333344	1.0	600
chr3:197791191-197791791	0.38315000000000005	1.0	600
chr3:197949889-197950489	0.18159166666666676	1.0	600
chr3:197959900-197960500	0.24575499999999992	1.0	600
chr17:714611-715211	0.2065100000000003	1.0	600
chr17:732154-732754	0.18110333333333317	1.0	600
chr17:782014-782614	0.28816500000000006	1.0	600
chr17:833825-834425	0.015228333333333307	1.0	600
chr17:870074-870674	0.0607016666666667	1.0	600
chr17:887540-888140	0.16576166666666703	1.0	600
chr17:902809-903409	0.056156666666666646	1.0	600
chr17:941243-941843	0.18193	1.0	600
chr17:996480-997080	0.05785333333333336	1.0	600
chr17:1005310-1005910	0.4844116666666666	1.0	600
chr17:1039395-1039995	0.004661666666666656	1.0	600
chr17:1057597-1058197	0.15770833333333334	1.0	600
chr17:1075307-1075907	0.03772666666666675	1.0	600
chr17:1327908-1328508	0.10586000000000001	1.0	600
chr17:1399991-1400591	0.5393649999999994	1.0	600
chr17:1432092-1432692	0.011773333333333306	1.0	600
chr17:1435991-1436591	0.47139833333333364	1.0	600
chr17:1456053-1456653	0.42025666666666717	1.0	600
chr17:1487850-1488450	0.09971999999999998	1.0	600
chr17:1491464-1492064	0.04360166666666667	1.0	600
chr17:1511593-1512193	0.10352500000000003	1.0	600
chr17:1516379-1516979	0.15605000000000002	1.0	600
chr17:1518387-1518987	0.2835950000000004	1.0	600
chr17:1549582-1550182	0.03288833333333337	1.0	600
chr17:1628660-1629260	0.2309333333333333	1.0	600
chr17:1648837-1649437	0.3559900000000001	1.0	600
chr17:1684656-1685256	0.13947000000000004	1.0	600
chr17:1716058-1716658	0.5110033333333334	1.0	600
chr17:1822068-1822668	0.18451833333333356	1.0	600
chr17:1829587-1830187	0.14158833333333345	1.0	600
chr17:1892166-1892766	0.011441666666666649	1.0	600
chr17:2029688-2030288	0.11382500000000005	1.0	600
chr17:2041651-2042251	0.19529833333333343	1.0	600
chr17:2146065-2146665	0.03781500000000009	1.0	600
chr17:2303518-2304118	0.5135483333333322	1.0	600
chr17:2336193-2336793	0.21120833333333353	1.0	600
chr17:2392449-2393049	0.09062333333333329	1.0	600
chr17:2399383-2399983	0.4756699999999998	1.0	600
chr17:2401421-2402021	0.4018166666666669	1.0	600
chr17:2424169-2424769	0.020108333333333322	1.0	600
chr17:2457631-2458231	0.07774833333333336	1.0	600
chr17:2511653-2512253	0.1265333333333335	1.0	600
chr17:2593593-2594193	0.790195	1.0	600
chr17:2671525-2672125	0.05122000000000004	1.0	600
chr17:2711635-2712235	0.44328499999999926	1.0	600
chr17:2825548-2826148	0.030835000000000057	1.0	600
chr17:2929278-2929878	0.006791666666666651	1.0	600
chr17:3004055-3004655	0.24590999999999985	1.0	600
chr17:3048704-3049304	0.04532666666666673	1.0	600
chr17:3062612-3063212	0.15818666666666664	1.0	600
chr17:3194815-3195415	0.0021349999999999993	1.0	600
chr17:3236918-3237518	0.06523500000000004	1.0	600
chr17:3345030-3345630	0.0707	1.0	600
chr17:3456627-3457227	0.1534816666666668	1.0	600
chr17:3502400-3503000	0.0643283333333333	1.0	600
chr17:3565103-3565703	0.03383499999999998	1.0	600
chr17:3636079-3636679	0.15071000000000023	1.0	600
chr17:3640355-3640955	0.07556000000000002	1.0	600
chr17:3643468-3644068	0.0462866666666667	1.0	600
chr17:3645922-3646522	0.035241666666666754	1.0	600
chr17:3659357-3659957	0.18365333333333334	1.0	600
chr17:3668285-3668885	0.23896500000000004	1.0	600
chr17:3813881-3814481	0.25573666666666667	1.0	600
chr17:3846033-3846633	0.4183916666666667	1.0	600
chr17:3892801-3893401	0.03010666666666669	1.0	600
chr17:4094408-4095008	0.0034733333333333244	1.0	600
chr17:4142823-4143423	0.3476983333333338	1.0	600
chr17:4158667-4159267	0.01865833333333331	1.0	600
chr17:4230027-4230627	0.023828333333333312	1.0	600
chr17:4263680-4264280	0.18735000000000024	1.0	600
chr17:4555067-4555667	0.242635	1.0	600
chr17:4575900-4576500	0.192491666666667	1.0	600
chr17:4703869-4704469	0.47426499999999966	1.0	600
chr17:4710247-4710847	0.4076000000000001	1.0	600
chr17:4731505-4732105	0.3503033333333336	1.0	600
chr17:4789806-4790406	0.37066166666666667	1.0	600
chr17:4795855-4796455	0.20649166666666677	1.0	600
chr17:4832989-4833589	0.5668583333333335	1.0	600
chr17:4864542-4865142	0.07725166666666669	1.0	600
chr17:4939945-4940545	0.3575233333333336	1.0	600
chr17:4948690-4949290	0.28141833333333355	1.0	600
chr17:4963596-4964196	0.048340000000000105	1.0	600
chr17:4967163-4967763	0.38442499999999996	1.0	600
chr17:4987383-4987983	0.40736166666666673	1.0	600
chr17:4997327-4997927	0.10252999999999997	1.0	600
chr17:5054282-5054882	0.00538666666666664	1.0	600
chr17:5111710-5112310	0.024556666666666647	1.0	600
chr17:5191627-5192227	0.005691666666666649	1.0	600
chr17:5281762-5282362	0.27814000000000005	1.0	600
chr17:5419390-5419990	0.3322383333333331	1.0	600
chr17:5446667-5447267	0.011431666666666666	1.0	600
chr17:5465202-5465802	0.05092333333333345	1.0	600
chr17:5468767-5469367	0.2117800000000004	1.0	600
chr17:5485997-5486597	0.3541850000000001	1.0	600
chr17:5500743-5501343	0.26547500000000024	1.0	600
chr17:5556545-5557145	0.019363333333333305	1.0	600
chr17:5560488-5561088	0.00638333333333332	1.0	600
chr17:5633861-5634461	0.018318333333333325	1.0	600
chr17:5758342-5758942	0.020369999999999996	1.0	600
chr17:5770524-5771124	0.004349999999999987	1.0	600
chr17:5779440-5780040	0.0029783333333333216	1.0	600
chr17:5866994-5867594	0.028763333333333384	1.0	600
chr17:5893890-5894490	0.05887999999999996	1.0	600
chr17:6053797-6054397	0.010786666666666648	1.0	600
chr17:6096511-6097111	0.005986666666666653	1.0	600
chr17:6208681-6209281	0.010087102177554437	0.995	597
chr17:6435010-6435610	0.1467100000000005	1.0	600
chr17:6443948-6444548	0.1052333333333333	1.0	600
chr17:6621219-6621819	0.008116666666666671	1.0	600
chr17:6640718-6641318	0.2556066666666667	1.0	600
chr17:6644810-6645410	0.047985000000000035	1.0	600
chr17:6651380-6651980	0.13985333333333339	1.0	600
chr17:6893418-6894018	0.09392999999999997	1.0	600
chr17:6897948-6898548	0.07412333333333324	1.0	600
chr17:6919690-6920290	0.015703333333333343	1.0	600
chr17:7004597-7005197	0.014371666666666654	1.0	600
chr17:7014424-7015024	0.3201266666666667	1.0	600
chr17:7167467-7168067	0.019029999999999984	1.0	600
chr17:7219580-7220180	0.1841483333333333	1.0	600
chr17:7239342-7239942	0.4415216666666663	1.0	600
chr17:7251727-7252327	0.29651833333333333	1.0	600
chr17:7307227-7307827	0.7393216666666663	1.0	600
chr17:7329115-7329715	0.5126616666666655	1.0	600
chr17:7351400-7352000	0.07651333333333338	1.0	600
chr17:7394471-7395071	0.14244833333333348	1.0	600
chr17:7404252-7404852	0.4583833333333332	1.0	600
chr17:7435033-7435633	0.2170816666666669	1.0	600
chr17:7436851-7437451	0.5916600000000002	1.0	600
chr17:7483995-7484595	0.5732533333333334	1.0	600
chr17:7572445-7573045	0.5350433333333325	1.0	600
chr17:7583483-7584083	0.2570666666666666	1.0	600
chr17:7609338-7609938	0.01583833333333334	1.0	600
chr17:7614872-7615472	0.42202666666666694	1.0	600
chr17:7627575-7628175	0.12066	1.0	600
chr17:7647816-7648416	0.10058000000000002	1.0	600
chr17:7683959-7684559	0.07285333333333331	1.0	600
chr17:7685828-7686428	0.06428666666666667	1.0	600
chr17:7687987-7688587	0.13012500000000016	1.0	600
chr17:7694705-7695305	0.04052000000000008	1.0	600
chr17:7756588-7757188	0.17477833333333342	1.0	600
chr17:7758163-7758763	0.2449333333333334	1.0	600
chr17:7778417-7779017	0.0929016666666665	1.0	600
chr17:7835336-7835936	0.218365	1.0	600
chr17:7856980-7857580	0.6220333333333335	1.0	600
chr17:7887454-7888054	0.663591666666666	1.0	600
chr17:7889056-7889656	0.6951983333333334	1.0	600
chr17:7915699-7916299	0.3713316666666667	1.0	600
chr17:7931710-7932310	0.35547666666666716	1.0	600
chr17:7976453-7977053	0.05175833333333345	1.0	600
chr17:8087845-8088445	0.06438833333333328	1.0	600
chr17:8099719-8100319	0.08190833333333328	1.0	600
chr17:8108601-8109201	0.05617000000000001	1.0	600
chr17:8111543-8112143	0.09845333333333331	1.0	600
chr17:8138759-8139359	0.21982500000000002	1.0	600
chr17:8154234-8154834	0.5738566666666667	1.0	600
chr17:8156144-8156744	0.2279100000000001	1.0	600
chr17:8160396-8160996	0.7146516666666664	1.0	600
chr17:8186547-8187147	0.1646266666666667	1.0	600
chr17:8189882-8190482	0.27392833333333383	1.0	600
chr17:8248966-8249566	0.04123500000000001	1.0	600
chr17:8287729-8288329	0.14197500000000018	1.0	600
chr17:8292195-8292795	0.2919033333333334	1.0	600
chr17:8295127-8295727	0.10497499999999996	1.0	600
chr17:8370654-8371254	0.01776499999999994	1.0	600
chr17:8383293-8383893	0.015736666666666666	1.0	600
chr17:8435490-8436090	0.30934666666666677	1.0	600
chr17:8453910-8454510	0.08475666666666659	1.0	600
chr17:8479238-8479838	0.003299999999999993	1.0	600
chr17:8630716-8631316	0.3976000000000002	1.0	600
chr17:8765211-8765811	0.008931666666666666	1.0	600
chr17:8816686-8817286	0.05242833333333341	1.0	600
chr17:9224115-9224715	0.0017349999999999987	1.0	600
chr17:9239800-9240400	0.48478833333333343	1.0	600
chr17:9332611-9333211	0.05104999999999998	1.0	600
chr17:9781087-9781687	0.17449666666666672	1.0	600
chr17:9887944-9888544	0.07399666666666657	1.0	600
chr17:10001475-10002075	0.00824	1.0	600
chr17:10036595-10037195	0.5340799999999996	1.0	600
chr17:10090833-10091433	0.00779166666666666	1.0	600
chr17:10104029-10104629	0.02323499999999999	1.0	600
chr17:10114972-10115572	0.3496216666666668	1.0	600
chr17:10123862-10124462	0.4339283333333325	1.0	600
chr17:10131837-10132437	0.042576666666666714	1.0	600
chr17:10150233-10150833	0.023065000000000013	1.0	600
chr17:10198577-10199177	0.2547833333333336	1.0	600
chr17:10252450-10253050	0.022766666666666633	1.0	600
chr17:10270016-10270616	0.2856750000000002	1.0	600
chr17:10333828-10334428	0.009759999999999998	1.0	600
chr17:10377666-10378266	0.04236166666666663	1.0	600
chr17:10403912-10404512	0.26319000000000004	1.0	600
chr17:10627421-10628021	0.024658333333333327	1.0	600
chr17:10665672-10666272	0.006523333333333296	1.0	600
chr17:10692505-10693105	0.3284216666666667	1.0	600
chr17:10697283-10697883	0.09041666666666663	1.0	600
chr17:10729478-10730078	0.10164333333333328	1.0	600
chr17:10853164-10853764	0.17296333333333358	1.0	600
chr17:10862361-10862961	0.008473333333333328	1.0	600
chr17:11015431-11016031	0.02073666666666664	1.0	600
chr17:11368499-11369099	0.03350333333333338	1.0	600
chr17:11432740-11433340	0.05331833333333334	1.0	600
chr17:11791980-11792580	0.01259666666666667	1.0	600
chr17:11815146-11815746	0.02857666666666668	1.0	600
chr17:11830627-11831227	0.022629999999999945	1.0	600
chr17:11987145-11987745	0.029596666666666688	1.0	600
chr17:11997220-11997820	0.06736333333333322	1.0	600
chr17:12015973-12016573	0.011016666666666656	1.0	600
chr17:12020482-12021082	0.29591166666666663	1.0	600
chr17:12215019-12215619	0.009116666666666664	1.0	600
chr17:12237139-12237739	0.9554266666666672	1.0	600
chr17:12286961-12287561	0.016944999999999995	1.0	600
chr17:12335462-12336062	0.13049833333333352	1.0	600
chr17:12434709-12435309	0.01869999999999994	1.0	600
chr17:12542015-12542615	0.14920166666666654	1.0	600
chr17:12564206-12564806	0.01396500000000001	1.0	600
chr17:12917984-12918584	0.18008833333333343	1.0	600
chr17:13017856-13018456	0.1535783333333334	1.0	600
chr17:13040455-13041055	0.03515499999999998	1.0	600
chr17:13048401-13049001	0.004541666666666654	1.0	600
chr17:13090726-13091326	0.0403650000000001	1.0	600
chr17:13218389-13218989	0.25379166666666697	1.0	600
chr17:13398768-13399368	0.002186666666666665	1.0	600
chr17:13444135-13444735	0.0010916666666666674	1.0	600
chr17:13446795-13447395	0.010406666666666675	1.0	600
chr17:13459043-13459643	0.008886666666666666	1.0	600
chr17:13517582-13518182	0.00807333333333331	1.0	600
chr17:13705989-13706589	0.007723333333333307	1.0	600
chr17:13751568-13752168	0.2128866666666669	1.0	600
chr17:14002890-14003490	0.04282666666666674	1.0	600
chr17:14028280-14028880	0.5130283333333332	1.0	600
chr17:14046046-14046646	0.027228333333333344	1.0	600
chr17:14051096-14051696	0.014614999999999968	1.0	600
chr17:14069182-14069782	0.22126166666666666	1.0	600
chr17:14124540-14125140	0.3132716666666667	1.0	600
chr17:14288170-14288770	0.015294999999999958	1.0	600
chr17:14470828-14471428	0.14055	1.0	600
chr17:14516450-14517050	0.02342166666666664	1.0	600
chr17:14543787-14544387	0.040206666666666745	1.0	600
chr17:14730003-14730603	0.018671666666666656	1.0	600
chr17:14785877-14786477	0.01555499999999999	1.0	600
chr17:14897814-14898414	0.01811499999999997	1.0	600
chr17:14932392-14932992	0.007660000000000002	1.0	600
chr17:15119209-15119809	0.013089999999999987	1.0	600
chr17:15176313-15176913	0.02916333333333338	1.0	600
chr17:15195461-15196061	0.013894999999999994	1.0	600
chr17:15231681-15232281	0.2712083333333335	1.0	600
chr17:15241072-15241672	0.03330333333333339	1.0	600
chr17:15247786-15248386	0.09277666666666658	1.0	600
chr17:15260604-15261204	0.23640166666666668	1.0	600
chr17:15262331-15262931	0.3337350000000001	1.0	600
chr17:15316490-15317090	0.022468333333333288	1.0	600
chr17:15341353-15341953	0.11394166666666668	1.0	600
chr17:15377441-15378041	0.42093166666666687	1.0	600
chr17:15414850-15415450	0.022058333333333322	1.0	600
chr17:15469569-15470169	0.04531833333333343	1.0	600
chr17:15502668-15503268	0.1445683333333336	1.0	600
chr17:15563236-15563836	0.06064333333333328	1.0	600
chr17:15651546-15652146	0.13155	1.0	600
chr17:15684002-15684602	0.0995333333333334	1.0	600
chr17:15699349-15699949	0.11394333333333348	1.0	600
chr17:15732202-15732802	0.15449000000000002	1.0	600
chr17:15754783-15755383	0.41320666666666717	1.0	600
chr17:15828627-15829227	0.029414999999999972	1.0	600
chr17:15857027-15857627	0.22346166666666695	1.0	600
chr17:15873221-15873821	0.10814833333333335	1.0	600
chr17:15936082-15936682	0.2265300000000001	1.0	600
chr17:15944786-15945386	0.22537833333333324	1.0	600
chr17:15960983-15961583	0.18832833333333351	1.0	600
chr17:15999441-16000041	0.10892500000000001	1.0	600
chr17:16075463-16076063	0.34800166666666676	1.0	600
chr17:16215274-16215874	0.2330649999999999	1.0	600
chr17:16267924-16268524	0.0584733333333333	1.0	600
chr17:16283720-16284320	0.03796500000000003	1.0	600
chr17:16285931-16286531	0.30504666666666663	1.0	600
chr17:16305843-16306443	0.032798333333333374	1.0	600
chr17:16438449-16439049	0.07369500000000001	1.0	600
chr17:16558946-16559546	0.022203333333333332	1.0	600
chr17:16568948-16569548	0.24261333333333332	1.0	600
chr17:16589141-16589741	0.023333333333333324	1.0	600
chr17:16592670-16593270	0.4940416666666666	1.0	600
chr17:16653576-16654176	0.21372333333333343	1.0	600
chr17:16813112-16813712	0.11897654941373538	0.995	597
chr17:16865600-16866200	0.024214999999999966	1.0	600
chr17:16938519-16939119	0.008413333333333333	1.0	600
chr17:17009934-17010534	0.0033933333333333246	1.0	600
chr17:17021337-17021937	0.11655666666666685	1.0	600
chr17:17028009-17028609	0.029961666666666727	1.0	600
chr17:17042084-17042684	0.11077999999999998	1.0	600
chr17:17063755-17064355	0.025609999999999966	1.0	600
chr17:17117779-17118379	0.018554999999999988	1.0	600
chr17:17206228-17206828	0.01926999999999999	1.0	600
chr17:17237396-17237996	0.03281000000000005	1.0	600
chr17:17280542-17281142	0.15284500000000004	1.0	600
chr17:17379296-17379896	0.005069999999999977	1.0	600
chr17:17399424-17400024	0.031889999999999995	1.0	600
chr17:17462876-17463476	0.03801499999999996	1.0	600
chr17:17476700-17477300	0.2708999999999999	1.0	600
chr17:17496169-17496769	0.03081166666666673	1.0	600
chr17:17535844-17536444	0.003758333333333327	1.0	600
chr17:17591448-17592048	0.1354866666666669	1.0	600
chr17:17638552-17639152	0.16100666666666677	1.0	600
chr17:17681048-17681648	0.17696333333333353	1.0	600
chr17:17708959-17709559	0.009196666666666678	1.0	600
chr17:17752040-17752640	0.11405333333333334	1.0	600
chr17:17773763-17774363	0.051563333333333336	1.0	600
chr17:17790437-17791037	0.3735966666666668	1.0	600
chr17:17809976-17810576	0.11157833333333346	1.0	600
chr17:17823451-17824051	0.19041000000000022	1.0	600
chr17:17836074-17836674	0.06895333333333321	1.0	600
chr17:17839872-17840472	0.10574166666666666	1.0	600
chr17:17848932-17849532	0.026126666666666656	1.0	600
chr17:17972152-17972752	0.2604750000000003	1.0	600
chr17:18014547-18015147	0.024533333333333313	1.0	600
chr17:18038980-18039580	0.1955233333333334	1.0	600
chr17:18044420-18045020	0.005814999999999981	1.0	600
chr17:18087571-18088171	0.21994166666666673	1.0	600
chr17:18183132-18183732	0.3002516666666666	1.0	600
chr17:18225188-18225788	0.31628333333333347	1.0	600
chr17:18258456-18259056	0.1444133333333335	1.0	600
chr17:18263027-18263627	0.164401666666667	1.0	600
chr17:18308286-18308886	0.20734833333333366	1.0	600
chr17:18314774-18315374	0.11023166666666669	1.0	600
chr17:18362429-18363029	0.04772666666666672	1.0	600
chr17:18363245-18363845	0.04537500000000005	1.0	600
chr17:18366287-18366887	0.12395833333333357	1.0	600
chr17:18511987-18512587	0.4110266666666664	1.0	600
chr17:18625316-18625916	0.034668333333333363	1.0	600
chr17:18682044-18682644	0.14124000000000012	1.0	600
chr17:18709520-18710120	0.027498333333333336	1.0	600
chr17:18777633-18778233	0.03830000000000013	1.0	600
chr17:18780900-18781500	0.09079499999999996	1.0	600
chr17:18857706-18858306	0.14790499999999998	1.0	600
chr17:18929483-18930083	0.00714999999999999	1.0	600
chr17:19317151-19317751	0.3082966666666669	1.0	600
chr17:19362488-19363088	0.1793650000000001	1.0	600
chr17:19378070-19378670	0.15667833333333345	1.0	600
chr17:19464542-19465142	0.09591500000000006	1.0	600
chr17:19507579-19508179	0.023803333333333312	1.0	600
chr17:19521310-19521910	0.06988499999999999	1.0	600
chr17:19619901-19620501	0.06484333333333328	1.0	600
chr17:19648399-19648999	0.029083333333333333	1.0	600
chr17:19744720-19745320	0.13535166666666673	1.0	600
chr17:19789616-19790216	0.25574666666666623	1.0	600
chr17:19867580-19868180	0.124855	1.0	600
chr17:19927082-19927682	0.028151666666666665	1.0	600
chr17:19977552-19978152	0.40347666666666704	1.0	600
chr17:19992643-19993243	0.041808333333333364	1.0	600
chr17:20008989-20009589	0.044101666666666685	1.0	600
chr17:20026206-20026806	0.2677633333333336	1.0	600
chr17:20155630-20156230	0.3058533333333334	1.0	600
chr17:20189248-20189848	0.31179666666666656	1.0	600
chr17:20226673-20227273	0.032658333333333386	1.0	600
chr17:20320557-20321157	0.026624999999999965	1.0	600
chr17:20335084-20335684	0.018844999999999987	1.0	600
chr17:20464543-20465143	0.00823500000000001	1.0	600
chr17:20653830-20654430	0.18912333333333356	1.0	600
chr17:20772658-20773258	0.056509999999999984	1.0	600
chr17:20825978-20826578	0.049058333333333475	1.0	600
chr17:20841318-20841918	0.31429666666666684	1.0	600
chr17:20852485-20853085	0.1858100000000001	1.0	600
chr17:20882801-20883401	0.2006233333333335	1.0	600
chr17:20908394-20908994	0.1844866666666667	1.0	600
chr17:20951554-20952154	0.020818333333333272	1.0	600
chr17:21043102-21043702	0.046090000000000006	1.0	600
chr17:21066380-21066980	0.001903333333333332	1.0	600
chr17:21113584-21114184	0.10520833333333336	1.0	600
chr17:21213947-21214547	0.19757833333333347	1.0	600
chr17:21253100-21253700	0.28484333333333345	1.0	600
chr17:21275615-21276215	0.0011200000000000006	1.0	600
chr17:21279523-21280123	0.019231666666666643	1.0	600
chr17:21284269-21284869	0.11042999999999999	1.0	600
chr17:21287660-21288260	0.3275649999999999	1.0	600
chr17:21322855-21323455	0.03177000000000006	1.0	600
chr17:21456847-21457447	0.03263166666666669	1.0	600
chr17:21511467-21512067	0.0031883333333333195	1.0	600
chr17:21512821-21513421	0.025049999999999996	1.0	600
chr17:21551413-21552013	0.008111666666666675	1.0	600
chr17:21605734-21606334	0.17128166666666636	1.0	600
chr17:21694512-21695112	0.019873333333333305	1.0	600
chr17:22334252-22334852	0.22433499999999987	1.0	600
chr17:22436753-22437353	0.08496999999999993	1.0	600
chr17:22599642-22600242	0.010638333333333326	1.0	600
chr17:22685710-22686310	0.09560833333333332	1.0	600
chr17:22716236-22716836	0.01849999999999995	1.0	600
chr17:26645117-26645717	0.0	0.0	0
chr17:26669938-26670538	0.0	0.0	0
chr17:26693716-26694316	0.0	0.0	0
chr17:27245159-27245759	0.01023000000000002	1.0	600
chr17:27264566-27265166	0.039035000000000035	1.0	600
chr17:27293709-27294309	0.15811500000000006	1.0	600
chr17:27332706-27333306	0.0792983333333333	1.0	600
chr17:27353581-27354181	0.11639166666666675	1.0	600
chr17:27456036-27456636	0.1691400000000001	1.0	600
chr17:27472597-27473197	0.04968833333333344	1.0	600
chr17:27494534-27495134	0.2545700000000001	1.0	600
chr17:27520347-27520947	0.10424	1.0	600
chr17:27540314-27540914	0.34132833333333334	1.0	600
chr17:27577065-27577665	0.35281	1.0	600
chr17:27614503-27615103	0.02649166666666663	1.0	600
chr17:27805931-27806531	0.008508333333333336	1.0	600
chr17:27893044-27893644	0.08754999999999995	1.0	600
chr17:27954278-27954878	0.02706166666666665	1.0	600
chr17:27987858-27988458	0.019754999999999988	1.0	600
chr17:28041360-28041960	0.9072033333333335	1.0	600
chr17:28151859-28152459	0.36053499999999983	1.0	600
chr17:28158792-28159392	0.14890500000000007	1.0	600
chr17:28169263-28169863	0.141866666666667	1.0	600
chr17:28190260-28190860	0.12337000000000024	1.0	600
chr17:28217356-28217956	0.04998666666666677	1.0	600
chr17:28262138-28262738	0.2214900000000001	1.0	600
chr17:28318731-28319331	0.15546666666666667	1.0	600
chr17:28322590-28323190	0.05378333333333335	1.0	600
chr17:28335317-28335917	0.2399066666666668	1.0	600
chr17:28345338-28345938	0.038031666666666665	1.0	600
chr17:28357236-28357836	0.4545616666666664	1.0	600
chr17:28416753-28417353	0.5287799999999999	1.0	600
chr17:28434172-28434772	0.16001666666666664	1.0	600
chr17:28467348-28467948	0.29174833333333344	1.0	600
chr17:28552335-28552935	0.3906150000000002	1.0	600
chr17:28571279-28571879	0.07369499999999993	1.0	600
chr17:28576696-28577296	0.2089616666666668	1.0	600
chr17:28598798-28599398	0.13676000000000013	1.0	600
chr17:28605423-28606023	0.06001500000000003	1.0	600
chr17:28606603-28607203	0.1590200000000005	1.0	600
chr17:28644930-28645530	0.3318433333333338	1.0	600
chr17:28659737-28660337	0.08631333333333326	1.0	600
chr17:28672255-28672855	0.08752833333333333	1.0	600
chr17:28711088-28711688	0.120105	1.0	600
chr17:28719614-28720214	0.17644833333333348	1.0	600
chr17:28726696-28727296	0.1160233333333333	1.0	600
chr17:28728702-28729302	0.2556066666666668	1.0	600
chr17:28743659-28744259	0.39434333333333316	1.0	600
chr17:28749933-28750533	0.2749333333333335	1.0	600
chr17:28807764-28808364	0.3563950000000003	1.0	600
chr17:28812246-28812846	0.4838549999999995	1.0	600
chr17:28842465-28843065	0.3603016666666665	1.0	600
chr17:28854694-28855294	0.17073000000000008	1.0	600
chr17:28902552-28903152	0.348251666666667	1.0	600
chr17:28915504-28916104	0.054896666666666656	1.0	600
chr17:28951207-28951807	0.8300750000000001	1.0	600
chr17:28952125-28952725	0.22703499999999996	1.0	600
chr17:29012890-29013490	0.029933333333333294	1.0	600
chr17:29118277-29118877	0.1316100000000003	1.0	600
chr17:29140182-29140782	0.5695083333333334	1.0	600
chr17:29148637-29149237	0.1320966666666667	1.0	600
chr17:29154594-29155194	0.22055333333333346	1.0	600
chr17:29180133-29180733	0.23944166666666683	1.0	600
chr17:29214376-29214976	0.025331666666666655	1.0	600
chr17:29274845-29275445	0.049825000000000105	1.0	600
chr17:29293955-29294555	0.8959616666666674	1.0	600
chr17:29332756-29333356	0.0056433333333332945	1.0	600
chr17:29373701-29374301	0.1345616666666669	1.0	600
chr17:29389951-29390551	0.4988200000000003	1.0	600
chr17:29440524-29441124	0.22562999999999994	1.0	600
chr17:29566796-29567396	0.11820666666666672	1.0	600
chr17:29572544-29573144	0.3812083333333334	1.0	600
chr17:29589439-29590039	0.1628300000000001	1.0	600
chr17:29591507-29592107	0.40473999999999993	1.0	600
chr17:29593165-29593765	0.35446	1.0	600
chr17:29615422-29616022	0.3389616666666668	1.0	600
chr17:29639236-29639836	0.4761649999999997	1.0	600
chr17:29727463-29728063	0.1295133333333335	1.0	600
chr17:29761133-29761733	0.3373966666666668	1.0	600
chr17:29922080-29922680	0.37973666666666667	1.0	600
chr17:29929998-29930598	0.5380849999999991	1.0	600
chr17:29967159-29967759	0.08245833333333341	1.0	600
chr17:30045010-30045610	0.19365333333333326	1.0	600
chr17:30116496-30117096	0.3380016666666668	1.0	600
chr17:30291795-30292395	0.16461000000000012	1.0	600
chr17:30378557-30379157	0.3324466666666667	1.0	600
chr17:30391192-30391792	0.12655666666666657	1.0	600
chr17:30419041-30419641	0.05331333333333337	1.0	600
chr17:30431888-30432488	0.08781499999999995	1.0	600
chr17:30477085-30477685	0.21859666666666663	1.0	600
chr17:30600064-30600664	0.07044000000000006	1.0	600
chr17:30629201-30629801	0.16864166666666675	1.0	600
chr17:30667904-30668504	0.18849166666666695	1.0	600
chr17:30708600-30709200	0.08232833333333335	1.0	600
chr17:30731283-30731883	0.8230700000000002	1.0	600
chr17:30824453-30825053	0.27996499999999996	1.0	600
chr17:30927521-30928121	0.030805000000000013	1.0	600
chr17:30970704-30971304	0.14683333333333334	1.0	600
chr17:30980042-30980642	0.0	0.0	0
chr17:30988609-30989209	0.1702550000000002	1.0	600
chr17:30996443-30997043	0.014073333333333323	1.0	600
chr17:31008395-31008995	0.30872	1.0	600
chr17:31023062-31023662	0.1134116666666668	1.0	600
chr17:31089304-31089904	0.12707666666666684	1.0	600
chr17:31094608-31095208	0.6895750000000003	1.0	600
chr17:31164775-31165375	0.17273333333333335	1.0	600
chr17:31416246-31416846	0.08259833333333332	1.0	600
chr17:31487675-31488275	0.20020666666666675	1.0	600
chr17:31500044-31500644	0.22735000000000005	1.0	600
chr17:31533471-31534071	0.008928333333333328	1.0	600
chr17:31549746-31550346	0.187	1.0	600
chr17:31558849-31559449	0.18750666666666677	1.0	600
chr17:31654330-31654930	0.03285500000000002	1.0	600
chr17:31668550-31669150	0.13511000000000006	1.0	600
chr17:31703251-31703851	0.34670666666666666	1.0	600
chr17:31704494-31705094	0.10980500000000004	1.0	600
chr17:31769754-31770354	0.19692500000000027	1.0	600
chr17:31789835-31790435	0.010801666666666664	1.0	600
chr17:31805386-31805986	0.02196833333333332	1.0	600
chr17:31859016-31859616	0.051066666666666746	1.0	600
chr17:31901579-31902179	0.13333166666666688	1.0	600
chr17:31936677-31937277	0.8678183333333332	1.0	600
chr17:32007032-32007632	0.19399500000000028	1.0	600
chr17:32127253-32127853	0.0479766666666667	1.0	600
chr17:32142088-32142688	0.28985000000000016	1.0	600
chr17:32175802-32176402	0.29198500000000016	1.0	600
chr17:32349802-32350402	0.31670666666666664	1.0	600
chr17:32393692-32394292	0.13152500000000006	1.0	600
chr17:32444106-32444706	0.40344500000000005	1.0	600
chr17:32486223-32486823	0.05462500000000002	1.0	600
chr17:32509191-32509791	0.009369999999999998	1.0	600
chr17:32541218-32541818	0.005389999999999979	1.0	600
chr17:32876956-32877556	0.14109166666666675	1.0	600
chr17:32936634-32937234	0.1853933333333335	1.0	600
chr17:32939526-32940126	0.0423183333333334	1.0	600
chr17:32952414-32953014	0.06767166666666667	1.0	600
chr17:32976557-32977157	0.04036666666666668	1.0	600
chr17:33003418-33004018	0.034670000000000104	1.0	600
chr17:33124528-33125128	0.009233333333333326	1.0	600
chr17:33701011-33701611	0.023221666666666637	1.0	600
chr17:33837102-33837702	0.2973966666666667	1.0	600
chr17:34019944-34020544	0.01431333333333332	1.0	600
chr17:34109352-34109952	0.025658333333333325	1.0	600
chr17:34199847-34200447	0.05925999999999995	1.0	600
chr17:34252250-34252850	0.16231833333333354	1.0	600
chr17:34333901-34334501	0.08048666666666664	1.0	600
chr17:34413496-34414096	0.007696666666666662	1.0	600
chr17:34474764-34475364	0.0022566666666666633	1.0	600
chr17:34579192-34579792	0.5176766666666662	1.0	600
chr17:34603571-34604171	0.0038399999999999945	1.0	600
chr17:34638114-34638714	0.32657333333333327	1.0	600
chr17:34804527-34805127	0.043228333333333445	1.0	600
chr17:34812612-34813212	0.012758333333333332	1.0	600
chr17:34970046-34970646	0.048700000000000125	1.0	600
chr17:34980481-34981081	0.18759000000000017	1.0	600
chr17:34993400-34994000	0.015198333333333328	1.0	600
chr17:35022384-35022984	0.10012499999999998	1.0	600
chr17:35059457-35060057	0.23022833333333337	1.0	600
chr17:35089061-35089661	0.20903333333333363	1.0	600
chr17:35099623-35100223	0.5672933333333335	1.0	600
chr17:35119576-35120176	0.05732166666666663	1.0	600
chr17:35146181-35146781	0.04171500000000001	1.0	600
chr17:35242722-35243322	0.0075266666666666685	1.0	600
chr17:35432305-35432905	0.07636500000000002	1.0	600
chr17:35448082-35448682	0.07044166666666639	1.0	600
chr17:35513445-35514045	0.255166666666667	1.0	600
chr17:35525505-35526105	0.1891200000000002	1.0	600
chr17:35567742-35568342	0.04305166666666668	1.0	600
chr17:35578332-35578932	0.11405833333333346	1.0	600
chr17:35589284-35589884	0.13866666666666694	1.0	600
chr17:35628186-35628786	0.09658166666666677	1.0	600
chr17:35653357-35653957	0.3517733333333331	1.0	600
chr17:35704773-35705373	0.0685233333333333	1.0	600
chr17:35763954-35764554	0.37701833333333346	1.0	600
chr17:35788686-35789286	0.2148850000000001	1.0	600
chr17:35795294-35795894	0.06624666666666668	1.0	600
chr17:35809092-35809692	0.48243	1.0	600
chr17:35825199-35825799	0.07392833333333325	1.0	600
chr17:35978503-35979103	0.0026949999999999878	1.0	600
chr17:36019467-36020067	0.17599666666666672	1.0	600
chr17:36073078-36073678	0.011411666666666645	1.0	600
chr17:36167573-36168173	0.17727999999999985	1.0	600
chr17:36302187-36302787	0.08507166666666657	1.0	600
chr17:36414424-36415024	0.28678000000000003	1.0	600
chr17:36441012-36441612	0.12817666666666663	1.0	600
chr17:36486337-36486937	0.21037999999999998	1.0	600
chr17:36496757-36497357	0.06674833333333334	1.0	600
chr17:36535181-36535781	0.04650000000000007	1.0	600
chr17:36545171-36545771	0.6112816666666664	1.0	600
chr17:36591484-36592084	0.21113333333333334	1.0	600
chr17:36601221-36601821	0.03671833333333336	1.0	600
chr17:36691210-36691810	0.09661666666666666	1.0	600
chr17:36720241-36720841	0.35226833333333324	1.0	600
chr17:36731248-36731848	0.0305816666666667	1.0	600
chr17:36753925-36754525	0.023516666666666623	1.0	600
chr17:36767526-36768126	0.016709999999999975	1.0	600
chr17:36825172-36825772	0.06485000000000002	1.0	600
chr17:36864703-36865303	0.02107166666666665	1.0	600
chr17:36873435-36874035	0.08198499999999995	1.0	600
chr17:36948642-36949242	0.3494183333333335	1.0	600
chr17:37060849-37061449	0.35306500000000024	1.0	600
chr17:37359022-37359622	0.3599433333333333	1.0	600
chr17:37406858-37407458	0.08273499999999993	1.0	600
chr17:37480242-37480842	0.021698333333333288	1.0	600
chr17:37489536-37490136	0.14759500000000028	1.0	600
chr17:37517453-37518053	0.06787499999999999	1.0	600
chr17:37609187-37609787	0.2503200000000001	1.0	600
chr17:37746327-37746927	0.04467500000000004	1.0	600
chr17:38140356-38140956	0.25456333333333364	1.0	600
chr17:38168940-38169540	0.10761833333333343	1.0	600
chr17:38223789-38224389	0.18204333333333333	1.0	600
chr17:38257165-38257765	0.22112500000000063	1.0	600
chr17:38275692-38276292	0.11473666666666667	1.0	600
chr17:38281007-38281607	0.059765000000000096	1.0	600
chr17:38296821-38297421	0.24907833333333335	1.0	600
chr17:38298511-38299111	0.13918833333333366	1.0	600
chr17:38313174-38313774	0.12984833333333323	1.0	600
chr17:38351626-38352226	0.19558000000000011	1.0	600
chr17:38355921-38356521	0.09200999999999993	1.0	600
chr17:38385896-38386496	0.24744666666666656	1.0	600
chr17:38417603-38418203	0.32970166666666706	1.0	600
chr17:38428088-38428688	0.15930833333333336	1.0	600
chr17:38434054-38434654	0.3705683333333333	1.0	600
chr17:38464746-38465346	0.3477983333333336	1.0	600
chr17:38510365-38510965	0.4350433333333333	1.0	600
chr17:38560428-38561028	0.014533333333333322	1.0	600
chr17:38587539-38588139	0.07730666666666669	1.0	600
chr17:38702044-38702644	0.4846333333333333	1.0	600
chr17:38704882-38705482	0.3439233333333333	1.0	600
chr17:38716724-38717324	0.3750616666666665	1.0	600
chr17:38729912-38730512	0.008149999999999998	1.0	600
chr17:38799287-38799887	0.44241499999999995	1.0	600
chr17:38801985-38802585	0.2913899999999999	1.0	600
chr17:38869622-38870222	0.28799000000000013	1.0	600
chr17:38923638-38924238	0.00793999999999998	1.0	600
chr17:39153528-39154128	0.14110666666666682	1.0	600
chr17:39213528-39214128	0.07729333333333314	1.0	600
chr17:39221114-39221714	0.02851999999999998	1.0	600
chr17:39231074-39231674	0.28080166666666656	1.0	600
chr17:39401467-39402067	0.34476333333333303	1.0	600
chr17:39447967-39448567	0.05662166666666682	1.0	600
chr17:39461225-39461825	0.5106583333333335	1.0	600
chr17:39632485-39633085	0.2674733333333334	1.0	600
chr17:39636771-39637371	0.16971166666666668	1.0	600
chr17:39652770-39653370	0.23290500000000022	1.0	600
chr17:39687558-39688158	0.40122333333333315	1.0	600
chr17:39699643-39700243	0.3588850000000002	1.0	600
chr17:39713753-39714353	0.03527166666666662	1.0	600
chr17:39730272-39730872	0.2141183333333335	1.0	600
chr17:39754210-39754810	0.21030500000000005	1.0	600
chr17:39952895-39953495	0.010543333333333321	1.0	600
chr17:39980290-39980890	0.30161500000000024	1.0	600
chr17:40093247-40093847	0.5964116666666666	1.0	600
chr17:40098970-40099570	0.5960616666666659	1.0	600
chr17:40121934-40122534	0.4903950000000003	1.0	600
chr17:40139931-40140531	0.21434166666666687	1.0	600
chr17:40191497-40192097	0.15648000000000015	1.0	600
chr17:40201522-40202122	0.0645266666666666	1.0	600
chr17:40233144-40233744	0.0647883333333334	1.0	600
chr17:40287375-40287975	0.14647666666666673	1.0	600
chr17:40317904-40318504	0.44416500000000014	1.0	600
chr17:40331912-40332512	0.45785499999999985	1.0	600
chr17:40412255-40412855	0.178725	1.0	600
chr17:40417788-40418388	0.24343666666666683	1.0	600
chr17:40472772-40473372	0.048031666666666674	1.0	600
chr17:40476998-40477598	0.028871666666666643	1.0	600
chr17:40495952-40496552	0.38801666666666673	1.0	600
chr17:40513310-40513910	0.0732183333333332	1.0	600
chr17:40542398-40542998	0.2183233333333332	1.0	600
chr17:40553712-40554312	0.07835666666666656	1.0	600
chr17:40598427-40599027	0.0530566666666667	1.0	600
chr17:40625808-40626408	0.027313333333333294	1.0	600
chr17:40697929-40698529	0.24762166666666668	1.0	600
chr17:40762598-40763198	0.11815	1.0	600
chr17:40769317-40769917	0.09186166666666663	1.0	600
chr17:40772551-40773151	0.02561999999999997	1.0	600
chr17:40904946-40905546	0.00791333333333335	1.0	600
chr17:40909277-40909877	0.0306316666666667	1.0	600
chr17:40919459-40920059	0.150195	1.0	600
chr17:40974890-40975490	0.059731666666666655	1.0	600
chr17:41039928-41040528	0.03454333333333335	1.0	600
chr17:41134193-41134793	0.07226166666666672	1.0	600
chr17:41139304-41139904	0.04343833333333328	1.0	600
chr17:41186371-41186971	0.02311833333333332	1.0	600
chr17:41245096-41245696	0.23691666666666658	1.0	600
chr17:41254070-41254670	0.0061883333333333035	1.0	600
chr17:41285497-41286097	0.05462500000000001	1.0	600
chr17:41586199-41586799	0.32213999999999987	1.0	600
chr17:41639790-41640390	0.025373333333333317	1.0	600
chr17:41651457-41652057	0.08045666666666659	1.0	600
chr17:41665739-41666339	0.014893333333333307	1.0	600
chr17:41688524-41689124	0.5259883333333331	1.0	600
chr17:41786538-41787138	0.6791850000000003	1.0	600
chr17:41806847-41807447	0.07085666666666662	1.0	600
chr17:41811695-41812295	0.24252000000000024	1.0	600
chr17:41824307-41824907	0.0027999999999999982	1.0	600
chr17:41826099-41826699	0.04337666666666665	1.0	600
chr17:41918797-41919397	0.3130583333333336	1.0	600
chr17:41930002-41930602	0.04833500000000002	1.0	600
chr17:41966444-41967044	0.2240916666666667	1.0	600
chr17:41967181-41967781	0.2945016666666666	1.0	600
chr17:42017194-42017794	0.5187166666666663	1.0	600
chr17:42088129-42088729	0.17564333333333348	1.0	600
chr17:42112545-42113145	0.0705066666666667	1.0	600
chr17:42115429-42116029	0.21400666666666676	1.0	600
chr17:42120886-42121486	0.6403533333333334	1.0	600
chr17:42156834-42157434	0.24544499999999994	1.0	600
chr17:42183981-42184581	0.4553783333333332	1.0	600
chr17:42287107-42287707	0.2581666666666666	1.0	600
chr17:42375184-42375784	0.041603333333333395	1.0	600
chr17:42388223-42388823	0.3939716666666667	1.0	600
chr17:42421029-42421629	0.017629999999999986	1.0	600
chr17:42422972-42423572	0.49518166666666674	1.0	600
chr17:42495580-42496180	0.1357250000000004	1.0	600
chr17:42520009-42520609	0.34131500000000015	1.0	600
chr17:42527112-42527712	0.05849833333333328	1.0	600
chr17:42535848-42536448	0.16669666666666666	1.0	600
chr17:42609170-42609770	0.3211933333333334	1.0	600
chr17:42624011-42624611	0.13047833333333353	1.0	600
chr17:42649862-42650462	0.017013333333333325	1.0	600
chr17:42667818-42668418	0.6377016666666664	1.0	600
chr17:42676884-42677484	0.5296166666666664	1.0	600
chr17:42720911-42721511	0.05979499999999998	1.0	600
chr17:42744700-42745300	0.2174083333333333	1.0	600
chr17:42760127-42760727	0.029644999999999998	1.0	600
chr17:42783999-42784599	0.5086066666666668	1.0	600
chr17:42833134-42833734	0.536386666666667	1.0	600
chr17:42997934-42998534	0.14516000000000007	1.0	600
chr17:43024826-43025426	0.2648016666666667	1.0	600
chr17:43052366-43052966	0.025278333333333305	1.0	600
chr17:43360890-43361490	0.005553333333333276	1.0	600
chr17:43381736-43382336	0.010378333333333302	1.0	600
chr17:43388319-43388919	0.011505000000000027	1.0	600
chr17:43405047-43405647	0.05807500000000004	1.0	600
chr17:43483466-43484066	0.12045500000000002	1.0	600
chr17:43487969-43488569	0.05228166666666673	1.0	600
chr17:43778762-43779362	0.255625	1.0	600
chr17:43930027-43930627	0.18182499999999996	1.0	600
chr17:43965215-43965815	0.10113833333333341	1.0	600
chr17:43983333-43983933	0.015294999999999991	1.0	600
chr17:44014669-44015269	0.3075316666666668	1.0	600
chr17:44070493-44071093	0.28041166666666667	1.0	600
chr17:44077992-44078592	0.40477999999999986	1.0	600
chr17:44115640-44116240	0.09438333333333325	1.0	600
chr17:44123477-44124077	0.4991483333333331	1.0	600
chr17:44138020-44138620	0.3856566666666668	1.0	600
chr17:44169732-44170332	0.012509999999999986	1.0	600
chr17:44186475-44187075	0.31398333333333334	1.0	600
chr17:44200001-44200601	0.6229816666666659	1.0	600
chr17:44210257-44210857	0.40469666666666676	1.0	600
chr17:44218394-44218994	0.3542650000000001	1.0	600
chr17:44308223-44308823	0.2918533333333333	1.0	600
chr17:44326630-44327230	0.10149833333333334	1.0	600
chr17:44344967-44345567	0.17860666666666677	1.0	600
chr17:44401465-44402065	0.06041666666666672	1.0	600
chr17:44456701-44457301	0.04708500000000001	1.0	600
chr17:44484113-44484713	0.07408000000000008	1.0	600
chr17:44503250-44503850	0.3991583333333335	1.0	600
chr17:44665730-44666330	0.27491833333333326	1.0	600
chr17:44689447-44690047	0.34510500000000005	1.0	600
chr17:44733969-44734569	0.11540333333333332	1.0	600
chr17:44755087-44755687	0.04078166666666669	1.0	600
chr17:44785910-44786510	0.0016850000000000005	1.0	600
chr17:44802434-44803034	0.03432000000000014	1.0	600
chr17:44884484-44885084	0.01353499999999998	1.0	600
chr17:44899104-44899704	0.11754833333333328	1.0	600
chr17:44968101-44968701	0.16850833333333365	1.0	600
chr17:44971562-44972162	0.014133333333333319	1.0	600
chr17:45009680-45010280	0.33023	1.0	600
chr17:45021775-45022375	0.0399366666666667	1.0	600
chr17:45041098-45041698	0.021251666666666665	1.0	600
chr17:45051279-45051879	0.029483333333333316	1.0	600
chr17:45060970-45061570	0.5196033333333333	1.0	600
chr17:45092965-45093565	0.20913333333333342	1.0	600
chr17:45146134-45146734	0.026776666666666647	1.0	600
chr17:45148241-45148841	0.8252516666666668	1.0	600
chr17:45161398-45161998	0.6201883333333327	1.0	600
chr17:45172389-45172989	0.26517999999999986	1.0	600
chr17:45195993-45196593	0.05221333333333348	1.0	600
chr17:45197699-45198299	0.193625	1.0	600
chr17:45207632-45208232	0.09784666666666646	1.0	600
chr17:45217779-45218379	0.007269999999999986	1.0	600
chr17:45316831-45317431	0.29908833333333346	1.0	600
chr17:45355945-45356545	0.1455916666666671	1.0	600
chr17:45371521-45372121	0.15336500000000008	1.0	600
chr17:45405715-45406315	0.33173333333333366	1.0	600
chr17:45490531-45491131	0.07885166666666665	1.0	600
chr17:45658632-45659232	0.2062416666666668	1.0	600
chr17:45753170-45753770	0.02261833333333332	1.0	600
chr17:45790353-45790953	0.061926666666666595	1.0	600
chr17:45894114-45894714	0.20745000000000002	1.0	600
chr17:46099120-46099720	0.014233722871452435	0.9983333333333333	599
chr17:46193802-46194402	0.5219000000000003	1.0	600
chr17:46225125-46225725	0.596255	1.0	600
chr17:46252685-46253285	0.0	0.0	0
chr17:46266572-46267172	0.3486166666666665	1.0	600
chr17:46278982-46279582	0.028774030354131563	0.9883333333333333	593
chr17:46289747-46290347	0.04990333333333333	1.0	600
chr17:46361500-46362100	0.1548416666666668	1.0	600
chr17:46364522-46365122	0.12241166666666677	1.0	600
chr17:46372439-46373039	0.2856050000000002	1.0	600
chr17:46436792-46437392	0.4455249999999998	1.0	600
chr17:46579641-46580241	0.2573983333333334	1.0	600
chr17:46590370-46590970	0.28659666666666683	1.0	600
chr17:46817064-46817664	0.38632	1.0	600
chr17:46828539-46829139	0.025643333333333306	1.0	600
chr17:46922556-46923156	0.10607500000000003	1.0	600
chr17:47033325-47033925	0.5743516666666659	1.0	600
chr17:47067214-47067814	0.3005183333333333	1.0	600
chr17:47086103-47086703	0.031186666666666765	1.0	600
chr17:47100039-47100639	0.5691983333333331	1.0	600
chr17:47189221-47189821	0.3154783333333334	1.0	600
chr17:47239511-47240111	0.06451166666666665	1.0	600
chr17:47249366-47249966	0.10979833333333329	1.0	600
chr17:47255023-47255623	0.02575999999999997	1.0	600
chr17:47295366-47295966	0.19890166666666687	1.0	600
chr17:47323555-47324155	0.08780666666666664	1.0	600
chr17:47492381-47492981	0.2638033333333334	1.0	600
chr17:47530758-47531358	0.22953166666666674	1.0	600
chr17:47599165-47599765	0.2298966666666667	1.0	600
chr17:47649424-47650024	0.5989916666666666	1.0	600
chr17:47650299-47650899	0.6549466666666667	1.0	600
chr17:47694332-47694932	0.2485000000000002	1.0	600
chr17:47707362-47707962	0.052071666666666704	1.0	600
chr17:47889801-47890401	0.176275	1.0	600
chr17:47895600-47896200	0.44502833333333325	1.0	600
chr17:47970622-47971222	0.1972866666666666	1.0	600
chr17:48019657-48020257	0.013429999999999997	1.0	600
chr17:48023679-48024279	0.04070500000000004	1.0	600
chr17:48024972-48025572	0.1163250000000001	1.0	600
chr17:48026427-48027027	0.16765833333333352	1.0	600
chr17:48047881-48048481	0.4007483333333334	1.0	600
chr17:48053273-48053873	0.4530266666666656	1.0	600
chr17:48054220-48054820	0.9836283333333333	1.0	600
chr17:48089849-48090449	0.06985499999999997	1.0	600
chr17:48107428-48108028	0.15920333333333356	1.0	600
chr17:48124502-48125102	0.010859999999999998	1.0	600
chr17:48182961-48183561	0.2570466666666664	1.0	600
chr17:48209081-48209681	0.14076833333333347	1.0	600
chr17:48260733-48261333	0.16141333333333371	1.0	600
chr17:48309872-48310472	0.5862400000000004	1.0	600
chr17:48338703-48339303	0.6112483333333322	1.0	600
chr17:48481754-48482354	0.02566499999999994	1.0	600
chr17:48545241-48545841	0.1238600000000001	1.0	600
chr17:48612281-48612881	0.8240266666666669	1.0	600
chr17:48747273-48747873	0.0012433333333333341	1.0	600
chr17:48816868-48817468	0.13890166666666665	1.0	600
chr17:48830689-48831289	0.11267500000000012	1.0	600
chr17:48892293-48892893	0.48790333333333347	1.0	600
chr17:48908068-48908668	0.4835699999999999	1.0	600
chr17:48984455-48985055	0.03237000000000004	1.0	600
chr17:49188536-49189136	0.019393333333333318	1.0	600
chr17:49192227-49192827	0.2174866666666668	1.0	600
chr17:49224013-49224613	0.5813216666666665	1.0	600
chr17:49225632-49226232	0.283901666666667	1.0	600
chr17:49260012-49260612	0.12421166666666665	1.0	600
chr17:49315395-49315995	0.10642166666666665	1.0	600
chr17:49361958-49362558	0.4526116666666668	1.0	600
chr17:49414692-49415292	0.20690666666666674	1.0	600
chr17:49499121-49499721	0.031530000000000086	1.0	600
chr17:49500335-49500935	0.12450000000000024	1.0	600
chr17:49515237-49515837	0.28575833333333317	1.0	600
chr17:49519204-49519804	0.005491666666666665	1.0	600
chr17:49566015-49566615	0.05248499999999997	1.0	600
chr17:49663192-49663792	0.13085000000000002	1.0	600
chr17:49677788-49678388	0.6681166666666662	1.0	600
chr17:49707941-49708541	0.17775500000000016	1.0	600
chr17:49764083-49764683	0.37087499999999984	1.0	600
chr17:49788276-49788876	0.6293099999999997	1.0	600
chr17:49788913-49789513	0.3931116666666666	1.0	600
chr17:49894385-49894985	0.22297833333333333	1.0	600
chr17:50021495-50022095	0.005586666666666653	1.0	600
chr17:50043661-50044261	0.23850166666666675	1.0	600
chr17:50064539-50065139	0.2834600000000003	1.0	600
chr17:50095011-50095611	0.34246166666666666	1.0	600
chr17:50102047-50102647	0.02382166666666668	1.0	600
chr17:50115664-50116264	0.4148333333333335	1.0	600
chr17:50126010-50126610	0.06382666666666666	1.0	600
chr17:50150853-50151453	0.49862833333333206	1.0	600
chr17:50161294-50161894	0.16572666666666686	1.0	600
chr17:50178044-50178644	0.1212650000000003	1.0	600
chr17:50345719-50346319	0.31517666666666655	1.0	600
chr17:50372659-50373259	0.10796666666666664	1.0	600
chr17:50387740-50388340	0.13116500000000023	1.0	600
chr17:50462890-50463490	0.2397266666666667	1.0	600
chr17:50478527-50479127	0.09901499999999999	1.0	600
chr17:50541897-50542497	0.29052	1.0	600
chr17:50546849-50547449	0.026713333333333315	1.0	600
chr17:50707605-50708205	0.4716916666666663	1.0	600
chr17:50713069-50713669	0.06721833333333334	1.0	600
chr17:50719231-50719831	0.3443866666666666	1.0	600
chr17:50792150-50792750	0.03626166666666662	1.0	600
chr17:50811076-50811676	0.06135166666666651	1.0	600
chr17:50866200-50866800	0.27596499999999985	1.0	600
chr17:50877766-50878366	0.032079999999999984	1.0	600
chr17:50893528-50894128	0.26684166666666687	1.0	600
chr17:50898919-50899519	0.06094666666666666	1.0	600
chr17:50918715-50919315	0.010344999999999997	1.0	600
chr17:50919501-50920101	0.31408666666666674	1.0	600
chr17:50930890-50931490	0.3317050000000001	1.0	600
chr17:50935273-50935873	0.18110500000000018	1.0	600
chr17:50941719-50942319	0.028913333333333385	1.0	600
chr17:50944503-50945103	0.2220416666666669	1.0	600
chr17:51046612-51047212	0.6234833333333324	1.0	600
chr17:51119958-51120558	0.4550666666666667	1.0	600
chr17:51120606-51121206	0.3240516666666668	1.0	600
chr17:51144475-51145075	0.21530833333333319	1.0	600
chr17:51153249-51153849	0.17609000000000016	1.0	600
chr17:51159345-51159945	0.08092499999999984	1.0	600
chr17:51166023-51166623	0.03223666666666665	1.0	600
chr17:51192299-51192899	0.43409166666666665	1.0	600
chr17:51218621-51219221	0.40934333333333356	1.0	600
chr17:51257427-51258027	0.31090166666666663	1.0	600
chr17:51260134-51260734	0.25753833333333326	1.0	600
chr17:51282114-51282714	0.015466666666666663	1.0	600
chr17:51289143-51289743	0.018389999999999976	1.0	600
chr17:51336263-51336863	0.014078333333333318	1.0	600
chr17:51371747-51372347	0.07976833333333334	1.0	600
chr17:51429337-51429937	0.03035833333333337	1.0	600
chr17:51490834-51491434	0.03794666666666673	1.0	600
chr17:51626535-51627135	0.11032833333333349	1.0	600
chr17:51639357-51639957	0.039836666666666735	1.0	600
chr17:51878702-51879302	0.06763833333333344	1.0	600
chr17:52124019-52124619	0.023933333333333327	1.0	600
chr17:52132299-52132899	0.007511666666666661	1.0	600
chr17:52141316-52141916	0.02006999999999999	1.0	600
chr17:52183058-52183658	0.005238333333333322	1.0	600
chr17:52248901-52249501	0.04098000000000013	1.0	600
chr17:52270855-52271455	0.01588833333333332	1.0	600
chr17:52372274-52372874	0.03286500000000008	1.0	600
chr17:52435508-52436108	0.02933500000000001	1.0	600
chr17:52537171-52537771	0.5381866666666667	1.0	600
chr17:52555139-52555739	0.042423333333333334	1.0	600
chr17:52580071-52580671	0.1055166666666666	1.0	600
chr17:52776454-52777054	0.3712433333333334	1.0	600
chr17:52781063-52781663	0.039789999999999985	1.0	600
chr17:52962654-52963254	0.07837666666666668	1.0	600
chr17:53057635-53058235	0.05046499999999998	1.0	600
chr17:53059567-53060167	0.1357400000000001	1.0	600
chr17:53138758-53139358	0.01531666666666666	1.0	600
chr17:53140970-53141570	0.023826666666666673	1.0	600
chr17:53186263-53186863	0.017665000000000007	1.0	600
chr17:53187693-53188293	0.012533333333333369	1.0	600
chr17:53301546-53302146	0.05167500000000003	1.0	600
chr17:53359097-53359697	0.053048333333333406	1.0	600
chr17:53384659-53385259	0.08977333333333325	1.0	600
chr17:53438609-53439209	0.6335799999999991	1.0	600
chr17:53548031-53548631	0.016256666666666676	1.0	600
chr17:53572294-53572894	0.0885849999999999	1.0	600
chr17:54109756-54110356	0.012615000000000008	1.0	600
chr17:54122260-54122860	0.05383833333333334	1.0	600
chr17:54129567-54130167	0.19712000000000013	1.0	600
chr17:54156330-54156930	0.010493333333333337	1.0	600
chr17:54274569-54275169	0.04047166666666671	1.0	600
chr17:54289705-54290305	0.30251666666666677	1.0	600
chr17:54443463-54444063	0.14134166666666667	1.0	600
chr17:54635072-54635672	0.07588000000000009	1.0	600
chr17:54673877-54674477	0.19136166666666685	1.0	600
chr17:54689033-54689633	0.053131666666666695	1.0	600
chr17:54774561-54775161	0.030938333333333373	1.0	600
chr17:54900487-54901087	0.21483166666666695	1.0	600
chr17:54968453-54969053	0.12035333333333341	1.0	600
chr17:55042694-55043294	0.217795	1.0	600
chr17:55191853-55192453	0.055426666666666694	1.0	600
chr17:55226239-55226839	0.18458833333333338	1.0	600
chr17:55238241-55238841	0.2908550000000001	1.0	600
chr17:55255308-55255908	0.026441666666666638	1.0	600
chr17:55264625-55265225	0.3243766666666667	1.0	600
chr17:55270093-55270693	0.08865719063545145	0.9966666666666667	598
chr17:55273402-55274002	0.38190166666666653	1.0	600
chr17:55378350-55378950	0.01317666666666667	1.0	600
chr17:55421696-55422296	0.38795166666666664	1.0	600
chr17:55431256-55431856	0.06190499999999998	1.0	600
chr17:55502781-55503381	0.0	0.0	0
chr17:55527429-55528029	0.03942833333333337	1.0	600
chr17:55587638-55588238	0.37439500000000037	1.0	600
chr17:55689176-55689776	0.016925000000000006	1.0	600
chr17:55699255-55699855	0.4126383333333335	1.0	600
chr17:55750704-55751304	0.15247666666666662	1.0	600
chr17:55763735-55764335	0.1475883333333334	1.0	600
chr17:55820631-55821231	0.009269999999999985	1.0	600
chr17:55824126-55824726	0.00476166666666665	1.0	600
chr17:55859203-55859803	0.455185	1.0	600
chr17:56028429-56029029	0.011795000000000005	1.0	600
chr17:56109534-56110134	0.008229999999999984	1.0	600
chr17:56153322-56153922	0.4695016666666659	1.0	600
chr17:56210546-56211146	0.20055666666666677	1.0	600
chr17:56235741-56236341	0.10983	1.0	600
chr17:56316243-56316843	0.07962999999999995	1.0	600
chr17:56383842-56384442	0.21635500000000013	1.0	600
chr17:56592366-56592966	0.2758516666666665	1.0	600
chr17:56593512-56594112	0.6892483333333336	1.0	600
chr17:56780114-56780714	0.3694200000000002	1.0	600
chr17:56808365-56808965	0.05243500000000002	1.0	600
chr17:56833712-56834312	0.006731666666666656	1.0	600
chr17:56913829-56914429	0.21055666666666675	1.0	600
chr17:56960782-56961382	0.420016666666667	1.0	600
chr17:56977793-56978393	0.10613666666666667	1.0	600
chr17:57032039-57032639	0.08548666666666666	1.0	600
chr17:57059509-57060109	0.17165666666666668	1.0	600
chr17:57084804-57085404	0.24367	1.0	600
chr17:57198911-57199511	0.26651500000000006	1.0	600
chr17:57242992-57243592	0.08992999999999998	1.0	600
chr17:57246989-57247589	0.052465000000000095	1.0	600
chr17:57256094-57256694	0.6134100000000001	1.0	600
chr17:57329042-57329642	0.35909833333333324	1.0	600
chr17:57440727-57441327	0.15995833333333337	1.0	600
chr17:57469715-57470315	0.004851666666666654	1.0	600
chr17:57537668-57538268	0.38816166666666674	1.0	600
chr17:57604945-57605545	0.3723950000000001	1.0	600
chr17:57662806-57663406	0.5362916666666666	1.0	600
chr17:57680342-57680942	0.8168883333333329	1.0	600
chr17:57707733-57708333	0.15502166666666664	1.0	600
chr17:57718050-57718650	0.012381666666666664	1.0	600
chr17:57805216-57805816	0.22308499999999967	1.0	600
chr17:57849868-57850468	0.14742166666666676	1.0	600
chr17:57861282-57861882	0.1760566666666667	1.0	600
chr17:57874354-57874954	0.4396066666666663	1.0	600
chr17:57898748-57899348	0.20762500000000006	1.0	600
chr17:57899402-57900002	0.06037666666666669	1.0	600
chr17:57906783-57907383	0.16724500000000017	1.0	600
chr17:57935742-57936342	0.06686666666666664	1.0	600
chr17:57955072-57955672	0.13453833333333357	1.0	600
chr17:57987657-57988257	0.8074566666666669	1.0	600
chr17:58007366-58007966	0.19399000000000013	1.0	600
chr17:58011062-58011662	0.08123833333333326	1.0	600
chr17:58083029-58083629	0.3254183333333334	1.0	600
chr17:58157155-58157755	0.6515933333333336	1.0	600
chr17:58219033-58219633	0.21023333333333363	1.0	600
chr17:58352017-58352617	0.2235299999999999	1.0	600
chr17:58409553-58410153	0.01967499999999997	1.0	600
chr17:58517807-58518407	0.5346083333333329	1.0	600
chr17:58518439-58519039	0.03714333333333339	1.0	600
chr17:58529526-58530126	0.09202500000000002	1.0	600
chr17:58577603-58578203	0.3078833333333334	1.0	600
chr17:58631454-58632054	0.2105666666666669	1.0	600
chr17:58643706-58644306	0.05724666666666662	1.0	600
chr17:58692277-58692877	0.19652666666666668	1.0	600
chr17:58696554-58697154	0.33604833333333334	1.0	600
chr17:58721726-58722326	0.31721499999999986	1.0	600
chr17:58801065-58801665	0.25138166666666606	1.0	600
chr17:58807323-58807923	0.15381000000000014	1.0	600
chr17:58992454-58993054	0.15937166666666677	1.0	600
chr17:59106701-59107301	0.17523333333333346	1.0	600
chr17:59155294-59155894	0.3669783333333332	1.0	600
chr17:59209141-59209741	0.09840833333333326	1.0	600
chr17:59220177-59220777	0.4311633333333335	1.0	600
chr17:59265283-59265883	0.09459500000000004	1.0	600
chr17:59331281-59331881	0.38437	1.0	600
chr17:59355587-59356187	0.5942533333333336	1.0	600
chr17:59415097-59415697	0.048556666666666706	1.0	600
chr17:59565225-59565825	0.367755	1.0	600
chr17:59619324-59619924	0.5140333333333336	1.0	600
chr17:59707304-59707904	0.3223166666666666	1.0	600
chr17:59837479-59838079	0.6908699999999997	1.0	600
chr17:59886761-59887361	0.031726666666666736	1.0	600
chr17:59964487-59965087	0.12945333333333356	1.0	600
chr17:59973370-59973970	0.5431149999999997	1.0	600
chr17:60078395-60078995	0.26398333333333324	1.0	600
chr17:60159131-60159731	0.1477483333333335	1.0	600
chr17:60164828-60165428	0.008155000000000008	1.0	600
chr17:60392060-60392660	0.3284750000000002	1.0	600
chr17:60421412-60422012	0.012820000000000005	1.0	600
chr17:60453454-60454054	0.15611999999999993	1.0	600
chr17:60511118-60511718	0.0431016666666668	1.0	600
chr17:60525940-60526540	0.33351666666666707	1.0	600
chr17:60599782-60600382	0.3258516666666669	1.0	600
chr17:60645077-60645677	0.05823958333333345	0.8	480
chr17:60677490-60678090	0.5711716666666662	1.0	600
chr17:60865898-60866498	0.15865333333333376	1.0	600
chr17:60941325-60941925	0.3687466666666667	1.0	600
chr17:61017406-61018006	0.046306666666666704	1.0	600
chr17:61157424-61158024	0.7940650000000002	1.0	600
chr17:61184796-61185396	0.05115500000000002	1.0	600
chr17:61270313-61270913	0.2196883333333334	1.0	600
chr17:61323160-61323760	0.2957116666666665	1.0	600
chr17:61399407-61400007	0.6837533333333333	1.0	600
chr17:61409403-61410003	0.16445666666666678	1.0	600
chr17:61412247-61412847	0.031240000000000025	1.0	600
chr17:61637297-61637897	0.21483000000000013	1.0	600
chr17:61673869-61674469	0.26646666666666685	1.0	600
chr17:61822449-61823049	0.05450500000000002	1.0	600
chr17:61863265-61863865	0.09273666666666663	1.0	600
chr17:61878058-61878658	0.17656333333333354	1.0	600
chr17:61884547-61885147	0.25517500000000015	1.0	600
chr17:61927396-61927996	0.3293766666666667	1.0	600
chr17:62065730-62066330	0.6947066666666665	1.0	600
chr17:62072409-62073009	0.3282066666666666	1.0	600
chr17:62137146-62137746	0.616755	1.0	600
chr17:62231825-62232425	0.01674000000000003	1.0	600
chr17:62262798-62263398	0.2022833333333339	1.0	600
chr17:62478465-62479065	0.3123149999999999	1.0	600
chr17:62489672-62490272	0.04186	1.0	600
chr17:62694414-62695014	0.08013833333333314	1.0	600
chr17:62703636-62704236	0.03421333333333339	1.0	600
chr17:62705680-62706280	0.49155833333333326	1.0	600
chr17:62819660-62820260	0.3409983333333334	1.0	600
chr17:62870285-62870885	0.670086666666666	1.0	600
chr17:62881430-62882030	0.040643333333333365	1.0	600
chr17:62931807-62932407	0.07366833333333335	1.0	600
chr17:62954307-62954907	0.022551666666666626	1.0	600
chr17:62974287-62974887	0.0572466666666667	1.0	600
chr17:63015975-63016575	0.07277333333333341	1.0	600
chr17:63066378-63066978	0.07168166666666674	1.0	600
chr17:63087975-63088575	0.19542333333333345	1.0	600
chr17:63143011-63143611	0.05268333333333341	1.0	600
chr17:63191141-63191741	0.14961166666666692	1.0	600
chr17:63398430-63399030	0.24312000000000003	1.0	600
chr17:63538189-63538789	0.522298333333333	1.0	600
chr17:63549915-63550515	0.27135166666666655	1.0	600
chr17:63621907-63622507	0.5354733333333337	1.0	600
chr17:63681377-63681977	0.25792833333333326	1.0	600
chr17:63741620-63742220	0.23227333333333314	1.0	600
chr17:63773459-63774059	0.15778166666666674	1.0	600
chr17:63806210-63806810	0.3076850000000002	1.0	600
chr17:63827073-63827673	0.17297500000000005	1.0	600
chr17:63842708-63843308	0.25017	1.0	600
chr17:63848935-63849535	0.08547166666666656	1.0	600
chr17:63933541-63934141	0.18451000000000012	1.0	600
chr17:63972668-63973268	0.2714749999999999	1.0	600
chr17:64129938-64130538	0.25945333333333337	1.0	600
chr17:64145553-64146153	0.1749983333333334	1.0	600
chr17:64156131-64156731	0.06960499999999994	1.0	600
chr17:64202572-64203172	0.3451800000000003	1.0	600
chr17:64244411-64245011	0.08629333333333322	1.0	600
chr17:64263011-64263611	0.3315416666666668	1.0	600
chr17:64307490-64308090	0.08085999999999997	1.0	600
chr17:64394874-64395474	0.10655999999999999	1.0	600
chr17:64461947-64462547	0.04581833333333332	1.0	600
chr17:64474283-64474883	0.12159000000000025	1.0	600
chr17:64492248-64492848	0.20944833333333343	1.0	600
chr17:64506096-64506696	0.40058166666666667	1.0	600
chr17:64639292-64639892	0.09415166666666672	1.0	600
chr17:64644937-64645537	0.17240666666666668	1.0	600
chr17:64662072-64662672	0.237766666666667	1.0	600
chr17:64694542-64695142	0.04155166666666664	1.0	600
chr17:64735595-64736195	0.02095999999999998	1.0	600
chr17:64765394-64765994	0.05214166666666675	1.0	600
chr17:64797172-64797772	0.26843166666666685	1.0	600
chr17:64836934-64837534	0.08215666666666666	1.0	600
chr17:64919238-64919838	0.35098000000000007	1.0	600
chr17:64975379-64975979	0.02936166666666668	1.0	600
chr17:65051523-65052123	0.03180666666666666	1.0	600
chr17:65056535-65057135	0.39484333333333327	1.0	600
chr17:65100507-65101107	0.1652183333333334	1.0	600
chr17:65106365-65106965	0.041765000000000024	1.0	600
chr17:65124017-65124617	0.014408333333333327	1.0	600
chr17:65137062-65137662	0.24023666666666665	1.0	600
chr17:65358081-65358681	0.289883333333333	1.0	600
chr17:65362858-65363458	0.01939333333333334	1.0	600
chr17:65424210-65424810	0.00377999999999999	1.0	600
chr17:65503407-65504007	0.01611500000000001	1.0	600
chr17:65514987-65515587	0.011449999999999995	1.0	600
chr17:65561341-65561941	0.4731733333333332	1.0	600
chr17:65672251-65672851	0.009124999999999984	1.0	600
chr17:65807468-65808068	0.166545	1.0	600
chr17:65896611-65897211	0.10597833333333327	1.0	600
chr17:65930123-65930723	0.06540499999999995	1.0	600
chr17:66048314-66048914	0.11696833333333335	1.0	600
chr17:66302214-66302814	0.047383333333333354	1.0	600
chr17:66309713-66310313	0.04742166666666671	1.0	600
chr17:66401164-66401764	0.003801666666666654	1.0	600
chr17:66459672-66460272	0.08979999999999996	1.0	600
chr17:66540016-66540616	0.3714333333333333	1.0	600
chr17:66592644-66593244	0.011915000000000005	1.0	600
chr17:66631552-66632152	0.012790000000000013	1.0	600
chr17:66680054-66680654	0.06801666666666663	1.0	600
chr17:66853741-66854341	0.05919166666666681	1.0	600
chr17:67153883-67154483	0.052526666666666805	1.0	600
chr17:67205733-67206333	0.06392500000000012	1.0	600
chr17:67244926-67245526	0.5139316666666658	1.0	600
chr17:67289451-67290051	0.3135566666666668	1.0	600
chr17:67323286-67323886	0.16952499999999981	1.0	600
chr17:67348175-67348775	0.20896666666666683	1.0	600
chr17:67366357-67366957	0.4003316666666667	1.0	600
chr17:67377091-67377691	0.578101666666667	1.0	600
chr17:67389881-67390481	0.08539500000000005	1.0	600
chr17:67536435-67537035	0.00520166666666665	1.0	600
chr17:67611084-67611684	0.023218333333333306	1.0	600
chr17:67717475-67718075	0.24523833333333342	1.0	600
chr17:67825141-67825741	0.3761316666666667	1.0	600
chr17:67926067-67926667	0.03662166666666682	1.0	600
chr17:67991556-67992156	0.36698499999999995	1.0	600
chr17:67993440-67994040	0.1978416666666669	1.0	600
chr17:68019760-68020360	0.2143466666666667	1.0	600
chr17:68035351-68035951	0.22747000000000014	1.0	600
chr17:68101342-68101942	0.3753950000000001	1.0	600
chr17:68205133-68205733	0.16672500000000012	1.0	600
chr17:68247635-68248235	0.015293333333333319	1.0	600
chr17:68344053-68344653	0.01075833333333334	1.0	600
chr17:68358814-68359414	0.008363333333333311	1.0	600
chr17:68456534-68457134	0.22081166666666674	1.0	600
chr17:68457413-68458013	0.18729333333333345	1.0	600
chr17:68467070-68467670	0.013389999999999992	1.0	600
chr17:68512094-68512694	0.28316	1.0	600
chr17:68612519-68613119	0.009646666666666658	1.0	600
chr17:68623672-68624272	0.005049999999999986	1.0	600
chr17:68688476-68689076	0.0078116666666666595	1.0	600
chr17:68729200-68729800	0.08237333333333337	1.0	600
chr17:68766317-68766917	0.12543333333333342	1.0	600
chr17:68783825-68784425	0.09347499999999982	1.0	600
chr17:68794599-68795199	0.09481333333333335	1.0	600
chr17:68892302-68892902	0.01431833333333332	1.0	600
chr17:69074231-69074831	0.19982833333333327	1.0	600
chr17:69131225-69131825	0.031075000000000054	1.0	600
chr17:69205453-69206053	0.12144833333333342	1.0	600
chr17:69235297-69235897	0.04715333333333337	1.0	600
chr17:69323508-69324108	0.052308333333333366	1.0	600
chr17:69326920-69327520	0.06416166666666662	1.0	600
chr17:69417209-69417809	0.8386	1.0	600
chr17:69418411-69419011	0.03357166666666668	1.0	600
chr17:69581491-69582091	0.38884500000000005	1.0	600
chr17:69618987-69619587	0.08086499999999991	1.0	600
chr17:69649806-69650406	0.03567500000000008	1.0	600
chr17:69982627-69983227	0.0063066666666666445	1.0	600
chr17:70014211-70014811	0.02327666666666665	1.0	600
chr17:70169152-70169752	0.3824549999999998	1.0	600
chr17:70344849-70345449	0.05054833333333343	1.0	600
chr17:70466204-70466804	0.029409999999999995	1.0	600
chr17:70468620-70469220	0.1292200000000003	1.0	600
chr17:70607554-70608154	0.061251666666666676	1.0	600
chr17:70621862-70622462	0.03462000000000008	1.0	600
chr17:70695076-70695676	0.1587250000000004	1.0	600
chr17:70876901-70877501	0.018774999999999976	1.0	600
chr17:70890218-70890818	0.02978000000000002	1.0	600
chr17:71089438-71090038	0.07668666666666663	1.0	600
chr17:71193163-71193763	0.007833333333333319	1.0	600
chr17:71342504-71343104	0.006906666666666661	1.0	600
chr17:71658511-71659111	0.12250166666666663	1.0	600
chr17:71708154-71708754	0.002889999999999991	1.0	600
chr17:71742559-71743159	0.01807833333333333	1.0	600
chr17:71779259-71779859	0.00821999999999998	1.0	600
chr17:71781254-71781854	0.12573500000000035	1.0	600
chr17:71809855-71810455	0.19387166666666716	1.0	600
chr17:71831698-71832298	0.005553333333333318	1.0	600
chr17:71900250-71900850	0.012006666666666672	1.0	600
chr17:71928716-71929316	0.008973333333333324	1.0	600
chr17:71975939-71976539	0.1669983333333336	1.0	600
chr17:72154021-72154621	0.0013950000000000008	1.0	600
chr17:72183719-72184319	0.009456666666666674	1.0	600
chr17:72297523-72298123	0.06829999999999993	1.0	600
chr17:72403368-72403968	0.028861666666666667	1.0	600
chr17:72540140-72540740	0.1426283333333334	1.0	600
chr17:72592545-72593145	0.07217499999999999	1.0	600
chr17:72614916-72615516	0.4141833333333336	1.0	600
chr17:72671754-72672354	0.17453166666666664	1.0	600
chr17:72672871-72673471	0.10816999999999997	1.0	600
chr17:72716145-72716745	0.29875666666666684	1.0	600
chr17:72860322-72860922	0.021695000000000016	1.0	600
chr17:72904629-72905229	0.020681742043551082	0.995	597
chr17:72914091-72914691	0.014986666666666665	1.0	600
chr17:73035623-73036223	0.023874999999999976	1.0	600
chr17:73036663-73037263	0.04419000000000008	1.0	600
chr17:73043006-73043606	0.0031583333333333225	1.0	600
chr17:73107992-73108592	0.016666666666666618	1.0	600
chr17:73172633-73173233	0.023169999999999982	1.0	600
chr17:73177438-73178038	0.023053333333333304	1.0	600
chr17:73180743-73181343	0.0015233333333333342	1.0	600
chr17:73232100-73232700	0.35406833333333343	1.0	600
chr17:73262231-73262831	0.1333683333333334	1.0	600
chr17:73267493-73268093	0.07113666666666661	1.0	600
chr17:73310885-73311485	0.16064333333333347	1.0	600
chr17:73311789-73312389	0.12067333333333347	1.0	600
chr17:73342074-73342674	0.06822166666666658	1.0	600
chr17:73348979-73349579	0.18895000000000003	1.0	600
chr17:73371727-73372327	0.005881666666666646	1.0	600
chr17:73474128-73474728	0.04931000000000002	1.0	600
chr17:73630507-73631107	0.1649733333333335	1.0	600
chr17:73644963-73645563	0.29957999999999996	1.0	600
chr17:73679713-73680313	0.006093333333333306	1.0	600
chr17:73718281-73718881	0.05157333333333339	1.0	600
chr17:73837791-73838391	0.14202833333333367	1.0	600
chr17:73908830-73909430	0.05616666666666667	1.0	600
chr17:73980382-73980982	0.01693666666666667	1.0	600
chr17:74014594-74015194	0.005453333333333304	1.0	600
chr17:74063155-74063755	0.0030783333333333266	1.0	600
chr17:74066378-74066978	0.31582333333333384	1.0	600
chr17:74098769-74099369	0.03033000000000003	1.0	600
chr17:74153273-74153873	0.009443333333333345	1.0	600
chr17:74203243-74203843	0.08616833333333333	1.0	600
chr17:74213169-74213769	0.22848499999999997	1.0	600
chr17:74292640-74293240	0.09571166666666674	1.0	600
chr17:74311823-74312423	0.27580833333333354	1.0	600
chr17:74330415-74331015	0.1072150000000001	1.0	600
chr17:74453895-74454495	0.006451666666666659	1.0	600
chr17:74458156-74458756	0.015099999999999987	1.0	600
chr17:74558003-74558603	0.051975	1.0	600
chr17:74748257-74748857	0.10953499999999984	1.0	600
chr17:74805061-74805661	0.07643833333333333	1.0	600
chr17:74812983-74813583	0.009836666666666665	1.0	600
chr17:74818902-74819502	0.001991666666666664	1.0	600
chr17:74845316-74845916	0.0426966666666667	1.0	600
chr17:74872789-74873389	0.17405166666666677	1.0	600
chr17:74963052-74963652	0.0589633333333333	1.0	600
chr17:74982063-74982663	0.09397833333333336	1.0	600
chr17:74987283-74987883	0.06744166666666662	1.0	600
chr17:75005156-75005756	0.32020833333333326	1.0	600
chr17:75012092-75012692	0.04269	1.0	600
chr17:75033617-75034217	0.1220633333333335	1.0	600
chr17:75034732-75035332	0.15677500000000008	1.0	600
chr17:75046806-75047406	0.39055999999999985	1.0	600
chr17:75111420-75112020	0.03595166666666666	1.0	600
chr17:75131482-75132082	0.21906833333333348	1.0	600
chr17:75152144-75152744	0.1028166666666666	1.0	600
chr17:75154341-75154941	0.2688350000000001	1.0	600
chr17:75182778-75183378	0.675228333333333	1.0	600
chr17:75205135-75205735	0.10841500000000001	1.0	600
chr17:75261358-75261958	0.2434383333333336	1.0	600
chr17:75270919-75271519	0.02670833333333333	1.0	600
chr17:75289203-75289803	0.11608166666666674	1.0	600
chr17:75337361-75337961	0.040458333333333325	1.0	600
chr17:75343570-75344170	0.14326833333333375	1.0	600
chr17:75393676-75394276	0.427905	1.0	600
chr17:75405451-75406051	0.3088716666666667	1.0	600
chr17:75456287-75456887	0.38607333333333355	1.0	600
chr17:75458493-75459093	0.017154999999999972	1.0	600
chr17:75462854-75463454	0.06695666666666657	1.0	600
chr17:75474192-75474792	0.09092999999999997	1.0	600
chr17:75507708-75508308	0.22828666666666678	1.0	600
chr17:75516159-75516759	0.08696500000000004	1.0	600
chr17:75521440-75522040	0.22909166666666672	1.0	600
chr17:75525288-75525888	0.09254500000000002	1.0	600
chr17:75562099-75562699	0.023096666666666633	1.0	600
chr17:75570072-75570672	0.4751649999999996	1.0	600
chr17:75589226-75589826	0.08107166666666661	1.0	600
chr17:75632924-75633524	0.14331000000000002	1.0	600
chr17:75666995-75667595	0.26304000000000005	1.0	600
chr17:75693528-75694128	0.13269500000000012	1.0	600
chr17:75720923-75721523	0.16264833333333334	1.0	600
chr17:75764849-75765449	0.2168950000000004	1.0	600
chr17:75779608-75780208	0.4551649999999995	1.0	600
chr17:75784780-75785380	0.7182549999999993	1.0	600
chr17:75822594-75823194	0.15524333333333362	1.0	600
chr17:75855168-75855768	0.2937366666666669	1.0	600
chr17:75869105-75869705	0.05135833333333341	1.0	600
chr17:75877121-75877721	0.11951833333333342	1.0	600
chr17:75878316-75878916	0.19574166666666676	1.0	600
chr17:75896264-75896864	0.21463000000000004	1.0	600
chr17:75904667-75905267	0.1926866666666668	1.0	600
chr17:75930083-75930683	0.02012	1.0	600
chr17:75940848-75941448	0.07818499999999994	1.0	600
chr17:75979242-75979842	0.05780833333333325	1.0	600
chr17:75991090-75991690	0.1675083333333334	1.0	600
chr17:76072254-76072854	0.324235	1.0	600
chr17:76147378-76147978	0.04884666666666666	1.0	600
chr17:76264946-76265546	0.4745149999999998	1.0	600
chr17:76279363-76279963	0.07358499999999994	1.0	600
chr17:76353614-76354214	0.2509433333333336	1.0	600
chr17:76370522-76371122	0.084695	1.0	600
chr17:76384247-76384847	0.03789333333333335	1.0	600
chr17:76388485-76389085	0.03955500000000002	1.0	600
chr17:76480548-76481148	0.09342166666666664	1.0	600
chr17:76501158-76501758	0.11286166666666683	1.0	600
chr17:76540661-76541261	0.20900666666666678	1.0	600
chr17:76569854-76570454	0.023863333333333302	1.0	600
chr17:76585621-76586221	0.03559166666666672	1.0	600
chr17:76600786-76601386	0.1394466666666667	1.0	600
chr17:76648628-76649228	0.17478666666666662	1.0	600
chr17:76671494-76672094	0.05296166666666671	1.0	600
chr17:76709299-76709899	0.10174000000000004	1.0	600
chr17:76726402-76727002	0.3149000000000004	1.0	600
chr17:76737171-76737771	0.2227266666666667	1.0	600
chr17:76765256-76765856	0.03339000000000003	1.0	600
chr17:76803745-76804345	0.040963333333333435	1.0	600
chr17:76979300-76979900	0.03794999999999997	1.0	600
chr17:76986903-76987503	0.021354999999999947	1.0	600
chr17:77047732-77048332	0.020573333333333308	1.0	600
chr17:77088379-77088979	0.08079833333333328	1.0	600
chr17:77109541-77110141	0.09746666666666667	1.0	600
chr17:77140617-77141217	0.22749500000000025	1.0	600
chr17:77207691-77208291	0.004976666666666657	1.0	600
chr17:77280914-77281514	0.025494999999999997	1.0	600
chr17:77386058-77386658	0.02469333333333331	1.0	600
chr17:77451194-77451794	0.27408000000000005	1.0	600
chr17:77489759-77490359	0.005398333333333321	1.0	600
chr17:77527196-77527796	0.08466499999999995	1.0	600
chr17:77669072-77669672	0.029775000000000038	1.0	600
chr17:77734415-77735015	0.14218666666666663	1.0	600
chr17:77779009-77779609	0.028495000000000072	1.0	600
chr17:77896263-77896863	0.015226666666666637	1.0	600
chr17:77924787-77925387	0.21263333333333367	1.0	600
chr17:77958315-77958915	0.3498216666666663	1.0	600
chr17:77962668-77963268	0.035095000000000064	1.0	600
chr17:78025357-78025957	0.0416250000000001	1.0	600
chr17:78040577-78041177	0.4343933333333331	1.0	600
chr17:78127213-78127813	0.011860000000000006	1.0	600
chr17:78186940-78187540	0.145615	1.0	600
chr17:78212169-78212769	0.07727333333333343	1.0	600
chr17:78277930-78278530	0.05686499999999998	1.0	600
chr17:78313980-78314580	0.13577333333333358	1.0	600
chr17:78327451-78328051	0.033725000000000026	1.0	600
chr17:78341711-78342311	0.14150833333333337	1.0	600
chr17:78359898-78360498	0.2976633333333335	1.0	600
chr17:78360660-78361260	0.03137666666666668	1.0	600
chr17:78440872-78441472	0.22218000000000007	1.0	600
chr17:78574781-78575381	0.21273500000000026	1.0	600
chr17:78578048-78578648	0.030026666666666695	1.0	600
chr17:78625012-78625612	0.08995166666666682	1.0	600
chr17:78629473-78630073	0.010533333333333294	1.0	600
chr17:78716800-78717400	0.11960666666666664	1.0	600
chr17:78723326-78723926	0.19919666666666688	1.0	600
chr17:78782081-78782681	0.02769666666666663	1.0	600
chr17:78802409-78803009	0.03486666666666676	1.0	600
chr17:78821809-78822409	0.11290333333333358	1.0	600
chr17:78822498-78823098	0.0006750000000000004	1.0	600
chr17:78832282-78832882	0.0017016666666666653	1.0	600
chr17:78840670-78841270	0.11500333333333349	1.0	600
chr17:78852617-78853217	0.36983499999999986	1.0	600
chr17:78861945-78862545	0.06680666666666678	1.0	600
chr17:78863966-78864566	0.028796666666666658	1.0	600
chr17:78883564-78884164	0.24627000000000004	1.0	600
chr17:78896456-78897056	0.010531666666666672	1.0	600
chr17:78925691-78926291	0.11729000000000013	1.0	600
chr17:78961163-78961763	0.016596666666666662	1.0	600
chr17:78968976-78969576	0.05851833333333333	1.0	600
chr17:79074536-79075136	0.05801000000000002	1.0	600
chr17:79170453-79171053	0.0028949999999999952	1.0	600
chr17:79182374-79182974	0.05668	1.0	600
chr17:79284441-79285041	0.003029999999999988	1.0	600
chr17:79380697-79381297	0.03469000000000001	1.0	600
chr17:79472595-79473195	0.03240333333333339	1.0	600
chr17:79635345-79635945	0.05144333333333338	1.0	600
chr17:79665723-79666323	0.021196666666666652	1.0	600
chr17:79673484-79674084	0.10821999999999998	1.0	600
chr17:79777892-79778492	0.25502333333333366	1.0	600
chr17:79796854-79797454	0.5693450000000001	1.0	600
chr17:79811193-79811793	0.23411000000000007	1.0	600
chr17:79831722-79832322	0.2167333333333336	1.0	600
chr17:79838401-79839001	0.8676516666666675	1.0	600
chr17:79839209-79839809	0.31128666666666704	1.0	600
chr17:79844624-79845224	0.059223333333333295	1.0	600
chr17:79918995-79919595	0.008003333333333336	1.0	600
chr17:79968099-79968699	0.06997999999999988	1.0	600
chr17:79991456-79992056	0.06622333333333331	1.0	600
chr17:80035525-80036125	0.08426166666666658	1.0	600
chr17:80085036-80085636	0.003016666666666661	1.0	600
chr17:80101111-80101711	0.015206666666666662	1.0	600
chr17:80146925-80147525	0.07333499999999994	1.0	600
chr17:80154827-80155427	0.1582216666666672	1.0	600
chr17:80199337-80199937	0.019571666666666696	1.0	600
chr17:80260153-80260753	0.0012350000000000006	1.0	600
chr17:80299362-80299962	0.05452500000000003	1.0	600
chr17:80414858-80415458	0.05580499999999996	1.0	600
chr17:80454454-80455054	0.013291666666666679	1.0	600
chr17:80498024-80498624	0.04058333333333333	1.0	600
chr17:80500566-80501166	0.0025849999999999883	1.0	600
chr17:80603468-80604068	0.0033099999999999918	1.0	600
chr17:80663517-80664117	0.0047883333333333215	1.0	600
chr17:80680251-80680851	0.0077999999999999806	1.0	600
chr17:80689636-80690236	0.014614999999999998	1.0	600
chr17:80724923-80725523	0.11552166666666668	1.0	600
chr17:80779004-80779604	0.0015516666666666673	1.0	600
chr17:80833062-80833662	0.16333000000000014	1.0	600
chr17:80859969-80860569	0.0036783333333333204	1.0	600
chr17:80958025-80958625	0.06579499999999998	1.0	600
chr17:81034816-81035416	0.16808833333333342	1.0	600
chr17:81082573-81083173	0.004683333333333324	1.0	600
chr17:81094863-81095463	0.14452500000000018	1.0	600
chr17:81101617-81102217	0.0009466666666666669	1.0	600
chr17:81119568-81120168	0.0681283333333333	1.0	600
chr17:81128693-81129293	0.09758833333333332	1.0	600
chr17:81130262-81130862	0.0015816666666666672	1.0	600
chr17:81165181-81165781	0.006151666666666656	1.0	600
chr17:81176370-81176970	0.04031999999999998	1.0	600
chr17:81189040-81189640	0.0033216666666666646	1.0	600
chr17:81222816-81223416	0.06626166666666662	1.0	600
chr17:81238817-81239417	0.23452333333333356	1.0	600
chr17:81276694-81277294	0.18599833333333332	1.0	600
chr17:81295018-81295618	0.03892833333333334	1.0	600
chr17:81317370-81317970	0.3911866666666666	1.0	600
chr17:81346009-81346609	0.054236666666666634	1.0	600
chr17:81350381-81350981	0.018001666666666662	1.0	600
chr17:81387255-81387855	0.15522500000000009	1.0	600
chr17:81393740-81394340	0.45996999999999993	1.0	600
chr17:81395107-81395707	0.8768033333333333	1.0	600
chr17:81417465-81418065	0.1519433333333335	1.0	600
chr17:81429140-81429740	0.17364666666666673	1.0	600
chr17:81475600-81476200	0.008995000000000001	1.0	600
chr17:81487681-81488281	0.008871666666666665	1.0	600
chr17:81512648-81513248	0.10196166666666663	1.0	600
chr17:81552078-81552678	0.15949500000000003	1.0	600
chr17:81574090-81574690	0.41002666666666654	1.0	600
chr17:81636570-81637170	0.12041000000000011	1.0	600
chr17:81683546-81684146	0.2568750000000002	1.0	600
chr17:81733619-81734219	0.01880666666666667	1.0	600
chr17:81816678-81817278	0.08700833333333331	1.0	600
chr17:81821805-81822405	0.04075000000000003	1.0	600
chr17:81832896-81833496	0.027335000000000022	1.0	600
chr17:81844563-81845163	0.033995	1.0	600
chr17:81860333-81860933	0.3191950000000002	1.0	600
chr17:81871196-81871796	0.08776333333333328	1.0	600
chr17:81911298-81911898	0.011330000000000003	1.0	600
chr17:81927396-81927996	0.1514216666666669	1.0	600
chr17:81939793-81940393	0.01428999999999999	1.0	600
chr17:81967761-81968361	0.21698500000000004	1.0	600
chr17:81977221-81977821	0.19592833333333337	1.0	600
chr17:82022806-82023406	0.09345333333333336	1.0	600
chr17:82032123-82032723	0.17139000000000004	1.0	600
chr17:82037159-82037759	0.07493500000000003	1.0	600
chr17:82098093-82098693	0.1744800000000002	1.0	600
chr17:82192714-82193314	0.00612666666666663	1.0	600
chr17:82212581-82213181	0.0040149999999999925	1.0	600
chr17:82241881-82242481	0.0006633333333333336	1.0	600
chr17:82292612-82293212	0.027091666666666642	1.0	600
chr17:82300496-82301096	0.03210833333333335	1.0	600
chr17:82418042-82418642	0.036888333333333315	1.0	600
chr17:82450535-82451135	0.004489999999999976	1.0	600
chr17:82458324-82458924	0.10710833333333343	1.0	600
chr17:82497033-82497633	0.005746666666666643	1.0	600
chr17:82500941-82501541	0.01885166666666662	1.0	600
chr17:82505397-82505997	0.09532500000000001	1.0	600
chr17:82519330-82519930	0.11586000000000013	1.0	600
chr17:82531818-82532418	0.01223666666666664	1.0	600
chr17:82583501-82584101	0.1644316666666667	1.0	600
chr17:82599641-82600241	0.005629999999999976	1.0	600
chr17:82635757-82636357	0.023784999999999945	1.0	600
chr17:82648238-82648838	0.14821000000000042	1.0	600
chr17:82668444-82669044	0.04020833333333342	1.0	600
chr17:82698435-82699035	0.20219333333333342	1.0	600
chr17:82729960-82730560	0.028446666666666662	1.0	600
chr17:82735260-82735860	0.1621783333333334	1.0	600
chr17:82738096-82738696	0.18377833333333327	1.0	600
chr17:82751463-82752063	0.018949999999999998	1.0	600
chr17:83051591-83052191	0.013240000000000024	1.0	600
chr17:83079209-83079809	0.04090500000000003	1.0	600
chr17:83099756-83100356	0.032448333333333336	1.0	600
chr17:83151206-83151806	0.036703333333333324	1.0	600
chr22:10524859-10525459	0.15260166666666686	1.0	600
chr22:10555426-10556026	0.013668333333333314	1.0	600
chr22:11916635-11917235	0.009748333333333343	1.0	600
chr22:15230840-15231440	0.031311666666666696	1.0	600
chr22:15338139-15338739	0.015366666666666634	1.0	600
chr22:15394706-15395306	0.0	0.0	0
chr22:15568618-15569218	0.01247000000000002	1.0	600
chr22:15599343-15599943	0.013224999999999976	1.0	600
chr22:15798258-15798858	0.26417999999999997	1.0	600
chr22:15909732-15910332	0.05909666666666665	1.0	600
chr22:15928854-15929454	0.10383500000000004	1.0	600
chr22:16000632-16001232	0.0	0.0	0
chr22:16011037-16011637	0.0	0.0	0
chr22:16143225-16143825	0.043341666666666716	1.0	600
chr22:16189678-16190278	0.14508166666666675	1.0	600
chr22:16193690-16194290	0.0013966666666666671	1.0	600
chr22:16243630-16244230	0.030531666666666683	1.0	600
chr22:16495707-16496307	0.16757166666666645	1.0	600
chr22:16504188-16504788	0.1057283333333333	1.0	600
chr22:16595010-16595610	0.3116266666666666	1.0	600
chr22:16596121-16596721	0.02425999999999996	1.0	600
chr22:16719084-16719684	0.020388333333333283	1.0	600
chr22:16769838-16770438	0.34167000000000025	1.0	600
chr22:16806499-16807099	0.0789633333333334	1.0	600
chr22:16852388-16852988	0.16049999999999998	1.0	600
chr22:16873302-16873902	0.14039500000000044	1.0	600
chr22:16918601-16919201	0.02264999999999998	1.0	600
chr22:16919502-16920102	0.0075999999999999835	0.49166666666666664	295
chr22:16935172-16935772	0.08331333333333343	1.0	600
chr22:16969772-16970372	0.6263166666666656	1.0	600
chr22:17024576-17025176	0.2391916666666666	1.0	600
chr22:17036904-17037504	0.02030999999999999	1.0	600
chr22:17049115-17049715	0.12208166666666662	1.0	600
chr22:17070480-17071080	0.3962083333333335	1.0	600
chr22:17084619-17085219	0.03060833333333334	1.0	600
chr22:17135641-17136241	0.02712499999999996	1.0	600
chr22:17158981-17159581	0.05506999999999998	1.0	600
chr22:17171279-17171879	0.007808333333333331	1.0	600
chr22:17416670-17417270	0.027926666666666666	1.0	600
chr22:17487317-17487917	0.03776166666666673	1.0	600
chr22:17628547-17629147	0.14034000000000013	1.0	600
chr22:17638409-17639009	0.2966533333333332	1.0	600
chr22:17866092-17866692	0.2690850000000003	1.0	600
chr22:17903830-17904430	0.03071166666666664	1.0	600
chr22:17910433-17911033	0.1701216666666668	1.0	600
chr22:18023443-18024043	0.04853333333333337	1.0	600
chr22:18024290-18024890	0.0896449999999999	1.0	600
chr22:18077652-18078252	0.03736333333333335	1.0	600
chr22:18132276-18132876	0.013931666666666663	1.0	600
chr22:19059605-19060205	0.007374999999999998	1.0	600
chr22:19122246-19122846	0.07805833333333337	1.0	600
chr22:19144482-19145082	0.13505500000000006	1.0	600
chr22:19178592-19179192	0.10793166666666681	1.0	600
chr22:19193855-19194455	0.021903333333333278	1.0	600
chr22:19196715-19197315	0.004996666666666652	1.0	600
chr22:19239429-19240029	0.01001166666666666	1.0	600
chr22:19291504-19292104	0.06600666666666657	1.0	600
chr22:19328407-19329007	0.06743166666666671	1.0	600
chr22:19432132-19432732	0.06683833333333329	1.0	600
chr22:19447390-19447990	0.2295116666666669	1.0	600
chr22:19479443-19480043	0.22512666666666667	1.0	600
chr22:19507031-19507631	0.22717333333333342	1.0	600
chr22:19600931-19601531	0.0562683333333333	1.0	600
chr22:19854603-19855203	0.01927666666666666	1.0	600
chr22:19868996-19869596	0.1927383333333335	1.0	600
chr22:19970422-19971022	0.014864999999999972	1.0	600
chr22:19976661-19977261	0.13851000000000024	1.0	600
chr22:19995450-19996050	0.15540833333333362	1.0	600
chr22:20020746-20021346	0.1460950000000002	1.0	600
chr22:20079863-20080463	0.18080666666666675	1.0	600
chr22:20106833-20107433	0.2104566666666667	1.0	600
chr22:20117041-20117641	0.2587050000000002	1.0	600
chr22:20130933-20131533	0.014198333333333334	1.0	600
chr22:20209294-20209894	0.0062366666666666595	1.0	600
chr22:20264928-20265528	0.013894999999999996	1.0	600
chr22:20307085-20307685	0.0014416666666666675	1.0	600
chr22:20319833-20320433	0.13071166666666684	1.0	600
chr22:20390793-20391393	0.03728499999999997	1.0	600
chr22:20495671-20496271	0.1875133333333335	1.0	600
chr22:20496291-20496891	0.016906666666666643	1.0	600
chr22:20703044-20703644	0.08837500000000005	1.0	600
chr22:20749475-20750075	0.15949333333333332	1.0	600
chr22:20858564-20859164	0.25390666666666684	1.0	600
chr22:20878849-20879449	0.06616999999999996	1.0	600
chr22:20880793-20881393	0.14999666666666672	1.0	600
chr22:20885018-20885618	0.017209999999999975	1.0	600
chr22:20917022-20917622	0.22858666666666702	1.0	600
chr22:20971020-20971620	0.13356000000000015	1.0	600
chr22:20981683-20982283	0.027108333333333304	1.0	600
chr22:21001871-21002471	0.12029333333333336	1.0	600
chr22:21567354-21567954	0.30774166666666675	1.0	600
chr22:21629776-21630376	0.2993983333333336	1.0	600
chr22:21641865-21642465	0.1955750000000001	1.0	600
chr22:21665990-21666590	0.08994166666666653	1.0	600
chr22:21704911-21705511	0.05219000000000002	1.0	600
chr22:21735685-21736285	0.20138166666666696	1.0	600
chr22:21867444-21868044	0.22272166666666662	1.0	600
chr22:21924721-21925321	0.01944166666666663	1.0	600
chr22:21937887-21938487	0.06330499999999994	1.0	600
chr22:22020052-22020652	0.003466666666666649	1.0	600
chr22:22060870-22061470	0.07092666666666671	1.0	600
chr22:22173600-22174200	0.18834333333333328	1.0	600
chr22:22183768-22184368	0.23568666666666643	1.0	600
chr22:22219763-22220363	0.0726849999999998	1.0	600
chr22:22297862-22298462	0.02956666666666667	1.0	600
chr22:22355035-22355635	0.010356666666666662	1.0	600
chr22:22417390-22417990	0.15341595925297113	0.9816666666666667	589
chr22:22586748-22587348	0.023303333333333308	1.0	600
chr22:22604296-22604896	0.007033333333333333	1.0	600
chr22:22616204-22616804	0.0006950000000000003	1.0	600
chr22:22804665-22805265	0.1212100000000001	1.0	600
chr22:22883618-22884218	0.049571666666666674	1.0	600
chr22:22911646-22912246	0.0021949999999999986	1.0	600
chr22:22937599-22938199	0.012765000000000028	1.0	600
chr22:23069893-23070493	0.06952999999999995	1.0	600
chr22:23116684-23117284	0.011508333333333322	1.0	600
chr22:23128244-23128844	0.04185666666666672	1.0	600
chr22:23139648-23140248	0.10270166666666664	1.0	600
chr22:23145067-23145667	0.09151666666666661	1.0	600
chr22:23180181-23180781	0.08779333333333322	1.0	600
chr22:23521603-23522203	0.35299999999999987	1.0	600
chr22:23539497-23540097	0.2916083333333331	1.0	600
chr22:23586079-23586679	0.2943616666666669	1.0	600
chr22:23717091-23717691	0.255471666666667	1.0	600
chr22:23750848-23751448	0.07452666666666669	1.0	600
chr22:23754209-23754809	0.08900166666666653	1.0	600
chr22:23768144-23768744	0.01672333333333332	1.0	600
chr22:23816410-23817010	0.26701166666666676	1.0	600
chr22:23842160-23842760	0.1669650000000003	1.0	600
chr22:23857450-23858050	0.027140000000000022	1.0	600
chr22:23865140-23865740	0.07921333333333337	1.0	600
chr22:23894019-23894619	0.16183833333333333	1.0	600
chr22:23897673-23898273	0.032391666666666735	1.0	600
chr22:23913761-23914361	0.009519999999999982	1.0	600
chr22:23944455-23945055	0.09635500000000018	1.0	600
chr22:23960979-23961579	0.1514066666666669	1.0	600
chr22:23966452-23967052	0.16142999999999996	1.0	600
chr22:23974242-23974842	0.16357500000000025	1.0	600
chr22:23979752-23980352	0.16459500000000002	1.0	600
chr22:24011027-24011627	0.10608166666666656	1.0	600
chr22:24113092-24113692	0.16946333333333327	1.0	600
chr22:24155714-24156314	0.3197433333333332	1.0	600
chr22:24231737-24232337	0.14358999999999997	1.0	600
chr22:24247438-24248038	0.034820000000000004	1.0	600
chr22:24270535-24271135	0.2619266666666667	1.0	600
chr22:24308482-24309082	0.1258883333333333	1.0	600
chr22:24410095-24410695	0.09271833333333322	1.0	600
chr22:24555016-24555616	0.0505066666666667	1.0	600
chr22:24588330-24588930	0.36428833333333366	1.0	600
chr22:24592845-24593445	0.20162833333333358	1.0	600
chr22:24807090-24807690	0.027529999999999995	1.0	600
chr22:24843271-24843871	0.008990000000000007	1.0	600
chr22:24893431-24894031	0.27647833333333377	1.0	600
chr22:24952364-24952964	0.22623166666666666	1.0	600
chr22:24977396-24977996	0.026831666666666674	1.0	600
chr22:25013483-25014083	0.0555266666666666	1.0	600
chr22:25103391-25103991	0.04384166666666668	1.0	600
chr22:25131394-25131994	0.09176499999999986	1.0	600
chr22:25400967-25401567	0.013430000000000018	1.0	600
chr22:25479066-25479666	0.051046666666666685	1.0	600
chr22:25586973-25587573	0.0992316666666667	1.0	600
chr22:25599271-25599871	0.09832000000000007	1.0	600
chr22:26072440-26073040	0.04136	1.0	600
chr22:26084851-26085451	0.0071816666666666435	1.0	600
chr22:26259781-26260381	0.02928833333333335	1.0	600
chr22:26483557-26484157	0.11207500000000001	1.0	600
chr22:26521868-26522468	0.023993333333333314	1.0	600
chr22:26589849-26590449	0.021759999999999974	1.0	600
chr22:26744885-26745485	0.011354999999999999	1.0	600
chr22:26763316-26763916	0.0038499999999999936	1.0	600
chr22:26848112-26848712	0.006479999999999987	1.0	600
chr22:26876857-26877457	0.13156833333333343	1.0	600
chr22:26907227-26907827	0.10362333333333329	1.0	600
chr22:27116187-27116787	0.05631166666666662	1.0	600
chr22:27136932-27137532	0.008840000000000011	1.0	600
chr22:27267148-27267748	0.2989783333333334	1.0	600
chr22:27419773-27420373	0.04601166666666683	1.0	600
chr22:27437085-27437685	0.002849999999999998	1.0	600
chr22:27448138-27448738	0.007669999999999978	1.0	600
chr22:27480429-27481029	0.11073333333333342	1.0	600
chr22:27549194-27549794	0.004866666666666633	1.0	600
chr22:27568528-27569128	0.02523999999999996	1.0	600
chr22:27575060-27575660	0.07571999999999987	1.0	600
chr22:27589240-27589840	0.02051833333333332	1.0	600
chr22:27642066-27642666	0.49102999999999924	1.0	600
chr22:27845661-27846261	0.030196666666666705	1.0	600
chr22:27919054-27919654	0.22735499999999997	1.0	600
chr22:27973459-27974059	0.19796999999999995	1.0	600
chr22:28004517-28005117	0.04482166666666671	1.0	600
chr22:28012961-28013561	0.004989999999999989	1.0	600
chr22:28051767-28052367	0.45932333333333264	1.0	600
chr22:28295567-28296167	0.05344500000000001	1.0	600
chr22:28442066-28442666	0.5555099999999995	1.0	600
chr22:28503235-28503835	0.3633933333333336	1.0	600
chr22:28601245-28601845	0.027088333333333332	1.0	600
chr22:28657276-28657876	0.12733000000000036	1.0	600
chr22:28679589-28680189	0.32653	1.0	600
chr22:28741679-28742279	0.2900616666666669	1.0	600
chr22:28772408-28773008	0.36337666666666674	1.0	600
chr22:28776350-28776950	0.030551666666666654	1.0	600
chr22:28800334-28800934	0.3557449999999997	1.0	600
chr22:28883126-28883726	0.3139450000000002	1.0	600
chr22:28931635-28932235	0.027199999999999995	1.0	600
chr22:29056213-29056813	0.09737999999999997	1.0	600
chr22:29057557-29058157	0.1457833333333337	1.0	600
chr22:29072675-29073275	0.08884833333333342	1.0	600
chr22:29165276-29165876	0.053663333333333466	1.0	600
chr22:29267706-29268306	0.33270000000000005	1.0	600
chr22:29352653-29353253	0.016078333333333333	1.0	600
chr22:29403646-29404246	0.22972499999999987	1.0	600
chr22:29452494-29453094	0.019788333333333318	1.0	600
chr22:29553561-29554161	0.07032333333333321	1.0	600
chr22:29603225-29603825	0.26004333333333335	1.0	600
chr22:29609489-29610089	0.23518333333333355	1.0	600
chr22:29766762-29767362	0.14884500000000014	1.0	600
chr22:29882775-29883375	0.3454450000000001	1.0	600
chr22:30010387-30010987	0.024578333333333324	1.0	600
chr22:30016842-30017442	0.11849999999999994	1.0	600
chr22:30028560-30029160	0.011240000000000012	1.0	600
chr22:30033791-30034391	0.005998333333333315	1.0	600
chr22:30052920-30053520	0.08265833333333332	1.0	600
chr22:30092875-30093475	0.23793666666666666	1.0	600
chr22:30195959-30196559	0.5873883333333331	1.0	600
chr22:30255687-30256287	0.0663466666666667	1.0	600
chr22:30289476-30290076	0.08318166666666656	1.0	600
chr22:30299698-30300298	0.1115816666666668	1.0	600
chr22:30326732-30327332	0.3820749999999999	1.0	600
chr22:30341112-30341712	0.22352666666666685	1.0	600
chr22:30356648-30357248	0.24812500000000004	1.0	600
chr22:30387121-30387721	0.12210666666666671	1.0	600
chr22:30396714-30397314	0.1343766666666667	1.0	600
chr22:30423823-30424423	0.12967166666666677	1.0	600
chr22:30574436-30575036	0.1737750000000001	1.0	600
chr22:30591927-30592527	0.10577166666666661	1.0	600
chr22:30600288-30600888	0.10668166666666688	1.0	600
chr22:30635380-30635980	0.04537833333333336	1.0	600
chr22:30667616-30668216	0.008896666666666666	1.0	600
chr22:30679023-30679623	0.10363833333333332	1.0	600
chr22:30775901-30776501	0.061630000000000074	1.0	600
chr22:30802691-30803291	0.32743333333333363	1.0	600
chr22:30836675-30837275	0.08334166666666673	1.0	600
chr22:30910389-30910989	0.11728499999999999	1.0	600
chr22:30968832-30969432	0.6427766666666669	1.0	600
chr22:31080940-31081540	0.2937600000000002	1.0	600
chr22:31084648-31085248	0.15171833333333334	1.0	600
chr22:31087560-31088160	0.3386	1.0	600
chr22:31107359-31107959	0.1527983333333337	1.0	600
chr22:31109440-31110040	0.22591333333333316	1.0	600
chr22:31127412-31128012	0.2946566666666668	1.0	600
chr22:31159893-31160493	0.10756500000000012	1.0	600
chr22:31192928-31193528	0.06649833333333327	1.0	600
chr22:31211880-31212480	0.1726183333333334	1.0	600
chr22:31225458-31226058	0.16668000000000013	1.0	600
chr22:31290513-31291113	0.3109083333333334	1.0	600
chr22:31313241-31313841	0.1548700000000002	1.0	600
chr22:31321385-31321985	0.027986666666666653	1.0	600
chr22:31345764-31346364	0.3341783333333337	1.0	600
chr22:31399250-31399850	0.24719999999999998	1.0	600
chr22:31470568-31471168	0.06067833333333348	1.0	600
chr22:31489613-31490213	0.24863000000000005	1.0	600
chr22:31493738-31494338	0.052146666666666786	1.0	600
chr22:31496163-31496763	0.07320999999999993	1.0	600
chr22:31749877-31750477	0.3140566666666669	1.0	600
chr22:31753635-31754235	0.20013333333333339	1.0	600
chr22:31936933-31937533	0.029694999999999982	1.0	600
chr22:31944107-31944707	0.23990166666666657	1.0	600
chr22:31962365-31962965	0.013336666666666662	1.0	600
chr22:31970510-31971110	0.003803333333333319	1.0	600
chr22:32152439-32153039	0.014436666666666653	1.0	600
chr22:32189249-32189849	0.09959999999999998	1.0	600
chr22:32196976-32197576	0.356068333333333	1.0	600
chr22:32385583-32386183	0.058253333333333344	1.0	600
chr22:32474466-32475066	0.12556333333333333	1.0	600
chr22:32506164-32506764	0.17604333333333316	1.0	600
chr22:32528221-32528821	0.01918333333333332	1.0	600
chr22:32534350-32534950	0.3268483333333334	1.0	600
chr22:32560737-32561337	0.023363333333333333	1.0	600
chr22:32796781-32797381	0.22929166666666664	1.0	600
chr22:32801335-32801935	0.26655000000000006	1.0	600
chr22:32846239-32846839	0.013250000000000001	1.0	600
chr22:32963437-32964037	0.20222833333333334	1.0	600
chr22:32985936-32986536	0.2246816666666666	1.0	600
chr22:33228683-33229283	0.04448	1.0	600
chr22:33236064-33236664	0.05724999999999998	1.0	600
chr22:33249643-33250243	0.03978499999999998	1.0	600
chr22:33309274-33309874	0.0036349999999999703	1.0	600
chr22:33340689-33341289	0.003123333333333326	1.0	600
chr22:33476874-33477474	0.12096833333333341	1.0	600
chr22:33533258-33533858	0.15747500000000028	1.0	600
chr22:33645760-33646360	0.08521833333333333	1.0	600
chr22:33749978-33750578	0.013250000000000005	1.0	600
chr22:33807506-33808106	0.013541666666666617	1.0	600
chr22:33837849-33838449	0.005749999999999978	1.0	600
chr22:33899358-33899958	0.030485000000000043	1.0	600
chr22:33920811-33921411	0.22042833333333348	1.0	600
chr22:33971335-33971935	0.018488333333333332	1.0	600
chr22:34015232-34015832	0.008606666666666657	1.0	600
chr22:34058415-34059015	0.005481666666666645	1.0	600
chr22:34359027-34359627	0.0970683333333333	1.0	600
chr22:34499344-34499944	0.12381000000000021	1.0	600
chr22:34601884-34602484	0.026396666666666707	1.0	600
chr22:34752318-34752918	0.019514999999999987	1.0	600
chr22:34925103-34925703	0.023741666666666664	1.0	600
chr22:35128264-35128864	0.3923199999999998	1.0	600
chr22:35191304-35191904	0.052979999999999985	1.0	600
chr22:35257158-35257758	0.3721049999999998	1.0	600
chr22:35299847-35300447	0.3132783333333333	1.0	600
chr22:35347234-35347834	0.04709166666666674	1.0	600
chr22:35350698-35351298	0.007973333333333332	1.0	600
chr22:35376706-35377306	0.1495216666666667	1.0	600
chr22:35380769-35381369	0.11755833333333351	1.0	600
chr22:35399676-35400276	0.14224166666666674	1.0	600
chr22:35467652-35468252	0.016573333333333322	1.0	600
chr22:35831691-35832291	0.03793500000000004	1.0	600
chr22:35840245-35840845	0.6066900000000001	1.0	600
chr22:35894787-35895387	0.7874233333333336	1.0	600
chr22:35926689-35927289	0.07725166666666665	1.0	600
chr22:36028703-36029303	0.3616933333333334	1.0	600
chr22:36065603-36066203	0.10000833333333325	1.0	600
chr22:36230007-36230607	0.0026716666666666586	1.0	600
chr22:36239331-36239931	0.01368500000000001	1.0	600
chr22:36281830-36282430	0.4063866666666667	1.0	600
chr22:36387809-36388409	0.2275650000000002	1.0	600
chr22:36454897-36455497	0.10962000000000001	1.0	600
chr22:36478743-36479343	0.07334333333333332	1.0	600
chr22:36481805-36482405	0.059774999999999884	1.0	600
chr22:36497398-36497998	0.053373333333333356	1.0	600
chr22:36506789-36507389	0.06834666666666661	1.0	600
chr22:36529060-36529660	0.16280166666666684	1.0	600
chr22:36769569-36770169	0.104345	1.0	600
chr22:36776106-36776706	0.1329400000000001	1.0	600
chr22:36883840-36884440	0.004308333333333313	1.0	600
chr22:37019438-37020038	0.16625333333333342	1.0	600
chr22:37028752-37029352	0.17670666666666668	1.0	600
chr22:37199183-37199783	0.021241666666666652	1.0	600
chr22:37294771-37295371	0.003836666666666657	1.0	600
chr22:37538690-37539290	0.019516666666666654	1.0	600
chr22:37545851-37546451	0.10082999999999996	1.0	600
chr22:37546902-37547502	0.25278499999999987	1.0	600
chr22:37561586-37562186	0.010828333333333329	1.0	600
chr22:37572351-37572951	0.03414166666666682	1.0	600
chr22:37579696-37580296	0.08541666666666663	1.0	600
chr22:37608466-37609066	0.5101583333333332	1.0	600
chr22:37658370-37658970	0.3091283333333335	1.0	600
chr22:37675215-37675815	0.20809166666666676	1.0	600
chr22:37752396-37752996	0.35814166666666664	1.0	600
chr22:37807563-37808163	0.221095	1.0	600
chr22:37829671-37830271	0.002026666666666664	1.0	600
chr22:37844069-37844669	0.26784000000000013	1.0	600
chr22:37883535-37884135	0.014429999999999993	1.0	600
chr22:37898774-37899374	0.08796333333333337	1.0	600
chr22:37905929-37906529	0.2074433333333333	1.0	600
chr22:37933762-37934362	0.046818333333333385	1.0	600
chr22:37968701-37969301	0.4803716666666665	1.0	600
chr22:37984275-37984875	0.4739016666666663	1.0	600
chr22:37999797-38000397	0.02120333333333332	1.0	600
chr22:38016429-38017029	0.8498333333333339	1.0	600
chr22:38026677-38027277	0.4341383333333331	1.0	600
chr22:38033333-38033933	0.27660666666666667	1.0	600
chr22:38038478-38039078	0.43941666666666596	1.0	600
chr22:38050143-38050743	0.17997333333333343	1.0	600
chr22:38172739-38173339	0.08704666666666659	1.0	600
chr22:38181643-38182243	0.24957000000000026	1.0	600
chr22:38201707-38202307	0.30585666666666694	1.0	600
chr22:38202309-38202909	0.10155833333333332	1.0	600
chr22:38210941-38211541	0.048438333333333396	1.0	600
chr22:38226461-38227061	0.16592333333333342	1.0	600
chr22:38316701-38317301	0.3911833333333334	1.0	600
chr22:38397946-38398546	0.03129999999999999	1.0	600
chr22:38398578-38399178	0.005234999999999976	1.0	600
chr22:38506213-38506813	0.4276533333333332	1.0	600
chr22:38570042-38570642	0.03512000000000005	1.0	600
chr22:38681621-38682221	0.27110500000000026	1.0	600
chr22:38700722-38701322	0.12640166666666688	1.0	600
chr22:38705483-38706083	0.5009450000000005	1.0	600
chr22:38755784-38756384	0.286995	1.0	600
chr22:38790195-38790795	0.05016666666666674	1.0	600
chr22:38793802-38794402	0.43119166666666653	1.0	600
chr22:38843831-38844431	0.13575333333333353	1.0	600
chr22:38872001-38872601	0.4313033333333335	1.0	600
chr22:38874452-38875052	0.025476666666666634	1.0	600
chr22:38903557-38904157	0.2985133333333335	1.0	600
chr22:38919970-38920570	0.07189499999999986	1.0	600
chr22:39027557-39028157	0.015511666666666644	1.0	600
chr22:39040536-39041136	0.009918333333333347	1.0	600
chr22:39145542-39146142	0.05595166666666653	1.0	600
chr22:39152542-39153142	0.1268100000000002	1.0	600
chr22:39283447-39284047	0.25690833333333346	1.0	600
chr22:39291841-39292441	0.14713000000000007	1.0	600
chr22:39292482-39293082	0.08304166666666667	1.0	600
chr22:39319376-39319976	0.10372333333333328	1.0	600
chr22:39349600-39350200	0.28715999999999997	1.0	600
chr22:39371269-39371869	0.03693166666666667	1.0	600
chr22:39399429-39400029	0.2192183333333334	1.0	600
chr22:39405238-39405838	0.15604	1.0	600
chr22:39454243-39454843	0.08068666666666663	1.0	600
chr22:39463800-39464400	0.008298333333333323	1.0	600
chr22:39469485-39470085	0.08724333333333321	1.0	600
chr22:39501965-39502565	0.15903666666666677	1.0	600
chr22:39519884-39520484	0.09124499999999998	1.0	600
chr22:39532653-39533253	0.14950833333333344	1.0	600
chr22:39551380-39551980	0.0024316666666666636	1.0	600
chr22:39559685-39560285	0.08330666666666658	1.0	600
chr22:39593048-39593648	0.14112333333333343	1.0	600
chr22:39702207-39702807	0.0032383333333333222	1.0	600
chr22:39766843-39767443	0.10389999999999996	1.0	600
chr22:39930297-39930897	0.004834999999999987	1.0	600
chr22:40043969-40044569	0.4395150000000002	1.0	600
chr22:40094149-40094749	0.09600666666666656	1.0	600
chr22:40177580-40178180	0.9337733333333336	1.0	600
chr22:40346204-40346804	0.2490633333333333	1.0	600
chr22:40370366-40370966	0.07392833333333325	1.0	600
chr22:40456639-40457239	0.12638166666666678	1.0	600
chr22:40613657-40614257	0.05643500000000004	1.0	600
chr22:40636435-40637035	0.42268000000000017	1.0	600
chr22:40651825-40652425	0.17609333333333346	1.0	600
chr22:40756268-40756868	0.04877166666666663	1.0	600
chr22:40819135-40819735	0.1603850000000002	1.0	600
chr22:40856383-40856983	0.3646316666666667	1.0	600
chr22:40906536-40907136	0.010448333333333339	1.0	600
chr22:40950932-40951532	0.370155	1.0	600
chr22:41022399-41022999	0.024671666666666644	1.0	600
chr22:41091320-41091920	0.6122183333333339	1.0	600
chr22:41197219-41197819	0.021263333333333342	1.0	600
chr22:41204864-41205464	0.20208500000000013	1.0	600
chr22:41240666-41241266	0.058734999999999975	1.0	600
chr22:41243861-41244461	0.020755000000000003	1.0	600
chr22:41286042-41286642	0.25481166666666705	1.0	600
chr22:41323829-41324429	0.023904999999999996	1.0	600
chr22:41346712-41347312	0.03258000000000011	1.0	600
chr22:41367077-41367677	0.61872	1.0	600
chr22:41381112-41381712	0.13887166666666675	1.0	600
chr22:41394268-41394868	0.16133000000000017	1.0	600
chr22:41413641-41414241	0.034651666666666685	1.0	600
chr22:41417856-41418456	0.2166966666666669	1.0	600
chr22:41446597-41447197	0.2758733333333334	1.0	600
chr22:41448169-41448769	0.21693833333333346	1.0	600
chr22:41468764-41469364	0.2686850000000002	1.0	600
chr22:41478939-41479539	0.029456666666666666	1.0	600
chr22:41508590-41509190	0.08107833333333335	1.0	600
chr22:41544285-41544885	0.08744833333333323	1.0	600
chr22:41589740-41590340	0.15555666666666704	1.0	600
chr22:41620843-41621443	0.2751850000000001	1.0	600
chr22:41800270-41800870	0.08536333333333325	1.0	600
chr22:41832743-41833343	0.6071783333333336	1.0	600
chr22:41909863-41910463	0.1587866666666667	1.0	600
chr22:41946592-41947192	0.16105000000000003	1.0	600
chr22:41963674-41964274	0.06619666666666672	1.0	600
chr22:41976515-41977115	0.37555	1.0	600
chr22:41985163-41985763	0.019013333333333316	1.0	600
chr22:42004842-42005442	0.028929999999999984	1.0	600
chr22:42070658-42071258	0.06915499999999995	1.0	600
chr22:42079333-42079933	0.19633333333333328	1.0	600
chr22:42090602-42091202	0.23496833333333356	1.0	600
chr22:42125410-42126010	0.025598333333333324	1.0	600
chr22:42141660-42142260	0.06559666666666666	1.0	600
chr22:42151666-42152266	0.04123000000000001	1.0	600
chr22:42270352-42270952	0.213301666666667	1.0	600
chr22:42278048-42278648	0.18310333333333348	1.0	600
chr22:42369021-42369621	0.23022666666666686	1.0	600
chr22:42384798-42385398	0.044761666666666686	1.0	600
chr22:42500199-42500799	0.024361666666666646	1.0	600
chr22:42553460-42554060	0.018634999999999992	1.0	600
chr22:42614682-42615282	0.2854183333333334	1.0	600
chr22:42649127-42649727	0.03673000000000005	1.0	600
chr22:42654569-42655169	0.013195000000000005	1.0	600
chr22:42679341-42679941	0.38226500000000047	1.0	600
chr22:42691638-42692238	0.0035333333333333224	1.0	600
chr22:42857030-42857630	0.1610816666666669	1.0	600
chr22:42867621-42868221	0.005746666666666637	1.0	600
chr22:42915402-42916002	0.030881666666666696	1.0	600
chr22:43014937-43015537	0.09246499999999992	1.0	600
chr22:43143052-43143652	0.27193500000000004	1.0	600
chr22:43148586-43149186	0.005858333333333302	1.0	600
chr22:43151169-43151769	0.011626666666666669	1.0	600
chr22:43171592-43172192	0.13204833333333346	1.0	600
chr22:43187346-43187946	0.031595000000000054	1.0	600
chr22:43244349-43244949	0.007169999999999997	1.0	600
chr22:43546734-43547334	0.03755500000000004	1.0	600
chr22:43639120-43639720	0.008714999999999987	1.0	600
chr22:43708521-43709121	0.024419999999999976	1.0	600
chr22:43737601-43738201	0.06528333333333335	1.0	600
chr22:43746317-43746917	0.003739999999999977	1.0	600
chr22:43783372-43783972	0.07985333333333343	1.0	600
chr22:43813989-43814589	0.03483999999999999	1.0	600
chr22:43923478-43924078	0.16253166666666663	1.0	600
chr22:43955126-43955726	0.1704466666666666	1.0	600
chr22:44324983-44325583	0.005801666666666658	1.0	600
chr22:44450866-44451466	0.012409999999999989	1.0	600
chr22:44498048-44498648	0.05682666666666667	1.0	600
chr22:44561324-44561924	0.1698166666666669	1.0	600
chr22:44650089-44650689	0.2733249999999994	1.0	600
chr22:44684619-44685219	0.014651666666666653	1.0	600
chr22:44699511-44700111	0.04270166666666667	1.0	600
chr22:44732863-44733463	0.0035949999999999867	1.0	600
chr22:44820538-44821138	0.03589833333333343	1.0	600
chr22:45030384-45030984	0.02033333333333329	1.0	600
chr22:45135090-45135690	0.024048333333333286	1.0	600
chr22:45163492-45164092	0.08730666666666666	1.0	600
chr22:45164096-45164696	0.07908499999999999	1.0	600
chr22:45185070-45185670	0.06000166666666664	1.0	600
chr22:45240682-45241282	0.09972499999999992	1.0	600
chr22:45268883-45269483	0.03348333333333338	1.0	600
chr22:45273001-45273601	0.01949166666666666	1.0	600
chr22:45309510-45310110	0.045116666666666715	1.0	600
chr22:45424067-45424667	0.006666666666666657	1.0	600
chr22:45462119-45462719	0.02744833333333331	1.0	600
chr22:45475663-45476263	0.004344999999999985	1.0	600
chr22:45592411-45593011	0.008048333333333341	1.0	600
chr22:45625811-45626411	0.016223333333333315	1.0	600
chr22:45671517-45672117	0.057996666666666696	1.0	600
chr22:45745571-45746171	0.09815833333333335	1.0	600
chr22:46007657-46008257	0.11582833333333335	1.0	600
chr22:46027191-46027791	0.3882866666666666	1.0	600
chr22:46035626-46036226	0.04035666666666668	1.0	600
chr22:46045927-46046527	0.0021950000000000008	1.0	600
chr22:46053956-46054556	0.3039333333333334	1.0	600
chr22:46070754-46071354	0.06003666666666669	1.0	600
chr22:46079792-46080392	0.22367833333333356	1.0	600
chr22:46087765-46088365	0.09162333333333333	1.0	600
chr22:46104126-46104726	0.04522666666666672	1.0	600
chr22:46116315-46116915	0.016108333333333322	1.0	600
chr22:46139633-46140233	0.06765	1.0	600
chr22:46150093-46150693	0.05386833333333333	1.0	600
chr22:46182955-46183555	0.00845666666666665	1.0	600
chr22:46204461-46205061	0.06752666666666668	1.0	600
chr22:46249995-46250595	0.001151666666666667	1.0	600
chr22:46282798-46283398	0.01483333333333331	1.0	600
chr22:46335360-46335960	0.18823666666666672	1.0	600
chr22:46347031-46347631	0.0026116666666666545	1.0	600
chr22:46356980-46357580	0.017853333333333322	1.0	600
chr22:46429893-46430493	0.001048333333333334	1.0	600
chr22:46698828-46699428	0.16757999999999998	1.0	600
chr22:46738033-46738633	0.028595000000000013	1.0	600
chr22:46754826-46755426	0.10129999999999999	1.0	600
chr22:46762361-46762961	0.2782133333333335	1.0	600
chr22:47098889-47099489	0.016016666666666658	1.0	600
chr22:47244470-47245070	0.015141666666666642	1.0	600
chr22:47284674-47285274	0.001824999999999997	1.0	600
chr22:47286343-47286943	0.0015600000000000008	1.0	600
chr22:47301888-47302488	0.018258333333333307	1.0	600
chr22:47336978-47337578	0.0024666666666666595	1.0	600
chr22:47370130-47370730	0.11797666666666679	1.0	600
chr22:47440850-47441450	0.005443333333333319	1.0	600
chr22:47611882-47612482	0.10028000000000008	1.0	600
chr22:47639740-47640340	0.08674166666666668	1.0	600
chr22:47755315-47755915	0.059345	1.0	600
chr22:47857130-47857730	0.00895166666666664	1.0	600
chr22:47868122-47868722	0.03112000000000006	1.0	600
chr22:47875907-47876507	0.019934999999999967	1.0	600
chr22:48013324-48013924	0.08052333333333328	1.0	600
chr22:48172409-48173009	0.001466666666666667	1.0	600
chr22:48307919-48308519	0.18927500000000047	1.0	600
chr22:48348596-48349196	0.0025033333333333158	1.0	600
chr22:48388551-48389151	0.1330066666666669	1.0	600
chr22:48392640-48393240	0.0024149999999999888	1.0	600
chr22:48477903-48478503	0.19911666666666683	1.0	600
chr22:48504351-48504951	0.03151166666666667	1.0	600
chr22:48516960-48517560	0.0010766666666666672	1.0	600
chr22:48537041-48537641	0.010858333333333348	1.0	600
chr22:48561615-48562215	0.03918833333333346	1.0	600
chr22:48600477-48601077	0.02380166666666668	1.0	600
chr22:48604051-48604651	0.004504999999999983	1.0	600
chr22:48633186-48633786	0.06674166666666681	1.0	600
chr22:48651079-48651679	0.015114999999999981	1.0	600
chr22:48653301-48653901	0.0022733333333333256	1.0	600
chr22:48697024-48697624	0.016043333333333295	1.0	600
chr22:48702602-48703202	0.06951166666666656	1.0	600
chr22:48752298-48752898	0.0037349999999999922	1.0	600
chr22:48806308-48806908	0.016043333333333274	1.0	600
chr22:48921197-48921797	0.15990833333333335	1.0	600
chr22:48926907-48927507	0.003174999999999998	1.0	600
chr22:48935076-48935676	0.09375833333333335	1.0	600
chr22:48981779-48982379	0.0015166666666666668	1.0	600
chr22:49017109-49017709	0.03567333333333331	1.0	600
chr22:49071290-49071890	0.0011550000000000006	1.0	600
chr22:49197983-49198583	0.04146166666666675	1.0	600
chr22:49244368-49244968	0.011253333333333353	1.0	600
chr22:49276378-49276978	0.0709579831932773	0.9916666666666667	595
chr22:49320820-49321420	0.0035566666666666494	1.0	600
chr22:49420647-49421247	0.032318333333333456	1.0	600
chr22:49450234-49450834	0.0017216666666666658	1.0	600
chr22:49532537-49533137	0.006161666666666632	1.0	600
chr22:49694119-49694719	0.006044999999999986	1.0	600
chr22:49711175-49711775	0.01518999999999997	1.0	600
chr22:49827587-49828187	0.012783333333333334	1.0	600
chr22:49853465-49854065	0.00987	1.0	600
chr22:49918182-49918782	0.09999666666666668	1.0	600
chr22:49949111-49949711	0.051133333333333336	1.0	600
chr22:49970728-49971328	0.003929999999999989	1.0	600
chr22:50095965-50096565	0.05601166666666681	1.0	600
chr22:50103528-50104128	0.06234333333333337	1.0	600
chr22:50185549-50186149	0.038149999999999996	1.0	600
chr22:50200616-50201216	0.022631666666666675	1.0	600
chr22:50219242-50219842	0.341245	1.0	600
chr22:50231665-50232265	0.032829999999999984	1.0	600
chr22:50244731-50245331	0.014059999999999996	1.0	600
chr22:50256733-50257333	0.2343400000000001	1.0	600
chr22:50270597-50271197	0.007258333333333337	1.0	600
chr22:50326801-50327401	0.1824516666666669	1.0	600
chr22:50342926-50343526	0.013488333333333321	1.0	600
chr22:50456042-50456642	0.42792999999999976	1.0	600
chr22:50474816-50475416	0.03476833333333335	1.0	600
chr22:50507626-50508226	0.06425499999999996	1.0	600
chr22:50525494-50526094	0.06925333333333336	1.0	600
chr22:50562652-50563252	0.03709000000000005	1.0	600
chr22:50582716-50583316	0.02139833333333331	1.0	600
chr22:50621811-50622411	0.08328666666666663	1.0	600
chr22:50627855-50628455	0.0038533333333333206	1.0	600
chr22:50783424-50784024	0.07521833333333328	1.0	600
