example_id	chrom	start	end	split	label	sequence_sha256	gc_fraction	distance_to_tss	block	prevalence	GC_CpG	distance_to_annotated_TSS	SOX10_EGR2_TEAD1_motifs	4mer_sequence_logistic	permuted_training_labels	gc_bin	in_gc_matched_subset
chr17:59220177-59220777	chr17	59220177	59220777	test	1	ee1b8ada38e9c1e910369b14ee4cdb6cf5157f5d4badde3eb7607f5cd27060c9	0.58	33	chr17:59	0.5	0.9664928128887126	0.9177227619848923	0.4948610389394939	0.968049937447605	0.45750923774535707	28	True
chr17:42676884-42677484	chr17	42676884	42677484	test	1	9e020b620cd0b7bc2e32c28bba9a3026e7a003d0e556d333c98eceb9b26f4f69	0.6483333333333333	155	chr17:42	0.5	0.9856082327353319	0.8277004309458318	0.6190219380449555	0.994642562978187	0.5099047816302175	32	False
chr17:7435033-7435633	chr17	7435033	7435633	test	1	d3f218dc130209e29cebfee8f0d94ca89fc56654cfbbefc46d148a604c01ee4b	0.545	10	chr17:7	0.5	0.823882672877008	0.9541638155952322	0.8117977050795914	0.8149385430645707	0.6536387909745146	27	True
chr17:56833712-56834312	chr17	56833712	56834312	test	1	d35cea6ca547fb0f912a252134434aafacbfadc4d41a44b29b5b7519c27bc025	0.7316666666666667	86	chr17:56	0.5	0.9995960232363044	0.8690173395200694	0.8675973833333088	0.9981391042183644	0.5266201069955107	36	False
chr17:57935742-57936342	chr17	57935742	57936342	test	1	494121497b25ffbce0c6818a3fb4ec9ab7daf1bc9f77e4702c2d086ff13c9c4a	0.5866666666666667	11121	chr17:57	0.5	0.5976997097109027	0.31220463133970083	0.5913929477377154	0.9064986189074367	0.5148531661302885	29	False
chr17:77958315-77958915	chr17	77958315	77958915	test	1	f06f4571b423914da0dbce15c9560ff68facfb9455ac8f2eaef639104238634b	0.745	3	chr17:77	0.5	0.9998303746460847	0.9732759723133476	0.9154837363866325	0.9996412323081232	0.3894622809719843	37	False
chr17:81295018-81295618	chr17	81295018	81295618	test	1	b21f1471b92a941fc66c3f589cbfb3206a43aebb91778a3a7a3213fddb439a87	0.7083333333333334	12	chr17:81	0.5	0.9979804467133497	0.9499502717316438	0.9398638459899649	0.9976675240391779	0.46267831824338074	35	False
chr17:17836074-17836674	chr17	17836074	17836674	test	1	e689c3773a6874ac782442d63d87b4590ecbc4c54938200aa578d1d75ddb6d9e	0.6833333333333333	611	chr17:17	0.5	0.9985064451205095	0.6928828541742719	0.7772732559518614	0.9987006311881099	0.47330033049904463	34	False
chr17:63773459-63774059	chr17	63773459	63774059	test	1	c5fab8a271cf5628ff424ac387b6358747ef5a8d8095208a7bc67f2d36836e21	0.59	96	chr17:63	0.5	0.9851778378751703	0.8620162164893732	0.8889075285278432	0.9953248292157819	0.5383056723066234	29	True
chr17:75979242-75979842	chr17	75979242	75979842	test	1	dc9d5acba7bcbf7b9feb1178c6839dcdce740f7efcad9c6a4c0732008390e992	0.6316666666666667	38	chr17:75	0.5	0.9845171918694808	0.9118100295804089	0.6653983300361159	0.9908003326489907	0.6823672596314511	31	True
chr17:50877766-50878366	chr17	50877766	50878366	test	1	24e105b0430caedeb8a83946add00e11b646cc11c510734a432d5f3b0fd4453b	0.395	10089	chr17:50	0.5	0.11251378628607182	0.32388204190904857	0.8567383799528144	0.2225384636450077	0.6365176485313772	19	True
chr17:4555067-4555667	chr17	4555067	4555667	test	1	a993587c6cc3fca55d97c108b4782193f3d9d10470210ab7d68e83fd766f2c96	0.6483333333333333	16	chr17:4	0.5	0.9955976540976628	0.9424083854867601	0.8559674534282286	0.9977162587697715	0.6935748726774094	32	False
chr17:80260153-80260753	chr17	80260153	80260753	test	1	4f85bef29f65d255c45f0c347b815f80af74ba25975d8899b943ba4141fd07a5	0.86	353	chr17:80	0.5	0.9999945776358962	0.7533062846228424	0.8958892000930695	0.9997783293177246	0.29130484344064006	43	False
chr17:48107428-48108028	chr17	48107428	48108028	test	1	065c0e0eaebfd92d9c4f9da76703ca1dcb6021284dc0d61eda091ad22f4f0301	0.6666666666666666	37	chr17:48	0.5	0.9930403307717752	0.9129581507721586	0.9768381362827865	0.9951454529972162	0.5620789387250712	33	False
chr17:39980290-39980890	chr17	39980290	39980890	test	1	ffd94220b9090a481b8176664bc35d81fa2f304eba3c3593b8e6f7476c552f49	0.6	209	chr17:39	0.5	0.9865646969004568	0.8029852560637497	0.7552982618100627	0.9928614823985497	0.4141160844856141	30	False
chr17:59964487-59965087	chr17	59964487	59965087	test	1	79df41a6f3775d6c7a71e493149bb1110a9c3aca7c2734deacae6002d2b7c77e	0.6433333333333333	28	chr17:59	0.5	0.9967921892066316	0.9241244508646922	0.9683861072797363	0.9957427070878341	0.5481306886951088	32	False
chr17:48908068-48908668	chr17	48908068	48908668	test	1	d697b181394f1c7c65eaad0e9f5791ba18fee193367a62c4cb96d4d1ae3f3fb9	0.685	1	chr17:48	0.5	0.9978798345718164	0.9816276543708162	0.9616535251453882	0.9979631692053084	0.39338549967995806	34	False
chr17:1491464-1492064	chr17	1491464	1492064	test	1	c5db0e7fd05158e1d6d7a8e51761744a7658cb38e522de39ffdee9265baa0074	0.7983333333333333	83	chr17:1	0.5	0.9999370211361001	0.8712101392962631	0.8888544833514296	0.9997564094512084	0.45765442722947125	39	False
chr17:50893528-50894128	chr17	50893528	50894128	test	1	878fec0168605823af1feff6ddfb3d4b5e47030fd4034d19b2b1f21a69b4d1fe	0.4866666666666667	15653	chr17:50	0.5	0.533595719375568	0.2731251392113828	0.5738640081422542	0.3774704794099222	0.5208857404293465	24	True
chr17:39231074-39231674	chr17	39231074	39231674	test	1	953c6a99c275cf668343e4e00eb218ca2d01c368808e4742d66a653bf00b69de	0.605	5430	chr17:39	0.5	0.7881335549234973	0.40287688623084555	0.7477044437623981	0.9112245811666569	0.49501037210577514	30	False
chr17:78723326-78723926	chr17	78723326	78723926	test	1	8a3dcca9d99bb88e8ac08bc39503c674d774c13c384e2a74ef6d44d19f36d798	0.6016666666666667	123	chr17:78	0.5	0.8386296037120464	0.8450580665375438	0.635241851688269	0.9633194401846847	0.41072041636342216	30	False
chr17:20155630-20156230	chr17	20155630	20156230	test	1	6c185c57d2dad0f355f8ec13113df4b3874978bfe79be153c172bc6ae7d0b898	0.6833333333333333	58	chr17:20	0.5	0.9978444066552623	0.8915854883148857	0.8605125772687882	0.9930451861284793	0.3561279712080434	34	False
chr17:75720923-75721523	chr17	75720923	75721523	test	1	3363ccff946c4f972598a8e399fa2abcf2a845382874ab94e4fa69b55d8b7a81	0.7733333333333333	34	chr17:75	0.5	0.9996794492026941	0.9165043905674707	0.7708819705312129	0.9997929965269661	0.4219768231946172	38	False
chr17:29591507-29592107	chr17	29591507	29592107	test	1	eb6275b7a920999df0c1b7d1f899bddd2c5a9c725b9cc3fcd6732fa2e3f89482	0.595	433	chr17:29	0.5	0.842045859027853	0.7317788385636302	0.8058100947658072	0.9461154621862503	0.5125645556555898	29	False
chr17:782014-782614	chr17	782014	782614	test	1	4909d6e9be89d2cb856a991d6ba2cd9af48abd9d91c4315b54b4044d15844152	0.67	14	chr17:0	0.5	0.9985804961267837	0.9460515456740395	0.5800379379955977	0.9968227683609915	0.4824295924218394	33	False
chr17:38704882-38705482	chr17	38704882	38705482	test	1	ee0e9252be23c79d618bd1711880d2ce9fde05d8e26b74cf7382c1c1f856e49d	0.74	61	chr17:38	0.5	0.9997177581054045	0.8889060991423721	0.8927494616713818	0.999733522754181	0.5397910655153859	37	False
chr17:76540661-76541261	chr17	76540661	76541261	test	1	ce3deab4ae17077dfd4d57cc96b070d0fb80b422f13fc8b956798b0020f7daf8	0.5983333333333334	918	chr17:76	0.5	0.8579829474534274	0.6430981281848279	0.6973920267653297	0.9419071564648099	0.4765711296959312	29	False
chr17:48024972-48025572	chr17	48024972	48025572	test	1	e9a71361997d2235867903dcbb314788e298ee1086eaf9c547bbd0518ef89a8e	0.6133333333333333	1666	chr17:48	0.5	0.9882165092360126	0.5645306771098856	0.7997341171452406	0.9977921171229562	0.44745570199565865	30	True
chr17:49707941-49708541	chr17	49707941	49708541	test	1	1736880d702cde2b2432a83ae5704aef5ac1426a93d148ea0b4b760c4512d98e	0.59	92	chr17:49	0.5	0.9136349367752075	0.8647625174068619	0.5646463336774147	0.9171205113640213	0.5660181669990563	29	False
chr17:83051591-83052191	chr17	83051591	83052191	test	1	064f3e331a184be50edc66be73d2521db290e54ee9157f6f1555f57df8c3858e	0.7333333333333333	63	chr17:83	0.5	0.9991716252696863	0.8871606588342703	0.9755486307830813	0.994440862715248	0.5523560210049497	36	False
chr17:67366357-67366957	chr17	67366357	67366957	test	1	18cda963ba4d08b3ea28451d2a64a58951f922f7d729cbfc3baed41307b36f60	0.5983333333333334	17	chr17:67	0.5	0.9836324343931042	0.9406688786176478	0.6816025001803004	0.8722773493921085	0.554965995712938	29	False
chr17:50064539-50065139	chr17	50064539	50065139	test	1	82572abba8cbc12a02b1abf7a128c3383e732afd729ccfc0ac60443c9cb068d6	0.6116666666666667	8400	chr17:50	0.5	0.813366290269898	0.3464467410962525	0.5833601980483276	0.9368457788963507	0.42964863390410113	30	False
chr17:10114972-10115572	chr17	10114972	10115572	test	1	af500a7b3a5b7dc2eb014af45eefae239e75189a764a856a22c8a59187869198	0.5683333333333334	720	chr17:10	0.5	0.6198439274734479	0.6732679332854414	0.5640967526197305	0.8518814052082178	0.4744955463802674	28	True
chr17:47189221-47189821	chr17	47189221	47189821	test	1	7d625b7de823ad407544348377adb06d6b068d637e4f96ed7c195e672f0cba0f	0.5583333333333333	210	chr17:47	0.5	0.9683757286792757	0.8025693745801923	0.835467144804911	0.9927183247284244	0.4719883367076255	27	True
chr17:79074536-79075136	chr17	79074536	79075136	test	1	328728cdd4484cccea23893ed1a369d33c208797641e8488b612d784be0d5fba	0.7016666666666667	13	chr17:79	0.5	0.9992825848578063	0.9479657464384746	0.949545735938678	0.9994481572271632	0.3786467696074243	35	False
chr17:75046806-75047406	chr17	75046806	75047406	test	1	b9b22827f5ac546a039fef14f433c941bbeaedfe59dfe6a376657fed0e084b2e	0.735	88	chr17:75	0.5	0.998823757673372	0.8675802286249213	0.8918957189927409	0.9982771689237452	0.552711348060681	36	False
chr17:82458324-82458924	chr17	82458324	82458924	test	1	61b7ec1c7fba729acf7be1feb66dcc3880d547514efc7ad934179355d40e5fba	0.7416666666666667	62	chr17:82	0.5	0.9996664173016802	0.8880294246117003	0.8277526699127546	0.9995896512788519	0.4012991708395987	37	False
chr17:46922556-46923156	chr17	46922556	46923156	test	1	0c89e1a8fd2db7bc50a4695e56ab8ebc4330000da253a1b2b46695b42056f937	0.5366666666666666	218	chr17:46	0.5	0.9077840633656709	0.7992886886586996	0.5880426800322649	0.952095977771592	0.49635339687687	26	True
chr17:64263011-64263611	chr17	64263011	64263611	test	1	a811957dc654ab03120ea3af9e1b7864e4b07e642680a02bd15c364292ea9c53	0.7166666666666667	21	chr17:64	0.5	0.9990221169930981	0.9341649496124225	0.9495459013527155	0.9966255852615503	0.5690876158751632	35	False
chr17:77451194-77451794	chr17	77451194	77451794	test	1	83dd75a656d02aa1b18e6cb05cae6cdfcad54e0a27dac4f7fce401019c701b6c	0.6733333333333333	251	chr17:77	0.5	0.9914343382386293	0.7865488758676157	0.3576061113475936	0.984796006536839	0.5219089996481598	33	False
chr17:7835336-7835936	chr17	7835336	7835936	test	1	b08ebbb283b173d807a3426761c1aa7c4f9e37b5bc76f286b40ed36469089e1c	0.705	97	chr17:7	0.5	0.9977119164616447	0.8613402843619263	0.8454380164037564	0.9993744810903032	0.47505059267390437	35	False
chr17:11997220-11997820	chr17	11997220	11997820	test	1	ed0316a462bede21366690be4d0f6b512e48ac70031d88134d632f4b1d828ca8	0.69	46	chr17:11	0.5	0.9983207813356534	0.9031538883448366	0.8963861126794818	0.9983000854146922	0.3746543080248764	34	False
chr17:42017194-42017794	chr17	42017194	42017794	test	1	a79496293d110b14d49cae932d75226750464f0c03525eee3e8ca3c228809942	0.66	31	chr17:42	0.5	0.9932141197360059	0.9202186790708301	0.9816867644020729	0.9929728665235923	0.440657556977345	33	False
chr17:36486337-36486937	chr17	36486337	36486937	test	1	987d94ad6a3254eae09017246a26250e8ce3b1cd5d689c7ade8a7070fc550ee7	0.615	9	chr17:36	0.5	0.9919450421351299	0.9564142662206934	0.8043255363043496	0.9907420104147244	0.6738327983747306	30	False
chr17:15262331-15262931	chr17	15262331	15262931	test	1	30713aa56001e349d1bcb5de12db897f2ea7c958b0b44dc56fa0104eec998a67	0.6316666666666667	61	chr17:15	0.5	0.9777921423639511	0.8889060991423721	0.9043256628161223	0.997490712861556	0.6200741448413828	31	False
chr17:28318731-28319331	chr17	28318731	28319331	test	1	80995e2231e1224b5863fd9daaa2ab5e21ff36212592c8e2285d6d492acd3b7b	0.6366666666666667	65	chr17:28	0.5	0.9928777485394367	0.8854461389180444	0.9379140320488892	0.9970352146128543	0.4738903662185319	31	False
chr17:50478527-50479127	chr17	50478527	50479127	test	1	cc547f1010a40d082e1a36ea2466cee7b8b026a90153cb4428bf62de46dfc63a	0.7	8	chr17:50	0.5	0.9987346944790017	0.9587792109698657	0.9187576038467048	0.9986178127277401	0.5290421300542159	35	False
chr17:47492381-47492981	chr17	47492381	47492981	test	1	08631dfeae8fe10e710a860b56211bc68bff2cfe4ee7a54fb79589336253cd2c	0.6016666666666667	66	chr17:47	0.5	0.987929454333943	0.8846000440305392	0.6727486419388191	0.9920092259534912	0.5118727709626837	30	True
chr17:64836934-64837534	chr17	64836934	64837534	test	1	348efe8ba53de269cf383db9f4c8f7c4648d6af7e1c55cdd8a98f6575f14284a	0.6883333333333334	28	chr17:64	0.5	0.9961047934855495	0.9241244508646922	0.7344987976489318	0.9965034172866513	0.5468992316090013	34	False
chr17:40139931-40140531	chr17	40139931	40140531	test	1	063662c3f1190757e3aaf83e29c414362abb5ac2993e82240d99fa5d30fe8185	0.5766666666666667	46	chr17:40	0.5	0.9414391785034503	0.9031538883448366	0.6831257181436654	0.9842770022489701	0.5871303377390835	28	True
chr17:29148637-29149237	chr17	29148637	29149237	test	1	c726f7ee5c630bc894a910e95c1bc4dca77632b89a30106b39632e0ef2a18694	0.6516666666666666	8455	chr17:29	0.5	0.9658053138745596	0.34563023501416035	0.7336552167455705	0.9772854276341103	0.49693522607234264	32	False
chr17:47889801-47890401	chr17	47889801	47890401	test	1	d6185136f4977fbb02199732d15c221d54acf28b8da807cad39ac0e120814408	0.5716666666666667	5692	chr17:47	0.5	0.6276388353792184	0.3966261096502091	0.12323143934013876	0.4514581229049941	0.44329622547055453	28	True
chr17:31859016-31859616	chr17	31859016	31859616	test	1	5e03d8af09b3e1899068ce41f83dbcb73f429f5da6db521867cc1a872af10711	0.73	73	chr17:31	0.5	0.9995497463858904	0.8788713966257785	0.9629396909271888	0.9970869506715294	0.527048288936763	36	False
chr17:27456036-27456636	chr17	27456036	27456636	test	1	091420ba0fd60e7015f192b288b329d99628986460c157ec0f7039f150d2dae1	0.7866666666666666	111	chr17:27	0.5	0.999865410798563	0.8522846529677262	0.8025583865468621	0.9996100968223819	0.4333951424759861	39	False
chr17:18780900-18781500	chr17	18780900	18781500	test	1	527aa2765d56d1498d620e3c4684c4009624ea636e9fad2b2478369e74be0c32	0.6416666666666667	18	chr17:18	0.5	0.988293675229577	0.9389782468088763	0.9398122490619528	0.9980873847798636	0.5225456889176355	32	False
chr17:31549746-31550346	chr17	31549746	31550346	test	1	38631aac979695ae36ca0342b245692184b120d8ce08377ad1a9dafbc7cb718f	0.7033333333333334	338	chr17:31	0.5	0.9990706245932589	0.7577281781272243	0.9561491203537728	0.9989058809047823	0.5693648035107144	35	False
chr17:81119568-81120168	chr17	81119568	81120168	test	1	4a91e210aa3d14fc33a201fe4933c06c87f75658edb035c946046347516c703d	0.7183333333333334	5504	chr17:81	0.5	0.996830941124187	0.4010780253739327	0.9424132123076367	0.9746845069038065	0.543167026225593	35	False
chr17:3636079-3636679	chr17	3636079	3636679	test	1	e8308dbc7c552b525677e82951347df358e2c65c3c09d47248fe004226dc35d3	0.6883333333333334	79	chr17:3	0.5	0.9977519937169503	0.8742069016873879	0.8482908057916444	0.9962726713286361	0.4787041024922264	34	False
chr17:75034732-75035332	chr17	75034732	75035332	test	1	115f28584eac45ca12d544fd74f11d1036a979ed883f4a099e0917268119166d	0.6	2421	chr17:75	0.5	0.9788942974010864	0.5132503781948141	0.4048107332382915	0.9891416454534699	0.4926649885077105	30	False
chr17:42744700-42745300	chr17	42744700	42745300	test	1	f4b04d6a6dd661b8bb9c6644449e05c4fb1e8e6e892fd51cd324dcb9da13a256	0.7016666666666667	36	chr17:42	0.5	0.9976348247416945	0.9141228079986397	0.9165411150347763	0.9966402198469092	0.4995721737321096	35	False
chr17:37359022-37359622	chr17	37359022	37359622	test	1	e89da077ede68e74861c1cd306b327e67eac96f51981981776b35286bc3b3158	0.76	207	chr17:37	0.5	0.9995986990017345	0.8038209854351142	0.937911211210609	0.9988961287575336	0.5898506557455218	38	False
chr17:28576696-28577296	chr17	28576696	28577296	test	1	3636bfc4db2c67641e6c244a39d0a2d55fe9dc70882b149deaec6673f5438db4	0.6133333333333333	49	chr17:28	0.5	0.9174024658334343	0.900119857527865	0.8502080153180062	0.9105555474428304	0.5191983459066559	30	True
chr17:29929998-29930598	chr17	29929998	29930598	test	1	d7d342e58fdcc943949839c89406fccc721e39c6ce0e13a8f690854a7f77ec9e	0.6633333333333333	23	chr17:29	0.5	0.9950084000172789	0.931143551405669	0.7381469021006715	0.9980174415753748	0.2946585067123282	33	False
chr17:28335317-28335917	chr17	28335317	28335917	test	1	24b36fa2e820040b4e19119afd4338004d4c2809bdaf7fad3f56f6e1b7ee4cbe	0.68	16	chr17:28	0.5	0.9912153715428097	0.9424083854867601	0.694256428940973	0.9925202413796012	0.45926667925504433	34	False
chr17:74453895-74454495	chr17	74453895	74454495	test	1	ad457a86e8dbdbf36b8541e6a48e273a6a014db59c3b3590e17c08c96e8e40d0	0.7416666666666667	12191	chr17:74	0.5	0.9974867201143847	0.3014038618679196	0.9240208746951529	0.9831531184453282	0.5909764880782554	37	False
chr17:28952125-28952725	chr17	28952125	28952725	test	1	f33a68bc3777ba513d160702e071dcf228f8ff1fdae13be762fad79d38800394	0.5433333333333333	854	chr17:28	0.5	0.8583858918979026	0.6522058396426562	0.6492631053347361	0.799204463019302	0.5039646205421322	27	False
chr17:8295127-8295727	chr17	8295127	8295727	test	1	710da65e6dc4ea7284a042bcf1df905765e46cac26fc98f98eb3a413acf272ef	0.6566666666666666	18	chr17:8	0.5	0.9935983671562514	0.9389782468088763	0.6316410049580461	0.9962083660979776	0.5823391108446209	32	False
chr17:17809976-17810576	chr17	17809976	17810576	test	1	0aa6f2e1497ccfa8a86b0e732ff6d8097d4436282fb56a5989c68719f267c1be	0.6966666666666667	3268	chr17:17	0.5	0.9972757126958967	0.47182884274038894	0.7308546643811712	0.9996180680400533	0.5926145851301514	34	False
chr17:35788686-35789286	chr17	35788686	35789286	test	1	fffe2a7d716f1496b9b9827d99d51d61de02291b40beb3049a0fd1c8316b484d	0.475	6627	chr17:35	0.5	0.2042314775890795	0.37668927508729344	0.3068566520140821	0.5306021341994641	0.3727743472853194	23	True
chr17:34579192-34579792	chr17	34579192	34579792	test	1	63d5d4a705e9a42afe412e8f9af28eb7b4f1e7b7e675c3f9ab4ff6cb724b118e	0.6866666666666666	6	chr17:34	0.5	0.9987974424265367	0.9639341668473307	0.6061578795928325	0.9976290454384513	0.4339767400293633	34	False
chr17:61409403-61410003	chr17	61409403	61410003	test	1	90c2014615d1a0a1a5c508578697187685821edce6b616b1579cfb6d0ee20716	0.6783333333333333	2047	chr17:61	0.5	0.9979330284746569	0.5363747749280581	0.7848461254700337	0.999628474946145	0.4734073562383473	33	False
chr17:35578332-35578932	chr17	35578332	35578932	test	1	c798843ed4c47467afcb769fda4488499e0ad153d2fb122c2ea513607604d0f2	0.6	38	chr17:35	0.5	0.9723798992128144	0.9118100295804089	0.8135885262408719	0.9986955621788653	0.5207810777999646	30	True
chr17:82668444-82669044	chr17	82668444	82669044	test	1	c80ef532b80846ee6fad693bdd20976b6f68e94d6a0de0d5d5fbe071504aac9b	0.6416666666666667	438	chr17:82	0.5	0.9179048439513777	0.7305338395692154	0.7015650567055951	0.8949747969372628	0.502319067192055	32	False
chr17:69235297-69235897	chr17	69235297	69235897	test	1	2f65d208e99dd368719c50f42f9e1ed1bd938c0597f067750c57522da161a0b6	0.4266666666666667	586	chr17:69	0.5	0.1480753874915681	0.6977682529254803	0.5374722714412797	0.46340474888188155	0.31727467335722476	21	True
chr17:75131482-75132082	chr17	75131482	75132082	test	1	d7565108394efc34b91ee572c9acc11bab3423bf8fdc1e38239e777f58644c7b	0.7066666666666667	7	chr17:75	0.5	0.9993174284730504	0.9612775523818726	0.8862355894947448	0.9996472931570141	0.5249515574073641	35	False
chr17:56913829-56914429	chr17	56913829	56914429	test	1	7f4e829311831243894bc2bf88abbbbe052fb381a1531f455fb6b95acee76a06	0.6966666666666667	9	chr17:56	0.5	0.9977320434124287	0.9564142662206934	0.732153918897538	0.9959538556303834	0.399263197242852	34	False
chr17:1516379-1516979	chr17	1516379	1516979	test	1	7bee8fc57951b2fbd9787b82887bb30deeef695d40274a31a581067d3485f7af	0.7316666666666667	55	chr17:1	0.5	0.9997876361144838	0.8943432831150929	0.899707611941469	0.9996707077937748	0.40536593324983416	36	False
chr17:7614872-7615472	chr17	7614872	7615472	test	1	2904d85694c1e460218e23cb2d5a6e3040d382c9ac4d091bb9dfba8991533c72	0.6133333333333333	257	chr17:7	0.5	0.9882165092360126	0.7843563722344211	0.7633176281539454	0.9992075003647901	0.4711744903006919	30	False
chr17:43388319-43388919	chr17	43388319	43388919	test	1	b5315cadd30a187947433e6efc9880ee99cd831271a3f1de609caef66e369304	0.6133333333333333	75	chr17:43	0.5	0.9548176661739318	0.8772928380075233	0.7300884916553944	0.9844104915623471	0.4877719553137239	30	False
chr17:44899104-44899704	chr17	44899104	44899704	test	1	1c77b356662ee03d174d97c4a15966aeed2101521a478d875f5d284b78f8f593	0.6083333333333333	37	chr17:44	0.5	0.9876220097980678	0.9129581507721586	0.7869408933443599	0.9808622210601063	0.4075002253437762	30	False
chr17:74330415-74331015	chr17	74330415	74331015	test	1	15ce9c0f7075631e2e74617e8a897eeb8c0da1b22e282c815cff180cc0963e0a	0.575	4490	chr17:74	0.5	0.6138258713070819	0.42839332094920946	0.6537857519771875	0.915840539094053	0.6132610191514164	28	False
chr17:28743659-28744259	chr17	28743659	28744259	test	1	d5e359a446db35374ea496673af41f8fa9d84bbbd24ed857db480e23ccfa518f	0.7116666666666667	42	chr17:28	0.5	0.9989722139499041	0.9073711836178706	0.7191801481040805	0.9972741822563498	0.5794862867165397	35	False
chr17:7889056-7889656	chr17	7889056	7889656	test	1	f208e0d6b47c569b36c1e6fa6543c8f292b85c4eaebd8efb768878515381ba15	0.5733333333333334	566	chr17:7	0.5	0.5198009743580457	0.7017950669330602	0.5069725826222194	0.6995960605712584	0.6364440387095499	28	True
chr17:75869105-75869705	chr17	75869105	75869705	test	1	92882ac16988a2fc50324b9c0d0543a9738d0a925738e3e343db2e6d26214313	0.5133333333333333	6966	chr17:75	0.5	0.5539192843614136	0.37023577327967	0.36670190094564853	0.5570130112858043	0.5480615575266236	25	True
chr17:4731505-4732105	chr17	4731505	4732105	test	1	6e12864aefa25fc3e7f88b325d1c2aa7830f629522eda0e01bd8bac1db57148a	0.6183333333333333	378	chr17:4	0.5	0.9723502435760352	0.7462276092680064	0.806919237469292	0.982459859557899	0.5715078127017881	30	False
chr17:43360890-43361490	chr17	43360890	43361490	test	1	c1a8faf96f2b4bbcf9223756764e1242a0575b433c03eb5cbd74c8ea3f32170d	0.5066666666666667	84	chr17:43	0.5	0.9635413213139766	0.8704741412692794	0.7604013535981458	0.9883165726165478	0.5652048635367903	25	True
chr17:55763735-55764335	chr17	55763735	55764335	test	1	66d302ca8c1800ba0d569a958b4d4998c71ae3e36a1e281b9a8a6257c38a51db	0.36333333333333334	12636	chr17:55	0.5	0.12770606080622207	0.29724666218880513	0.25029934322881875	0.40971160109905597	0.6385560055771646	18	True
chr17:81429140-81429740	chr17	81429140	81429740	test	1	e9ee291f63adca2a70555d664f3c9f1087144236e654f71bddaf78ecb9026fc1	0.7116666666666667	9482	chr17:81	0.5	0.9808995586164558	0.3314393656841662	0.8660584318927441	0.9858057460234124	0.5655729527478826	35	False
chr17:28644930-28645530	chr17	28644930	28645530	test	1	77a680b8a64cedcba3d1ffb6befb279c9863adaaa33e698cb60920fa55b2795d	0.7333333333333333	55	chr17:28	0.5	0.9996693573338671	0.8943432831150929	0.9073714153145411	0.9998664042066273	0.500487304907858	36	False
chr17:76585621-76586221	chr17	76585621	76586221	test	1	e6e17c76b3870210fe8112169618360093706f52b5ed9424cc5d3596e356eaf9	0.7666666666666667	62	chr17:76	0.5	0.9995487519193715	0.8880294246117003	0.9103689265972476	0.999655453474532	0.41367275892935357	38	False
chr17:81082573-81083173	chr17	81082573	81083173	test	1	8171f2aa4830f90bf4c13827c31371e173c01199a5319244cd2d40a11b20deb1	0.6233333333333333	15244	chr17:81	0.5	0.8857198860756336	0.27604096512398735	0.6216838138441684	0.8809850840171676	0.5903340801297984	31	False
chr17:61927396-61927996	chr17	61927396	61927996	test	1	ea5cf29a236d5d65ab49aa97594dc565a9a7fba661244fca0d979c7fadb60349	0.5983333333333334	250	chr17:61	0.5	0.980394896534946	0.7869177533091225	0.678566052745415	0.9958226996124284	0.4709378291441327	29	True
chr17:21287660-21288260	chr17	21287660	21288260	test	1	101ab079e99e78cff5408ae20c33bc766496c95569cfc6df1ad59cd6a7acd1ce	0.63	75	chr17:21	0.5	0.8627712285733099	0.8772928380075233	0.41832313742883104	0.9217963884670486	0.4402999899726424	31	False
chr17:81977221-81977821	chr17	81977221	81977821	test	1	3c9d7aa8beb6de56a10829a4b84393784b3da62de2cd11dd33d22fe62a711ac9	0.7666666666666667	21	chr17:81	0.5	0.9998357341135672	0.9341649496124225	0.7271608293379435	0.9997551738698687	0.39674978057726273	38	False
chr17:60677490-60678090	chr17	60677490	60678090	test	1	cd0e8d8af2a34119143d34a51d561cc8cf8d7cbd1b107f571f7a3770561296c4	0.6016666666666667	18	chr17:60	0.5	0.9612178138332056	0.9389782468088763	0.7165108877240858	0.9899130417063849	0.6176586735215459	30	False
chr17:42088129-42088729	chr17	42088129	42088729	test	1	a6115eae9d82443ad6bf29d50a1667b5400a91a2ff3903c0407647f7da49f259	0.5916666666666667	7	chr17:42	0.5	0.7812122430140294	0.9612775523818726	0.760187057628737	0.19843725690468655	0.6122847102019426	29	True
chr17:73311789-73312389	chr17	73311789	73312389	test	1	7de453f463964a06029a28f9fb3d8feb1b4b9afeb510437a899d7a5fa2c3191f	0.7183333333333334	89	chr17:73	0.5	0.9981716325549617	0.866868852982573	0.8518279660425433	0.9988327376530313	0.5877147492852848	35	False
chr17:30291795-30292395	chr17	30291795	30292395	test	1	df2524226b390cf39bbae58988ae573381f12413b18d7dcbf2e469efe703ba2b	0.7366666666666667	56	chr17:30	0.5	0.9995381397678295	0.8934149387213565	0.9639249272125635	0.999377013584957	0.3753054531038568	36	False
chr17:48892293-48892893	chr17	48892293	48892893	test	1	cd3f7aa025bf8109f9adee2994bb838d860d0c479b78c692caa03363c77644c4	0.59	171	chr17:48	0.5	0.9721709407131215	0.8198644719826036	0.8736348900546393	0.9611985023452171	0.6207913071310475	29	True
chr17:42667818-42668418	chr17	42667818	42668418	test	1	903181ac21e7b965b11c36cd8976fa0f4d98ce658ad4e52a38ef2c270d6be0f2	0.56	7827	chr17:42	0.5	0.5552889146257874	0.35534319819484966	0.6739431173410054	0.7094898119376617	0.5106526168991119	28	False
chr17:31008395-31008995	chr17	31008395	31008995	test	1	7f7b68b89553d32897e2025f451b2a828de98220ff703f650bd32885a2f60e6c	0.6966666666666667	22	chr17:31	0.5	0.9986920177387655	0.9326371161697482	0.857902765399361	0.9975496923451245	0.37690505265055213	34	False
chr17:12020482-12021082	chr17	12020482	12021082	test	1	d98cf8a3cfa56684daa8c6b90a84e6a30f8ec9f02689369c16a0250830153c9d	0.6866666666666666	35	chr17:12	0.5	0.9985551679495428	0.9153046550979582	0.8753231900236811	0.9992394946466254	0.4473660944374098	34	False
chr17:16438449-16439049	chr17	16438449	16439049	test	1	2a7898458961f99eaa42f04a5bf033b5a88e64f8db681ac8a019f5571e101ed9	0.5566666666666666	255	chr17:16	0.5	0.9231660441392336	0.7850832919143411	0.6377795395134769	0.8840650813179552	0.3646321851802359	27	True
chr17:81871196-81871796	chr17	81871196	81871796	test	1	cc57ab62c324f0210433c641b8e29ed2befd659306537a7e4ee85da5ac49b2c5	0.7566666666666667	121	chr17:81	0.5	0.99988536906077	0.8462316415051481	0.8993942160502335	0.9996633880472704	0.48734851974365406	37	False
chr17:6651380-6651980	chr17	6651380	6651980	test	1	d21d1edb69e14fa8370a2fd596e3d2a9bd78504d40b4921f8122bdff2239bf4d	0.6333333333333333	76	chr17:6	0.5	0.9781499195309942	0.8765126265057531	0.8190575256971149	0.9682035141344653	0.5722355402488263	31	False
chr17:10198577-10199177	chr17	10198577	10199177	test	1	37e595267af1aa63ecfde3984459b3519631f7159ae8a947a87d741d3ba97651	0.7533333333333333	34	chr17:10	0.5	0.9997030167983797	0.9165043905674707	0.7629639491126993	0.9997400871114827	0.5705993065492861	37	False
chr17:78716800-78717400	chr17	78716800	78717400	test	1	f7428d9e1b02d60da2bb86647505b7eda7394398c7fa1a251bd897556f46808c	0.5766666666666667	76	chr17:78	0.5	0.8020181263597641	0.8765126265057531	0.4770543169258576	0.870034821822286	0.45382811908125437	28	False
chr17:40317904-40318504	chr17	40317904	40318504	test	1	0bfd9c285c160e729cf98a707ae89ec1e4cb95b0b125523823d833b15e71c72d	0.655	40	chr17:40	0.5	0.9897351288896821	0.9095609801567284	0.9309251008970566	0.9812734986310166	0.4884915178274456	32	False
chr17:64156131-64156731	chr17	64156131	64156731	test	1	14dde5c91bd16b476e573e3f86db33e23a6ce011eeda22b582d76cbd7b88cd3d	0.5333333333333333	10093	chr17:64	0.5	0.4661649607332417	0.3238340526138142	0.1803853117964965	0.8108111611801458	0.4978951252782279	26	True
chr17:2029688-2030288	chr17	2029688	2030288	test	1	cf62a86101fd4113186820cf37f082ea9f82b6468f3db9415b11c19ac9a6f540	0.6666666666666666	148	chr17:2	0.5	0.9908513818229944	0.831290559268802	0.924170113129138	0.9845812006889686	0.4309870890043482	33	False
chr17:15684002-15684602	chr17	15684002	15684602	test	1	cffc31d674936e88a9d78fe9de3a5de2ae384a569b1a65d8e21752f179cc80d8	0.5733333333333334	1	chr17:15	0.5	0.9492092066293758	0.9816276543708162	0.8636689272821987	0.9830161142819511	0.5327576359207833	28	True
chr17:32486223-32486823	chr17	32486223	32486823	test	1	5ee69ac52a8e86b7022210ad21dee3c687c750490882026a1892943e7bb88e79	0.7716666666666666	35	chr17:32	0.5	0.9999099483735248	0.9153046550979582	0.8424626146199233	0.9997371327971865	0.38660216231113537	38	False
chr17:67825141-67825741	chr17	67825141	67825741	test	1	e493706abc4dd643ea62b5c5bbe1d1d4667154c758b4d8a466ecd0776bec2104	0.7533333333333333	46	chr17:67	0.5	0.9998438887814516	0.9031538883448366	0.7905092060103915	0.9998322506165256	0.5610189497231605	37	False
chr17:7483995-7484595	chr17	7483995	7484595	test	1	8f51023782050541b6fa464089e84442e0235bdb08ec3c7965d59ab6bc7ea5ef	0.5466666666666666	18	chr17:7	0.5	0.9577773419575212	0.9389782468088763	0.8731242131956153	0.9980565265071824	0.43777649680621283	27	True
chr17:65137062-65137662	chr17	65137062	65137662	test	1	af6b778a7b74e3e832157ddb9063665b24e15deb4d4cb914c818e3f04d2995d5	0.68	7	chr17:65	0.5	0.9933178176252487	0.9612775523818726	0.7858769456853727	0.9849515535042881	0.6655579902379138	34	False
chr17:47895600-47896200	chr17	47895600	47896200	test	1	282217a1a09b489e891f8983d5732cb45fa1fda26dc7a0095d2db9f7730dc8f9	0.5466666666666666	29	chr17:47	0.5	0.8390771602147664	0.9227995765995757	0.2859876987302974	0.6632686975715439	0.5042026588275359	27	True
chr17:59355587-59356187	chr17	59355587	59356187	test	1	a1255cdcf0fa432c894ecfea11fb1508a8cde35565a3906dd7193af965819e57	0.4633333333333333	2577	chr17:59	0.5	0.24810661739095177	0.5046248630737141	0.4825733179819216	0.35269112540074227	0.41489208290640106	23	True
chr17:50919501-50920101	chr17	50919501	50920101	test	1	db3d01643c0ee728ae0e7e7d38c83713b846bea25de29b9304aafe771b7c7720	0.6066666666666667	9570	chr17:50	0.5	0.8328548096090531	0.3303086097963791	0.5776643157801331	0.9290122837571898	0.5140141993977351	30	True
chr17:36591484-36592084	chr17	36591484	36592084	test	1	def35eb4eaa28dea779a19c7649a83bad3aff67b4471252b5eb9b0009d4c1fba	0.7116666666666667	3	chr17:36	0.5	0.999062365699802	0.9732759723133476	0.7851742957517904	0.9979492795838277	0.5946220152890717	35	False
chr17:18682044-18682644	chr17	18682044	18682644	test	1	d1b7640e4d6094e226afe0fd4ca080cc501829f781b3d011e959384994aa9d79	0.5866666666666667	31	chr17:18	0.5	0.973715214789822	0.9202186790708301	0.7219651370089701	0.9715889747934329	0.42809439007457417	29	True
chr17:42120886-42121486	chr17	42120886	42121486	test	1	8bceddb7c591633cac01ffa1c8e6ff35b765faec4bebbec24de2e630d11ed4e9	0.7183333333333334	180	chr17:42	0.5	0.9934127233306798	0.8156619628429836	0.8886568266685505	0.9983871201358301	0.5464080737950304	35	False
chr17:55750704-55751304	chr17	55750704	55751304	test	1	d74e0dd1b473e8fd269b69f00c4239d92ac3e722f70d92133d8b1449451f4e5c	0.6433333333333333	24	chr17:55	0.5	0.966096567505644	0.9296822056276196	0.6665491568301892	0.9325534057199325	0.4819357480470658	32	False
chr17:76709299-76709899	chr17	76709299	76709899	test	1	40dacfe4b6f63a19c82560cc5dcc397d8a09fa6b43def52df0c5d9e9d1c3acc8	0.5983333333333334	3	chr17:76	0.5	0.8688159064948815	0.9732759723133476	0.6126182354729435	0.938894385195654	0.5386145453087209	29	False
chr17:50102047-50102647	chr17	50102047	50102647	test	1	fa5d1d3ae95df875f2aa49ece99d2d867dddd6e634652dd6901cb227f7b20d87	0.6366666666666667	428	chr17:50	0.5	0.7631069580657949	0.7330345505563926	0.3519768395683	0.603881582533326	0.4889691814944813	31	False
chr17:40191497-40192097	chr17	40191497	40192097	test	1	3c46c9ec6225b446d1fa0f0d69b891337bd4ec8e3633348f24991b0e79bd0240	0.635	1	chr17:40	0.5	0.9692459166653021	0.9816276543708162	0.8847878679335379	0.9450138780418973	0.5033510397377055	31	False
chr17:4263680-4264280	chr17	4263680	4264280	test	1	257d9faf75c76be482259285f2877d7e114ca8e12852becab5c06f49efae58c4	0.6416666666666667	2	chr17:4	0.5	0.9960832207601292	0.9771161082130421	0.6657997379331839	0.9967899801532041	0.5559054252735863	32	False
chr17:78861945-78862545	chr17	78861945	78862545	test	1	292b3f8d54f8abc6c8760a8165aa50c2c51626d6fdacab9adfda2e3599f97b26	0.5183333333333333	51	chr17:78	0.5	0.6106692784072064	0.8981531865195937	0.19092565544551224	0.5076936660669791	0.5426807478311423	25	True
chr17:49788913-49789513	chr17	49788913	49789513	test	1	09abae5ca2e8243b303d23cfc8153d4e837803959bdbe247894ad0db708b19c8	0.595	98	chr17:49	0.5	0.9586641400675165	0.8606684808362983	0.9373198708737416	0.9880119074747152	0.5937480888956284	29	False
chr17:78359898-78360498	chr17	78359898	78360498	test	1	0232cf2a136c38c3315bfb196b8846bbcb88b0afb320d4875cf2773db4b99f3d	0.7516666666666667	2	chr17:78	0.5	0.9998092570818832	0.9771161082130421	0.7128852295653098	0.9999284585705396	0.5028881691688251	37	False
chr17:17379296-17379896	chr17	17379296	17379896	test	1	1de61c78f70e61731da5b9dbd0b653b946b83aea90d84512f741d2b048e62872	0.4633333333333333	12215	chr17:17	0.5	0.36415372557490244	0.30117495469637523	0.4973758217156594	0.45428453005148434	0.6155106638500607	23	True
chr17:20908394-20908994	chr17	20908394	20908994	test	1	0f655ea440a9fe855dadf6f398919ebbc1c5121e79b07f37225189629c197179	0.5933333333333334	12220	chr17:20	0.5	0.9648038484400072	0.3011273347464985	0.6576318623113632	0.9809872076638008	0.4115234871832756	29	True
chr17:8138759-8139359	chr17	8138759	8139359	test	1	de5f656e61e93d36f20ff7fd5eae7e763e73ce55bc4d192a18436d69206804cf	0.5583333333333333	6011	chr17:8	0.5	0.954960284743632	0.3894347732053563	0.5826513348169484	0.8305424146243668	0.45520957346324986	27	False
chr17:4967163-4967763	chr17	4967163	4967763	test	1	2d5a06c0c0f7a771af102c29893fde68557bfda7bc5635cbeafbf29c26ea126a	0.58	273	chr17:4	0.5	0.9130213003209281	0.7786760093432944	0.6681448687635911	0.8293877833466902	0.4744259187998805	28	True
chr17:42997934-42998534	chr17	42997934	42998534	test	1	56dcd0cdb1a7a2387934ba59684b8a01ca164ed8a0a05d1ca0139ea30f7d1483	0.5316666666666666	30	chr17:42	0.5	0.8311505653001208	0.9214980138287833	0.26095064026739445	0.9679340836525023	0.49472041152445173	26	True
chr17:7572445-7573045	chr17	7572445	7573045	test	1	eaea3cce3de7173345359aca18f12c7aa583133b46f18ae27584565b8def1014	0.6516666666666666	28	chr17:7	0.5	0.99327354447027	0.9241244508646922	0.8878765084427891	0.9884032881575239	0.5950824854575888	32	False
chr17:55699255-55699855	chr17	55699255	55699855	test	1	ec46bd69b1ab3e298ea5c9d999a5102c5389efd930f17bbd236515360dfdf794	0.4666666666666667	22890	chr17:55	0.5	0.31005898861171594	0.23344736909082664	0.44467083540749985	0.7971859291873891	0.3957658009850168	23	True
chr17:41930002-41930602	chr17	41930002	41930602	test	1	36b8d160a9f660f7e93d2803467b49e9bdd8191477c8aecaf6c8d81cc261f2a2	0.5366666666666666	240	chr17:41	0.5	0.850116914129261	0.7906628241641501	0.683564184298214	0.9616117030620726	0.6319468119444568	26	True
chr17:7915699-7916299	chr17	7915699	7916299	test	1	fc03df463d536559bb649f3a35fd97b4b1c0327f4e2cd9d9f1e8b1d3636761e8	0.7316666666666667	25	chr17:7	0.5	0.9998776316194494	0.928251227750206	0.7364686795037708	0.9998312241251947	0.3061746995555652	36	False
chr17:72614916-72615516	chr17	72614916	72615516	test	1	af91606d26fafe490335f8eeb601b312897f83ceaef3dc9d72c1f658aef7f13e	0.5366666666666666	83	chr17:72	0.5	0.7126901395909403	0.8712101392962631	0.9619952146274057	0.7631958932296401	0.5472155939799228	26	True
chr17:82735260-82735860	chr17	82735260	82735860	test	1	e145239b01f5d400db7f168a321a3c86d8f16efcc79246790efd998d36e8b0bc	0.77	54	chr17:82	0.5	0.9998996290563079	0.8952810236046227	0.8899765193101725	0.9999319017767521	0.4674168750045274	38	False
chr17:50161294-50161894	chr17	50161294	50161894	test	1	d2d081840253f7bd8c09267f941fa4b40f879a56589743feb0187b6f533a2a34	0.6066666666666667	75	chr17:50	0.5	0.978361762101982	0.8772928380075233	0.6372871743532826	0.9725619524984838	0.45466070017521204	30	True
chr17:1487850-1488450	chr17	1487850	1488450	test	1	a31ad5d42c8ed52f7d407838f6d86a607d30642b1a0df36a5bc999b7991afdad	0.725	271	chr17:1	0.5	0.9990999674463886	0.7793733308291162	0.896346506597041	0.9997886940606768	0.515628664005607	36	False
chr17:10036595-10037195	chr17	10036595	10037195	test	1	e3bd23ba4b40b69d8993356af5689c16536ca31524ce7145c2c47f112ddfddfb	0.5266666666666666	149	chr17:10	0.5	0.5184168367280594	0.8307712170028033	0.22121767897347105	0.9577208091030083	0.6135413193054825	26	True
chr17:38729912-38730512	chr17	38729912	38730512	test	1	136d3d9a8922d4a9d7914e914cd4ffc927bc7f68af408e1782fdd3ffc00c11ee	0.8083333333333333	62	chr17:38	0.5	0.9999525638211869	0.8880294246117003	0.9422258261702353	0.9996694989749207	0.505527920223614	40	False
chr17:20226673-20227273	chr17	20226673	20227273	test	1	f0351865610dbc9b1d3d63d510a9443bddcb13e22e4a18593a3249412503d384	0.495	41892	chr17:20	0.5	0.4854903410630246	0.17900211954179665	0.3569138901528777	0.965473750174491	0.4319774291404115	24	True
chr17:75205135-75205735	chr17	75205135	75205735	test	1	59990b0345476232f678b880083f0a4ef77d0a1a67cfefeb2e828d6b2a57f234	0.6416666666666667	42	chr17:75	0.5	0.9938129979459008	0.9073711836178706	0.8015788130083366	0.9984607464080999	0.5835376918779309	32	False
chr17:76264946-76265546	chr17	76264946	76265546	test	1	543edf8b2cbb83fc1fee6089b46d0d9397b450735d0edd49b0944dd43572d8b0	0.7266666666666667	50	chr17:76	0.5	0.9998454355584645	0.8991311363082065	0.8946810657323304	0.999880953545268	0.4732501183255517	36	False
chr17:27577065-27577665	chr17	27577065	27577665	test	1	293c022b30cbe1039211afcaed60e0feff55d1dde2ca17fbc30b42a9c2a0a257	0.5883333333333334	10976	chr17:27	0.5	0.8058575822791781	0.3137648645804644	0.68520145885182	0.9059859247069232	0.44831946334712935	29	False
chr17:18363245-18363845	chr17	18363245	18363845	test	1	fcf810693b1934c5bd5e5ffd24a8643006cd20c3450feea621ec87d398a830a6	0.6933333333333334	4	chr17:18	0.5	0.9983755510452665	0.9698723804007733	0.7896134727278971	0.9984623139219372	0.4807413816380913	34	False
chr17:15563236-15563836	chr17	15563236	15563836	test	1	b81e68b8e6f82adf7096af02e0cc0ff77a04beeb3ea3cf091ec2f8501001348f	0.7216666666666667	1	chr17:15	0.5	0.9985277670061817	0.9816276543708162	0.9456206029715601	0.9994913391441396	0.6698880399931975	36	False
chr17:27332706-27333306	chr17	27332706	27333306	test	1	cbd44997018c11859f85b04b4314098a5a4ae61c45db1cb7fd85492c99644213	0.6733333333333333	98	chr17:27	0.5	0.9906176538561406	0.8606684808362983	0.6840732991577008	0.9997732705843169	0.5107239619467552	33	False
chr17:75507708-75508308	chr17	75507708	75508308	test	1	e8eba3d601f48d74c4b1c262f23d60a938608e6ee13f244a77356f54e9b4ba26	0.665	1879	chr17:75	0.5	0.8491299008085472	0.5481212988493931	0.7012883345229514	0.8676737531489179	0.5186137282103541	33	False
chr17:39652770-39653370	chr17	39652770	39653370	test	1	d7f6f848e152434c4b690b118d04d68525567c799bed71b9a3207171f2dc013e	0.6216666666666667	1	chr17:39	0.5	0.6151393637727248	0.9816276543708162	0.5145483623743524	0.7357159284124892	0.552901786135641	31	False
chr17:63621907-63622507	chr17	63621907	63622507	test	1	2b104a6f42d1c91db719181f6dc89f447759980ffcc5e2cc860a8c655d8a8eae	0.66	171	chr17:63	0.5	0.9938062083921131	0.8198644719826036	0.8370698828391628	0.9970247852425438	0.5398141704118801	33	False
chr17:77088379-77088979	chr17	77088379	77088979	test	1	2a9058cece0c4192449d0a0455ddd0c9e9f9e8f8749bf40928d44803b61bdaa9	0.605	14	chr17:77	0.5	0.9656217257633715	0.9460515456740395	0.5850484298665193	0.9789003275695047	0.5190660056780024	30	False
chr17:16215274-16215874	chr17	16215274	16215874	test	1	884df154f54e33424474e63bc1bf4af2b2972ccc8f892f357828f471f7bccb73	0.735	26	chr17:16	0.5	0.9996092156993248	0.9268489392037027	0.8902932874994343	0.9989366187723983	0.4800617690331902	36	False
chr17:44218394-44218994	chr17	44218394	44218994	test	1	bb053f4ef1ae28f4a46f4df0a8dad67e16abecfd45d1c033e6844396237f85b5	0.7466666666666667	32	chr17:44	0.5	0.9994492909590649	0.9189605710110389	0.9476063285031	0.999350687987086	0.4974325620192127	37	False
chr17:28842465-28843065	chr17	28842465	28843065	test	1	a13ccc59b402252abdf74647edc5e39f862fb3483e0aa75ca40fcae1416f889e	0.65	24	chr17:28	0.5	0.9845003602897461	0.9296822056276196	0.8449895014498325	0.9926682180270863	0.5479329536140223	32	False
chr17:36535181-36535781	chr17	36535181	36535781	test	1	ac256e5ad6a51c05126b1b6477228d56535559e1dbf261fdef94a530ac23bba9	0.65	14	chr17:36	0.5	0.996997740183685	0.9460515456740395	0.7940026859330941	0.9198368614704752	0.41567545279752477	32	False
chr17:61863265-61863865	chr17	61863265	61863865	test	1	ca522617abb5d4f562242d18f2ed88900b93951c704588fd7f081b77745a80c8	0.545	5	chr17:61	0.5	0.9278214017987017	0.9667829704126885	0.7687828807904199	0.9852618063112101	0.5148212747256645	27	True
chr17:41688524-41689124	chr17	41688524	41689124	test	1	316d4a20f7ea35b16e5b45c458b79a062169d39f93dc3b126d57c8a8b8299972	0.655	58	chr17:41	0.5	0.9958794324033262	0.8915854883148857	0.9467065370648841	0.9975464999148961	0.3248164971261664	32	False
chr17:78040577-78041177	chr17	78040577	78041177	test	1	597ff5fe53e6da2a86a49a828a08fc09b04b2d8760c28f6aaf35a998f4e6950d	0.56	26069	chr17:78	0.5	0.9372129882391054	0.22082754917481495	0.5215870556992832	0.9855140613874933	0.4974845842797726	28	False
chr17:46225125-46225725	chr17	46225125	46225725	test	1	11e871b9a51b4fe3e2474d91a962422b2f1aafb05b43f5f5813b45d5a9800b5b	0.6616666666666666	37	chr17:46	0.5	0.9782915599875919	0.9129581507721586	0.7849037495280313	0.8815192668548134	0.5428526985010143	33	False
chr17:49566015-49566615	chr17	49566015	49566615	test	1	80b4fd24d7e2cbd707fe147b0590451407bfdf9b6c113324f4900f58ddbc497a	0.495	7721	chr17:49	0.5	0.5313911946737049	0.35707193788534813	0.8917288280613795	0.9671182835783841	0.5187337971400656	24	True
chr17:79844624-79845224	chr17	79844624	79845224	test	1	5399f1a9f09ef2e6440c8d88c8c887a294326f94a87b489694deae2811853f8f	0.6933333333333334	5185	chr17:79	0.5	0.9889172135978195	0.409031926933018	0.5900136288343485	0.9730959846844082	0.4196754987356171	34	False
chr17:31533471-31534071	chr17	31533471	31534071	test	1	7fb0c882355ee6292aa4e94edec0515658a415c2ee1bae8f6d6eaeda09f210d6	0.5383333333333333	166	chr17:31	0.5	0.5699985093095352	0.8222609455275258	0.5291416205281976	0.7391817149386252	0.6348620991401701	26	True
chr17:50719231-50719831	chr17	50719231	50719831	test	1	638e599ab99be337d2bb1d1efeb1c40e926a4a89b1aa77ab2eb2efa302d2b46d	0.65	33	chr17:50	0.5	0.9975005158828475	0.9177227619848923	0.8617700408350635	0.9954061839653804	0.5000124703257869	32	False
chr17:78896456-78897056	chr17	78896456	78897056	test	1	328f4a36490ea46dae6d89bd1a8a34f78e4f13dfa78772159ae172b20f43aef8	0.6266666666666667	507	chr17:78	0.5	0.8796447599621503	0.7143519064993273	0.3007818067932048	0.966090389674933	0.47510731837535086	31	False
chr17:4230027-4230627	chr17	4230027	4230627	test	1	fedfada54e99fec6cab878e3f048d323a1001cf0b68eba50aeb89659f7018775	0.4066666666666667	33519	chr17:4	0.5	0.1461302513483978	0.19784264239403684	0.11697719980856096	0.7280769992944199	0.47285251514459037	20	True
chr17:4710247-4710847	chr17	4710247	4710847	test	1	8273fa919b5937ecce88c10cdb4704644e1722e706751abc685b90dd7aec8e48	0.73	82	chr17:4	0.5	0.9993498642524479	0.8719513207075702	0.7953405691794698	0.9987160963312232	0.5680751225694163	36	False
chr17:63681377-63681977	chr17	63681377	63681977	test	1	16b7861883b7599fe01746d4718349622c0f3ea24859f05dd1c751bf44899b63	0.5083333333333333	17484	chr17:63	0.5	0.42732687514707574	0.2611524059421877	0.48404984378311144	0.6595560358237367	0.5299158788566998	25	True
chr17:45371521-45372121	chr17	45371521	45372121	test	1	abdef2b3907b6d35794a3f38a5577dff5c0817f136abfaf1ad0aa8cbca3eb544	0.615	290	chr17:45	0.5	0.9861021345709426	0.7728867571144551	0.8210203479493281	0.9817636093430885	0.5083716102779936	30	False
chr17:57874354-57874954	chr17	57874354	57874954	test	1	126df71825b439a1305415ff0c84195c31254377ca73c7107a309fb275a4a80f	0.6433333333333333	18033	chr17:57	0.5	0.9595330997845786	0.25786756729473115	0.9129200041418327	0.9934164411060332	0.4767198444816729	32	False
chr17:59331281-59331881	chr17	59331281	59331881	test	1	b304bfc4fc084f2a5816c210140c717fc91ca6d9a4262fdea9a9b1ab20dd818b	0.725	9	chr17:59	0.5	0.9990134274625798	0.9564142662206934	0.9889429702489078	0.9993128331476441	0.6272621687183777	36	False
chr17:74213169-74213769	chr17	74213169	74213769	test	1	28742348aec0b980a9ce2bc5ae028e761492347822bff5ce893dd0e2999d517a	0.6616666666666666	48	chr17:74	0.5	0.9939076002622484	0.901119666006424	0.7191058756288728	0.9887045688185115	0.46170132506146444	33	False
chr17:49677788-49678388	chr17	49677788	49678388	test	1	7c95e52f0c431cc76c81cdcf03add373cdcef903790ebf35264858fab03c8678	0.6533333333333333	8	chr17:49	0.5	0.9885721686297353	0.9587792109698657	0.8174297937289815	0.9844973110407353	0.5058225839185182	32	False
chr17:32876956-32877556	chr17	32876956	32877556	test	1	028788405648c4c774c2e32bf2fbd282413792ca2f83bab1ba11e133fe934ca6	0.7333333333333333	57	chr17:32	0.5	0.9996693573338671	0.8924957504264149	0.9055015500598771	0.9993438513269483	0.3505626275905508	36	False
chr17:75525288-75525888	chr17	75525288	75525888	test	1	f4fbd7c01e409ed4732276de3b4548a1d262d4d2441dd3fc30910eccfe4b34b0	0.79	94	chr17:75	0.5	0.9998812363169516	0.8633807205258935	0.81363695896631	0.9990920942052052	0.5463111507945838	39	False
chr17:50178044-50178644	chr17	50178044	50178644	test	1	c492d05fb220c3a46d7249003499411182e9c3b7cf21cbce47d036b00c29778b	0.6433333333333333	2911	chr17:50	0.5	0.9043946495332393	0.4877871240458367	0.47508925417563475	0.941730166694349	0.5257014108166306	32	False
chr17:37406858-37407458	chr17	37406858	37407458	test	1	a67c1f54b90cb270a469bc6a4d40d1d6d0b1fc137827ce4a09651c623162e5e5	0.7266666666666667	56	chr17:37	0.5	0.9993868923666351	0.8934149387213565	0.8667950621442215	0.999309331651681	0.66501536531942	36	False
chr17:37609187-37609787	chr17	37609187	37609787	test	1	3331a928995a296c8be735b439514ced4c18725da9cd088a8120f94597069fda	0.6716666666666666	2	chr17:37	0.5	0.9968133771387314	0.9771161082130421	0.9517888243812097	0.9968665169051019	0.4414857600343205	33	False
chr17:82022806-82023406	chr17	82022806	82023406	test	1	c31c7d506b2f75b8707d7ce197f895de9af034690a36c276747db51cd35804ac	0.72	162	chr17:82	0.5	0.9986343890244526	0.8242115999773681	0.7347330708356721	0.9998253610866716	0.5738357749681985	36	False
chr17:42527112-42527712	chr17	42527112	42527712	test	1	2179783d8bfa3e0d28c588d7beb81472d8fe1d64c55bbfdc69aec5db17988318	0.545	4215	chr17:42	0.5	0.4494036320932187	0.436969448990052	0.5069673576679673	0.3933977150893475	0.555110792216677	27	True
chr17:20189248-20189848	chr17	20189248	20189848	test	1	9904225218a09d5223556dfe5dfebd820b3662be5b2444ea8a605c12a1423ce9	0.485	4467	chr17:20	0.5	0.32980776894305586	0.4290886594584825	0.7100777337554098	0.9247941866712334	0.5276476564108582	24	True
chr17:7219580-7220180	chr17	7219580	7220180	test	1	75f9ab224ed36f07b425badbe86b6f4aa3405d2b07bf562cd3c9c21f3cafb342	0.6716666666666666	0	chr17:7	0.5	0.9920505905716757	0.9874030845967952	0.9526509966065313	0.9907409726746965	0.4339876460349259	33	False
chr17:7014424-7015024	chr17	7014424	7015024	test	1	4a67024e5fd0fa46bd049e537dd0d174eab4c6cfdc4a304c8a76c3637361f686	0.7066666666666667	57	chr17:7	0.5	0.9989197670226767	0.8924957504264149	0.6194367118226395	0.9985278415071254	0.6823027704021603	35	False
chr17:38799287-38799887	chr17	38799287	38799887	test	1	91f64fea6109c25f7d3958f5cc59ac0d941ba01cf9f1180ebcd3946f405e7a72	0.7716666666666666	32	chr17:38	0.5	0.9997941186242391	0.9189605710110389	0.8395883828527724	0.999707964327986	0.531474231235046	38	False
chr17:58577603-58578203	chr17	58577603	58578203	test	1	813bfc567fcce3085c4cc552981790dc9e14d1ea48a260b84fcf0c8e1ebc71a7	0.4666666666666667	33536	chr17:58	0.5	0.31005898861171594	0.1977981540201613	0.9775339542499519	0.7217103156976723	0.5948284665028463	23	True
chr17:17591448-17592048	chr17	17591448	17592048	test	1	61b6c608d01e8f56afe7dac2567c95a9934feec06134e7ee87ec4ee1b82a9b34	0.6616666666666666	41	chr17:17	0.5	0.9967886584230393	0.9084589343711327	0.7358218273060755	0.997980052506479	0.45030410628815204	33	False
chr17:76480548-76481148	chr17	76480548	76481148	test	1	193482b19f189641f2d5b2cd053c4780579ef74605f43be4f50ca063d227f761	0.54	935	chr17:76	0.5	0.6809009261422954	0.6407685952518138	0.733286145243864	0.8728726562939366	0.5878203502521752	27	True
chr17:19977552-19978152	chr17	19977552	19978152	test	1	04d0f20a8a7224c9727bae5666fdbed22f17625a5e0a0affcc31fa9a68033c93	0.7183333333333334	25	chr17:19	0.5	0.9984781215669722	0.928251227750206	0.9190472969883445	0.9986381540231144	0.4208366514386366	35	False
chr17:8479238-8479838	chr17	8479238	8479838	test	1	26ab39fc0890f394d0ac43c384a296e467919fa5a216b7d58ef4f8f9d5bc1602	0.45166666666666666	31586	chr17:8	0.5	0.297879155254507	0.20310647597945747	0.34463062501413455	0.8431966182100749	0.618535978170877	22	True
chr17:81552078-81552678	chr17	81552078	81552678	test	1	118519619570c11c4c98fd976d4f7cca13f53629d94dd76c411500d92077e19a	0.76	9	chr17:81	0.5	0.9999077280484964	0.9564142662206934	0.968375094446744	0.9992470252435666	0.5296186724024867	38	False
chr17:44968101-44968701	chr17	44968101	44968701	test	1	1074b12421cc084093f6d07008c4bf5d5cf50d3616c66bc658affc993c4886d2	0.7733333333333333	33	chr17:44	0.5	0.9997975088580017	0.9177227619848923	0.8998044152910848	0.9991824264881902	0.5054824178992449	38	False
chr17:38417603-38418203	chr17	38417603	38418203	test	1	d15e57a8689465f52c31ccbc8d2670a45a9198515c2df0364dfeaa7805ab5a92	0.6133333333333333	1356	chr17:38	0.5	0.6596215467569456	0.5922645854399751	0.90785092061631	0.9299348058799555	0.528192097832072	30	False
chr17:50930890-50931490	chr17	50930890	50931490	test	1	278cd805fa6cbc6376a60da732074e7a9df287e71846a781db42ddb2dc900d4c	0.5616666666666666	12862	chr17:50	0.5	0.9523680295250827	0.2952033585102562	0.46404678739281313	0.9792394099085354	0.5371992926205847	28	True
chr17:44344967-44345567	chr17	44344967	44345567	test	1	cc9e8281acadde7fcb518266433ec5c0fcc7153848b921b39bce37cd5681c78e	0.5833333333333334	34	chr17:44	0.5	0.900296707357765	0.9165043905674707	0.3273731076949211	0.8162817568011209	0.5634221091201067	29	False
chr17:75456287-75456887	chr17	75456287	75456887	test	1	1a6b1888051d6a186c91d21847f5588b969d77fd01a5a4b8516901a8dd6d0548	0.5916666666666667	3	chr17:75	0.5	0.9534119514818313	0.9732759723133476	0.6968763138383296	0.9885628763849154	0.4615550785635434	29	False
chr17:48816868-48817468	chr17	48816868	48817468	test	1	46eb262e844e2d7148f006372855e35cb7152b330c3cec5e8c312f16dc7b19fd	0.695	60	chr17:48	0.5	0.9974727814611865	0.8897908699153896	0.9027501813155238	0.9966397546861304	0.542973921393833	34	False
chr17:7436851-7437451	chr17	7436851	7437451	test	1	0051643c9f008a30070c303866ecce6ecbbd086f7977f2d3bdeb80b609eac290	0.7316666666666667	1091	chr17:7	0.5	0.9996638222283188	0.6209229003402141	0.5685197103898639	0.9994080906581518	0.36942613647939526	36	False
chr17:81512648-81513248	chr17	81512648	81513248	test	1	a72fdbda6ff68dabd63d121a07724e751b84a9c5ac3c95bcc51dd10c4169ad8c	0.7783333333333333	131	chr17:81	0.5	0.9999231331921831	0.8404775565636619	0.9185829276644604	0.9999589520886698	0.4783461920566052	38	False
chr17:57242992-57243592	chr17	57242992	57243592	test	1	3a79d2f61bb60f6de261cc6d56180d04097e1fc07da548f5e1e7b37d86710844	0.4816666666666667	12558	chr17:57	0.5	0.4524158966719863	0.29796228547032855	0.30783393239945084	0.7818353444980963	0.4805684070849681	24	True
chr17:1005310-1005910	chr17	1005310	1005910	test	1	bde297751ddec9c9e119060e22e27eae8e394599c3d3c894778471e5bd622b60	0.5833333333333334	8482	chr17:1	0.5	0.8621134367166046	0.3452316765088484	0.6079585265032738	0.9749395206069577	0.4986704256492903	29	False
chr17:81636570-81637170	chr17	81636570	81637170	test	1	aaa3a022601be50c5b281652ffad601197f948755370cef26983b57e0034194c	0.73	241	chr17:81	0.5	0.9993498642524479	0.7902836147312948	0.6670155406968896	0.9988528282455675	0.5022715848451395	36	False
chr17:81911298-81911898	chr17	81911298	81911898	test	1	027b81832b41b0db68bbc343b8b4f04be12c807b70902536224fb2c6cfb1769a	0.745	130	chr17:81	0.5	0.9997056343557696	0.8410405085390159	0.9364179223004326	0.9993328869780793	0.5256301305303187	37	False
chr17:8186547-8187147	chr17	8186547	8187147	test	1	fb97ff26a64bae75876ebd328556e53062edfca8b0f8de58aebe7b45c8de9af8	0.5366666666666666	97	chr17:8	0.5	0.9151937160893261	0.8613402843619263	0.6903414083082242	0.900655229465173	0.37470512443919185	26	True
chr17:996480-997080	chr17	996480	997080	test	1	5c6c9c4f6ded1fdbac0b832eaee02c53eaeac36cdf99eaf097f682210000b719	0.6216666666666667	309	chr17:0	0.5	0.99564108988537	0.7666894770748415	0.5378750819133356	0.9931980098193859	0.43158340463071754	31	False
chr17:58992454-58993054	chr17	58992454	58993054	test	1	b868b10fd30c84965da3480f8e4a06e74929320df41cb43d1e249b38309a26b2	0.49666666666666665	355	chr17:58	0.5	0.44392868690554016	0.7527269306585247	0.39336557695008645	0.10196692604124738	0.5431587929692268	24	True
chr17:47970622-47971222	chr17	47970622	47971222	test	1	38cdfcf22db7eb88240c0a831bad159802b7ed7750bcbf0233bc686045ad2d04	0.6383333333333333	108	chr17:47	0.5	0.9826227884603546	0.8541646885600274	0.5206844486329041	0.9556632508363695	0.5746660333099483	31	False
chr17:60078395-60078995	chr17	60078395	60078995	test	1	3adb12720e4d22585fc56a30ebf9384aed826dd0f5a4ca99a3f71757210b295e	0.6266666666666667	225	chr17:60	0.5	0.9822019204322169	0.7964832256469578	0.48587572787092786	0.9578039332533792	0.4851893888726975	31	False
chr17:39461225-39461825	chr17	39461225	39461825	test	1	a9d279d0e9026be3d1c2edd49bf9cddea4bc3e7c0c2583ad8c8c9666eabf5d6c	0.5833333333333334	40	chr17:39	0.5	0.9728516095038217	0.9095609801567284	0.564041835805275	0.9887955665517455	0.5550588391173331	29	False
chr17:73644963-73645563	chr17	73644963	73645563	test	1	99afb99f4c882ab168872784b80f1ae0d7f8fd3b7a8c6e042daac3799979ff11	0.7833333333333333	7	chr17:73	0.5	0.9999578627805297	0.9612775523818726	0.8883952345774986	0.999875677001828	0.40848071082921816	39	False
chr17:77109541-77110141	chr17	77109541	77110141	test	1	f7461d4b23489b8d51a9a529f6efb40d3a5ed4aa27ac092a0045a31225639e53	0.395	15751	chr17:77	0.5	0.18035236979486433	0.2724406053781931	0.22417140324397353	0.9071934669179399	0.5304767922992112	19	True
chr17:78360660-78361260	chr17	78360660	78361260	test	1	c20a8ff67b7840c3eee55f070e43618d1fa7ab395217aa8467fee085f5b2fe38	0.6466666666666666	31	chr17:78	0.5	0.9532646700453877	0.9202186790708301	0.2504594548383057	0.9085149710113183	0.5641654426276766	32	False
chr17:45894114-45894714	chr17	45894114	45894714	test	1	384d674783de045fa483b9f6a2d50083b427ab6a8f1a9ec10985a9114ffc321e	0.725	137	chr17:45	0.5	0.9997512155200704	0.8371545318555859	0.8837937035047748	0.99990611400079	0.360322993125191	36	False
chr17:44308223-44308823	chr17	44308223	44308823	test	1	ce91cf3dcaf539dfa79834f992ebf41886041f8fd00b1c48b58f093615477088	0.73	35	chr17:44	0.5	0.9941314277264434	0.9153046550979582	0.7187451396721886	0.9675140900103004	0.4062555339943116	36	False
chr17:38296821-38297421	chr17	38296821	38297421	test	1	bacaa430d438574da370502d6f2d7d727cc4e6ab15567a200e5a3cf9c1901224	0.6033333333333334	11	chr17:38	0.5	0.9813299434423078	0.9520130873851713	0.6848931227559093	0.9902292534671338	0.3967661589975749	30	False
chr17:62478465-62479065	chr17	62478465	62479065	test	1	a462b5d674ef93f883ae5a3b7889f303acfc2f97053f4660c4eb95a94dbe5a26	0.7766666666666666	3	chr17:62	0.5	0.9998513109044349	0.9732759723133476	0.619220408046087	0.9995345871459361	0.32975624086477645	38	False
chr17:45092965-45093565	chr17	45092965	45093565	test	1	c2fe3a47589d22b3573a090f07a35d328380d46f2dffcb8e12e9e18c3d4dbf71	0.5183333333333333	21167	chr17:45	0.5	0.42922496742158933	0.24127934974344512	0.3477011818319685	0.7731252796226599	0.63860554646361	25	True
chr17:81094863-81095463	chr17	81094863	81095463	test	1	6152ac0c9e5196d3bd61f9c1836a832e9328ce9e2a592e5166054def2833e9c1	0.61	2954	chr17:81	0.5	0.9148504612423696	0.4857622657321246	0.6974193098628207	0.9474967921099643	0.5369496102743416	30	False
chr17:34413496-34414096	chr17	34413496	34414096	test	1	6da682b4cf9e9202e7785a3883de660542279a278eb13bc8457aa05f9536cceb	0.4666666666666667	7070	chr17:34	0.5	0.37187862067939137	0.3683275571911138	0.8107769883406836	0.69270189378422	0.4772437047831824	23	True
chr17:50043661-50044261	chr17	50043661	50044261	test	1	001497dfceeed6e478ebb5b2abf6d2d2ec90af80516364ef17549dae5d2c2ffc	0.5833333333333334	11280	chr17:50	0.5	0.7322214468621114	0.3105217481193195	0.7714272826886008	0.9539310818874135	0.5043548598500666	29	False
chr17:49515237-49515837	chr17	49515237	49515837	test	1	dbc7c7c88562fd23956bc1e079012f2a9c842bdcbaf3b9012dd0aaee125faf6a	0.6166666666666667	4721	chr17:49	0.5	0.7065336926433985	0.4216161009898042	0.857079868622449	0.9545818732018898	0.6659246402471835	30	False
chr17:8156144-8156744	chr17	8156144	8156744	test	1	0272e4284f539f5be97723c91ece2c5c60ab149a23fa7052dcf39a881e9e46db	0.62	85	chr17:8	0.5	0.9879162867433136	0.8697432370280771	0.8909141576209256	0.9722068289818238	0.7581946464713168	31	False
chr17:48023679-48024279	chr17	48023679	48024279	test	1	e1f7250c83872bc765c880a493133197e27f4896e5884fefd687fc6a4821b688	0.7133333333333334	373	chr17:48	0.5	0.9942338570951444	0.7476156737920473	0.6643952322211779	0.9992678400049866	0.40374973791419794	35	False
chr17:40098970-40099570	chr17	40098970	40099570	test	1	988b438f7699f91ba43b8224fa961684b2b4ce08563739bc5816e1a29fc21a93	0.6783333333333333	1318	chr17:40	0.5	0.9937994114340245	0.5960514709780439	0.8563289428140914	0.9962622687827515	0.48896718599397526	33	False
chr17:68794599-68795199	chr17	68794599	68795199	test	1	09aab6cb4b4611eae5c747531e385d794925335cb09653c1831629bb13313fc7	0.38166666666666665	26511	chr17:68	0.5	0.1177001795044035	0.2192322117797171	0.15539952581388675	0.6633559941101972	0.4643567702239922	19	True
chr17:20008989-20009589	chr17	20008989	20009589	test	1	0aa274ffb9bf7b27591d443dff7c7d8da8b9102215808a04753c27065e9066b0	0.6833333333333333	54	chr17:20	0.5	0.9982056498994826	0.8952810236046227	0.7873993310417302	0.9951219635023794	0.48521289778268745	34	False
chr17:15414850-15415450	chr17	15414850	15415450	test	1	1af8e148a466e0e19ceb2779906bb3cbf8f93a2ce2a371573cf637c1a1237785	0.555	2727	chr17:15	0.5	0.6101443739469556	0.49680734210924393	0.36659500713505944	0.786155364383579	0.5757037893967919	27	True
chr17:80414858-80415458	chr17	80414858	80415458	test	1	f32ef6806c91846a16feca8507ffd8ef0cbfd2bbfa5188e155e29fdd5e17c8b1	0.6916666666666667	8	chr17:80	0.5	0.9995833059708801	0.9587792109698657	0.960208214940709	0.9998350083936837	0.5310413407264186	34	False
chr17:59707304-59707904	chr17	59707304	59707904	test	1	158eb9f1a2a6133d35dc8ce0eb21856aed9cda2ab711666ec7cd96fd3ffd110e	0.575	19	chr17:59	0.5	0.9500039207450838	0.9373328095870924	0.5465948554958345	0.9824117501996806	0.4782372273146178	28	False
chr17:44014669-44015269	chr17	44014669	44015269	test	1	cca59b49965436661dc929a551e94433b8028ad2857f5dae2994b578e0ba744a	0.5666666666666667	0	chr17:44	0.5	0.9169813452334002	0.9874030845967952	0.9216424439503792	0.9792424654583858	0.503621378358589	28	True
chr17:82098093-82098693	chr17	82098093	82098693	test	1	8bb5ee978c541bae1251b4d9b0b7573a2c50d03d26d063f526ce0d29bd00048d	0.7933333333333333	151	chr17:82	0.5	0.9999581881473463	0.8297390843882866	0.9218970323477205	0.9998969957627404	0.5337114908436917	39	False
chr17:67717475-67718075	chr17	67717475	67718075	test	1	372bf50a3340f9c872e303d5fd8547b5e66fe0fe62612be1d5d2e97e61824462	0.5583333333333333	20	chr17:67	0.5	0.954960284743632	0.9357293314535567	0.7458480425112243	0.9565777551635186	0.4796699103940074	27	True
chr17:59837479-59838079	chr17	59837479	59838079	test	1	9f7f691c1f08935903c155e49aa694d5cca3dd005682626ff00a844caea5b3df	0.4166666666666667	3486	chr17:59	0.5	0.18514803111539063	0.4629431092070105	0.7192348825114115	0.6503131903323012	0.4972403863217321	20	True
chr17:27293709-27294309	chr17	27293709	27294309	test	1	cc9b54143e94683b9497fc8c46746219efb49e02f3621d4952b10fe39a67bde6	0.5933333333333334	14	chr17:27	0.5	0.9677944402850619	0.9460515456740395	0.8591401071061695	0.9763836268816317	0.48928735918207783	29	False
chr17:75289203-75289803	chr17	75289203	75289803	test	1	3ffffbf5552c8abd9da738abecd21f07b0362a0077cf46ba8652ba925ebdb37f	0.64	46	chr17:75	0.5	0.9956362976526267	0.9031538883448366	0.6451800945311047	0.995738992296354	0.4535015100485292	32	False
chr17:79838401-79839001	chr17	79838401	79839001	test	1	0af373d92a48ede60ec7aadfbb952c802ac40535605555c5cc8ba53c0737097b	0.6133333333333333	738	chr17:79	0.5	0.9814714409672384	0.6702615742742414	0.8387086412135637	0.990589542441822	0.5012800908077364	30	False
chr17:29566796-29567396	chr17	29566796	29567396	test	1	f8935e53b8164e92deef94407eb98ff43af77155d213daa54284e4480f7aad3d	0.76	5	chr17:29	0.5	0.9996953599741646	0.9667829704126885	0.7761294862696021	0.99950498246327	0.46503495740160056	38	False
chr17:47694332-47694932	chr17	47694332	47694932	test	1	35e3e30292b58da7511b5291d9deae0cdeb717898f9e95ec6ec2d9f2a8c1bc29	0.7133333333333334	360	chr17:47	0.5	0.9969611021470517	0.7512887405352984	0.6863055075013511	0.9984828256186111	0.3772086070351086	35	False
chr17:57987657-57988257	chr17	57987657	57988257	test	1	640df3f1d1f68d19c0906909e6d6c5c9928698928a3853e545005d958903ec56	0.7483333333333333	30	chr17:57	0.5	0.9990602957769303	0.9214980138287833	0.8511422075979068	0.9988325518506789	0.4747172252706496	37	False
chr17:45021775-45022375	chr17	45021775	45022375	test	1	fa1d7c6045439e9597b7f004e719fdc25a52988d7cbbbfa09251af58286ab946	0.7033333333333334	8480	chr17:45	0.5	0.9974503595732302	0.34526114838825034	0.904716266887923	0.9914273637207458	0.49921761286003036	35	False
chr17:4948690-4949290	chr17	4948690	4949290	test	1	f98b00cabf846d9f258f6891e8b73249d30858b262efb9669955ba79f83797a9	0.6133333333333333	29	chr17:4	0.5	0.9845340054583749	0.9227995765995757	0.8526309371407885	0.9748449781648257	0.4594428617428262	30	False
chr17:20852485-20853085	chr17	20852485	20853085	test	1	b25b7616b3a7610e2e7cff6faf98ebeb8ae90e263b36e972db4560bfd4c4850c	0.5516666666666666	46	chr17:20	0.5	0.88783053290849	0.9031538883448366	0.5859334799757486	0.9878023017352617	0.45065743409197606	27	True
chr17:21511467-21512067	chr17	21511467	21512067	test	1	12e3f7ef7986a1fb559ddc55a3090c3e9cbb658b31118b411711665fcd3c1e2d	0.6516666666666666	7746	chr17:21	0.5	0.99730560396485	0.3566617486609063	0.5549427459764641	0.9976872606386316	0.393430634644218	32	False
chr17:60392060-60392660	chr17	60392060	60392660	test	1	7fe816096a185a5761fdfaa1de3db33aca16d9278e747887a632d5eb3d630f68	0.695	36	chr17:60	0.5	0.9982487553233576	0.9141228079986397	0.9571005388500369	0.999352897319473	0.4949541956567189	34	False
chr17:17206228-17206828	chr17	17206228	17206828	test	1	0d44aadc78d73a9b748164a547c325437b53f3555720aee0029a74ffa612341c	0.7333333333333333	160	chr17:17	0.5	0.9985631453940473	0.8251984625503495	0.8927957643860632	0.9975240675366072	0.6702619218265152	36	False
chr17:27245159-27245759	chr17	27245159	27245759	test	1	49ad5cba59e7dedaf79c5b357b8531c615122e3377fa1e748a06dc8e4bf9ed31	0.5066666666666667	3707	chr17:27	0.5	0.4010082553557078	0.45450671521324126	0.18239465239438832	0.15088676040287088	0.5383400633443476	25	True
chr17:56780114-56780714	chr17	56780114	56780714	test	1	b70ab83dc77859f5f8cf499e94a45e96389121fd00d8df1dadb45b3d942fe163	0.5666666666666667	23854	chr17:56	0.5	0.9504228541644272	0.22939066723549226	0.7079804076190932	0.9952410036779059	0.4749908657608529	28	True
chr17:47295366-47295966	chr17	47295366	47295966	test	1	cea365a7a6c67eddb224a2936a732cf77b3a4e5fff7a3efdb47702ebe1020783	0.5783333333333334	27946	chr17:47	0.5	0.6840215368819194	0.2142841162590792	0.7506256604255453	0.9545875595586782	0.3972317096641147	28	True
chr17:82698435-82699035	chr17	82698435	82699035	test	1	5cbf05afb765df66462915cd48ee09df0516822129e5e54152e359e5eb56f565	0.7416666666666667	2	chr17:82	0.5	0.9995991414638443	0.9771161082130421	0.9059129956819356	0.9994285842893584	0.49503233454717216	37	False
chr17:47100039-47100639	chr17	47100039	47100639	test	1	b902827e089919220b3686ce826aa9940ffb14e8d757c7644b133139a5cdfb4b	0.65	61	chr17:47	0.5	0.9682063039398405	0.8889060991423721	0.7409769636840375	0.9495705916659893	0.5003653366537665	32	False
chr17:50707605-50708205	chr17	50707605	50708205	test	1	e558756270baef78b68ec21271c3079bab25bb1ee427cfbbd1b7a3d4646bd35f	0.64	8	chr17:50	0.5	0.9900779910014067	0.9587792109698657	0.7373855946989837	0.9927683316819643	0.5626251885142073	32	False
chr17:31558849-31559449	chr17	31558849	31559449	test	1	7be35867bd0ba5f333c19ea2146c15214e5d6529c796382d130aafedade0c9c5	0.775	846	chr17:31	0.5	0.9998741988188466	0.6533839750207413	0.6810028500216353	0.9990950062218193	0.5134306632272314	38	False
chr17:68456534-68457134	chr17	68456534	68457134	test	1	2e96ce262b30f2f172ae58629935de651a4ead8f592b02ca45c0310700fd78a9	0.5583333333333333	644	chr17:68	0.5	0.7373981916308832	0.6866691575612848	0.6857231448785737	0.8622047683701661	0.6081309408651003	27	False
chr17:69326920-69327520	chr17	69326920	69327520	test	1	88ba058eda9b466a368b11d70da5e064684d6c94e44399e600803a53fce0749a	0.73	62	chr17:69	0.5	0.9995892609896978	0.8880294246117003	0.9223491376377451	0.999511486428689	0.4658456527657587	36	False
chr17:4142823-4143423	chr17	4142823	4143423	test	1	0f2ba8497be3e667522020b4b100fe6b8366529f022d50cbfb5577a1f848beb9	0.64	65	chr17:4	0.5	0.9947605008106459	0.8854461389180444	0.6423969999625632	0.9718774619108453	0.3262622386900439	32	False
chr17:21275615-21276215	chr17	21275615	21276215	test	1	d247c68083afdc58893a1b936ba45fa7f721b533c5e21fce2c182cdc0b308250	0.68	19	chr17:21	0.5	0.9912153715428097	0.9373328095870924	0.8696978994481224	0.9977777285435038	0.4298989667578136	34	False
chr17:4939945-4940545	chr17	4939945	4940545	test	1	6590c157da62c78ce71de8a9f80ccc6334958cf20760966c878db8575b91ce1f	0.5983333333333334	22	chr17:4	0.5	0.9934053234883921	0.9326371161697482	0.7532326576144011	0.9822166642649229	0.36781504438831697	29	True
chr17:39730272-39730872	chr17	39730272	39730872	test	1	0868b201d2cf33d14b197b2ab5c137a83a9f2d045f111b10d40353ae5bc14b4c	0.6933333333333334	18	chr17:39	0.5	0.996617731118347	0.9389782468088763	0.6020226853205257	0.9884410827418376	0.5786534882712372	34	False
chr17:38434054-38434654	chr17	38434054	38434654	test	1	d7af5d3f65246e1ac95d21cb6867ba7d13bcab4aff9373e8ddd643e616b69a71	0.6333333333333333	5869	chr17:38	0.5	0.9251841314172475	0.3925818987530413	0.7836427951005934	0.9156266881802458	0.6230314441322432	31	False
chr17:31416246-31416846	chr17	31416246	31416846	test	1	55efa6104465b6251f6a54bea445e954fce45a5046f9cc5239769c24b44c0475	0.6033333333333334	1442	chr17:31	0.5	0.6979682245878744	0.584034735066293	0.4293191920029763	0.9554051412146864	0.458674178914794	30	False
chr17:76501158-76501758	chr17	76501158	76501758	test	1	3afd3a61203263c1507bd379c17c0f038b4ac58ea8fcab91c440a597d096333f	0.7266666666666667	36	chr17:76	0.5	0.998317077047777	0.9141228079986397	0.9342148782992066	0.9854820234418021	0.4721167571098291	36	False
chr17:82519330-82519930	chr17	82519330	82519930	test	1	b1e15505b32b182a043ebe5a08fab56ae9585a4bd6034fa48b05aaf1c2146d53	0.815	58	chr17:82	0.5	0.9999941211495947	0.8915854883148857	0.8510834423470335	0.9999628141495954	0.540049451182485	40	False
chr17:70169152-70169752	chr17	70169152	70169752	test	1	57f30410f9c1ed59336fd35be2dfe11db768b1ab863c88a5b5f1fb67bb6a74cf	0.6883333333333334	49	chr17:70	0.5	0.9961047934855495	0.900119857527865	0.6063151310541487	0.9969565690703304	0.48872231054237103	34	False
chr17:74203243-74203843	chr17	74203243	74203843	test	1	54471385b50a224ddfd419c19f30369984cf196320fabc5abc6c0f5af037098a	0.575	60	chr17:74	0.5	0.8925913990021337	0.8897908699153896	0.8098797912547409	0.8958075994005094	0.36662980532532247	28	True
chr17:19507579-19508179	chr17	19507579	19508179	test	1	4334e2c09a4fd988b00da64f8a9a5c45395ea2873a513e85e722d9ceb536978e	0.6816666666666666	12654	chr17:19	0.5	0.9950029156895974	0.297082285954337	0.7793312162996677	0.9969381942716977	0.506120709490786	34	False
chr17:74748257-74748857	chr17	74748257	74748857	test	1	3400a45b988a554c56166ef035bba721cca8f4222c1ad2d6d24a710b8082200a	0.7216666666666667	55	chr17:74	0.5	0.9996909427350168	0.8943432831150929	0.7268323832352813	0.9992498815080552	0.4139887220979878	36	False
chr17:66302214-66302814	chr17	66302214	66302814	test	1	0ea4ce98195b9799beaba54c4169494448632125fdfe92aa593d72e4e9e043da	0.8266666666666667	29	chr17:66	0.5	0.999990916483147	0.9227995765995757	0.9412613225717078	0.9998899712389564	0.33832471638757755	41	False
chr17:3048704-3049304	chr17	3048704	3049304	test	1	24633f031e16adb4ca2e51e51eceabd707e9f49e07cb236ff792486d083dd154	0.635	14602	chr17:3	0.5	0.9850154243213471	0.28082035884458784	0.7016372847990675	0.9949162090416629	0.45764673252428995	31	False
chr17:75940848-75941448	chr17	75940848	75941448	test	1	d1b6464a4262f2e1e0a3f4d85773631cb218ec2c4227863676803294ec269fae	0.6633333333333333	69	chr17:75	0.5	0.9954446503128114	0.8821045030950877	0.9142413655125127	0.9978935820181903	0.554151585560251	33	False
chr17:62065730-62066330	chr17	62065730	62066330	test	1	ffe267e8225ab59d31ecf3a971a10c22faa3f713065b32a09e26041c3da5d26d	0.595	36	chr17:62	0.5	0.9653634598593417	0.9141228079986397	0.742114766245462	0.9825185572982502	0.6233021031039424	29	False
chr17:20320557-20321157	chr17	20320557	20321157	test	1	f64e0517702a79fa9f47e51c48c679e36ca6f088092c364812ad6a8027314fe6	0.67	34	chr17:20	0.5	0.9860566870729142	0.9165043905674707	0.7960545492168446	0.9894704986276893	0.49884941560137736	33	False
chr17:64662072-64662672	chr17	64662072	64662672	test	1	7255353211e6af0b7b09d58d488d50f424d284faa0a7ee84f487dae23d5ade41	0.7483333333333333	28	chr17:64	0.5	0.9996578171918155	0.9241244508646922	0.8235645877449886	0.9993511827715734	0.3767391127985051	37	False
chr17:49260012-49260612	chr17	49260012	49260612	test	1	14bcad13109bd5c76e4180ef6a1db78c9a285a5c82cb3d5481f1796abb12b5b0	0.7066666666666667	12044	chr17:49	0.5	0.9991798274861572	0.30281801055632107	0.8703027490946365	0.9998445600414879	0.4327317089461462	35	False
chr17:35448082-35448682	chr17	35448082	35448682	test	1	2129bb3bedaf111d89dfda0a0483158af7e9fa4271a8ceb40c5404d4f00cda39	0.5883333333333334	383	chr17:35	0.5	0.9519142109350253	0.7448528073200863	0.9347787320510452	0.9959852541590033	0.5828696704907028	29	True
chr17:2392449-2393049	chr17	2392449	2393049	test	1	3407d08a4ae593a4d374757f1b3b727873f6f64a63643ea83f192f43862c3208	0.7	7903	chr17:2	0.5	0.9986130815019162	0.3541203512086568	0.9113998206937984	0.9994836055930976	0.5211848990278564	35	False
chr17:60421412-60422012	chr17	60421412	60422012	test	1	eba98d5d24dcb54cf7d96b8afa51065bc87cc78044ad698609a24ad131131880	0.7016666666666667	776	chr17:60	0.5	0.9980311212878977	0.6641053377039795	0.7616081977097942	0.9973736028814921	0.4150043298902991	35	False
chr17:61157424-61158024	chr17	61157424	61158024	test	1	ca74ad676ea662049a5aac6cba3ca24ac8e02a3312fd8848228c8dc7bb4964fd	0.4083333333333333	21598	chr17:61	0.5	0.20083195389048492	0.23924498260314037	0.4647134911738805	0.6989743363683345	0.4260063612386169	20	True
chr17:75632924-75633524	chr17	75632924	75633524	test	1	472f2d54526dced1d718cdcb11766b41cc95977d4c0b1067d5016f146373f19f	0.635	209	chr17:75	0.5	0.9051576039467987	0.8029852560637497	0.5431252712978544	0.9726943463543557	0.48797180593598394	31	False
chr17:67289451-67290051	chr17	67289451	67290051	test	1	8442521ba7e88e42f740a692b6a3360d9996a8c93eabcaeb77838e608fe8cd0a	0.505	18283	chr17:67	0.5	0.5561063584599942	0.25641344725695364	0.7195537844614489	0.43358003875377393	0.5684784853879163	25	True
chr17:57604945-57605545	chr17	57604945	57605545	test	1	31e5f1f6a355b75f134f4048aab6385114a2d5daef233fb2a278182a691bd6fb	0.5116666666666667	3166	chr17:57	0.5	0.594764402395704	0.47619884916087135	0.8016143537621241	0.9320544666569938	0.5770705249145115	25	True
chr17:75779608-75780208	chr17	75779608	75780208	test	1	f2b7fa16aa95eb88a882249e2f8dc341a273c219a16c623e01babdd23487e0df	0.53	117	chr17:75	0.5	0.9652146584377084	0.8486148891693953	0.8346968700585556	0.9978266657897179	0.4613808946640043	26	True
chr17:32444106-32444706	chr17	32444106	32444706	test	1	2c0ea51f139d3bf8b6038f96ce9fc5887a80a4cfec5130afdf02d6667d760ad4	0.6833333333333333	39	chr17:32	0.5	0.9985064451205095	0.9106778313243202	0.8923169454519866	0.9973960385737796	0.5463827551441011	34	False
chr17:64129938-64130538	chr17	64129938	64130538	test	1	ba165b0b94e6cf2a36c0cd2384b7dd1d06b04b1200aefaf211162622c00a14c8	0.7283333333333334	39	chr17:64	0.5	0.9993389842269508	0.9106778313243202	0.8786966765250792	0.9996085458915668	0.32564502188799754	36	False
chr17:17681048-17681648	chr17	17681048	17681648	test	1	859f35e59a76f728f0aebdedafc32ef73a8f256e1bafd5a9c9c8c659a6138e13	0.7266666666666667	26	chr17:17	0.5	0.9996466549189337	0.9268489392037027	0.8964675421604947	0.9986184151791777	0.4440224763318866	36	False
chr17:30667904-30668504	chr17	30667904	30668504	test	1	a781eabfa678c802c69e1d253ed94b0e88c91b60a52f136037179e97c89e456d	0.675	818	chr17:30	0.5	0.9610529147957455	0.6575814796785965	0.8083951336880767	0.9838076978523107	0.5605389673834852	33	False
chr17:1829587-1830187	chr17	1829587	1830187	test	1	98fe3c18bacb5d28fc12f47a226c9a42fb36cf432bf49c9917318c0d150d7cc8	0.7266666666666667	14	chr17:1	0.5	0.999705958948937	0.9460515456740395	0.9109534001050414	0.9993817406234582	0.5093154654018005	36	False
chr17:17752040-17752640	chr17	17752040	17752640	test	1	2144a37653d7631c21fa59088f15283a67ba3f23692d9c472ada0ad8536c14c7	0.6866666666666666	40	chr17:17	0.5	0.994789320665109	0.9095609801567284	0.7696956477151059	0.9954750824326579	0.4926085959568727	34	False
chr17:56808365-56808965	chr17	56808365	56808965	test	1	f6a3359d43ed518319c2fdd1e21dc229fc034db2e82aca4c5b25424e62122278	0.4716666666666667	4397	chr17:56	0.5	0.263918802743103	0.43122888870903775	0.2905593931003571	0.16171401420326195	0.4913741128447681	23	True
chr17:64506096-64506696	chr17	64506096	64506696	test	1	9e4bab5a5b51e6a1af0b302ef103b79a1f871b8269805d9a1bff82e412adb3d8	0.62	60	chr17:64	0.5	0.9923335234588831	0.8897908699153896	0.9430425045924744	0.9964222651006339	0.5316243667643248	31	False
chr17:39699643-39700243	chr17	39699643	39700243	test	1	c49501fefafb5296fc395bbe7fe16173a125778d22d942498f9b3a4d96ec0619	0.6083333333333333	120	chr17:39	0.5	0.9526189225823061	0.8468228857732989	0.4243764847194647	0.9495231032231215	0.4555556171763651	30	False
chr17:41811695-41812295	chr17	41811695	41812295	test	1	9a7d40dc2b11347ace1936274f6b50f08d292224fc74b77cd2d2f3c9db97993d	0.7183333333333334	47	chr17:41	0.5	0.9990382074927298	0.9021308934022477	0.7793344269422234	0.9973646053240853	0.4718569350740293	35	False
chr17:81733619-81734219	chr17	81733619	81734219	test	1	feaac19a910d9c339e2fe3be9f71e285ce49dea48dd277d25948453a8fa12523	0.6316666666666667	664	chr17:81	0.5	0.8536118634500309	0.6830249524909369	0.7707315122912808	0.8992869497707032	0.48267726492700286	31	True
chr17:50918715-50919315	chr17	50918715	50919315	test	1	dbda4b48dcc032a95360dd6aa4aec49a9cb6a0f98c14ec0790db2f562bc87405	0.605	8784	chr17:50	0.5	0.6407385575738022	0.34087259618966814	0.6870268176352011	0.7224376638995126	0.38934237487182516	30	False
chr17:64145553-64146153	chr17	64145553	64146153	test	1	d57d0b5c28f96887dd21fe3ff988584c0ba2ddc937b4b637fae3c926543bff95	0.5383333333333333	72	chr17:64	0.5	0.9012853401106751	0.8796699837793516	0.6128500417932403	0.8592764651410081	0.5613212904666388	26	True
chr17:51119958-51120558	chr17	51119958	51120558	test	1	a3957297fc6a162086bb6d1795a17b4dca5d78ceb7b628e551cea1ab8d768868	0.6833333333333333	609	chr17:51	0.5	0.9959066244335812	0.6932678627355074	0.8709561953951185	0.9572221143164347	0.41701313112696264	34	False
chr17:55238241-55238841	chr17	55238241	55238841	test	1	93a30f4b0a689d4f74cc9580b84f067f870a7850fea2d3afee92c29c39fd5d55	0.6783333333333333	26418	chr17:55	0.5	0.9986934585730397	0.21956497508936867	0.8202799741042275	0.9971594770288935	0.5477349714919809	33	False
chr17:15699349-15699949	chr17	15699349	15699949	test	1	afed2f52aa919dcd26ebf88249fcdc4f3548e420f4f6cbaa6d8957a460eff663	0.6083333333333333	57	chr17:15	0.5	0.9896786447389545	0.8924957504264149	0.7219651370089701	0.9928854323688175	0.525993846717669	30	True
chr17:47707362-47707962	chr17	47707362	47707962	test	1	e178336bc13930d07c5990cbfe45f985fc1c9ba82a426e08f957b72bc9a5943e	0.49166666666666664	11084	chr17:47	0.5	0.2853038738284569	0.31260041698088076	0.1490562820299609	0.1060218262065239	0.379438304756587	24	True
chr17:29572544-29573144	chr17	29572544	29573144	test	1	674524c470b47648c58158fb80cab74a33158594a09b84cb266ca5a1d74e5f6b	0.705	3265	chr17:29	0.5	0.9979123835724704	0.47195535718070364	0.9689523419576509	0.9993421216380366	0.3804048048588081	35	False
chr17:45490531-45491131	chr17	45490531	45491131	test	1	2a45a5fd54588565757be8794da5a8015616e604f1fb62680baf67970070b6b8	0.69	74	chr17:45	0.5	0.9970891376585244	0.8780790553610363	0.7344987976489318	0.9966621807942824	0.539703318847932	34	False
chr17:62819660-62820260	chr17	62819660	62820260	test	1	85158f4185e81ee99e5839a761b7ad9f29c694aeece223d6056952a8a0bda104	0.4633333333333333	11461	chr17:62	0.5	0.3856846842184952	0.3086405904917615	0.17805807824681424	0.7460451783103242	0.699400767040354	23	True
chr17:27893044-27893644	chr17	27893044	27893644	test	1	9735824011f7814c40401f129b071cd088b1921e0eaf712220c396b6f350da28	0.6866666666666666	20	chr17:27	0.5	0.998097417464673	0.9357293314535567	0.9052321386951391	0.9959165193208455	0.3042005035520748	34	False
chr17:76726402-76727002	chr17	76726402	76727002	test	1	1b54818fdc51de9375a8f0d1b236858938f0d679f4d2eb8fc72bd3dad79d8433	0.6816666666666666	9	chr17:76	0.5	0.9990403260235833	0.9564142662206934	0.7897011610734207	0.9996860466544848	0.5677016328228286	34	False
chr17:15944786-15945386	chr17	15944786	15945386	test	1	c00053c9f53e82b4104a6e5c5e79e0aae49907e27a876dc9b61278741d6022a3	0.745	6	chr17:15	0.5	0.9997550419378473	0.9639341668473307	0.8163272927861168	0.9992007859463804	0.5270056478709401	37	True
chr17:57906783-57907383	chr17	57906783	57907383	test	1	b915fcca62719ad1ea50f491e4576f1cf54272aca99f69b2071070a8f23db365	0.5183333333333333	3695	chr17:57	0.5	0.5661944761310526	0.45495112054675546	0.33631100665767005	0.27503206077012393	0.42323707838265645	25	True
chr17:41967181-41967781	chr17	41967181	41967781	test	1	2910cab9a6e80b8241b16ebcd243b13245920a9abee806bb67f71486627c0679	0.6283333333333333	667	chr17:41	0.5	0.9393926955116227	0.6824858762785833	0.5256219680271932	0.9841095973011024	0.45232094426553315	31	False
chr17:19992643-19993243	chr17	19992643	19993243	test	1	564ede6d3884e045499ccedd6143ffdd68a677738606160d34b5310cdec1db95	0.49	12886	chr17:19	0.5	0.5870020185324881	0.2949889576176082	0.873303688476733	0.2855998391554922	0.47330475368018543	24	True
chr17:17496169-17496769	chr17	17496169	17496769	test	1	798c78e85be74438543f0ddd135856b32fcea21bd9c89a9f0c82a92520ed78d0	0.7366666666666667	68	chr17:17	0.5	0.9990371464758491	0.8829293786779867	0.8758444041648135	0.9995474785513004	0.5971773919162509	36	False
chr17:3668285-3668885	chr17	3668285	3668885	test	1	e49872a1cdc6731cb8607e7768a4c7fa842735e3a9ad92f103054adc6d40b3b2	0.695	1	chr17:3	0.5	0.9992333464383667	0.9816276543708162	0.8532405873570171	0.999597205262742	0.5656974164296035	34	False
chr17:74982063-74982663	chr17	74982063	74982663	test	1	7843cabf7dc67a2838bf5e1148ad5065a9c2d492eec29c5f4a42ba1562623413	0.705	12	chr17:74	0.5	0.9982622548027814	0.9499502717316438	0.7664219050305817	0.9906851659853603	0.47954733785118087	35	False
chr17:29293955-29294555	chr17	29293955	29294555	test	1	6896db35cf33e41e4b07dc8581af6a6899dc44195cbd09bb729f149ba3091b48	0.5816666666666667	27	chr17:29	0.5	0.9276734458108654	0.9254738121045019	0.19222564600626155	0.9452281613959845	0.450156692035543	29	True
chr17:15260604-15261204	chr17	15260604	15261204	test	1	5f49fa136b7d158f44142b058e30fdc29ade4155d4270bdd01784e8d3522cfc1	0.6733333333333333	162	chr17:15	0.5	0.9971400920167732	0.8242115999773681	0.8669495252127853	0.9983779285561736	0.48458789677535785	33	False
chr17:16865600-16866200	chr17	16865600	16866200	test	1	fca24784503aa91047e7b22b8993093b575d76ca49d245143af40708c411c80d	0.5133333333333333	843	chr17:16	0.5	0.4395610653627403	0.653828159568385	0.3813271613137085	0.9469525533881044	0.6325080165075344	25	True
chr17:47649424-47650024	chr17	47649424	47650024	test	1	39959091ce59c6cfc1baa5511d4829d843d8006bf8ba79dc7af25d971adc144a	0.6916666666666667	28	chr17:47	0.5	0.9981897183372777	0.9241244508646922	0.8121367534750803	0.9965064891288065	0.47278065346298276	34	False
chr17:1456053-1456653	chr17	1456053	1456653	test	1	2570bf72f14ebf734e8b103eec912d6e57d761afa2b77aee506f704840bf0267	0.7033333333333334	89	chr17:1	0.5	0.9991521516279758	0.866868852982573	0.8436086956879664	0.9991810629367333	0.5423282255716909	35	False
chr17:76569854-76570454	chr17	76569854	76570454	test	1	c8726cb897a687566cdbb8de64dcfc4f00d1a3287ed3e50ad737ee3b904c81c0	0.595	363	chr17:76	0.5	0.7868362600793444	0.7504327163959549	0.21797658704180953	0.7731952198022553	0.5931613469207896	29	True
chr17:15651546-15652146	chr17	15651546	15652146	test	1	ef321ddabb3d5721f4bc685b59af2945863b680f0e8d0d18535218d3d2c301dd	0.5166666666666667	153	chr17:15	0.5	0.44775914267490646	0.8287155446472163	0.5532225590543667	0.8652326141837616	0.4306152818986974	25	True
chr17:56593512-56594112	chr17	56593512	56594112	test	1	9d40a4546f3352c1d6be70609fff1527e4fd866fd57a8344a4d730738335f0cf	0.71	114	chr17:56	0.5	0.9989550205529544	0.8504351111840375	0.8670189951630767	0.9994886728482514	0.33777201420188246	35	False
chr17:82751463-82752063	chr17	82751463	82752063	test	1	7b20f245c5507a20de237317d82fab7e1551183c559b83ef6995706779041a97	0.8	81	chr17:82	0.5	0.9999434963235933	0.8726977777536284	0.9701714696226599	0.9997331119569748	0.6277180360263401	40	False
chr17:42422972-42423572	chr17	42422972	42423572	test	1	eb9f9f32a12c4776cd9c556b016c07b342755c0ca215e51da1c179adfe759b7f	0.68	7	chr17:42	0.5	0.9967851237657068	0.9612775523818726	0.4935773435995285	0.9973485423360782	0.595280636044251	34	False
chr17:10697283-10697883	chr17	10697283	10697883	test	1	f0847b11251b586eb367211257de1035585f88f81695af36faa247aa26d150be	0.7033333333333334	10	chr17:10	0.5	0.998658330307323	0.9541638155952322	0.9304073526417587	0.9995868335279517	0.48063704542079727	35	False
chr17:18625316-18625916	chr17	18625316	18625916	test	1	45c23ee9ec1daea26923a1da1d0ecb65ec61cbd0d04cac9b884a10ce73e1105d	0.6316666666666667	3	chr17:18	0.5	0.9547700311150753	0.9732759723133476	0.7019498113323954	0.9669282521451849	0.5750677230793426	31	False
chr17:82497033-82497633	chr17	82497033	82497633	test	1	ab094658252dd7ebe9e754921b439a68267e063b7f5eabf8b4a3c2238a96acb3	0.7383333333333333	15236	chr17:82	0.5	0.999685421991043	0.2760989695764303	0.9099541863757586	0.9990355204554847	0.3683573102095265	36	False
chr17:19464542-19465142	chr17	19464542	19465142	test	1	3dcfcc30d5fc94f230125519f9602592d778543daf1a642358ecac54a70ac115	0.49833333333333335	3823	chr17:19	0.5	0.38123659057312137	0.45028718709443594	0.27437944534112235	0.20928603234068816	0.5921818069179927	24	True
chr17:44689447-44690047	chr17	44689447	44690047	test	1	f297e0bc2b0bd0d09fe22844e7a33a5fbb38dc2d5177c921420ff4e061d1f793	0.6	28	chr17:44	0.5	0.969801824363985	0.9241244508646922	0.7489831882924601	0.9618237725025751	0.4999131388178344	30	False
chr17:46193802-46194402	chr17	46193802	46194402	test	1	6c84846bcefc1d179b036ea962d31fffa3597afa4f24151526777eaa4e94313d	0.6	471	chr17:46	0.5	0.969801824363985	0.722572216396771	0.4623215628795469	0.9951825805768061	0.566329080695411	30	True
chr17:46372439-46373039	chr17	46372439	46373039	test	1	b93675b77e7411c97bbbf9943058f5bf744fa7b4fc94de09e4bfd0352f307f58	0.7183333333333334	70	chr17:46	0.5	0.9995791370813774	0.8812864043777581	0.8798776177027733	0.9995933143848312	0.4123962417681232	35	False
chr17:63741620-63742220	chr17	63741620	63742220	test	1	e2e3a2ccdfca5a18593180030b2a5967484f8819a8b7263ff1b1e3b68e6ff205	0.6466666666666666	13	chr17:63	0.5	0.9915185014834292	0.9479657464384746	0.9689552434838727	0.9974811322278593	0.48858210562843685	32	False
chr17:28571279-28571879	chr17	28571279	28571879	test	1	7cd649243c431488d96cb54a4b65a44071bfea1cea88ef740b540957581b5470	0.65	44	chr17:28	0.5	0.9917933117884621	0.90523666785893	0.5500368414306721	0.9877003504042645	0.37039017320380274	32	False
chr17:83099756-83100356	chr17	83099756	83100356	test	1	a7819e942e6c7eb2bdf9eb36acc6eb7d56af5824dec6bb5b7f2013c84bacb35a	0.6583333333333333	6	chr17:83	0.5	0.9795033529941031	0.9639341668473307	0.44275571868327845	0.9863442697048148	0.5799714592164849	32	False
chr17:31901579-31902179	chr17	31901579	31902179	test	1	2ac5ee71ac99e42a4c036ce1c7d65d7e6c2368b3fedffe096152f6ec0641ba52	0.565	133	chr17:31	0.5	0.9538523201246397	0.8393595812141924	0.8217991153789547	0.9428644285703458	0.4617788702295371	28	False
chr17:30824453-30825053	chr17	30824453	30825053	test	1	e983c9a9eae76adad6b722044a4147bb372b1475624baa5d6cfd25e3351ad404	0.7116666666666667	29	chr17:30	0.5	0.9991446166041236	0.9227995765995757	0.803377429316655	0.9964979872127961	0.388834771377692	35	False
chr17:82738096-82738696	chr17	82738096	82738696	test	1	fbd16f7ef1bd90d1bbde100b3a70727ca3a604859e95c2292358ccfeb5f3159e	0.6366666666666667	2782	chr17:82	0.5	0.8704484641249955	0.49404836355744697	0.8628371493074583	0.697556113575288	0.4079943258507357	31	True
chr17:4997327-4997927	chr17	4997327	4997927	test	1	9243951b356bc67f6493650b81984fea95162dc1111b90efb6230da22c8767a6	0.7366666666666667	1	chr17:4	0.5	0.9996801557289695	0.9816276543708162	0.6624179423766396	0.9996018852011656	0.4494052144555263	36	False
chr17:40598427-40599027	chr17	40598427	40599027	test	1	604ae18f6777c7aec0e0faf2cc8ffbdef32956cc81bed975fea147de7f308d18	0.485	143	chr17:40	0.5	0.5748735222901018	0.8339209244092495	0.6858178590309402	0.8214646329373636	0.6551309626862424	24	True
chr17:1039395-1039995	chr17	1039395	1039995	test	1	245eb165eed8ac8ab584afebf098c31cb465c55b5e98e6e7144cd36c91ff264a	0.65	7858	chr17:1	0.5	0.9301596480321578	0.3548427483805454	0.847174215937917	0.9740918141894128	0.4777641150798607	32	False
chr17:17535844-17536444	chr17	17535844	17536444	test	1	290b2b45bab96f068857ad10d375f7b94aa3ddda04cc277b8c1dd04c5d3c70c3	0.5716666666666667	28794	chr17:17	0.5	0.6059233599424994	0.2115144834130121	0.29006203688502474	0.811644440374134	0.41088126265406194	28	True
chr17:80833062-80833662	chr17	80833062	80833662	test	1	d133d5c6ef95e89829b5d004af4d9f46da8f8ff6860698b1e48aaebd47d8facf	0.5683333333333334	6463	chr17:80	0.5	0.8308405762976172	0.3799475148293464	0.3323829186985566	0.9161850685622314	0.4399340663913905	28	True
chr17:8435490-8436090	chr17	8435490	8436090	test	1	4a2c582540fa110fbd21aa949aa08846cf40f0d2e5c43c5a7dbed4f21163489b	0.6683333333333333	44	chr17:8	0.5	0.9963902285758685	0.90523666785893	0.905389013931229	0.9987337405562583	0.5346417423212833	33	False
chr17:2041651-2042251	chr17	2041651	2042251	test	1	ce76509c246e7570a4ac75bd2e03e04016b38b59a4ea3e6f4c19b3ba31c5cbd5	0.72	20	chr17:2	0.5	0.9996555354744902	0.9357293314535567	0.5978881679470371	0.9997412085478027	0.3738372994037205	36	False
chr17:5468767-5469367	chr17	5468767	5469367	test	1	10d41448ac38c8753d246e3cb81655acc527dff29976ea949d54653c47a4c141	0.6133333333333333	31	chr17:5	0.5	0.975732773599561	0.9202186790708301	0.49372517476512295	0.9125994786285403	0.5513758527811793	30	False
chr17:18225188-18225788	chr17	18225188	18225788	test	1	714e66b6d37bd3476ae905614c8513114d0e6e091e09e05337f30a5ff0e6026d	0.7483333333333333	53	chr17:18	0.5	0.9998634589365823	0.8962284109021618	0.8894451543755023	0.9998356942684836	0.5242953034392858	37	False
chr17:62694414-62695014	chr17	62694414	62695014	test	1	666f24a1457d6956e35cf3d7a92d4e3fdfa3b08945acace826cfa4348cc86ad9	0.49666666666666665	10810	chr17:62	0.5	0.5582912603539637	0.3155818642536285	0.8101759289852308	0.9247093163485216	0.5069388091039451	24	True
chr17:57898748-57899348	chr17	57898748	57899348	test	1	df5c35ad1f516e5507b52fa1f8f727f161090e6d92b795156293692eb15f4e45	0.6433333333333333	131	chr17:57	0.5	0.7412420206348111	0.8404775565636619	0.37852322520535436	0.8824211699666298	0.44430433557540994	32	True
chr17:65100507-65101107	chr17	65100507	65101107	test	1	c4cdf513a077af31bee551ae80187c01a6afe30cb379a855f2a1c2edb2cc11fc	0.6916666666666667	91	chr17:65	0.5	0.9921719287022286	0.8654600721012158	0.9383834194787385	0.9662320727274979	0.4517153771850126	34	True
chr17:4795855-4796455	chr17	4795855	4796455	test	1	310d795a46d613fb2db270057e0dad04f51db678700f08a50b15281246f3190b	0.5566666666666666	8	chr17:4	0.5	0.8835720006397145	0.9587792109698657	0.29134346289036195	0.8904926057248046	0.5583189356348557	27	False
chr17:714611-715211	chr17	714611	715211	test	1	39d8621f064cecfee5989e7bfda548c74d7a119e80e47a73ff9df74f17a83d7d	0.72	73	chr17:0	0.5	0.9985031497852781	0.8788713966257785	0.7432006984106586	0.9970754572993006	0.4278350015300626	36	False
chr17:38869622-38870222	chr17	38869622	38870222	test	1	cad0e75386de191c0c9df68ecc6964644c7e6c08070d2a45e232092444b9c62b	0.7216666666666667	64	chr17:38	0.5	0.9990695993045198	0.8862996214634509	0.9581922289848255	0.9998705926426967	0.3528599772832958	36	False
chr17:77280914-77281514	chr17	77280914	77281514	test	1	4337f85341d69b866cc0235bf5997a9ec98f2dfb2ee48e99f6fe3b336650a5da	0.8166666666666667	212	chr17:77	0.5	0.9999369515973778	0.8017415305784996	0.9196648059370709	0.9993757127006593	0.485771312420385	40	False
chr17:75896264-75896864	chr17	75896264	75896864	test	1	c1c58300027b4abf714922d91f1094a5c0c038ce2db3bf5b307b124cdff749d9	0.7333333333333333	386	chr17:75	0.5	0.9996375454989613	0.7440341795016898	0.9246130689671971	0.9967246442594465	0.49927049952291186	36	False
chr17:76737171-76737771	chr17	76737171	76737771	test	1	f150a88ea6bc77e65418e9616f2417c247da39a778d151a62ad119853ee70283	0.6666666666666666	14	chr17:76	0.5	0.9978821681856034	0.9460515456740395	0.7762801499935419	0.9993735134067768	0.4463492542465968	33	False
chr17:57955072-57955672	chr17	57955072	57955672	test	1	0d9270f3ff598999caf66a65031347f3da8634c060891fe11eef77bab0e273e2	0.7933333333333333	39	chr17:57	0.5	0.9999338041232533	0.9106778313243202	0.771611435552385	0.9994768615132694	0.5121379035180185	39	False
chr17:68205133-68205733	chr17	68205133	68205733	test	1	ca9b81cf18a3b604fda84be23198b82e11788b7c9008fba98d064ca8e111471c	0.72	3	chr17:68	0.5	0.9993448082001922	0.9732759723133476	0.9600827400253518	0.9998197081343965	0.5757454234701825	36	False
chr17:81393740-81394340	chr17	81393740	81394340	test	1	59b8c6568f33762ba91fa5ef73bd1c077a33c1a3c1a96156d50398ea30471a2f	0.6583333333333333	1409	chr17:81	0.5	0.9956315001743677	0.5871389644602909	0.7364163587209991	0.9975989607934618	0.6297269917097251	32	False
chr17:68783825-68784425	chr17	68783825	68784425	test	1	ed8f4e556413270f073bcbb89cdfa0052afe589f7e5752b757e3dabe9d938a93	0.465	37285	chr17:68	0.5	0.25121766726774536	0.1886652816479233	0.6320099698451863	0.9469664878537297	0.5424943885745428	23	True
chr17:35809092-35809692	chr17	35809092	35809692	test	1	ce89be5c9270dbdc614b6e64478b7a10a6c049805ac32c53100651a8169d7e34	0.5933333333333334	82	chr17:35	0.5	0.9811873860518382	0.8719513207075702	0.229113824304047	0.9909661066478438	0.535684166748546	29	False
chr17:15231681-15232281	chr17	15231681	15232281	test	1	efa70a18df741b31008c728986c1ebaddaa5c05db50edce4d9c17799220618f1	0.5533333333333333	19714	chr17:15	0.5	0.6278967242310882	0.24855029635887718	0.4890031420028674	0.7146076631051811	0.43115045617269654	27	True
chr17:40287375-40287975	chr17	40287375	40287975	test	1	77f910d8173cae42591a17d8aee27dc1f1d1704be29e615a522a65c6bedca0b0	0.565	155	chr17:40	0.5	0.9496344461734498	0.8277004309458318	0.637112344982825	0.9913274093004274	0.5559131411975039	28	False
chr17:10270016-10270616	chr17	10270016	10270616	test	1	87be37361aaa22eb48740558eeb002b84ca9df5987df4fc7f777b47a28d7c976	0.4116666666666667	21502	chr17:10	0.5	0.15245711588479696	0.23969356272653947	0.8263231710581326	0.15426491031552755	0.5778508303062849	20	True
chr17:1399991-1400591	chr17	1399991	1400591	test	1	7c9614ac2b764c44bd4623e5ecb1874226d98b8605f50a7031f1c8b97144664a	0.6683333333333333	34	chr17:1	0.5	0.9982660795505182	0.9165043905674707	0.8241928515076744	0.9991459133563931	0.5435580677408725	33	False
chr17:75877121-75877721	chr17	75877121	75877721	test	1	91601fd6a472bb0c067839c2662fef8a2f54c21b56322ab95bd678d6f139ba0c	0.6433333333333333	1050	chr17:75	0.5	0.966096567505644	0.6258905729503432	0.706080941596609	0.9727387646107495	0.5199652361210922	32	False
chr17:37489536-37490136	chr17	37489536	37490136	test	1	5783752b64fb7b70b82a7c020cfc252fd771de4ad4b6b6a55c31537b8fae2b45	0.7733333333333333	17	chr17:37	0.5	0.9998833209828953	0.9406688786176478	0.90814822895461	0.9999093785615798	0.3524469586039774	38	False
chr17:16568948-16569548	chr17	16568948	16569548	test	1	24daef6100b947b3efafacc6fe7d1a96ea55678257a6a4af98a5486c4739adf5	0.6583333333333333	31	chr17:16	0.5	0.9937031398130804	0.9202186790708301	0.492182594012349	0.9955821824609761	0.485523736821781	32	False
chr17:66540016-66540616	chr17	66540016	66540616	test	1	6fa241c6a2b2f6ff10f9dcfa4b871a81e3b81fa2eac4ec0154406e2de8cd21fd	0.565	71840	chr17:66	0.5	0.7324377817190175	0.13927346090758366	0.7198941948028769	0.9782988704517114	0.5484489132218618	28	True
chr17:4832989-4833589	chr17	4832989	4833589	test	1	55951ab40d376f1dd620998bb8e98839149878a298e8ba2bcfa4ef73a5a4383f	0.7	50	chr17:4	0.5	0.9994948253135941	0.8991311363082065	0.9107059061790925	0.999526914736255	0.4488588910297738	35	False
chr17:2336193-2336793	chr17	2336193	2336793	test	1	9535bd5d0922d1514ee17aba5aa4854316ae22f752affda472cabc4e3d3f361f	0.6	18	chr17:2	0.5	0.9823751855966456	0.9389782468088763	0.594877843646097	0.9986983800875707	0.5427407459303812	30	False
chr17:40553712-40554312	chr17	40553712	40554312	test	1	1a9de536009b98fefe217b2e66abaddf0d3221388beefbcb6d798a2002e361e3	0.5366666666666666	1536	chr17:40	0.5	0.6935126315707313	0.5755335073911384	0.6191333578643172	0.9574218256215925	0.6262143398758184	26	True
chr17:76353614-76354214	chr17	76353614	76354214	test	1	075361f72aaf0e7b0ce8da630d1b88608390e61ea3dc014e77471d48e02a78c5	0.6766666666666666	1	chr17:76	0.5	0.9980826399242961	0.9816276543708162	0.7845563937327327	0.997455481582615	0.4410827865843505	33	False
chr17:68512094-68512694	chr17	68512094	68512694	test	1	a745d4b6fcda2dcd6f1db7158115408404c7adda5d29af9c2ae19b6c0e2c779e	0.6716666666666666	2	chr17:68	0.5	0.9970923390369835	0.9771161082130421	0.7241767670709035	0.9989882423184968	0.49171097500717154	33	False
chr17:50935273-50935873	chr17	50935273	50935873	test	1	1fb72e5e8d8ed81edbb30c20776a4bba24fd207dd4762839740a66847f97d94e	0.5333333333333333	8479	chr17:50	0.5	0.6662973152501702	0.3452758873803975	0.5579265396964992	0.586905501661297	0.6219950349159984	26	True
chr17:80454454-80455054	chr17	80454454	80455054	test	1	2054ddfbd38e7ebc660e8ec997a987a06792d9f18dfb33ea13ee59cc079f18fc	0.7483333333333333	26	chr17:80	0.5	0.9998634589365823	0.9268489392037027	0.8219614724136892	0.9999160863010685	0.4995045202288515	37	False
chr17:58517807-58518407	chr17	58517807	58518407	test	1	bb76f007d4664ddf66919af67a798150164301a34016d24bbb73bcf23f2ccae8	0.625	190	chr17:58	0.5	0.9834713209740471	0.8111491307890987	0.6469729362253176	0.9855975199963767	0.5116450441201179	31	False
chr17:74872789-74873389	chr17	74872789	74873389	test	1	7787ecc7f65ee32a1e19124fdb32bbd9da9eb479672430af0eaf53a7cfd57632	0.6566666666666666	51	chr17:74	0.5	0.9929865503613025	0.8981531865195937	0.6179087411123866	0.9958723720321365	0.6656090189560383	32	False
chr17:2593593-2594193	chr17	2593593	2594193	test	1	a68efae375c7bf79ace9002775f6396be797f67a821675d19464aa43c6cbeb93	0.7516666666666667	53	chr17:2	0.5	0.9996980449970643	0.8962284109021618	0.9586905701308017	0.9995231459183086	0.33517145371333446	37	False
chr17:81927396-81927996	chr17	81927396	81927996	test	1	a927389ce6b29225f738637a4f4cf852bfaa9cc87b35a71b3ff61c86eee3de55	0.805	38	chr17:81	0.5	0.9999717451831792	0.9118100295804089	0.9398305705090421	0.9996757877338458	0.3655729524976697	40	False
chr17:4987383-4987983	chr17	4987383	4987983	test	1	ae1ecbdcb6b700ca9b27167150cb05f54441099ee40f6b3f72bb129f72c5d0bf	0.7233333333333334	0	chr17:4	0.5	0.9982603392717964	0.9874030845967952	0.9416624796822062	0.9994464371660086	0.37699765595489	36	False
chr17:15828627-15829227	chr17	15828627	15829227	test	1	fd43cb19f009294d2568fde12e0c531a3ceaf65962795be1e2c763e824dcc357	0.4716666666666667	10829	chr17:15	0.5	0.36210574593215983	0.3153721967221565	0.19960649228411717	0.8620328167925413	0.45823182072539204	23	True
chr17:80035525-80036125	chr17	80035525	80036125	test	1	0a14041bb352ae1ca3d34a3a7aebf615d2529f4192128cd27657ae3a632bf91a	0.8166666666666667	46	chr17:80	0.5	0.999947535947038	0.9031538883448366	0.9605514053873538	0.9997483603958995	0.4823734247217648	40	False
chr17:29389951-29390551	chr17	29389951	29390551	test	1	e526406bb5029fb347292e6c8cba4a9aea3cb99721910150f82757c7c3f99fff	0.645	5	chr17:29	0.5	0.9913776943131114	0.9667829704126885	0.7408860326554639	0.9948744585209163	0.402752116574652	32	False
chr17:17063755-17064355	chr17	17063755	17064355	test	1	abe5519860f14022ec2d0fb493e778e384ee942f0731830ece64e8aba08f3862	0.5716666666666667	13696	chr17:17	0.5	0.7452535746855106	0.28802800958425406	0.5536041913122914	0.6712599911958471	0.510701876979358	28	False
chr17:40417788-40418388	chr17	40417788	40418388	test	1	1303c0f3b6d4b6d7167f0cc573a5949e28d999e3fc4ec082fedb4901369402bc	0.5316666666666666	193	chr17:40	0.5	0.8663982352726669	0.8098255472191751	0.39837351112572683	0.9434859921460739	0.5181009936246884	26	True
chr17:49315395-49315995	chr17	49315395	49315995	test	1	addb881af7cb4f08b5ead9ccefeb54670ad7ccb42dd6e85f57065cddf76a93e8	0.3416666666666667	6793	chr17:49	0.5	0.09716019311679927	0.3734832917156926	0.14061438065938783	0.3072418382993009	0.4381527432726345	17	True
chr17:1511593-1512193	chr17	1511593	1512193	test	1	fdebf9196436e6c6a9add40f65bfc1c4f89ac62f0516aed61dd712437147b543	0.5683333333333334	4718	chr17:1	0.5	0.5531010495996003	0.421701794443904	0.7449205860869889	0.8473498462275753	0.543373755748445	28	False
chr17:76279363-76279963	chr17	76279363	76279963	test	1	adef144427ac8baa21aee6f10ee0b54f901531dfd71ca7b3a8e295ebc31a3040	0.61	7581	chr17:76	0.5	0.7479777877964127	0.35939776293576814	0.9306979392398076	0.7767702270288215	0.5148969845779244	30	True
chr17:41966444-41967044	chr17	41966444	41967044	test	1	e9168e55f1439fec3ef9b0e7b5f0b8d7da4d05fe3c6579eb1ea4188808fa17ba	0.6816666666666666	16	chr17:41	0.5	0.9986146091693734	0.9424083854867601	0.8347700974310515	0.9940914225480957	0.4060225465533066	34	False
chr17:18314774-18315374	chr17	18314774	18315374	test	1	44f25d32eed112e58b8a0719d5b38bb75815ffe122782986d3b058fa74ccf6db	0.65	50	chr17:18	0.5	0.9956698479224679	0.8991311363082065	0.7808294088973858	0.9927333724128852	0.47866389592218495	32	False
chr17:5111710-5112310	chr17	5111710	5112310	test	1	ae0070a9ce75042213b8d7c62237906bcf3c8dfee60116fb946009b777af4fa5	0.64	59	chr17:5	0.5	0.9857333063628362	0.8906839319669262	0.9675816016858312	0.9649632544649033	0.4880407541588361	32	False
chr17:78127213-78127813	chr17	78127213	78127813	test	1	7b5cb0ac1da810ee6d47a3a5b29325cf46bd5e871d6805d1c96040d5ad4905d4	0.6383333333333333	745	chr17:78	0.5	0.8999991219844623	0.6691084599558191	0.4383096754883542	0.9258037923952085	0.42273026284319964	31	False
chr17:80101111-80101711	chr17	80101111	80101711	test	1	fb9aa3cef870763f77d26d69fc140e2bf427c541e7e4364499cf33547520940a	0.7883333333333333	114	chr17:80	0.5	0.999942103113445	0.8504351111840375	0.9294039981127801	0.9999711320387775	0.5310624251370335	39	False
chr17:2399383-2399983	chr17	2399383	2399983	test	1	db2b40daaf9f99bf700b963cfba0e16ea52833465bb5303f4b4f85e73e957bb1	0.6916666666666667	1376	chr17:2	0.5	0.996561286157108	0.5903095511561458	0.5721096277986449	0.9991356250492816	0.6986821426935345	34	False
chr17:48053273-48053873	chr17	48053273	48053873	test	1	2e814e0f48c919b9c8e827dac363e4c85c20836a4054e00f87035ac530679288	0.5383333333333333	1101	chr17:48	0.5	0.43302734983899066	0.6197357806440184	0.8513316886074301	0.6264568755374446	0.5295560552541899	26	True
chr17:31023062-31023662	chr17	31023062	31023662	test	1	e5ca203a0f80497c336de705b8015e9ab37dcd9adb5d9b71db953ecb65dbb1f2	0.39666666666666667	9243	chr17:31	0.5	0.1341300653218885	0.33457427095605674	0.3335346483447304	0.43787441746433814	0.3913912217514498	19	True
chr17:34199847-34200447	chr17	34199847	34200447	test	1	4f614411367073232896fd5407bf61d47ddeef5f050ce4a295fc2f585db84462	0.43833333333333335	3972	chr17:34	0.5	0.25309569096195134	0.4450612536862398	0.395890937373809	0.07612744580472638	0.5317601276194575	21	True
chr17:62703636-62704236	chr17	62703636	62704236	test	1	18f7a05201a8c646ecda4a3b455b0ac77b1a6ea7ed98aecf70b6947ccba78527	0.75	2297	chr17:62	0.5	0.9994160291527595	0.5205066882381266	0.6854654643668485	0.9988014994553036	0.5163464075372283	37	False
chr17:29615422-29616022	chr17	29615422	29616022	test	1	a4fdeb3dd469988df41ed2d09b3390039fddf6ae962b952d8bc3a36babc3ba16	0.7	5639	chr17:29	0.5	0.9968344255667254	0.397864427896895	0.6309389041359424	0.9987254039981093	0.45311710523014204	35	False
chr17:43024826-43025426	chr17	43024826	43025426	test	1	b386225d5009d909887612cc89664a48e554b5f87428c07c6cc2bee45f1121b9	0.715	95	chr17:43	0.5	0.9981100005714951	0.862696340308842	0.925386125255484	0.9951429722366648	0.4492151646158011	35	False
chr17:60525940-60526540	chr17	60525940	60526540	test	1	ed0ba066973a2d33447cf29e856faeaa6670debdff01329c5d7ac5af060509c1	0.6416666666666667	1	chr17:60	0.5	0.9938129979459008	0.9816276543708162	0.930169677619633	0.9983048056250895	0.40495101106634457	32	False
chr17:31487675-31488275	chr17	31487675	31488275	test	1	ce0ca1f88ab7829502813cf70edaae74c6a664b646d9725ea5ad29b3eeec743c	0.765	24	chr17:31	0.5	0.9998610194512606	0.9296822056276196	0.8838033881712146	0.9993793252921488	0.47775529915185605	38	False
chr17:73232100-73232700	chr17	73232100	73232700	test	1	75c81ca8c36f001396f8027e54fa1282d49e663dad28dd901a1a4eaf2cb4d3e4	0.6383333333333333	2	chr17:73	0.5	0.9941635334305472	0.9771161082130421	0.917095838573065	0.9945402783248373	0.554749805930925	31	False
chr17:50541897-50542497	chr17	50541897	50542497	test	1	37b6a6dcfa56264f6d98f1b163d6653365bec65720bef19797376de2ca259ea2	0.7066666666666667	3437	chr17:50	0.5	0.9989197670226767	0.4648891602981267	0.9658438890776285	0.9996939878176507	0.3593240659527106	35	False
chr17:74987283-74987883	chr17	74987283	74987883	test	1	c12a194e143f8634e4933e51e734464b1c0279f25d7a4b6dbda49202e1ed6255	0.6533333333333333	4	chr17:74	0.5	0.9939609890325606	0.9698723804007733	0.4335658028748915	0.9845516590705479	0.4805834896129449	32	False
chr17:27353581-27354181	chr17	27353581	27354181	test	1	bd42191ff5d12b626ce605b59951c828a9c17625a3c21a3e383a1ce7afc93cce	0.73	3	chr17:27	0.5	0.9983719673801063	0.9732759723133476	0.4828283883561535	0.9987258556056655	0.38556917626580667	36	False
chr17:3846033-3846633	chr17	3846033	3846633	test	1	e4eb12ed4d1f20ba9b2fa78fcdfd26c3384fb75570bef39fc79f39c45ea45800	0.6766666666666666	71	chr17:3	0.5	0.9972332645847065	0.8804749429028575	0.9247843253267802	0.9968026260750871	0.48146895991132294	33	False
chr17:79918995-79919595	chr17	79918995	79919595	test	1	cf735030cb3c0ad624a99abc8f1ecadeac0a6d268e7ff51dbd0bd88dc4596d65	0.6533333333333333	13	chr17:79	0.5	0.926250230451171	0.9479657464384746	0.8831067682989039	0.9594214392756798	0.4337859534463675	32	True
chr17:55264625-55265225	chr17	55264625	55265225	test	1	5506098c475b2e578566ed2175e8475c7888f069172e66ddc5e5e619c7a0325d	0.6133333333333333	34	chr17:55	0.5	0.9937719850638931	0.9165043905674707	0.9625087504128899	0.9445444231210063	0.47978404809600256	30	False
chr17:30708600-30709200	chr17	30708600	30709200	test	1	e9a03fd1284f3a1954dda355940d06e21f0ae557ba5e28ba3a641ee8c03a27e5	0.7083333333333334	181	chr17:30	0.5	0.9993286630583185	0.8152034661771038	0.47957340623888256	0.9996070552395038	0.45708566896527963	35	False
chr17:5485997-5486597	chr17	5485997	5486597	test	1	55a8812f145b751a4fe2dc93c8239251184dff6f6eeb6e515361e2cd42290e07	0.6316666666666667	15	chr17:5	0.5	0.990164607216643	0.9442009843126588	0.8194271216745579	0.9869551653541946	0.42706624097186907	31	True
chr17:17021337-17021937	chr17	17021337	17021937	test	1	253539abd018670f16852b81d6a6283d36f6a448f318b30cf6695094658bba4d	0.5883333333333334	93	chr17:17	0.5	0.7051533240050738	0.8640694235201637	0.5340347677771197	0.9276541206042906	0.5484347646424798	29	False
chr17:7404252-7404852	chr17	7404252	7404852	test	1	b65c5ddb38f5aeab6a6a9581330452f9062f28bcc2160f6fe73005b09b11af7e	0.63	131	chr17:7	0.5	0.9753098537734308	0.8404775565636619	0.4454640484384189	0.9236223577501989	0.5931777635935842	31	False
chr17:75855168-75855768	chr17	75855168	75855768	test	1	9734a773fc9594d4cd8572ce6caf5ee7ad8e3965cae4343c1f3b82ef57672a79	0.575	49	chr17:75	0.5	0.9615873711157493	0.900119857527865	0.9692014572908416	0.9871105453797384	0.527871600451312	28	True
chr17:57849868-57850468	chr17	57849868	57850468	test	1	4b5a39d58bb675d4c1b1bfa9dcc5e0688a3312f7e1ddd0c310cfc30c47ac2d47	0.6183333333333333	50	chr17:57	0.5	0.9697694867115194	0.8991311363082065	0.5016632081189234	0.9733210729453753	0.5375613368022564	30	False
chr17:43778762-43779362	chr17	43778762	43779362	test	1	bc61b4428eaa504d1d0b5e6e7a60c2265be84e9d4953c426792a867fa0172e45	0.7016666666666667	63	chr17:43	0.5	0.9993455304111926	0.8871606588342703	0.7836840270371467	0.997669107931095	0.44975895615262895	35	False
chr17:63549915-63550515	chr17	63549915	63550515	test	1	fff1b48a8d6b0c1f80f62390991ec3e2e851bcc75bf8bdaa407c4a0832ba3521	0.6033333333333334	30	chr17:63	0.5	0.9795697181744917	0.9214980138287833	0.9220348617217602	0.9962499420682381	0.5201519486414329	30	False
chr17:58518439-58519039	chr17	58518439	58519039	test	1	f15f14bf57df890a0165fc02eb7d63eb3d4d16591aea92165c9f1c2f951aaf68	0.5283333333333333	70	chr17:58	0.5	0.7984771652749256	0.8812864043777581	0.2590813217527092	0.631852441027295	0.39043068880166215	26	True
chr17:30477085-30477685	chr17	30477085	30477685	test	1	b2a21c007471ff287bbcc67341341179ff2b85912974aefa9b14d619a2fdbb44	0.5883333333333334	22	chr17:30	0.5	0.9475289393363021	0.9326371161697482	0.5301970887100305	0.8283754434744587	0.47790367847062853	29	False
chr17:17972152-17972752	chr17	17972152	17972752	test	1	7bc987449a7702a0a12e5dde9e251baa19a73e3e53db860a929a012e49a43bbe	0.64	16	chr17:17	0.5	0.9880999730563074	0.9424083854867601	0.5755165162764395	0.9745870766641095	0.36562422920667464	32	False
chr17:81130262-81130862	chr17	81130262	81130862	test	1	644644ba855c53ca0899bbcfb30b18bf2f22a446c8ecce012d2c479062e396a9	0.67	1385	chr17:81	0.5	0.8766844151931232	0.5894381087703231	0.8988751603063948	0.7023041768424512	0.3482676056815434	33	False
chr17:27494534-27495134	chr17	27494534	27495134	test	1	beb7d8cdfd8c56e496cab56d7bee3efd5adaab8e2f0677fe18be155b06494301	0.5533333333333333	22825	chr17:27	0.5	0.669735574080021	0.23372884931361934	0.8336788740662467	0.9224168699771861	0.5607382576177755	27	True
chr17:57537668-57538268	chr17	57537668	57538268	test	1	0d9df4d1c08a15c09d0c99c751b6f240848b914cabf75767409b39ace021ba8e	0.5266666666666666	6200	chr17:57	0.5	0.5640181386735332	0.38537306867311655	0.49914065669776997	0.7662377345733079	0.44398388856017373	26	True
chr17:55527429-55528029	chr17	55527429	55528029	test	1	f32145f046d184c9041cce685ee5933311b526e0e0449e8e1114ab3aa466b42f	0.45	16278	chr17:55	0.5	0.2756949595831369	0.2688488054717861	0.38747403200149483	0.23672522473610813	0.535141773814406	22	True
chr17:81128693-81129293	chr17	81128693	81129293	test	1	b81e800e19eba165e30bfe54a2eb68b3b1530230371fd91c0d6180ef3a8af0d0	0.6816666666666666	2954	chr17:81	0.5	0.9600885632686901	0.4857622657321246	0.8880536071917865	0.9725417231313179	0.596133168238691	34	False
chr17:44186475-44187075	chr17	44186475	44187075	test	1	fec8858ac13fa8221e50374196b0b0a33da61a7958ad024f09c101195ee13001	0.6033333333333334	24	chr17:44	0.5	0.9776473178243241	0.9296822056276196	0.8503715810695183	0.9986294217274098	0.5157848509405571	30	False
chr17:13017856-13018456	chr17	13017856	13018456	test	1	106d5be00b5f6135d43f07c3f0ecd896b1fa215750fc9ff0f374c77c8b43581a	0.5866666666666667	108	chr17:13	0.5	0.9860107268205928	0.8541646885600274	0.9706463378895812	0.9940088141953807	0.453910624192351	29	True
chr17:6443948-6444548	chr17	6443948	6444548	test	1	a42c2f7cd7c1457470ba9840de75f77490fa7e07d88447a1d2283fa7a43c3748	0.6933333333333334	147	chr17:6	0.5	0.9941442910225037	0.8318121148196447	0.8687519159326814	0.998675670173735	0.5208772323646548	34	False
chr17:46579641-46580241	chr17	46579641	46580241	test	1	6b613196f73431e268c777fb7e7acf80a611ff9218bd00ed48ba2459f3ff01c2	0.5233333333333333	221	chr17:46	0.5	0.8871667391162369	0.7980790913956122	0.9298195722034116	0.9258557196542161	0.46180156325001454	26	True
chr17:36545171-36545771	chr17	36545171	36545771	test	1	70fe9ec0be2ba8a516038253c52a1b356c49fefa8f0a9c344a33d71d2e4dfabe	0.755	179	chr17:36	0.5	0.9994443952124622	0.8161221113594608	0.7923559395433176	0.9997432452407825	0.40160160055909255	37	False
chr17:32349802-32350402	chr17	32349802	32350402	test	1	61da2dd6220b7557f2d051fd32bc372f21d226693451e7739da62ae26ab8b3eb	0.5316666666666666	6	chr17:32	0.5	0.9035277440968784	0.9639341668473307	0.8738887218934029	0.9921226616934662	0.5213066727365274	26	True
chr17:51260134-51260734	chr17	51260134	51260734	test	1	13ca33d432f76d80a847158c36199f3881fff4311484ef6c9eedded11ac4d428	0.6283333333333333	42	chr17:51	0.5	0.9915277774131005	0.9073711836178706	0.8115711826638807	0.9997112917346461	0.49955747042011167	31	False
chr17:31500044-31500644	chr17	31500044	31500644	test	1	510cd3e0d41b50ac31d2a4936329b09e5af3228212dc3c1b837df8c69031217f	0.5083333333333333	12345	chr17:31	0.5	0.4727817402818417	0.29994450550742346	0.7585445361079793	0.7351468428203134	0.5590329819050333	25	True
chr17:67377091-67377691	chr17	67377091	67377691	test	1	aac18f7f7e22f63d4dc8df637fe16ff16df7c87ba2cb1ddb182b8414c45cc335	0.71	111	chr17:67	0.5	0.9993976490537699	0.8522846529677262	0.6161014764912107	0.9988659274093593	0.526833333345817	35	False
chr17:81683546-81684146	chr17	81683546	81684146	test	1	0845fa0df5cdf655e7655a7035c768743567dad6ccad43aed3081fe50903eed8	0.6966666666666667	50	chr17:81	0.5	0.9994275391703736	0.8991311363082065	0.7082925864791612	0.9983520742619576	0.5362880830629672	34	False
chr17:63848935-63849535	chr17	63848935	63849535	test	1	5f6f93e6a979c01bc9f570d54c4d9e0f1396416d6b6e40ba24477de8588dbdab	0.6333333333333333	62	chr17:63	0.5	0.9975442868413938	0.8880294246117003	0.9906136329600871	0.9998403761061302	0.5347203387441734	31	False
chr17:81238817-81239417	chr17	81238817	81239417	test	1	cacfe7fb3036db84cfffba37a6fb3acdece1f82e0970581975bd02334d14232a	0.6866666666666666	23	chr17:81	0.5	0.9984163274051939	0.931143551405669	0.8935737627625605	0.9946278014589524	0.5952794961972305	34	False
chr17:18038980-18039580	chr17	18038980	18039580	test	1	a3a3ce71295c1f999a2ab1314645eff52492ee196fc88b7d6ad9b9d3b30d5cab	0.685	83	chr17:18	0.5	0.9983898498064864	0.8712101392962631	0.8608314692959612	0.9961532682899952	0.6150465814383926	34	False
chr17:57899402-57900002	chr17	57899402	57900002	test	1	31c8e27ab4318a383e5ffb518b7a675ef92cd87788eddea67f0f4689d9512a96	0.5466666666666666	785	chr17:57	0.5	0.5451509234666538	0.6626834017327722	0.6577145130442542	0.558139316980881	0.5696859160403974	27	False
chr17:78822498-78823098	chr17	78822498	78823098	test	1	762ad5cae15d0549eadf26b89eef16ba526d9251e894e1ab3c8b99f48dcb45cf	0.6183333333333333	17240	chr17:78	0.5	0.8985950914200383	0.2626544916879404	0.913754915371903	0.972748271794292	0.5152644348513601	30	False
chr17:38428088-38428688	chr17	38428088	38428688	test	1	d63da8b48519f1d7dd588cf185db3401518eab90164c14cd025e6cd187cc8bad	0.7566666666666667	75	chr17:38	0.5	0.99849984719024	0.8772928380075233	0.8436234022527281	0.9976198031105477	0.5256492385149568	37	False
chr17:28951207-28951807	chr17	28951207	28951807	test	1	00cca7e989fe51d1629abf25104d8fcc5bdb7af6a115fb755268b1ca3c8bb26d	0.7033333333333334	10	chr17:28	0.5	0.998981266110505	0.9541638155952322	0.9094892386330723	0.9988134764699966	0.49803328279699344	35	False
chr17:73342074-73342674	chr17	73342074	73342674	test	1	b3bcc98c91e7b4b1a8598f56bccd93bf022beb585e84ee20c547fb8e0f2fa91b	0.6066666666666667	30374	chr17:73	0.5	0.7588772291769322	0.20663048557365113	0.6963321074890759	0.9167928349698113	0.45868987869389777	30	False
chr17:45161398-45161998	chr17	45161398	45161998	test	1	02f5900c92d9963b25bdb21b1a9d3a5ee56fa1e0e5cbbbf0b04890b90d1348de	0.6033333333333334	34	chr17:45	0.5	0.975548543251056	0.9165043905674707	0.8284033892098038	0.9762233498315384	0.38932362094543543	30	False
chr17:74812983-74813583	chr17	74812983	74813583	test	1	d71a7cbb8c8c3bb2f905d8c6f99e5b6e1d9dab154c9938e18d9214ad8f712406	0.5166666666666667	36785	chr17:74	0.5	0.4935144276206508	0.1898105891325964	0.3895420715927812	0.9662397982458951	0.6002605813208673	25	True
chr17:73262231-73262831	chr17	73262231	73262831	test	1	c7a7af4a08f32181b62f0029085f7dfc2f7b275a20ffe4bbafdc173152b13f9f	0.5616666666666666	180	chr17:73	0.5	0.6470829136216939	0.8156619628429836	0.45963629931253924	0.9668008310612426	0.5608705114307819	28	False
chr17:50866200-50866800	chr17	50866200	50866800	test	1	44b0471a00306df5c7829c862d96f62379c1b7bde49d6862dc927341232f1e86	0.735	144	chr17:50	0.5	0.9996092156993248	0.8333902874911231	0.6357985285618505	0.9998663413016512	0.4432960992316512	36	False
chr17:7685828-7686428	chr17	7685828	7686428	test	1	a0a56759c18782c79476a8c216d4ac1a121cc280fbf1f22bb55d53b2c0465395	0.5266666666666666	31	chr17:7	0.5	0.9338068010183105	0.9202186790708301	0.3727361748012082	0.9508367784126757	0.4406379683262167	26	True
chr17:65056535-65057135	chr17	65056535	65057135	test	1	5628cb5bd0cd5baba6e8f7000be397a40f96d894ee1c72cf0c62ad13cac499d6	0.7716666666666666	2	chr17:65	0.5	0.9998574356722771	0.9771161082130421	0.875605134999488	0.9995862312654917	0.5571610782778366	38	False
chr17:732154-732754	chr17	732154	732754	test	1	8ae2758ddc1929e963e2d49d59c7b63d462529d67e251726da2ae42d50e737ca	0.81	10	chr17:0	0.5	0.9999830207789894	0.9541638155952322	0.9561905647077369	0.999913967128224	0.4755455541620212	40	False
chr17:8154234-8154834	chr17	8154234	8154834	test	1	fd3830f46e3d54f7ba3e4bbdaa84cbb47f1e9226203f66c565720fdf59694cea	0.6216666666666667	289	chr17:8	0.5	0.923480457400421	0.7732206875551031	0.7435444796043091	0.9670428307926943	0.6161782081659763	31	False
chr17:7687987-7688587	chr17	7687987	7688587	test	1	22e40624fbc1151b747b3d9e9353ecd773bbee128a980cc0e3776a5d476d3e2c	0.5483333333333333	189	chr17:7	0.5	0.9546256886239585	0.8115933551869963	0.9169622984572243	0.9461515536248746	0.4911680915213312	27	True
chr17:19867580-19868180	chr17	19867580	19868180	test	1	d3b24f4dfa22ddcc4fa0271d75617033b7707899f733d3ff0ad0bdbd41caac49	0.7816666666666666	55	chr17:19	0.5	0.9999435586442705	0.8943432831150929	0.9265949234087009	0.9999716627640132	0.4836008839048922	39	False
chr17:77924787-77925387	chr17	77924787	77925387	test	1	e9f7792213f383412535198fb5d2039527f5a49da888cc5c40807a5bcc6e916e	0.5683333333333334	2132	chr17:77	0.5	0.7207829341843108	0.5307788731664026	0.4359566790649584	0.6444205988105444	0.5056696122623388	28	False
chr17:61412247-61412847	chr17	61412247	61412847	test	1	6d29f8102f0071a990a991f783a4d4a79f97a8ed36adaef2928e61a3fdf6d216	0.71	797	chr17:61	0.5	0.998187722993901	0.6608081179576899	0.5924049014084344	0.9985443381128045	0.4609821903168836	35	False
chr17:38464746-38465346	chr17	38464746	38465346	test	1	a1303b0888be112b6b2bd5e186e390d6fd2283e04863fa33fb844c82ad172fdc	0.665	5051	chr17:38	0.5	0.9571469905693263	0.4125354048009615	0.8689898369843294	0.9893310211914724	0.5230757076016388	33	False
chr17:28041360-28041960	chr17	28041360	28041960	test	1	5612a22814f65d42716a509145f6ac0cef7bd80987b34667dd4225f41d03f6e6	0.625	48	chr17:28	0.5	0.9894961517739381	0.901119666006424	0.9134417433107053	0.991654590674045	0.5387350460767472	31	False
chr17:80859969-80860569	chr17	80859969	80860569	test	1	59582fd6fede9d8dd87af040e551f355592d9132631cd489a6db53167004bad7	0.6233333333333333	33370	chr17:80	0.5	0.8303747432207715	0.19823386231272336	0.73394890089081	0.9597101219085076	0.5003144615185042	31	True
chr17:43483466-43484066	chr17	43483466	43484066	test	1	199f35382bcc8fe7221f0c9c8646922b999b095ec5743612f4724908a9116576	0.5533333333333333	175	chr17:43	0.5	0.9331885445157283	0.8179795042753044	0.506538582738513	0.9915487312269222	0.3860721161660794	27	True
chr17:75182778-75183378	chr17	75182778	75183378	test	1	3131f9ecdc1db4b62cfe75308bbcfdd1bc4e87393bc23b813a01ae4f753fee99	0.6633333333333333	88	chr17:75	0.5	0.9976006017303539	0.8675802286249213	0.8939254064645346	0.9961957851422869	0.3663997305433827	33	False
chr17:73310885-73311485	chr17	73310885	73311485	test	1	97be1b9d1270314b24b96c84b802cbab4b9a771c6e1bcf3d8d152977b773e87a	0.7133333333333334	106	chr17:73	0.5	0.9992998373688864	0.855435602314358	0.8157583560895718	0.9993573670996022	0.6325669849825829	35	False
chr17:28719614-28720214	chr17	28719614	28720214	test	1	494e8ade28d28d059b4f0b08ec5e546b7310ba294a4d00b5378f4c27e81d654b	0.56	25	chr17:28	0.5	0.9628351066287012	0.928251227750206	0.7926384666026767	0.9964713817058976	0.6602008089223016	28	True
chr17:50546849-50547449	chr17	50546849	50547449	test	1	18ad72e120a136b12e81158a77fa96997cb251f376d455d9a3fad2110028ff74	0.68	24	chr17:50	0.5	0.9884591087667403	0.9296822056276196	0.6704491133906526	0.9625440317785015	0.514688352786938	34	False
chr17:55421696-55422296	chr17	55421696	55422296	test	1	ea3575899728853f132a5adbbd906be66f53d1ac26784c7dac8a5269984768a0	0.7283333333333334	11	chr17:55	0.5	0.999396984321291	0.9520130873851713	0.8959501225696254	0.9991918617204847	0.434848675877795	36	False
chr17:21043102-21043702	chr17	21043102	21043702	test	1	1fc6c0e89e0b0709c16b2d754cdc932eecf73255990a77d0441d41de9e040162	0.7016666666666667	333	chr17:21	0.5	0.9968864010736778	0.7592332499508808	0.9360779155095393	0.9980587827497902	0.44519674676645493	35	False
chr17:28812246-28812846	chr17	28812246	28812846	test	1	f7b800a8688e1a2784f524eb2230050e99bb4399302ea69331ee442748c5c52c	0.7033333333333334	67	chr17:28	0.5	0.9890018528097743	0.883761175718606	0.9526967412906284	0.9957186711237498	0.5973753992073944	35	False
chr17:59565225-59565825	chr17	59565225	59565825	test	1	63180901b30c1bf060e8f17224e77a86cbcc4268742a6fb05bd29b0353759bef	0.63	68	chr17:59	0.5	0.9942146924682466	0.8829293786779867	0.5597023506582146	0.9560953202535031	0.5186960810351292	31	False
chr17:57084804-57085404	chr17	57084804	57085404	test	1	ed8d8acecdc7688371faca2e16012bd0b598d96c34925cae6acf8e069938b156	0.7366666666666667	22	chr17:57	0.5	0.9998156908434096	0.9326371161697482	0.7679360941445074	0.9993852611950552	0.5043035222273088	36	False
chr17:54968453-54969053	chr17	54968453	54969053	test	1	138bb2f2c595da72d7dbaaf740cd5fb3d05fc0d6642a4c948c08c40d7102c2da	0.6066666666666667	11	chr17:54	0.5	0.9741091162027711	0.9520130873851713	0.6378537867452647	0.9767971034599403	0.5660756565446315	30	True
chr17:36948642-36949242	chr17	36948642	36949242	test	1	ccf722e1f18651d1c49ae3ff66d696b17263da24e809146aab7961ab1ab63e2e	0.67	11	chr17:36	0.5	0.999016685258463	0.9520130873851713	0.919354971791868	0.9998162644158278	0.5043543019365608	33	False
chr17:21284269-21284869	chr17	21284269	21284869	test	1	2499da1f4e56ce479e7b09d7f21f4188eb111cd4e1c438011a8c349129b42790	0.7316666666666667	106	chr17:21	0.5	0.9994166729034809	0.855435602314358	0.8802571100619717	0.9989998605647502	0.39648910165220724	36	False
chr17:7239342-7239942	chr17	7239342	7239942	test	1	647ea2069aa854d7d87a86900e786d4982f05285015605fd9a0e6db18874e029	0.6616666666666666	158	chr17:7	0.5	0.990388523769725	0.8261932071393138	0.5215938981213931	0.98245389927369	0.44314404653272366	33	False
chr17:49764083-49764683	chr17	49764083	49764683	test	1	1bf0a65f51407406f029885e13a2317a278f14ab8fe717a31f1211679f5983e0	0.54	253	chr17:49	0.5	0.7873910466114873	0.7858141107289747	0.8001027433920531	0.806580753218221	0.5587546348016829	27	True
chr17:78313980-78314580	chr17	78313980	78314580	test	1	20d254f2dd5dd7f9b2bd5da4108104863629dfabdacfa49e6d076632b03ee465	0.7433333333333333	1448	chr17:78	0.5	0.9985742248572417	0.5834772516977174	0.7875336606110055	0.9972451919180259	0.5117868910449715	37	False
chr17:1628660-1629260	chr17	1628660	1629260	test	1	7cef8767263785772310248ce25044bb791ddf096d4880bd938e33091f2585d6	0.7266666666666667	127	chr17:1	0.5	0.9993868923666351	0.8427455866313099	0.8200315868769816	0.9997373675474006	0.5946267241635139	36	False
chr17:47650299-47650899	chr17	47650299	47650899	test	1	35f95425704a17c4773036ae0037caa368f4caefdce76d756a103ce9c715acbb	0.735	596	chr17:47	0.5	0.9981390226295254	0.6957948818562448	0.8095443958932316	0.9872187879823637	0.5409157947937262	36	False
chr17:17009934-17010534	chr17	17009934	17010534	test	1	74e1d8b43bfe717d1a43c3eea4a1cd487c58c329fee7d9670dc6ce0dda4c57fe	0.5133333333333333	420	chr17:17	0.5	0.4395610653627403	0.7350664696147025	0.38132716131370853	0.9584580484362882	0.6468925418108005	25	True
chr17:39401467-39402067	chr17	39401467	39402067	test	1	700a67587c4f32990a42fee3c940eba0f19308836d74b1e5cd183c24c3a6e238	0.7266666666666667	16	chr17:39	0.5	0.9993868923666351	0.9424083854867601	0.8009758633233209	0.9983009445673817	0.4183047396564646	36	False
chr17:49788276-49788876	chr17	49788276	49788876	test	1	6052894fd5940f79c98804c8964479ee3894c51adbc0a48231721b4d47eb5f03	0.5583333333333333	15	chr17:49	0.5	0.9683757286792757	0.9442009843126588	0.7795733725295148	0.9882260921615176	0.5269223608309965	27	False
chr17:18258456-18259056	chr17	18258456	18259056	test	1	aa5cfd5f98eb716bcc33dbe1ae48c6686d4067b4839e6456fe93b5517759d7e4	0.7233333333333334	19	chr17:18	0.5	0.9986789435825115	0.9373328095870924	0.8150695955990588	0.9973525821930719	0.48024127412658296	36	False
chr17:59106701-59107301	chr17	59106701	59107301	test	1	3d7be4db27aa6761fa8d98d9255b660b8cb756d92698d5ceed72cabb155c3f62	0.655	81	chr17:59	0.5	0.9968691435004184	0.8726977777536284	0.8739561877862136	0.9991199330041366	0.5159179735125096	32	False
chr17:7307227-7307827	chr17	7307227	7307827	test	1	8705843da04ad20403932de8dcc31a7543af9a26beab9c39f67aca31bcd86a33	0.6516666666666666	7	chr17:7	0.5	0.9981328130210881	0.9612775523818726	0.9161740686766257	0.9981124675118148	0.3784939411606628	32	False
chr17:15341353-15341953	chr17	15341353	15341953	test	1	f1f7acce747b7c4cc2592193e88df99494f6b950598dca5b0a6f88a744606e2b	0.63	57	chr17:15	0.5	0.9827733540220321	0.8924957504264149	0.7813379307631668	0.9620718576954943	0.557363159363834	31	False
chr17:58692277-58692877	chr17	58692277	58692877	test	1	b15d62b5928c8709848c1993ffd602cf2483b03b919e4cd3ceec1a1970357c9e	0.585	5	chr17:58	0.5	0.9755748547328787	0.9667829704126885	0.8397534200682494	0.9860462048403381	0.5407559533424643	29	True
chr17:54900487-54901087	chr17	54900487	54901087	test	1	e9740321d642999468de70d2d0b2e27da370a87b7ec8ed9459d67f172cf3f755	0.6983333333333334	18	chr17:54	0.5	0.9983058702602743	0.9389782468088763	0.8569354937976057	0.9905579467599838	0.4665067625129464	34	False
chr17:78821809-78822409	chr17	78821809	78822409	test	1	7bd490e05355cc049b1a147cec29ab2b70a3a509cce33807da3d1c0db408893e	0.5433333333333333	17929	chr17:78	0.5	0.668018683756033	0.2584800301765532	0.6188690956721487	0.3222706602281855	0.585626510134054	27	True
chr17:81222816-81223416	chr17	81222816	81223416	test	1	3d8ff80383a1da50ca546f9e21f38fafc93ed89fc07f7f0e84da759d230dbcac	0.7383333333333333	103	chr17:81	0.5	0.999344085192751	0.8573692902904101	0.9459100315917705	0.99745227634218	0.4948257243127243	36	False
chr17:16589141-16589741	chr17	16589141	16589741	test	1	9acc17ca859a170c4e7fe184ce9890a2161e238bf11e12c5764ab5e64cdb1706	0.6483333333333333	4972	chr17:16	0.5	0.989037807415227	0.4146490012320371	0.4685432627292243	0.9912049935822445	0.5509824750416806	32	False
chr17:57440727-57441327	chr17	57440727	57441327	test	1	42c0975f6bcc204ada3c9c0908fbd6458c819b9b4d14f541dd912b8d0609fdfe	0.56	7190	chr17:57	0.5	0.643281137492836	0.36616532990308026	0.5609177182238412	0.781897246200377	0.4768428230265398	28	False
chr17:75516159-75516759	chr17	75516159	75516759	test	1	cfbc5c88e9fae231c204aac5a65108b3632d37462724c66ae4191d23f5eed7b2	0.7566666666666667	18	chr17:75	0.5	0.9997379322260026	0.9389782468088763	0.7725006851087195	0.9993755943855533	0.53250773709673	37	False
chr17:8189882-8190482	chr17	8189882	8190482	test	1	2b733816bdccaf3996b9758c770ab8779b85f5bc428cd86455dc355dc7776292	0.6466666666666666	3	chr17:8	0.5	0.9950955983277133	0.9732759723133476	0.438259026548341	0.9961555382866359	0.4068564689073047	32	False
chr17:57861282-57861882	chr17	57861282	57861882	test	1	048609be8dda4f9a33bc605ab7d270e9317c4e0ec3f5299aea9262b69edd51b4	0.6366666666666667	11464	chr17:57	0.5	0.966920753560749	0.3086097147104766	0.4395559188578752	0.9654898904573329	0.5167074124210865	31	False
chr17:29761133-29761733	chr17	29761133	29761733	test	1	fd68c47d4aa5a48fb48dbf40e5194bb8c262f4b01a9bc23ba259d9311d79ba29	0.6716666666666666	17	chr17:29	0.5	0.9986038430872326	0.9406688786176478	0.9278033595798812	0.9984473613907803	0.318434809820418	33	False
chr17:8630716-8631316	chr17	8630716	8631316	test	1	f20973d6ea9e0ee4985a563540f496156993486f394f0eaa34c6acbb34d0f7b3	0.7083333333333334	99	chr17:8	0.5	0.9984662964479882	0.8600007443815557	0.7273432910708177	0.9988752055066467	0.41097446829001044	35	False
chr17:75764849-75765449	chr17	75764849	75765449	test	1	c1e158755275f7d2e1662c6ecd65d9c2dbbb250ed30bc3da6fe0c7f1b08fb6a2	0.7233333333333334	14	chr17:75	0.5	0.9986789435825115	0.9460515456740395	0.578723754799314	0.9943252585637072	0.4499396080843831	36	False
chr17:16653576-16654176	chr17	16653576	16654176	test	1	aab9ac8b1f614b9d6aec5a42bee1db1ec4844008c5ad32e7110fed6a0d879465	0.5833333333333334	17	chr17:16	0.5	0.9645396638888206	0.9406688786176478	0.846040010165942	0.9966525686678663	0.5652400651578118	29	False
chr17:10729478-10730078	chr17	10729478	10730078	test	1	2b15414878afa195e6b23d6f9fdafaf9bfaaa5b5f3d4bd3687bbb11e07f9b803	0.7066666666666667	1	chr17:10	0.5	0.9988159209315683	0.9816276543708162	0.931223887753488	0.9995938001665893	0.5357382672429266	35	False
chr17:5446667-5447267	chr17	5446667	5447267	test	1	ac00b55d5a5e34bea63444031c53d41e8f6ba71a91dc7a8bc293ee83e8243834	0.4483333333333333	7785	chr17:5	0.5	0.31029512715941077	0.3560249061679609	0.7406567265140415	0.44322398784001993	0.5349919862553549	22	True
chr17:47530758-47531358	chr17	47530758	47531358	test	1	8f1ce57178454b8467de985710fbfa533ee4b72456a65f4a7b7e18d6a65ceb5d	0.7283333333333334	49	chr17:47	0.5	0.9991293452403799	0.900119857527865	0.9251862385222509	0.9997508752078905	0.4727516750361644	36	False
chr17:57256094-57256694	chr17	57256094	57256694	test	1	49ac6e227f3adc9cd2c1c6efb84a88638fbac561c9b0a17daeace88511a3c46a	0.75	52	chr17:57	0.5	0.9994160291527595	0.8971857071210835	0.7245380507982633	0.9968194795094723	0.4273240706902581	37	False
chr17:35763954-35764554	chr17	35763954	35764554	test	1	104750d8c0f4cf2e483764e1981efcaed3d2b6dea7435f295ac2420ab6d18ee5	0.7166666666666667	620	chr17:35	0.5	0.998588333922889	0.6911624740830647	0.712559564982493	0.998659338484944	0.2618687937038596	35	False
chr17:56592366-56592966	chr17	56592366	56592966	test	1	ac2ec60a7542952c429df342a84c148baadea1b5683f2b948fdf9dd9e5b286d0	0.6383333333333333	1032	chr17:56	0.5	0.9809820912743521	0.6281244356414618	0.8794766026942691	0.9873102164372217	0.4900099645543808	31	True
chr17:78341711-78342311	chr17	78341711	78342311	test	1	c13be5e9fd220acc0dee0e52a5e1ca463acafa0ed2fb07fd7ea445ebc8c7c45a	0.795	63	chr17:78	0.5	0.9998870077517198	0.8871606588342703	0.7559957111494378	0.9993565192688765	0.5145228277787949	39	False
chr17:42112545-42113145	chr17	42112545	42113145	test	1	fcc628bd8fc7eef75ca8f35115a5bfc66be49480f3c0dfe9aa272a502d99f0d9	0.5833333333333334	111	chr17:42	0.5	0.6543809419830987	0.8522846529677262	0.6633596610864486	0.5578784705202589	0.5221988731155961	29	True
chr17:28598798-28599398	chr17	28598798	28599398	test	1	a5bf69dee6a97e1aa841d10e2967821c598b43472b73f73c4df8c853a53d7a30	0.6466666666666666	34	chr17:28	0.5	0.990709766367456	0.9165043905674707	0.5789528960064795	0.9299332499759986	0.5411171990006703	32	False
chr17:68035351-68035951	chr17	68035351	68035951	test	1	1e1b54483087b3cb539485c369f81dd13e38ed30b04ca953b55d6da693098fba	0.6716666666666666	83	chr17:68	0.5	0.9979848904638593	0.8712101392962631	0.8933608823281961	0.999021334549474	0.6393631433648904	33	False
chr17:81860333-81860933	chr17	81860333	81860933	test	1	80e91fa1943ee9a9ec3d878d91ed8f7a300a89ac9a907197757cc628a870a57a	0.6883333333333334	10	chr17:81	0.5	0.9994325833607296	0.9541638155952322	0.8417309427632449	0.999664698737513	0.47449930741560387	34	False
chr17:28711088-28711688	chr17	28711088	28711688	test	1	33c03abc3ae69e2a00ba083889ff51c3aff052c7dc8f8904501780852a004611	0.7066666666666667	499	chr17:28	0.5	0.9988159209315683	0.7161394724837753	0.5997208436220721	0.9958227826400785	0.5748952803487437	35	False
chr17:18362429-18363029	chr17	18362429	18363029	test	1	6bb5abbc94c650833d53d94c1b8396487952ce69e7c96882b0debe0229caa0ce	0.55	23	chr17:18	0.5	0.7729650353825197	0.931143551405669	0.25943653773128006	0.42872390668378385	0.5794680563706297	27	True
chr17:21253100-21253700	chr17	21253100	21253700	test	1	a4183f1b430462cd355eda198d52cf91a290782d699b53fe24de6358388fb614	0.7033333333333334	9	chr17:21	0.5	0.999786219860684	0.9564142662206934	0.567462627232162	0.9993294878130601	0.34720046183637515	35	False
chr17:78840670-78841270	chr17	78840670	78841270	test	1	f245f1b0a084e22a85c13c179c9b369ebac9c9da06fdf6a45f43643d1c5297d4	0.7233333333333334	75	chr17:78	0.5	0.9995188352591512	0.8772928380075233	0.8415589753725161	0.9992630003559063	0.4486293505619774	36	False
chr17:15247786-15248386	chr17	15247786	15248386	test	1	db20f2b7958231060228970c127dc9b3d65ec79bb7ab413cbf1efb7c55aefe5c	0.495	3609	chr17:15	0.5	0.39517149960025283	0.45818100283313606	0.8561619185979803	0.6304599622437862	0.6032139933796438	24	True
chr17:77734415-77735015	chr17	77734415	77735015	test	1	04dd798ec08c4fe664990e29f5d4faae0d421bfe9788938a4ec74318467ece67	0.64	6148	chr17:77	0.5	0.8636864513609837	0.386476542434213	0.6359785195229772	0.9579071337815345	0.5823443431225582	32	False
chr17:39687558-39688158	chr17	39687558	39688158	test	1	3102afbe3e42c7add08104207251bdccfa64238af668470e9ce06db2f4716cf9	0.5583333333333333	55	chr17:39	0.5	0.924335768367264	0.8943432831150929	0.714520561059587	0.9830411041751701	0.47986856731286714	27	True
chr17:72716145-72716745	chr17	72716145	72716745	test	1	3faf22618650b91c5ecf4d689433581afdd70fb31e3d00b04f3101bbbfac9866	0.49666666666666665	52294	chr17:72	0.5	0.6460680688230824	0.16168383843427395	0.46426211147183105	0.9015199237012669	0.5829515161649879	24	True
chr17:19744720-19745320	chr17	19744720	19745320	test	1	3eb8f7501c325ad74eeec9af44c4adb7ee120b484bb7dd1a9a1cbdfe84ec9152	0.7133333333333334	417	chr17:19	0.5	0.9966695913958625	0.7358358120092416	0.7413404594054438	0.9915862775744061	0.38582985711634527	35	False
chr17:28726696-28727296	chr17	28726696	28727296	test	1	d524c74ace2abb17d27f26c2c15f287054622577771cf606e5fe9f75d8284ca2	0.6466666666666666	65	chr17:28	0.5	0.982470930387122	0.8854461389180444	0.83564007591694	0.9747982067037433	0.5823772142356207	32	False
chr17:30731283-30731883	chr17	30731283	30731883	test	1	0638a5bb93d5f4207b76bf9d398dd5a85288ca12ed7a30869af68470291fe9a5	0.655	53	chr17:30	0.5	0.9958794324033262	0.8962284109021618	0.7837333855300295	0.99753244682866	0.39805848114753223	32	False
chr17:44070493-44071093	chr17	44070493	44071093	test	1	f093e05698aed7a7dc5d0f69046497901053bbb15bd3192a348e312825171df6	0.6566666666666666	59	chr17:44	0.5	0.9899024868786255	0.8906839319669262	0.8136678562709521	0.9975776924110716	0.5254590430492692	32	False
chr17:78852617-78853217	chr17	78852617	78853217	test	1	c215bb749bbb35270b70d6a64b12cef8ae01764b71aceb8e3957452c45f5daa2	0.5066666666666667	2560	chr17:78	0.5	0.6685080011309296	0.5055393256614593	0.3358796205185901	0.850831721414616	0.4905592418595263	25	True
chr17:75012092-75012692	chr17	75012092	75012692	test	1	7ab31952a205e914d24249c6f93b26f46448eefc609d96bab2d6a9ff87a71516	0.59	264	chr17:75	0.5	0.9566440809081793	0.7818421987349038	0.5190792305038499	0.9649592765044475	0.5229923910353069	29	True
chr17:82583501-82584101	chr17	82583501	82584101	test	1	38bc9929f17b5718be94f86e665d33e7808b20ab09b9910f68fe578b1b28f350	0.5133333333333333	4661	chr17:82	0.5	0.843802828997512	0.4233413053480922	0.9493548684949827	0.9542926797901029	0.47289052728237974	25	True
chr17:81034816-81035416	chr17	81034816	81035416	test	1	c3b8955b38d2d6f313a9e9accd30fd03c8a9fb3ce3d58fe2ea2d93813d0f3a5c	0.7616666666666667	5	chr17:81	0.5	0.9998107297054911	0.9667829704126885	0.9751567280785058	0.9991435085762859	0.4853814788125165	38	False
chr17:29140182-29140782	chr17	29140182	29140782	test	1	8ba415ca54d79f70ad931aae6a98fc786367d64daedb417476a6d2fcde25c078	0.61	0	chr17:29	0.5	0.796333412832277	0.9874030845967952	0.5953104096150118	0.8489072264991512	0.5450731639739761	30	False
chr17:82648238-82648838	chr17	82648238	82648838	test	1	9fa1b3d3c2fc18bbfb8c0735214a9d95a3c3e9a170b0248c46dac15178d154e4	0.7733333333333333	44	chr17:82	0.5	0.999926299690547	0.90523666785893	0.8932602080905014	0.9993291108784396	0.4884088662056157	38	False
chr17:40121934-40122534	chr17	40121934	40122534	test	1	ecac45a2b6b584b5a0ae82ead40dc024e000cfa7277d7c3a1f5f8d4369bb5494	0.7783333333333333	264	chr17:40	0.5	0.9997217921892169	0.7818421987349038	0.8213144824599155	0.9989225287401667	0.40193061160783944	38	False
chr17:14069182-14069782	chr17	14069182	14069782	test	1	d688f509c114149cb2f340b5b1db2cc8c416ce1acb2a41ae613294787efb98ee	0.655	0	chr17:14	0.5	0.992189053268827	0.9874030845967952	0.6049847873315802	0.9717052632559442	0.4783427253433955	32	False
chr17:50150853-50151453	chr17	50150853	50151453	test	1	bc6a56b0faeddb279e21618c0899c77ff81848adffce3bb54fe7346f636a1e78	0.695	451	chr17:50	0.5	0.996673252653534	0.7273456131268924	0.8290967599333715	0.9964700374272699	0.5392542577256553	34	False
chr17:28728702-28729302	chr17	28728702	28729302	test	1	938639581526ffa84148988ca837680e3db2b0ae5edb74f1b86ec888f3c62a42	0.57	215	chr17:28	0.5	0.9597041638018072	0.8005094229591354	0.8970913194830421	0.9923618293893542	0.5962659178262131	28	True
chr17:71975939-71976539	chr17	71975939	71976539	test	1	477f34adc24d04f4fa4eaf349d8c159b03a77d839b9dd250fa08bfe6d374b4f1	0.495	64	chr17:71	0.5	0.5084585942732089	0.8862996214634509	0.504459833538806	0.8379342796719774	0.515417601975113	24	True
chr17:2711635-2712235	chr17	2711635	2712235	test	1	aa47eb70ed58de5e779abf36eb506789f2d8cc832258523ab340addd8f12096a	0.69	11	chr17:2	0.5	0.9987248604063917	0.9520130873851713	0.9122861292857314	0.9988400493139047	0.44508897965480837	34	False
chr17:50095011-50095611	chr17	50095011	50095611	test	1	a7915c98dbf05d379dd26f9f1b8b071ccedd87ea18509e855abd56b13cef54da	0.6833333333333333	8	chr17:50	0.5	0.9978444066552623	0.9587792109698657	0.8378036114481006	0.9999025089256974	0.539690934968929	34	False
chr17:34980481-34981081	chr17	34980481	34981081	test	1	957024805156236675146a38e5197c116b386add214d1f7453dfed6061c63621	0.7616666666666667	23	chr17:34	0.5	0.9998107297054911	0.931143551405669	0.7445482203710977	0.9996024312619762	0.5286681056388979	38	False
chr17:44326630-44327230	chr17	44326630	44327230	test	1	241716e4378c1c38e21c6804961fff07988d455831e1301bb8960dc9548437f3	0.6116666666666667	1130	chr17:44	0.5	0.9677600244907479	0.6163452725073274	0.8887998638168858	0.9914506698920491	0.5292096475233439	30	False
chr17:77779009-77779609	chr17	77779009	77779609	test	1	5e0108699f4be388a31fb713c321ca9b89c644cbc6882ac0c5c6b5096d23f955	0.6016666666666667	6078	chr17:77	0.5	0.7320050010903557	0.3879786861284283	0.6681480558825064	0.974457178978913	0.47278164085442453	30	False
chr17:41665739-41666339	chr17	41665739	41666339	test	1	cacab95826fef248fe34951bcf0ad90682dc703f41cdfab8ac70dc6561e34acf	0.6233333333333333	471	chr17:41	0.5	0.9551509131351974	0.722572216396771	0.6301769026161015	0.9677533929526527	0.5045228366985597	31	False
chr17:73348979-73349579	chr17	73348979	73349579	test	1	2ac81f6b54ad8a62c5b95f5fa77befea06a05ed3621a6164fb4b869f3f6eecc6	0.6016666666666667	37279	chr17:73	0.5	0.6746168310952906	0.18867890278995994	0.4761932669283899	0.9519166801939719	0.6777920286832271	30	False
chr17:65561341-65561941	chr17	65561341	65561941	test	1	d27e8c41da00174a0aca73c8724f414fcd46877047b559462bd2b4fd265d15bd	0.7033333333333334	6	chr17:65	0.5	0.9990706245932589	0.9639341668473307	0.8773377208694024	0.9992987758772311	0.6135870170570078	35	False
chr17:40542398-40542998	chr17	40542398	40542998	test	1	6aacb2c0b4402292f58cf5d3d7a5a0f335a8dddcf43f11f528641129c7dff8fe	0.5716666666666667	6633	chr17:40	0.5	0.6488511621883686	0.37657181174706245	0.4218488499535699	0.7673393797995595	0.43178521467776465	28	False
chr17:44138020-44138620	chr17	44138020	44138620	test	1	acd4ae17cfb951e25a7a20e3f569b711f2d6fcd630a74e258cd5638c85fee67a	0.5766666666666667	2332	chr17:44	0.5	0.8020181263597641	0.518420366176178	0.8714530328570235	0.7862022259326656	0.5560002250944168	28	False
chr17:28552335-28552935	chr17	28552335	28552935	test	1	589337e60fd8fc37e77ba7a0aea3907c609dfbd719a74ccc440c44cc03f087e5	0.7016666666666667	12	chr17:28	0.5	0.9968864010736778	0.9499502717316438	0.7150914006646939	0.9945451926568293	0.5321782013077438	35	False
chr17:39754210-39754810	chr17	39754210	39754810	test	1	ecd467d2ae1b53505dbbbf8ced6fb0b9a4f7a40c1ea343489a5d6bda346999f0	0.7416666666666667	42	chr17:39	0.5	0.9996956958933101	0.9073711836178706	0.8129110289146365	0.9979336067004831	0.44744231145283875	37	False
chr17:68019760-68020360	chr17	68019760	68020360	test	1	49e12cf2ccc5b3622283097ded2c15bb2477f28f2ad25c82a5de55479cf0a1ac	0.595	50	chr17:68	0.5	0.983089007423508	0.8991311363082065	0.942133617175942	0.9570245182158187	0.5798706289262973	29	True
chr17:21322855-21323455	chr17	21322855	21323455	test	1	7c76be38aebb7d4d1904afdc09241de2a3c89dd8ab13b80f5fab6c9c6a7c9d87	0.5633333333333334	35110	chr17:21	0.5	0.914417543133392	0.19380497209008032	0.5905250778451863	0.9704959418755452	0.5231536740130872	28	False
chr17:55273402-55274002	chr17	55273402	55274002	test	1	1ce01d7b77ce8d80f00b09adb59ae6f76065ea9fee1b792380637087fb6e7121	0.54	50	chr17:55	0.5	0.52863547884455	0.8991311363082065	0.44590379781104855	0.9346951582843868	0.5638816922989325	27	True
chr17:31936677-31937277	chr17	31936677	31937277	test	1	2157431ad8d327efad568ce00c84641fc23265186cc6cae23ab7d4baa5a44566	0.6833333333333333	17	chr17:31	0.5	0.998033288712316	0.9406688786176478	0.7837333855300295	0.9989247573680278	0.466661169972782	34	False
chr17:57662806-57663406	chr17	57662806	57663406	test	1	c38a190146cabe30bdb40209c8b1ec0792168ef668029c9c4a201f945dcef92a	0.55	72	chr17:57	0.5	0.7729650353825197	0.8796699837793516	0.6868568712790857	0.9506047162778489	0.6987899947489942	27	False
chr17:35795294-35795894	chr17	35795294	35795894	test	1	62b196ccb94ef8636366046f5cd99de4c110b404c94b1be46740c46656f70a9c	0.7416666666666667	19	chr17:35	0.5	0.999560576980138	0.9373328095870924	0.9607837326706588	0.9997464054375859	0.4800202502347563	37	False
chr17:32007032-32007632	chr17	32007032	32007632	test	1	37ee3774e578026a3925ff5c70995620b425467b0f98da37879e50dccc3667d0	0.7183333333333334	34	chr17:32	0.5	0.9986115521522457	0.9165043905674707	0.6032285985750377	0.9982976690711456	0.4567927599747428	35	False
chr17:75904667-75905267	chr17	75904667	75905267	test	1	d90d38a0ec8d638a4bd35ba51b8c9d0a12ea347b4c0c10d5fdb2b90a67d4e784	0.745	52	chr17:75	0.5	0.9990285903684074	0.8971857071210835	0.8737306510046481	0.9942592339730806	0.47817507630699396	37	False
chr17:75589226-75589826	chr17	75589226	75589826	test	1	544385af721bcda22df21fb063ac9a38d524943e7678dc2dada050c93a37c4d4	0.7266666666666667	1727	chr17:75	0.5	0.9988341158272502	0.5596393815375148	0.6285147765771006	0.9985275444997013	0.34784716903492474	36	False
chr17:50898919-50899519	chr17	50898919	50899519	test	1	104529e73d3c76d9b01c8f3fe179650fcf7ab561bc0b6275e24692ab2914e1a4	0.53	10262	chr17:50	0.5	0.43520278409216945	0.32182702721670314	0.7463236504920907	0.7104724672883462	0.5106197504179534	26	True
chr17:64919238-64919838	chr17	64919238	64919838	test	1	e31f21fd1d6ae901268d99ed36ca857fd3cc6fbe43dfbe9602d87acc720bc8fa	0.7166666666666667	51	chr17:64	0.5	0.9990221169930981	0.8981531865195937	0.8188554337430166	0.9993934563268801	0.6231558386441353	35	False
chr17:19648399-19648999	chr17	19648399	19648999	test	1	fc6d4b4138af73689d05b8a7ee6648c2f4d84f6b7cb0dea83cdd74cae59678c4	0.7216666666666667	23	chr17:19	0.5	0.9978751596436971	0.931143551405669	0.9571594004807048	0.9981990332025188	0.5487384719049534	36	False
chr17:21213947-21214547	chr17	21213947	21214547	test	1	a762f7510710496bdea22783710ff7063710a2376f62ad3ad3fa7e871dc3e3e0	0.6916666666666667	74	chr17:21	0.5	0.997825274697101	0.8780790553610363	0.7826188601799132	0.9990571192579321	0.4824517433814064	34	False
chr17:51120606-51121206	chr17	51120606	51121206	test	1	57a28f1e254b99e0588fa86cc4cf6c0d962afa68fb025346a309ab2af74046dc	0.74	19	chr17:51	0.5	0.9997177581054045	0.9373328095870924	0.8283887679379346	0.9991901240780251	0.4765905488098645	37	False
chr17:21551413-21552013	chr17	21551413	21552013	test	1	b78380475e981986c846664c1bf1feb5d8b3a543ad8af5c3036eb39eb4d7f06d	0.5966666666666667	45	chr17:21	0.5	0.9911862634693069	0.9041890176837832	0.8882914450249705	0.9858124975914262	0.4978234878295435	29	True
chr17:28854694-28855294	chr17	28854694	28855294	test	1	cb215c3b8b624b73e03650133e18e483d25b96cac4ffcdde539d717c210a3fdb	0.56	14	chr17:28	0.5	0.9315833717727474	0.9460515456740395	0.671991306599292	0.9580652420853593	0.6250848551178928	28	False
chr17:81939793-81940393	chr17	81939793	81940393	test	1	ca6bde998bf82feef3020d08ff193b37dfca8514e4fd5f955d75b508c20ef324	0.6466666666666666	1775	chr17:81	0.5	0.9279708534109904	0.5559025429291929	0.783185507643199	0.9854353760478378	0.43126721773600873	32	False
chr17:30378557-30379157	chr17	30378557	30379157	test	1	788d6709dfa549411299f3704f5258bebe667c4b19fd5c3ed1da4bf0097cc1da	0.6416666666666667	69	chr17:30	0.5	0.9943531297471292	0.8821045030950877	0.7576145123230463	0.9974541323681066	0.5616991554989456	32	True
chr17:68101342-68101942	chr17	68101342	68101942	test	1	3dc50cb4282ed36284b662d3657a1cd42b44e799ab1ac3e0239b8aead80c889d	0.7383333333333333	146	chr17:68	0.5	0.9994541435900488	0.8323359060972176	0.6465425831937495	0.998563164048776	0.4069328469960996	36	False
chr17:51046612-51047212	chr17	51046612	51047212	test	1	1623208ecd6dba65972623504128692ebc7ec90647ad3e9da38c8a7c115783d9	0.44166666666666665	35	chr17:51	0.5	0.31577065219416534	0.9153046550979582	0.4915584546507824	0.6698170859626823	0.5748366298523837	22	True
chr17:41786538-41787138	chr17	41786538	41787138	test	1	d74b231d02502296df48543d28acd8e0b1cf08fc0a24c5d8a390c0fe68280781	0.6183333333333333	14	chr17:41	0.5	0.9697694867115194	0.9460515456740395	0.7396507639127797	0.9329853322317496	0.593647135234624	30	False
chr17:73267493-73268093	chr17	73267493	73268093	test	1	3b22e82e6e1079b8f4899f2e01cfe577bedaed2d7be801fe346b3ed0cb19f118	0.5816666666666667	5442	chr17:73	0.5	0.6911561911602202	0.4025833404527748	0.7403384070811981	0.6592914682263129	0.48164708889634894	29	True
chr17:72540140-72540740	chr17	72540140	72540740	test	1	cd3b6d6124292b11e2364b7d4a09b3b4c6a2cff8fd2270417266eab3aec2f6d8	0.6466666666666666	52251	chr17:72	0.5	0.9853707528491052	0.1617454975394328	0.8220271740475606	0.9946108190380989	0.3911813177693647	32	True
chr17:67244926-67245526	chr17	67244926	67245526	test	1	c2bcf2dba54ff542d201bae126688c2df1f6b57f0f2f9d403f129b54e853e953	0.6883333333333334	31	chr17:67	0.5	0.9977519937169503	0.9202186790708301	0.6687159162881725	0.9989648216019718	0.49809245983980055	34	False
chr17:58007366-58007966	chr17	58007366	58007966	test	1	ba765adbaae12f6dd679c2323e5a0f0c1163f0affc66fa9c5d6308c95476fc65	0.5533333333333333	41	chr17:58	0.5	0.9787794387913361	0.9084589343711327	0.9272161266800621	0.9957919825492368	0.3468015619346029	27	False
chr17:83151206-83151806	chr17	83151206	83151806	test	1	c249e873a65d703252304d5ea1276f72760b989389130d74329f0daf8b514c02	0.55	2033	chr17:83	0.5	0.866270437008266	0.5373178162981795	0.1703893782505925	0.9179938761863151	0.44847860124782923	27	True
chr17:5419390-5419990	chr17	5419390	5419990	test	1	aeb0a76159f5867bc1efdea036ee546dec1d076409a9b8c7d3d86ce932bef1a0	0.6116666666666667	29	chr17:5	0.5	0.9827920282357667	0.9227995765995757	0.8637222326105398	0.9907107774954019	0.4302629819736828	30	False
chr17:58219033-58219633	chr17	58219033	58219633	test	1	7c0a114e5c4304f24d489defb369b420953d67deb3e4e928832a0d754d33b404	0.6166666666666667	41	chr17:58	0.5	0.9933980895286937	0.9084589343711327	0.2727094334644885	0.9903881885684047	0.512694762844005	30	True
chr17:32142088-32142688	chr17	32142088	32142688	test	1	d3b6771684f91a8c30fb19846a9652ee3342501e42fd6d8299a7b8581d094e30	0.6833333333333333	53	chr17:32	0.5	0.9990561171872258	0.8962284109021618	0.8135812085433204	0.9995294911429046	0.4355533066079455	34	False
chr17:7856980-7857580	chr17	7856980	7857580	test	1	96703d0065a327e23c880723b5d153e7c296cf235a096404deb154c258318204	0.645	18	chr17:7	0.5	0.9905556607189855	0.9389782468088763	0.5367412247577278	0.9985358581056188	0.39811710145567286	32	False
chr17:42535848-42536448	chr17	42535848	42536448	test	1	b1eeb646dc7afff2e477bdccd977e35e4653a1f96177d3acfa78ddc46645ba48	0.6633333333333333	89	chr17:42	0.5	0.9976006017303539	0.866868852982573	0.790621556443393	0.9921363870434017	0.43743213674589315	33	False
chr17:3502400-3503000	chr17	3502400	3503000	test	1	5d9cb09b9128f7a2cc663b3e91cdf0772049f90a38da41aa60e3301b8d1e8d34	0.43	11151	chr17:3	0.5	0.2060352907753283	0.31188488956039767	0.1763906544207644	0.42390498522782455	0.5397180741428608	21	True
chr17:30970704-30971304	chr17	30970704	30971304	test	1	75ad7608540aa0504d88e6c47485a703c15d0e3262d0c85c4cd9e0258b1b8d59	0.6483333333333333	34	chr17:30	0.5	0.9899906197040982	0.9165043905674707	0.5569183341412267	0.9887729220775516	0.4214638027167302	32	False
chr17:46590370-46590970	chr17	46590370	46590970	test	1	49d5eb551db3edb050d73278997fbc6d8b4598a7c9bff9b9d1a604cbf58b61ee	0.7233333333333334	2	chr17:46	0.5	0.9995995834383045	0.9771161082130421	0.8859376560328772	0.9996393856526355	0.4244370785840122	36	False
chr17:80146925-80147525	chr17	80146925	80147525	test	1	e3b1abe45025b36e9a71d7d20bcb15b458291d05c77f27b51995c28e9293bc7b	0.67	24	chr17:80	0.5	0.9995283199331443	0.9296822056276196	0.7850306991318368	0.999518557525909	0.38494169578929266	33	False
chr17:21512821-21513421	chr17	21512821	21513421	test	1	1aa5b5a150e798dbf889e702d9ecfb1bf460a821cb2ba5e8c5ad05b030566824	0.5233333333333333	6392	chr17:21	0.5	0.8776357339837264	0.3813872790814712	0.8735669710220549	0.5127483057861061	0.6947794661956296	26	True
chr17:66459672-66460272	chr17	66459672	66460272	test	1	c85b2b4d2b1d3c1ea425912f6d57e8152af0cb1bc7fc07379248b7f80825b029	0.42	3240	chr17:66	0.5	0.30887411404564036	0.47301432566245527	0.6368228864559026	0.5244864874653332	0.5634261899192617	21	True
chr17:5500743-5501343	chr17	5500743	5501343	test	1	816a6751269588da9995e022a1a1707f3a7943cfcef1de2546d10c26a2ec6ac6	0.7166666666666667	31	chr17:5	0.5	0.9984526755106022	0.9202186790708301	0.9206540338199712	0.9988289440344559	0.48018281026627496	35	False
chr17:79831722-79832322	chr17	79831722	79832322	test	1	5d65cf2367e5cba47f2b74c037534e41118a6d229a017b56c1286e267654987d	0.6783333333333333	586	chr17:79	0.5	0.9798123122515711	0.6977682529254803	0.7901643189538572	0.9935504576300297	0.5406729697464517	33	False
chr17:19378070-19378670	chr17	19378070	19378670	test	1	f4a8ffcc0941f8a03afcd7379a32a7b164f5f553f6dfef0c12bc90abb1c0fa0d	0.685	108	chr17:19	0.5	0.9955879692503025	0.8541646885600274	0.8638014647148604	0.9917533800234046	0.4379679388701016	34	False
chr17:17280542-17281142	chr17	17280542	17281142	test	1	e3428526e6b3add952fcfdba4eb57eace7927d0b46311d260e253334619bf238	0.6616666666666666	66	chr17:17	0.5	0.995773612643356	0.8846000440305392	0.8694631008611763	0.9978330823416279	0.4857505481109927	33	False
chr17:17848932-17849532	chr17	17848932	17849532	test	1	82bc4c948caa6d454dca70adeb761d3a7701323cd551d9e8b0f75809cddd4656	0.5283333333333333	6690	chr17:17	0.5	0.43112514356941917	0.37546189793717893	0.8989485367830885	0.8703869156185917	0.5397129707695054	26	True
chr17:76072254-76072854	chr17	76072254	76072854	test	1	6dbab5bb7c052893a7b9f3ae3d5b5593ca12d054dd6b6c58042392fda1c3bc8f	0.6516666666666666	38	chr17:76	0.5	0.99327354447027	0.9118100295804089	0.638811397287081	0.9523924281597791	0.4587560792450591	32	False
chr17:75261358-75261958	chr17	75261358	75261958	test	1	d5dce7b07ffe8e0a185ad2fb1beff7f1ff5a5180af10804e1b6e5692639de013	0.6783333333333333	3	chr17:75	0.5	0.9967314631732856	0.9732759723133476	0.8976817307133681	0.9950822630083543	0.37684997031046663	33	False
chr17:50372659-50373259	chr17	50372659	50373259	test	1	46fc60ef8e70721bb2fe928f58c75e9e82b84c59484f8ff2fb22ed02cf8fcc88	0.5366666666666666	0	chr17:50	0.5	0.8912030012821575	0.9874030845967952	0.8657895985013458	0.8461600126650423	0.4642963918028092	26	True
chr17:79991456-79992056	chr17	79991456	79992056	test	1	96eeb3501ac8d2c5c44d8a3a0d62ee4f1ca4fe7e8faac8d0105f55b38adc6ac7	0.6733333333333333	1084	chr17:79	0.5	0.9637750800653974	0.6217595010245203	0.9326737422843017	0.8531019731364131	0.3989364578623947	33	True
chr17:27540314-27540914	chr17	27540314	27540914	test	1	3c7c1325816c470fc3ca08a2a85cd2d1303e533158da9060dbedb1747ab36fb4	0.5783333333333334	9595	chr17:27	0.5	0.7223403672371492	0.3299896224931163	0.7683751385190957	0.9386537602990871	0.5177719448547596	28	True
chr17:75693528-75694128	chr17	75693528	75694128	test	1	ea0aeada815f487082bf9af81bc66125a8ff63517f5d93432bcefc146e92773a	0.5766666666666667	9030	chr17:75	0.5	0.6601169437039052	0.3374500403045236	0.473257317511985	0.9823734059374463	0.717004410040284	28	False
chr17:58083029-58083629	chr17	58083029	58083629	test	1	79ad1c4581d65b8c5f01fc038ea55f7f915d24aa1b070b80a860523c1b6fe2e1	0.7283333333333334	57	chr17:58	0.5	0.9990456272936932	0.8924957504264149	0.879925260224102	0.999258565765545	0.5040501060072788	36	False
chr17:64202572-64203172	chr17	64202572	64203172	test	1	dbfe60d6f497c97bdf809566aa46c2cf7b945f744abd1bbc88fb7dca7f5f01d1	0.4266666666666667	27883	chr17:64	0.5	0.18632040104971714	0.2144942881772899	0.09102774793388063	0.35137139137030576	0.44538353598645236	21	True
chr17:60599782-60600382	chr17	60599782	60600382	test	1	756086230c663f2c2b7595c9764d7f3789ea65b1ff64bf2fc5aef208cb21d78b	0.6766666666666666	110	chr17:60	0.5	0.9987880954450579	0.8529078830913708	0.8490477189997275	0.9997913104804641	0.5940589948797609	33	False
chr17:42388223-42388823	chr17	42388223	42388823	test	1	a7a6543eb232a70c95af744a1e79187dc5d79e2f981be8e7a5687701e9ced3d2	0.68	44	chr17:42	0.5	0.9933178176252487	0.90523666785893	0.9094607779737655	0.9995787180238613	0.3326003672913689	34	False
chr17:7931710-7932310	chr17	7931710	7932310	test	1	9ccc7c826f3263a65250a27f23395ff9482cdfaa13cf8dc67ab3ef3a7720b719	0.6516666666666666	12	chr17:7	0.5	0.9903144515498973	0.9499502717316438	0.8882549406071371	0.9852736170086539	0.5946268256902116	32	False
chr17:17823451-17824051	chr17	17823451	17824051	test	1	102b36fbb293620937497cdc347e1193df8efd04df6b8056eb5920adf9c72d05	0.7066666666666667	9821	chr17:17	0.5	0.9989197670226767	0.3271500751762055	0.6062472725036773	0.9947613186107507	0.5284725806889174	35	False
chr17:49414692-49415292	chr17	49414692	49415292	test	1	f569704554c72a0ac630b3039691343ef05c2a24ff3bcc592b11833010612fdf	0.5683333333333334	88	chr17:49	0.5	0.8860545841762584	0.8675802286249213	0.7290585876953888	0.8986925101069899	0.5598807627301812	28	True
chr17:46266572-46267172	chr17	46266572	46267172	test	1	d2fe3511dd51de8889cec455c164b92ac359c6666c8f7948ed1ea516abc62e48	0.7316666666666667	126	chr17:46	0.5	0.9999071126128573	0.8433194581623619	0.9261478447372752	0.9998791857768804	0.5130707517394875	36	False
chr17:64975379-64975979	chr17	64975379	64975979	test	1	94d0d97f65e5942ae8edd9a620f94183b5c2d20065fa8d3e10bd6fbea3f785b9	0.7266666666666667	95	chr17:64	0.5	0.9998142568129237	0.862696340308842	0.976605471494906	0.9999310770700774	0.6261245778985148	36	False
chr17:66680054-66680654	chr17	66680054	66680654	test	1	c2f2bba965e1c6caaab05f2189fd6b81d521c697c1ae64025f85a73fa27a63c8	0.445	3983	chr17:66	0.5	0.2483125546423393	0.44468370677891605	0.2620621351312545	0.5623502841077072	0.48715551076475605	22	True
chr17:1716058-1716658	chr17	1716058	1716658	test	1	d384cfeee6e83f32c007153619640e190f5e8d5ba6b0f01b4fb808671ec53ee6	0.6666666666666666	151	chr17:1	0.5	0.9969442573461611	0.8297390843882866	0.7301871716848306	0.9988793270682956	0.46951729068801346	33	False
chr17:75666995-75667595	chr17	75666995	75667595	test	1	90ea7c8353f4f5f98c62573abf55a03cb0c76d30211b8e2f6c9c10819b154bad	0.5883333333333334	42	chr17:75	0.5	0.9802453432098295	0.9073711836178706	0.45858189889002376	0.9972412141506497	0.6059697023026477	29	True
chr17:82037159-82037759	chr17	82037159	82037759	test	1	66d75bc3c3995dfccd82de8f759fdd8fccde3cf7db110e12f876208f58519db9	0.7533333333333333	237	chr17:82	0.5	0.9997745565138327	0.7918068951592067	0.9921706554207483	0.9993083374485822	0.41578867278600573	37	False
chr17:30116496-30117096	chr17	30116496	30117096	test	1	a8df76bd84aa0cf30487c7aab4746fffbf31bc75db7da29bb2e80f17ef1e136e	0.5366666666666666	10	chr17:30	0.5	0.9397061026823844	0.9541638155952322	0.747643643265638	0.9925798479976526	0.6084618317697887	26	True
chr17:36601221-36601821	chr17	36601221	36601821	test	1	04b2c749e3fc1ec232fe4c01ef4c66afd279735afd72bd2919f25189cc93ebce	0.6433333333333333	49	chr17:36	0.5	0.986192953414571	0.900119857527865	0.9475709540204196	0.9943765737735536	0.5458150681352872	32	True
chr17:2401421-2402021	chr17	2401421	2402021	test	1	c9168ffd630a7508c439b8c76fcd2cf4b093b9c9b6a917e4d79b7047f613cd91	0.6216666666666667	460	chr17:2	0.5	0.9843985841763138	0.7251783505617444	0.7778270247761634	0.9933612735856696	0.5970844090536339	31	True
chr17:39632485-39633085	chr17	39632485	39633085	test	1	324c4617d4122f02fb2eb6fbb06d6a7a9fec5f099956d0f834c0be74a3430f67	0.6	4288	chr17:39	0.5	0.6503644236862839	0.4346355703705289	0.19592697436123596	0.9005927499541441	0.4985948822542845	30	False
chr17:75405451-75406051	chr17	75405451	75406051	test	1	6bd694240b3fc1ffa29eb07037f3c9099b273664ca966205140121fe9762bf14	0.68	32	chr17:75	0.5	0.997771768918576	0.9189605710110389	0.9460386495557921	0.9992695131894531	0.4778907912238708	34	False
chr17:59155294-59155894	chr17	59155294	59155894	test	1	b7b6b70cb4efe76692c2a75a87af77aec9eb153451deb788d086ca99d80638aa	0.5133333333333333	151	chr17:59	0.5	0.7214487736985771	0.8297390843882866	0.769470213761572	0.9661263195532149	0.5211069858209417	25	True
chr17:75033617-75034217	chr17	75033617	75034217	test	1	f0e4464ec829425ab6efa7b9bcf5037a1bfff1f2a08a58109726b75e4f6d005a	0.59	1306	chr17:75	0.5	0.9436573088095196	0.5972676197435486	0.7927956052743277	0.8793653941875017	0.5300613921893489	29	False
chr17:7583483-7584083	chr17	7583483	7584083	test	1	f01cc15b69e4b3eec313af2b774362c23ceb380c2230973a2fcc9eb69fa78964	0.57	7	chr17:7	0.5	0.9849497331230135	0.9612775523818726	0.894581056620547	0.9991482584896904	0.42281098795641414	28	True
chr17:29639236-29639836	chr17	29639236	29639836	test	1	dc2e71cb1737169b1b721d30e999e1c7c232e6eb3d2ce9b3ecf84c05cb2b5778	0.5283333333333333	26	chr17:29	0.5	0.45378986434529983	0.9268489392037027	0.596829831618456	0.5087752897936995	0.4760911020802203	26	True
chr17:39952895-39953495	chr17	39952895	39953495	test	1	a1c4ed0a0108b4a6ab901d8df4cc9b4c0e16478e3c93011546ef0bf48ed02a1c	0.7233333333333334	67	chr17:39	0.5	0.9924755401031665	0.883761175718606	0.9586380142924074	0.9503278204066125	0.6112189380772095	36	False
chr17:44503250-44503850	chr17	44503250	44503850	test	1	a42c70eba3156aaeb5f994b25fe2d00b87a90fcea648acf117d06e26a273cf56	0.65	44	chr17:44	0.5	0.9972606070091525	0.90523666785893	0.9287825541898391	0.9984946133197612	0.47995926143719275	32	False
chr17:46361500-46362100	chr17	46361500	46362100	test	1	a0491f9ba683aca80496fcfaa97db029a045014674457084ae62ce2c24b23010	0.5733333333333334	8	chr17:46	0.5	0.9534609471178775	0.9587792109698657	0.9440650324110395	0.9498291644340068	0.43652118183421124	28	False
chr17:15999441-16000041	chr17	15999441	16000041	test	1	281acf6ccdc1f8229fc7075c39aba74a71660552500d7144330f84afd31936eb	0.7633333333333333	25	chr17:15	0.5	0.9998824130916283	0.928251227750206	0.8659694823654461	0.9970590406960075	0.4362646976256426	38	True
chr17:73630507-73631107	chr17	73630507	73631107	test	1	d9e9fdc4037ab8619bc403be47484607ca87a680e8d46759d3e305bec60659c3	0.585	10218	chr17:73	0.5	0.6581272899639051	0.3223457396656469	0.5037057849994652	0.9543035151258852	0.4927773412480509	29	False
chr17:2303518-2304118	chr17	2303518	2304118	test	1	e6117a9602b024d723b8779ea5e78365c48ec5b7570a407e05a8ff6bb09a065d	0.7583333333333333	34	chr17:2	0.5	0.9998043388097493	0.9165043905674707	0.921364110145759	0.9996744643046134	0.4117789320695598	37	False
chr17:56960782-56961382	chr17	56960782	56961382	test	1	bc2a3bd9c8c4d6df7ef5130b0119ad4cadfbb3b1c5a754e6576f124a923fce5e	0.54	33	chr17:56	0.5	0.9464166048099407	0.9177227619848923	0.8237938482717219	0.9604095008822465	0.5015795845907636	27	False
chr17:48026427-48027027	chr17	48026427	48027027	test	1	63eddf53bfd7c8557d010f766213bdcfc506205548b84fc957492681d3bfec2f	0.59	3121	chr17:48	0.5	0.8084426396013626	0.47817296072361837	0.95366027500738	0.8116562671967298	0.6276405773550051	29	True
chr17:81346009-81346609	chr17	81346009	81346609	test	1	e2f49bdc65a90246391d44448f7fee6a8e0e78e912b33aa7c80812e973224b41	0.78	104	chr17:81	0.5	0.9998908192683558	0.8567210171767341	0.8959169579503753	0.9996284460534003	0.5494971162548192	39	False
chr17:27520347-27520947	chr17	27520347	27520947	test	1	c9d00666a1be1dc3a7bcaf563230e340c3fd88b88b27d76dfc455c7f82208cfb	0.5216666666666666	10372	chr17:27	0.5	0.5743339971867853	0.3205418111316363	0.3232917603730223	0.9583968478886962	0.5191336184886676	26	True
chr17:47323555-47324155	chr17	47323555	47324155	test	1	88c7e59512b9ea1b9db85dc94b5aa8078ecf8d151e9c66e3027ba4c066ae1ef1	0.7316666666666667	87	chr17:47	0.5	0.9990767771554282	0.8682963641380904	0.9374110351893103	0.998280725964439	0.37680159123778273	36	False
chr17:28902552-28903152	chr17	28902552	28903152	test	1	bdacfe94588fe5d6c9697055709fde135ca5bd90369a8cc6970de726aa9a2973	0.7766666666666666	218	chr17:28	0.5	0.9999287072531938	0.7992886886586996	0.9740407120445648	0.9995561805534031	0.4900099464331066	38	False
chr17:17042084-17042684	chr17	17042084	17042684	test	1	6daaeb8a9c2c5e9b40e7a0e0177357bbaf6a8328dc20d96c0a1350d1088eb3a2	0.79	4	chr17:17	0.5	0.9999567761141831	0.9698723804007733	0.8832283595947125	0.9997184394744407	0.5038939516108315	39	False
chr17:77386058-77386658	chr17	77386058	77386658	test	1	db298ed91e59819d98dee235efabbf0e30f14f32fb5a239d0452a0cefa0ddfb1	0.605	2187	chr17:77	0.5	0.6616069755857122	0.5272715714094683	0.8930561655644597	0.8574626657409126	0.4355886453525164	30	True
chr17:67993440-67994040	chr17	67993440	67994040	test	1	6692cd16e51693ba65f45e76f19ed997430ba724a5cb6197d3a668bc28c8129a	0.81	92	chr17:67	0.5	0.9999943633430438	0.8647625174068619	0.9227349738827526	0.999988620325344	0.4542055197037761	40	False
chr17:81487681-81488281	chr17	81487681	81488281	test	1	cf2826bfd084ea98a295cc3a5c9f8d5257b0dd88451b878f6a85060df2c17c5b	0.7766666666666666	3971	chr17:81	0.5	0.9998643635652394	0.44509563110728606	0.9155597366891046	0.9990172999811103	0.530259090153065	38	False
chr17:45197699-45198299	chr17	45197699	45198299	test	1	e55a8590ba806814ace2c6762e6bbcb36e843dc1fa3097227f1239021bf3b310	0.585	22736	chr17:45	0.5	0.7696463052638362	0.23411594807276104	0.5295151487415183	0.735934588676065	0.5573750534825911	29	False
chr17:65930123-65930723	chr17	65930123	65930723	test	1	4153aee5e02ba4b8d0e5c17385f257d4a89bc7646097617404b26fc5543c909f	0.335	103881	chr17:65	0.5	0.071009074559393	0.11657642433357204	0.06091101540404519	0.3810416393057575	0.37587790524648806	16	True
chr17:19362488-19363088	chr17	19362488	19363088	test	1	1e733612f9f57e972ff92455f5a3e83782befae0dfcb0380a7ca682c75b182d1	0.67	14	chr17:19	0.5	0.9985804961267837	0.9460515456740395	0.7664502694343414	0.9981404420416379	0.4792607985290498	33	False
chr17:75393676-75394276	chr17	75393676	75394276	test	1	774c6acbeaddea9fc221f57ba93ae46afe23b928d74ebe0c3c9ba34cd2339f9f	0.6116666666666667	24	chr17:75	0.5	0.8734149486090671	0.9296822056276196	0.6407155553663146	0.9762942349683348	0.4149298206120808	30	False
chr17:19317151-19317751	chr17	19317151	19317751	test	1	0beef410c2fe502db96d0aa2a093732dd71dd385a411926c9c61a4338bffdb24	0.57	11191	chr17:19	0.5	0.7053827280275634	0.31146017988927543	0.5174519959705569	0.8370771070194182	0.4954368519050504	28	False
chr17:45051279-45051879	chr17	45051279	45051879	test	1	02934af0189b10cdcb7615c15796402a7d178b47682c308e57a77c861d2db432	0.735	30	chr17:45	0.5	0.9996748013345611	0.9214980138287833	0.7840640074030083	0.9952847005556587	0.6994620108567371	36	False
chr17:75154341-75154941	chr17	75154341	75154941	test	1	9365b3e7d5aa594832e402d36c815b6b525600a9679b588c7ce1b3666ada77e1	0.5916666666666667	33	chr17:75	0.5	0.9642355305243768	0.9177227619848923	0.3933966879519606	0.9806058452515228	0.4475690574588766	29	False
chr17:44123477-44124077	chr17	44123477	44124077	test	1	97f2679a2821b5a5f0d8a08fb90e7a92c3de2bce28ac861a792aa136ece46e06	0.6816666666666666	43	chr17:44	0.5	0.997597958608652	0.9062972464064669	0.7395152368476293	0.9920093243647696	0.4652852974885231	34	False
chr17:51153249-51153849	chr17	51153249	51153849	test	1	6232f269ccc9f7cfa0f7f9820e82493d131d1578565f3766c2255fbbe512cca1	0.5716666666666667	1	chr17:51	0.5	0.9722007831623719	0.9816276543708162	0.9541444578371191	0.997844654369335	0.4281298290172023	28	False
chr17:8248966-8249566	chr17	8248966	8249566	test	1	4b87fbdea8c3518927bd740a3f671139f130eb808677b4a80000f76b203b8ead	0.565	10	chr17:8	0.5	0.9703479909447106	0.9541638155952322	0.8157624227750365	0.9500024779952403	0.5358411892665272	28	True
chr17:7887454-7888054	chr17	7887454	7888054	test	1	e6ef3ad328d19f46ceeaff2d859d0773ae2960f4f3415bb2079f7534bef41407	0.6	1034	chr17:7	0.5	0.9275993629945575	0.6278745844426024	0.7073046333525783	0.8406004976794037	0.5339316394639404	30	False
chr17:42833134-42833734	chr17	42833134	42833734	test	1	c7703817f517b9090a6a4dddf9676b459f6c1d8d160eb8c7716fd0e2ed230ba7	0.6616666666666666	17	chr17:42	0.5	0.995773612643356	0.9406688786176478	0.8528425438265659	0.9973187729727846	0.3521092518929869	33	False
chr17:29589439-29590039	chr17	29589439	29590039	test	1	081029519819e2320c659ee012b9a0c35b2cb8f06acd372001fe6308b925dcf6	0.7866666666666666	92	chr17:29	0.5	0.9998226966531505	0.8647625174068619	0.8502907388725567	0.9996113485371452	0.43521826918361645	39	False
chr17:40331912-40332512	chr17	40331912	40332512	test	1	e94c9155c5d88093c8f943ae93e6b2fc004c895ef8f197ef5bcf1f8ad44268b0	0.675	1611	chr17:40	0.5	0.8819703421440133	0.5690855277242826	0.5589012990885062	0.9570759791413045	0.4820777660887249	33	True
chr17:75878316-75878916	chr17	75878316	75878916	test	1	be303a3c97146616e9aa6c8fe2d006aa568c147cd5a952100b72f21d1a4b3c0a	0.7333333333333333	23	chr17:75	0.5	0.9991716252696863	0.931143551405669	0.8917603695112738	0.9995736467523986	0.3442491936422764	36	False
chr17:79777892-79778492	chr17	79777892	79778492	test	1	345d02d14a38aa306ded70969403f5644269ea3882b3a9dabb6e9b4d0f27d67c	0.8233333333333334	45	chr17:79	0.5	0.9999764626809708	0.9041890176837832	0.9702076325643751	0.999921959120047	0.49989064755559176	41	True
chr17:7394471-7395071	chr17	7394471	7395071	test	1	eb0d2701c99bc40b13e85f25ab5b954bdbf64b7c884371005dc2b11a7aa3c34a	0.735	198	chr17:7	0.5	0.9991852577033337	0.8076491721753951	0.8465095178144105	0.9989520999131711	0.44537572198205705	36	False
chr17:72592545-72593145	chr17	72592545	72593145	test	1	89f9cad744d1af361791753df7d5f8787c6fbee06fc0981a51bf8144e45ad57b	0.6233333333333333	17	chr17:72	0.5	0.9893221317597404	0.9406688786176478	0.6138964105671201	0.9992796116328108	0.506096486551823	31	False
chr17:35022384-35022984	chr17	35022384	35022984	test	1	502f9343e2d16c732dbf69cf89a300f8b69f70be9fc2b26b3da5066bbb338f53	0.48833333333333334	4025	chr17:35	0.5	0.3794096469746857	0.4432522740983053	0.7855673777071852	0.5833258390431127	0.5146789541391311	24	True
chr17:16285931-16286531	chr17	16285931	16286531	test	1	3ed5e4caf3bc37056f11166184ec8f8f63dd25755a9517f204a6ba42573d9738	0.55	4218	chr17:16	0.5	0.6825828504963494	0.4368726863997094	0.4667124480506776	0.920660062015528	0.432737872482254	27	True
chr17:18087571-18088171	chr17	18087571	18088171	test	1	1bc861cda2138977001f02e5f91b0b18da8d277bb4d4978634220cb7f4362a78	0.6016666666666667	17	chr17:18	0.5	0.9675172821242781	0.9406688786176478	0.6788347849523418	0.988194093441361	0.5271148516996084	30	True
chr17:17028009-17028609	chr17	17028009	17028609	test	1	86d7f5ac79a749a4b446e53ed9548a546f82951c77aeee6059d6916ec670ad24	0.6016666666666667	9	chr17:17	0.5	0.7320050010903557	0.9564142662206934	0.5653767628363305	0.9249115417908932	0.4213906928993459	30	False
chr17:29180133-29180733	chr17	29180133	29180733	test	1	a89c709366148fb86f631366e1d26c52f0ea1c4b94cc31e53a291835ee16d9b7	0.7466666666666667	23	chr17:29	0.5	0.9993382547969814	0.931143551405669	0.6457290337394841	0.9997378727771117	0.4052768665315316	37	False
chr17:18183132-18183732	chr17	18183132	18183732	test	1	9606bbd1122af719907b10d844df606a4f94cec40c97e09383351488cd30d3eb	0.6033333333333334	355	chr17:18	0.5	0.9869979113668079	0.7527269306585247	0.5761696741046093	0.9949414457043926	0.4427030540561389	30	True
chr17:4789806-4790406	chr17	4789806	4790406	test	1	aed8ef41865e068324e56a1295342ed51965d76c42651401456f0ae95ced7ec6	0.7683333333333333	192	chr17:4	0.5	0.9998526216164999	0.8102652387156424	0.8450759307227513	0.9992244443793367	0.3903296934194709	38	False
chr17:17839872-17840472	chr17	17839872	17840472	test	1	352bb4c470fed6388234dd9ec108293b831739acbd4e694d87cdd12824b6a2ef	0.6916666666666667	116	chr17:17	0.5	0.9968622470234741	0.8492184414898348	0.9109644169602109	0.9945742708658446	0.5897643654330685	34	False
chr17:50345719-50346319	chr17	50345719	50346319	test	1	a3cac2ac9f9a541fa07023a8675e28c56b88d597f77182c56979c3de612bbbaa	0.7633333333333333	60	chr17:50	0.5	0.9997959333901607	0.8897908699153896	0.8666982009601947	0.9980823847458558	0.49970825108457256	38	False
chr17:41918797-41919397	chr17	41918797	41919397	test	1	1ea345b293d67860f9ac78bf147cc397a8c92a5b9c91022a98f6fd6b01be9047	0.695	14	chr17:41	0.5	0.996673252653534	0.9460515456740395	0.8708476312239548	0.9990777137948561	0.6460583043759672	34	False
chr17:68247635-68248235	chr17	68247635	68248235	test	1	35ae06a3f0d1b30acf2804cb9c22f60f03329a09839450917970d79aebf32e67	0.73	2	chr17:68	0.5	0.9998203238144218	0.9771161082130421	0.9316331468353259	0.9999228616590091	0.549448802131002	36	False
chr17:44200001-44200601	chr17	44200001	44200601	test	1	753116c9bb2c6429082042ad1166fa877d81ec937936f75efb0190fbbbf746cf	0.7283333333333334	217	chr17:44	0.5	0.9992754095313837	0.7996943511411004	0.8247959136664474	0.9983808150812147	0.5123219688278804	36	False
chr17:78186940-78187540	chr17	78186940	78187540	test	1	49419fbff9b68d1d854a7bd2fc02073d73ee585285ea0d0187f4edcf66bacca0	0.6333333333333333	8	chr17:78	0.5	0.983326752336254	0.9587792109698657	0.9093102919301288	0.9747599720916901	0.5587785301663508	31	False
chr17:35432305-35432905	chr17	35432305	35432905	test	1	44bf1199c0973fa83721c3803f7e4894d42424202b594ab91ad02a24a044d085	0.49166666666666664	30	chr17:35	0.5	0.523112351100359	0.9214980138287833	0.2557507911080903	0.6229448203539054	0.4339553668106792	24	True
chr17:61399407-61400007	chr17	61399407	61400007	test	1	f55c6bda8d6972f2503b072addc443408d7ac7dac837e84e376b51a020b1e97d	0.6916666666666667	78	chr17:61	0.5	0.9976164627798085	0.8749697673716645	0.9613788059362038	0.9970655280193176	0.5261264731924851	34	False
chr17:42609170-42609770	chr17	42609170	42609770	test	1	f1523c6305ad0d41bb4e2136674af68fc4f9273f133cefa430c10c84da965193	0.6833333333333333	60	chr17:42	0.5	0.9986373958290712	0.8897908699153896	0.9263185012958383	0.9989866231119009	0.5022051462781387	34	False
chr17:78883564-78884164	chr17	78883564	78884164	test	1	9425f097366af71bde7d93a78e2629c7aa89e369f9ade38b3e57e39a30b2c0a3	0.6466666666666666	5260	chr17:78	0.5	0.9146783617131291	0.4071142229326216	0.6766873051527008	0.9510351896980177	0.457641665756941	32	True
chr17:58352017-58352617	chr17	58352017	58352617	test	1	af413733892b022f6283ce3ab58707518cfd550b594c352c3199462352f0fa1b	0.6616666666666666	105	chr17:58	0.5	0.9944395193907863	0.8560764718492109	0.8872935856890972	0.9875903801123166	0.5809367448635632	33	False
chr17:17476700-17477300	chr17	17476700	17477300	test	1	0c9359737fc6866081a74cfaea77ba223ad0e1aee0bf4124525a2df0f2ce677c	0.6033333333333334	1	chr17:17	0.5	0.9829411528696859	0.9816276543708162	0.8834973516673976	0.9633190006998972	0.4814207529085541	30	False
chr17:42183981-42184581	chr17	42183981	42184581	test	1	2966b0f835062263761f3a977f123f0594e19ace6592eb02650b9dd41f06248a	0.7133333333333334	1170	chr17:42	0.5	0.9989891247443976	0.6117909816460063	0.8932165088125702	0.9993198405856429	0.3315146305966455	35	False
chr17:9239800-9240400	chr17	9239800	9240400	test	1	0d4082c3df03b1bdf56d37d7674e35a0ba740a3f222b5914b50b1f1a55589805	0.7566666666666667	4796	chr17:9	0.5	0.9996850747341822	0.4194927974406961	0.9051163550728091	0.9985263548109203	0.5434969952119656	37	False
chr17:73043006-73043606	chr17	73043006	73043606	test	1	63b0a494995a86b549ba85dbe92289776fa510bf580dbd9cbf209c3ee771fa9b	0.47	46505	chr17:73	0.5	0.29764838774204466	0.17067043123414052	0.7540158806979408	0.8178487228239235	0.5921741457590639	23	True
chr17:18857706-18858306	chr17	18857706	18858306	test	1	e413808634e2d0f74e2c0a4826cb0753392b9aa51d266f43c86baa7ee4f0591e	0.625	22	chr17:18	0.5	0.9661326968783662	0.9326371161697482	0.5339117656569583	0.9872629260314606	0.5405360357329186	31	False
chr17:49192227-49192827	chr17	49192227	49192827	test	1	d77bd2193714ee4e25238897bb2b035c9ea8710358435dfa2df2796da522ff3f	0.6233333333333333	16857	chr17:49	0.5	0.977983625457762	0.2650672119764046	0.6264500072801966	0.9767203160739245	0.5433295051452605	31	False
chr17:3004055-3004655	chr17	3004055	3004655	test	1	27b7a24b245382eb51d386e07b5d2b85150764088f226ed5fcf74688624c2ed7	0.645	25370	chr17:3	0.5	0.943481017563033	0.22342410710895838	0.7103608131648096	0.9379954800910837	0.4721404399725204	32	False
chr17:83079209-83079809	chr17	83079209	83079809	test	1	a24c00c1f99f574b51891fe6f44e4755798e6edb56e3f0c0a3953d41329541a1	0.8266666666666667	73	chr17:83	0.5	0.9999900422304758	0.8788713966257785	0.916103713370225	0.9999350112124096	0.338886319739027	41	False
chr17:7329115-7329715	chr17	7329115	7329715	test	1	dfa6d37295b4dbc7ac8fa275a3e9cdd877c94e74b52e4490f14d60e7c947af49	0.7033333333333334	23	chr17:7	0.5	0.998658330307323	0.931143551405669	0.7398681841051212	0.9985335725127056	0.48506695634865976	35	False
chr17:31094608-31095208	chr17	31094608	31095208	test	1	e8cdef7f24beab45f28f06bafa9a282d82b27e3f901fede6fd756083873a472b	0.6883333333333334	26	chr17:31	0.5	0.9926147509135563	0.9268489392037027	0.7746756477208759	0.9918992173298209	0.4359523101548066	34	False
chr17:7251727-7252327	chr17	7251727	7252327	test	1	866f77ddcd248dcff69caf28d08afaf867a0a0e6d06dd79d9125d831ac88cfdc	0.6733333333333333	28	chr17:7	0.5	0.9934847229638996	0.9241244508646922	0.9911358236926071	0.9994380466331767	0.41045543982671134	33	False
chr17:42520009-42520609	chr17	42520009	42520609	test	1	a61c9e91ed9d98167558d3ea05cd5fcb1f4a387f4dcdde091f661e7e0875a7da	0.5133333333333333	6122	chr17:42	0.5	0.3949077528149312	0.38703222571229234	0.4649914255857486	0.8090776045614296	0.5459537019063776	25	True
chr17:81395107-81395707	chr17	81395107	81395707	test	1	57cc140954b9b2fe027584635f7e5e8ffd99a5603661172a8b7532e8cbbb19a4	0.5383333333333333	42	chr17:81	0.5	0.9352966721961344	0.9073711836178706	0.5966950173619782	0.9971876499795422	0.36809846730655177	26	True
chr17:39153528-39154128	chr17	39153528	39154128	test	1	6f29b5ef6abbf915eec9346fe5f82082d1edb4e7297174068bc7bbf4815baeb1	0.5183333333333333	1130	chr17:39	0.5	0.7490165643870439	0.6163452725073274	0.7075468074157667	0.9119407589547129	0.42737421900492195	25	True
chr17:45316831-45317431	chr17	45316831	45317431	test	1	d81a5d07cb1ef5f7bfa6543bc750c6dd3c71830126f572a44bae68f6b2123bc9	0.7033333333333334	20	chr17:45	0.5	0.9992265324528989	0.9357293314535567	0.9143630456552928	0.9993438201596789	0.6559021113987753	35	False
chr17:82418042-82418642	chr17	82418042	82418642	test	1	b9e42ccbc5b4beb0f8382735212c9246fe5004591106412257f36120f909c3fc	0.7483333333333333	4	chr17:82	0.5	0.9994062557393891	0.9698723804007733	0.8650231374071367	0.997931565101631	0.619012296012792	37	False
chr17:48054220-48054820	chr17	48054220	48054820	test	1	e7c9111d4ee3e8f62d8d49708d2e23351be7ffe715c3f09799e66acc1641ade8	0.6633333333333333	154	chr17:48	0.5	0.920292355970476	0.8282069447607442	0.7091508129954074	0.8543074029414954	0.43271067305527305	33	False
chr17:59619324-59619924	chr17	59619324	59619924	test	1	1ebfd1842a73fe75a4fdb31c7c891dd0edefe9baffc614e1ca36abd3b815af32	0.6316666666666667	19	chr17:59	0.5	0.995260270148783	0.9373328095870924	0.8987004513654857	0.9992342791248618	0.5485867094824421	31	True
chr17:35242722-35243322	chr17	35242722	35243322	test	1	f3ae5b969e9c76f025e9bb22ff4b6e645c0c4f7e7422470c4d9dcdc33ce43efc	0.5716666666666667	20	chr17:35	0.5	0.927151601834539	0.9357293314535567	0.483297287951857	0.7248424754330602	0.6104538997070709	28	False
chr17:3892801-3893401	chr17	3892801	3893401	test	1	eb392c22686b860f8409a30353742afb7e24eed51c96d8130c45a412b6849856	0.79	7	chr17:3	0.5	0.9998916622623683	0.9612775523818726	0.7483089927091234	0.9992022971519936	0.4679334231396168	39	True
chr17:78782081-78782681	chr17	78782081	78782681	test	1	f1a3698cd7a3d90c52cfda2fb91a3c89e9eddccde8ad700faaf297d8fbe5a47f	0.7933333333333333	61	chr17:78	0.5	0.999939615560545	0.8889060991423721	0.9194217626819376	0.9996282439041226	0.5050585039147378	39	False
chr17:35089061-35089661	chr17	35089061	35089661	test	1	dbb588935c0791d10e02143fc4336655cb0b4c29c99c42fa50421cf5722d2cc8	0.775	24	chr17:35	0.5	0.9998183254288258	0.9296822056276196	0.8740451230526558	0.9967881207857289	0.4668319313713696	38	False
chr17:41651457-41652057	chr17	41651457	41652057	test	1	36d504a55cf72a311a5055833b1c328894b6b33ff06886f723cb994aff8a09a8	0.6316666666666667	11559	chr17:41	0.5	0.8417520641746677	0.30763701565838547	0.7262665258806346	0.9660883988844533	0.6569390103030945	31	False
chr17:66309713-66310313	chr17	66309713	66310313	test	1	f2bc194cbd1dda5285e6da1243d19a68fa0223e858697b8e112253c8acef4723	0.4116666666666667	6556	chr17:66	0.5	0.17774903672922582	0.37808849844270925	0.7831429510167927	0.41560476245538563	0.5229754715836484	20	True
chr17:7351400-7352000	chr17	7351400	7352000	test	1	afff21bd3f5b917e7d135fdfc944c9161c97da522b618604ba5b5e463abb203a	0.755	188	chr17:7	0.5	0.9994931508280693	0.8120391146311521	0.7930880069283345	0.9991137447491399	0.5999181951568444	37	False
chr17:81967761-81968361	chr17	81967761	81968361	test	1	e5a3a223dd8459e3912081ad0b994d1af0d35c378246426707857a5afd4f635e	0.6483333333333333	596	chr17:81	0.5	0.9402693990713368	0.6957948818562448	0.9190768525112661	0.9067127870948799	0.5578757399801592	32	False
chr17:81101617-81102217	chr17	81101617	81102217	test	1	e758f01882b703f8df07987f66fbe82b3ba01b0d55b744885342bd821af62914	0.6883333333333334	3800	chr17:81	0.5	0.9625576750417298	0.45111300712388	0.9059809721354952	0.9796785935931969	0.4891186041117244	34	False
chr17:79811193-79811793	chr17	79811193	79811793	test	1	77097d316756e6586d9a5a0275ed634e990ee70f1eaec945712f7eb1020e341d	0.6683333333333333	220	chr17:79	0.5	0.9931541736334438	0.7984810672916358	0.9462059516708329	0.9925487688629873	0.3869557190777767	33	False
chr17:48047881-48048481	chr17	48047881	48048481	test	1	361af7e1ce0ca4d2baed67e24d22236aecd63e6248b65d3df2c4d70df7e78252	0.6433333333333333	57	chr17:48	0.5	0.9912345701721093	0.8924957504264149	0.7366425013635077	0.9732122380419759	0.5054963624008221	32	False
chr17:15377441-15378041	chr17	15377441	15378041	test	1	fc52298f9f2cd87f3ed46fc66ea1fe0a78c79b0c37236e85b5367c78558367ad	0.46	12419	chr17:15	0.5	0.3155322530324767	0.2992511400941423	0.5363151388890254	0.7587025196934157	0.42103105748017156	23	True
chr17:38702044-38702644	chr17	38702044	38702644	test	1	048aa159b832afe8b9095e2cc2694806381daba2e72b91857cfaea3efba8b2b9	0.705	14	chr17:38	0.5	0.9996000249256523	0.9460515456740395	0.8475137928890772	0.999627230106878	0.5917897353140041	35	False
chr17:81832896-81833496	chr17	81832896	81833496	test	1	a4d2a20fcd62a4f50f2386a70efbd9c38dffd9551db8c84f117b367b43ff4c3f	0.8116666666666666	45	chr17:81	0.5	0.9999541134547609	0.9041890176837832	0.9283066410451328	0.9995969678067987	0.5107414455424824	40	False
chr17:45172389-45172989	chr17	45172389	45172989	test	1	061efd68de1bb00ae267ef816e1557287a32612ec3ce61b0c48dcaf4dcef2c94	0.635	836	chr17:45	0.5	0.7063048116763189	0.6548697066997444	0.26620941383421637	0.7437518369000315	0.3779133148060785	31	False
chr17:7627575-7628175	chr17	7627575	7628175	test	1	728d4cec803ca42cdd19ec3d29292bfbd56665db5a763e94e8c83916b839d0fb	0.6216666666666667	0	chr17:7	0.5	0.9650289100772124	0.9874030845967952	0.8924973536251682	0.9460511504576053	0.5346240933333921	31	True
chr17:28749933-28750533	chr17	28749933	28750533	test	1	0b02c02cf615f8c3a19f9a07fd2f3e075eb6579bf8297cfa35ed7614d2f0226d	0.49166666666666664	155	chr17:28	0.5	0.45433701668655146	0.8277004309458318	0.2997155356470137	0.728869987062722	0.441185819002687	24	True
chr17:65106365-65106965	chr17	65106365	65106965	test	1	84ea477959c2355b2a7011f8040d9df6f06cb30e6b3ec1afa327c47c84ddfb38	0.515	5680	chr17:65	0.5	0.3770675219690812	0.39690535591112597	0.49826504319337406	0.9536351578779511	0.6338713701295562	25	True
chr17:32127253-32127853	chr17	32127253	32127853	test	1	229a01f4d53d8d173656b13741e13965a0fc5e7956caee44520145340b69bd1c	0.5983333333333334	13432	chr17:32	0.5	0.8971736002358558	0.290239841458358	0.5339494786350137	0.9580527653900457	0.5033245578717946	29	True
chr17:1648837-1649437	chr17	1648837	1649437	test	1	111e84990124a685c6d9975c777736426c3956af8f316a28d4408cb3c47e5495	0.7733333333333333	728	chr17:1	0.5	0.9998152836547629	0.6719243545117781	0.9530476129054756	0.9998381710984554	0.44311060542676145	38	False
chr17:47067214-47067814	chr17	47067214	47067814	test	1	f740f6765984a170c8076394571e8a3f4ca15e75b431aa955d10487024266c6e	0.5	0	chr17:47	0.5	0.5437757229232838	0.9874030845967952	0.42868340672844435	0.6840019871295727	0.5570371605541136	25	True
chr17:63827073-63827673	chr17	63827073	63827673	test	1	e1f6e5aad220e8141b03b7b23afa701985325a06f86f85f69d7d26183ae89e3a	0.59	38	chr17:63	0.5	0.9667429479243844	0.9118100295804089	0.5519569831891235	0.9006684465563811	0.48396429767324267	29	False
chr17:2511653-2512253	chr17	2511653	2512253	test	1	dd899a3b5d8a52218306864173d69243651c88391284a31ab38e1bba719c5234	0.5316666666666666	11	chr17:2	0.5	0.9112459594572105	0.9520130873851713	0.9532898869267575	0.5014628226051508	0.49960902986484107	26	True
chr17:68457413-68458013	chr17	68457413	68458013	test	1	5a13623d6221d746a4ed6844367c123dd14db911137c34c0c565884a7c051463	0.745	151	chr17:68	0.5	0.9991915439954127	0.8297390843882866	0.7586785723892532	0.9997736714319642	0.47075841846172456	37	False
chr17:49361958-49362558	chr17	49361958	49362558	test	1	807106c2514597325481bd03fe4830cdff0f95e6a2bd0ee03375cf9275cab71c	0.78	4	chr17:49	0.5	0.9999310361735911	0.9698723804007733	0.9269283976726141	0.999739396847276	0.5100524233192266	39	False
chr17:6640718-6641318	chr17	6640718	6641318	test	1	f5d4757853dfb9c9a99a5be8ca136dca0216f41a14b2bdf241a47bc4c191109b	0.615	3	chr17:6	0.5	0.981771048272924	0.9732759723133476	0.9611186975025673	0.9928130212386609	0.5178478711852579	30	False
chr17:45148241-45148841	chr17	45148241	45148841	test	1	c6213acfef3e4e819719182904db1deaf248b848f4dfb47d3e00a362cc80c7d4	0.6233333333333333	67	chr17:45	0.5	0.9871953770961572	0.883761175718606	0.6872777636293729	0.998003232638498	0.5591225997316464	31	False
chr17:76370522-76371122	chr17	76370522	76371122	test	1	d917afd1729c75f6e00679bdd3500e79399e5b882bba875eed46404965a12961	0.455	5831	chr17:76	0.5	0.3662066385117412	0.3934385600766538	0.7179717149633039	0.355689557175823	0.45933525352149074	22	True
chr17:56977793-56978393	chr17	56977793	56978393	test	1	397a0d4a9d88ded34d643dddb8649c989fb8d52abaeaa670c0ab123ba2befa09	0.585	17	chr17:56	0.5	0.9583558596584928	0.9406688786176478	0.7258632142582719	0.9440429231783731	0.4620237860077605	29	False
chr17:76384247-76384847	chr17	76384247	76384847	test	1	00aafd16ea923fe9646be78298607e400b716e90aec5d50ce678f84576b5d917	0.7683333333333333	55	chr17:76	0.5	0.9999463608553207	0.8943432831150929	0.8719088494768604	0.9999235133648925	0.43072013883679544	38	False
chr17:5191627-5192227	chr17	5191627	5192227	test	1	e0829ef02784754748165820938880b30c1e6552eb3057065432fd8bcb304f82	0.6866666666666666	21	chr17:5	0.5	0.9982641682282533	0.9341649496124225	0.6049420326601954	0.9958596360716395	0.4533249269530881	34	False
chr17:55587638-55588238	chr17	55587638	55588238	test	1	99e13bd9a3f3a6e26054568c761758eb8f3f9c936348cf9ce6697ae082bf522e	0.49333333333333335	2017	chr17:55	0.5	0.4357454040302833	0.5384032277584221	0.26280980243806756	0.7121790107815484	0.43169441269027437	24	True
chr17:82292612-82293212	chr17	82292612	82293212	test	1	c375c8d0bc8444ac308e19441c0cbf6728a4e5558c2442c7974b3b739510d22f	0.6766666666666666	32	chr17:82	0.5	0.9972332645847065	0.9189605710110389	0.868374880842366	0.9947970684424627	0.4546649015538232	33	False
chr17:34638114-34638714	chr17	34638114	34638714	test	1	612165f9a98a036d94c4b0aace628dad94a2aa779cb9401bc75b35a41ab816c4	0.6366666666666667	24006	chr17:34	0.5	0.9388865490857444	0.22877044082177794	0.7824990550430032	0.9475761462754057	0.34314546273239566	31	False
chr17:50944503-50945103	chr17	50944503	50945103	test	1	afa6561278d21957446cce4e442f024717f4c702b66fc4566c799c78dd15a6b6	0.68	91	chr17:50	0.5	0.9953636290926411	0.8654600721012158	0.7667956572353253	0.9823248815278771	0.5265084528306722	34	False
chr17:32936634-32937234	chr17	32936634	32937234	test	1	d7646b33930190f9737956ddd2fabef061d21a1d8a54dc0bb912647d3dd72e0c	0.6	8725	chr17:32	0.5	0.7465136945223368	0.3417102417097323	0.6423883622900463	0.8020409347959963	0.574266400016262	30	False
chr17:51166023-51166623	chr17	51166023	51166623	test	1	9ea628a36437a530777189058428b6a8e52757586edc59f9d297cd9ffe546016	0.6866666666666666	57	chr17:51	0.5	0.9977144344754298	0.8924957504264149	0.5974957114247103	0.9908954243970329	0.5205285685541754	34	False
chr17:44210257-44210857	chr17	44210257	44210857	test	1	e3bff51eeda8177ba25d566ef012e1e86b78d5d20d593b511fcbc57f97beb999	0.7166666666666667	2719	chr17:44	0.5	0.996778042812927	0.49721329598692116	0.8518590609036611	0.9958645121007028	0.5512170151369157	35	False
chr17:63842708-63843308	chr17	63842708	63843308	test	1	b50b2ca822ac5633c4e0c721baa4adcfcedb22ca22559df18ed04d4aa9d8e501	0.655	46	chr17:63	0.5	0.9968691435004184	0.9031538883448366	0.5302920033532634	0.9893401671886922	0.5330396139350205	32	False
chr17:79839209-79839809	chr17	79839209	79839809	test	1	cdf3949369689c74ee3e2ab6aa3eb208bd2331b92674025429503102e169f9ba	0.7933333333333333	41	chr17:79	0.5	0.9999338041232533	0.9084589343711327	0.8681773692144448	0.9995183229421825	0.4049671829039761	39	False
chr17:17237396-17237996	chr17	17237396	17237996	test	1	1d7554054e5cc1bfe0a19fcce55897c2e8f872830ffb20da4a35944103881c52	0.49166666666666664	5	chr17:17	0.5	0.87328994258072	0.9667829704126885	0.7168509216493816	0.8896582635428233	0.48771763617157615	24	True
chr17:30600064-30600664	chr17	30600064	30600664	test	1	d0898b36387419821213946b8db7ade85259067c9a0b0b8a91625c1b1c3d820f	0.7033333333333334	49	chr17:30	0.5	0.9978774983921174	0.900119857527865	0.9026604050826768	0.9971974220824008	0.4559401980005046	35	False
chr17:5281762-5282362	chr17	5281762	5282362	test	1	950566b42e0a20780a0d3c3d32a718334044a0afebcbff90eb6d131287d82103	0.6533333333333333	195	chr17:5	0.5	0.996511583846407	0.8089506148875677	0.6698558423273873	0.9969431864344133	0.4648010266022035	32	False
chr17:48830689-48831289	chr17	48830689	48831289	test	1	0252f65536696e179d5f018b303a0c8828602c58ae920054cfda0703c4f59793	0.6	19	chr17:48	0.5	0.9440680482707791	0.9373328095870924	0.9475557355306994	0.9530125720890879	0.5951484974187602	30	False
chr17:1684656-1685256	chr17	1684656	1685256	test	1	5df94fc75d49add0e26bc7e8d1d44ecf9c746d3c5d749395b0b90d7698bb1f2f	0.605	48	chr17:1	0.5	0.9846682695826324	0.901119666006424	0.8376211355864425	0.994881187328448	0.4249460806018749	30	False
chr17:28357236-28357836	chr17	28357236	28357836	test	1	9953e09f61942d50a388b4546c335ab4c91f80c29a13a0f0131ec4a4c7304da1	0.7266666666666667	10	chr17:28	0.5	0.9994406911671964	0.9541638155952322	0.6178049372107052	0.9997538503184938	0.5076205606792276	36	False
chr17:78925691-78926291	chr17	78925691	78926291	test	1	db7d59edfd0b551b9d63f0373310fd9eea6e67a08b65107d5fc46d9b9ec7dd64	0.5866666666666667	596	chr17:78	0.5	0.8660145303523932	0.6957948818562448	0.763398150501235	0.9694298064197306	0.5630939163578897	29	False
chr17:82241881-82242481	chr17	82241881	82242481	test	1	275dd9cc3e2f666e7767a820efc5dee3e682680ca4868ac439993d8afd131aed	0.6383333333333333	2588	chr17:82	0.5	0.9079708886843654	0.5040363429814798	0.7496565313618118	0.9658174797217214	0.4298586566497136	31	False
chr17:51371747-51372347	chr17	51371747	51372347	test	1	e7638c2a137762a8010614c5088e920b040dd412f8a651f309141a0a6e86f27c	0.49	734	chr17:51	0.5	0.30089964819991916	0.6709244838929235	0.20010361416112968	0.4583046573825847	0.604483104035888	24	True
chr17:82450535-82451135	chr17	82450535	82451135	test	1	0b5d552ee1cafeed38c6c817e671cf5c78ac33f37e221cdc33fa60a8a047e204	0.6483333333333333	7	chr17:82	0.5	0.9988870124367794	0.9612775523818726	0.8862708934255324	0.9996292904369802	0.554106763946661	32	False
chr17:76671494-76672094	chr17	76671494	76672094	test	1	ca7c7d6af9c5df62dba34b38deb7f92d8bceb17a6c2920e6ac491cbf6e25538e	0.5616666666666666	101	chr17:76	0.5	0.9055358980207642	0.8586772340380859	0.5363775534438426	0.882228528087425	0.5536416861490502	28	False
chr17:4703869-4704469	chr17	4703869	4704469	test	1	641b216453ba3bc3691fcfa0d799f9ec24caa2af82262df5c11fa2f4a6434ac0	0.6583333333333333	33	chr17:4	0.5	0.9960135116377187	0.9177227619848923	0.7898387002925907	0.9953212025257208	0.5702094910793748	32	False
chr17:81387255-81387855	chr17	81387255	81387855	test	1	17bd33adf6fb55114da8a2d63012e675cfaca48a8890698c739b4847cbe2055a	0.6466666666666666	141	chr17:81	0.5	0.9974163199507734	0.8349892107082781	0.8618026922093147	0.9982608628579053	0.5725661077802403	32	False
chr17:3659357-3659957	chr17	3659357	3659957	test	1	b38a8bc9a9b93e2fdb0f8499cb02e4ce3bf4799b9229d8c968dfbaade3ddab4e	0.6	1566	chr17:3	0.5	0.823401751738082	0.5729203067797951	0.515327485862029	0.8404209276308102	0.6057838749422104	30	False
chr17:15502668-15503268	chr17	15502668	15503268	test	1	8ac428a07a55150e0e570f1bc6bb1ced365153f315fec2d2a40728e838ed75a4	0.53	27236	chr17:15	0.5	0.8414542834868607	0.2166895062871223	0.3670303693227528	0.7560781790028029	0.7167358751747142	26	True
chr17:39636771-39637371	chr17	39636771	39637371	test	1	b1096b13e991192c94e04b7147d698a67ce903b8f958b4435a2f3414207f1695	0.665	26	chr17:39	0.5	0.9950902093330616	0.9268489392037027	0.5911537484552628	0.9978821748655583	0.48649273376120283	33	False
chr17:75784780-75785380	chr17	75784780	75785380	test	1	5d4965fbca5f68a62995a0d28a7554ed24a5bafb1e5b6a2930fa871db9379afc	0.68	275	chr17:75	0.5	0.9970665517293495	0.7779822003570885	0.7630668742002537	0.9932874632529096	0.48741367928258195	34	False
chr17:81165181-81165781	chr17	81165181	81165781	test	1	f5d4c540f9afe6e44eee3e7837e22439dcc3a68f3427989fc8bc7f487f1c901c	0.6866666666666666	25	chr17:81	0.5	0.9300161235876535	0.928251227750206	0.8678699546876525	0.9593862286044599	0.5719743813158257	34	False
chr17:58631454-58632054	chr17	58631454	58632054	test	1	5495139670988b3bb2685c3b6d2c4e2ef1d738c674608eeb8fcfa5749e9af7d6	0.36	81	chr17:58	0.5	0.2280297848712296	0.8726977777536284	0.30047812909848215	0.1862543263188494	0.6331771041050116	18	True
chr17:75270919-75271519	chr17	75270919	75271519	test	1	91662ae863b090616df7107ba9d83a6e5307bc8a0bb8b7c9f4f4f41f7dad787a	0.7816666666666666	7	chr17:75	0.5	0.999858536387498	0.9612775523818726	0.8799142148808461	0.9980551168728072	0.4513913086316649	39	False
chr17:35119576-35120176	chr17	35119576	35120176	test	1	198a3aa5e0a39d50a22f6466404465b2bf91589e2d6b0fabfe36cd216a0cd320	0.6883333333333334	17	chr17:35	0.5	0.9977519937169503	0.9406688786176478	0.8852911214770801	0.9992632070886494	0.4210406030598057	34	False
chr17:62705680-62706280	chr17	62705680	62706280	test	1	8639feba2b8ee4f87abf84a9405cfdc6fe0cabc6fc514a1eb110ad4911ac99d6	0.5483333333333333	253	chr17:62	0.5	0.6161839281453253	0.7858141107289747	0.6143691831905302	0.9218530858604468	0.5764821440820971	27	True
chr17:82212581-82213181	chr17	82212581	82213181	test	1	4bf31066370367363c65537aaa2c6efb229846d368cbb5e562aeb63a1ba56712	0.7766666666666666	35	chr17:82	0.5	0.9999349661234036	0.9153046550979582	0.9468057830506538	0.999828531995157	0.4297871205687067	38	False
chr17:34252250-34252850	chr17	34252250	34252850	test	1	170b70386a9860b13dcf26ee2f1469aa87d107d5de6255030426853875ba359c	0.5316666666666666	31	chr17:34	0.5	0.507906932076104	0.9202186790708301	0.8105017042210546	0.7803234447358233	0.526110636626986	26	True
chr17:38257165-38257765	chr17	38257165	38257765	test	1	716f89580af0d0eaad3d28539f68c2641ba32a759a8021f07576357c83f44694	0.6966666666666667	108	chr17:38	0.5	0.9977320434124287	0.8541646885600274	0.905944409587081	0.999662717130552	0.44161739347639156	34	True
chr17:77140617-77141217	chr17	77140617	77141217	test	1	7bd94ca9b19a14858d69dc0ca4c5bbbb9fc7fc86d043ca53e6a770d71ed1c0d4	0.7633333333333333	19	chr17:77	0.5	0.999902152282715	0.9373328095870924	0.9558020077886487	0.999893373963889	0.4614109774302516	38	False
chr17:35567742-35568342	chr17	35567742	35568342	test	1	26d2c2d034e87097027c469d2677619498be3e7382674743c56dcf84e88b9808	0.59	66	chr17:35	0.5	0.9566440809081793	0.8846000440305392	0.8976067127652728	0.9758716258748846	0.5690162427870483	29	False
chr17:42287107-42287707	chr17	42287107	42287707	test	1	d383fd6982d2e3165a7a7aa14e05325e98ab301af8320fa8493c23d2a2776605	0.5533333333333333	139	chr17:42	0.5	0.606186851785595	0.8360670118595914	0.8627091751652395	0.9586476202726947	0.4915561926620536	27	True
chr17:45060970-45061570	chr17	45060970	45061570	test	1	7799e6e5b33f73579043cd02520c8e805e36f4090d28303c9a269305ad9d8e4e	0.5866666666666667	27	chr17:45	0.5	0.9656583431664004	0.9254738121045019	0.8207119487896035	0.98749493917281	0.45952601456889536	29	False
chr17:10123862-10124462	chr17	10123862	10124462	test	1	e9c141a66c2dd1cfec9f10ea2996ce71273825ad71d328a8330e441eb7bcd3f5	0.6066666666666667	9610	chr17:10	0.5	0.8328548096090531	0.32979870361625874	0.799180485331723	0.9791326678891185	0.5738495846760963	30	False
chr17:77489759-77490359	chr17	77489759	77490359	test	1	68b12194a58ca7118a4faa3eb5055176d31a34c2802f27eb63ae769377e7aece	0.6566666666666666	14817	chr17:77	0.5	0.8820851790927624	0.27919112720794365	0.6403261497210718	0.9677115182412425	0.5486192343097249	32	False
chr17:8383293-8383893	chr17	8383293	8383893	test	1	987e637ae0186543a625c26f42f86670d90cc12fae4d4c0be13e680dba1b2f0f	0.6866666666666666	76	chr17:8	0.5	0.9942906716349994	0.8765126265057531	0.96459116157845	0.973112851566815	0.33861412022695375	34	False
chr17:21456847-21457447	chr17	21456847	21457447	test	1	d44b156bdadc4d381c38f9fae2c6d9bace18676af99305ebcea1af5865a5ae5f	0.555	10	chr17:21	0.5	0.8719375518835886	0.9541638155952322	0.6103812378427482	0.8626744522804335	0.46937757576191047	27	True
chr17:38351626-38352226	chr17	38351626	38352226	test	1	7b5405edeec4c3d64397d3cc09569bfdff332c2f62cb65d98e92cb89571e73a2	0.7616666666666667	83	chr17:38	0.5	0.9997725516864343	0.8712101392962631	0.7928831288918835	0.9992970682634519	0.5654345828954319	38	False
chr17:79796854-79797454	chr17	79796854	79797454	test	1	8d7e0a6b224d98b1d411ce674ade91cf2838527dd51cd781ff7cf118971d94b7	0.7216666666666667	69	chr17:79	0.5	0.9992256790287055	0.8821045030950877	0.9278952274186312	0.9999112506172689	0.455152385969908	36	False
chr17:37517453-37518053	chr17	37517453	37518053	test	0	237200f7f4b282e75505c61e52c7c15b7d4acfd9fa0e9e2b0f4a47b04c49bc4d	0.39166666666666666	7875	chr17:37	0.5	0.17549440111191184	0.3545692797391172	0.5114203801917925	0.3353174096391501	0.47788359935639085	19	False
chr17:10131837-10132437	chr17	10131837	10132437	test	0	7689e6aba1b8769ddf3d65c13382824e27dc122ce4e415b312fc9d3a1f0a746e	0.37833333333333335	17585	chr17:10	0.5	0.21207450683737328	0.26053837287178805	0.23189056327554983	0.00919796022778241	0.3074774244606236	18	False
chr17:9332611-9333211	chr17	9332611	9333211	test	0	c7d36504f5e5238a3930e20bd000780850c9dcb616d6f5ed79c99a913142449c	0.4166666666666667	43644	chr17:9	0.5	0.26456249176557767	0.17569713128212108	0.41012497716650226	0.09118547921571404	0.47421041000961084	20	False
chr17:941243-941843	chr17	941243	941843	test	0	4a6924657c58ccc36669832dfbb060604490aec3da98eae1bda4e7dda0624b10	0.48833333333333334	31770	chr17:0	0.5	0.35802483482954534	0.20258716630032655	0.09068756724467833	0.04799263080459115	0.41050203548391195	24	True
chr17:81844563-81845163	chr17	81844563	81845163	test	0	b4dc49c22f5a99453c14598f63e9004630dbc74c7631285e32d6fb7165da7137	0.6233333333333333	1699	chr17:81	0.5	0.8760837361387254	0.5618642575048747	0.7569035965900023	0.7865271236461896	0.5302395905841608	31	True
chr17:32509191-32509791	chr17	32509191	32509791	test	0	8fce02934641be9397a04418ee5b646f9b56348240258ffc0e5c746ff07eb676	0.45666666666666667	3848	chr17:32	0.5	0.3489153439662194	0.449395479266008	0.3676749380127126	0.24875863921395427	0.5511157002765446	22	False
chr17:10150233-10150833	chr17	10150233	10150833	test	0	d44532e56c39190fb979eaf2d9a3d61e8389240cdc64df6e95f96cc9e31ff129	0.455	35981	chr17:10	0.5	0.3048722433872976	0.19169676887132375	0.4622739503068177	0.29832499650643607	0.47796045239528373	22	False
chr17:7976453-7977053	chr17	7976453	7977053	test	0	d3fbb537d3911f8913809902c3e646df77e8c6742e541962cb6cd851b18f4f2f	0.5	24836	chr17:7	0.5	0.45214250490285773	0.22547153101188513	0.32805674703976456	0.20233039753095583	0.5125260285339092	25	True
chr17:73036663-73037263	chr17	73036663	73037263	test	0	4f4830116e550b172b6d334e2d242ab16ebc17c1e947cfbe4b2c79d0d17f28dc	0.42	52848	chr17:73	0.5	0.2363206639911717	0.1608956205761274	0.2611733284773573	0.03375838065389781	0.44560779944966034	21	False
chr17:82032123-82032723	chr17	82032123	82032723	test	0	25e9f1460e94c6a3e2cd3b4f61c47fb172064331f9e55cb6bd93ffb2b84a0321	0.6816666666666666	746	chr17:82	0.5	0.9720212610891598	0.6689444478666208	0.5128323872628057	0.9808195481966524	0.5988716985848654	34	True
chr17:32393692-32394292	chr17	32393692	32394292	test	0	9d8cadbd38fc5d6c4bd3ec152f4122468da1beb4509337461bf040a63dadce4a	0.4683333333333333	14020	chr17:32	0.5	0.294188253495072	0.28538435252510075	0.22570600903570076	0.03759781267751598	0.54395041057626	23	False
chr17:17117779-17118379	chr17	17117779	17118379	test	0	6e2dc6ed4c25ee05a3079678fa0aca3d18065de07a40c090404cf9a52fef42fa	0.5283333333333333	40328	chr17:17	0.5	0.4087453131675651	0.1821147459316705	0.4596984159085947	0.3760249372920958	0.4862774844143254	26	True
chr17:36167573-36168173	chr17	36167573	36168173	test	0	8f75e3b735fbf4933d0bd4c64e49c4f2558f4744903db0ec036a51e314b85a6c	0.5983333333333334	8762	chr17:36	0.5	0.9129336181330021	0.3411841632448905	0.5528577881951056	0.4870742827289061	0.49110887673865916	29	True
chr17:54443463-54444063	chr17	54443463	54444063	test	0	95e629340de6d13743a09a8384007c62a4c13bcd17595399fd64be4efec4fae0	0.36833333333333335	78130	chr17:54	0.5	0.11351209411843208	0.13380278404385926	0.06312149857847763	0.06254320610752932	0.5287068450460797	18	False
chr17:42156834-42157434	chr17	42156834	42157434	test	0	c36ba4e42d1663b53be036eee70637e33713034d880332621838199861ffaea8	0.5	2091	chr17:42	0.5	0.3851618505039203	0.5334507313577468	0.533345802338489	0.11412244167818679	0.5647704161352979	25	False
chr17:28659737-28660337	chr17	28659737	28660337	test	0	b10e5a788e188354304eed9ffd20e20dccd2ae0938cba55fc7d1d534031c6d21	0.595	1868	chr17:28	0.5	0.9102570469074297	0.5489248395716534	0.46900814785908845	0.38878874400634583	0.5755867928698924	29	True
chr17:60164828-60165428	chr17	60164828	60165428	test	0	2f9e552e8a8611c653fa6c63ab5c06f65b94c54dd8c4b8e21671a81ec9e842c9	0.49833333333333335	15156	chr17:60	0.5	0.35980850766587613	0.276681111625281	0.2177361257383477	0.2658257529101591	0.4305853339796298	24	False
chr17:71708154-71708754	chr17	71708154	71708754	test	0	609c3a0513516d6c0f563dcd7f40489411c3eee866ec1bd1b601e938d2be74bd	0.29833333333333334	35013	chr17:71	0.5	0.0422719832580503	0.19404408695777256	0.15425428248876236	0.02513810115167603	0.4762880939796211	14	False
chr17:10377666-10378266	chr17	10377666	10378266	test	0	f2359d668a17998d77296bf4b8f6c5e281e36fcfeb821994fdf0626a18e111b3	0.43333333333333335	4837	chr17:10	0.5	0.35878617023767817	0.41834728288002887	0.34036837249727797	0.06309834420999044	0.41408316250420335	21	False
chr17:75458493-75459093	chr17	75458493	75459093	test	0	f2325acdd3b0831d5dd5e6af9a907bf3e00e06b61b79aa6ff75e8309a6133ee4	0.49666666666666665	1611	chr17:75	0.5	0.6247848409093081	0.5690855277242826	0.5767572015300204	0.19184008472373215	0.593701015123349	24	False
chr17:73035623-73036223	chr17	73035623	73036223	test	0	ba88b550587c15420b5dbd52c2c8bd1384b1c567ac7748fb3ba3a5085f963b44	0.4633333333333333	53888	chr17:73	0.5	0.3029987869108138	0.1594461844128568	0.31080282547601135	0.08869040176802714	0.46808291056358914	23	False
chr17:33003418-33004018	chr17	33003418	33004018	test	0	73742d89d81fdff765ade804e75affea345755d912636f16fb59795b53756a87	0.45166666666666666	11872	chr17:33	0.5	0.2113377895742973	0.3044995893992136	0.42363842313913663	0.012881933509087402	0.4709932843275589	22	False
chr17:72860322-72860922	chr17	72860322	72860922	test	0	a6d310af9adf5c82e732874ac8a3fe7d8708367b933811fdc7c59001aa96d877	0.48	21584	chr17:72	0.5	0.36006276183218094	0.23931024041102233	0.35084525556905727	0.44273208427346933	0.40485575453698064	24	False
chr17:82192714-82193314	chr17	82192714	82193314	test	0	80b8ac0bed4e281049c17980e69f1df219ca051df46a400902f65933910e93a6	0.475	19827	chr17:82	0.5	0.436016771803983	0.24796053281039895	0.2822302300397477	0.16522952076236874	0.5494639006147485	23	False
chr17:20026206-20026806	chr17	20026206	20026806	test	0	5e372add81f963cf734d2cbabeec3818f6559e4950858d703d475c5819c11b49	0.335	16172	chr17:20	0.5	0.06518106580446817	0.269559433900933	0.14349661102168967	0.013911306537145942	0.44079037949866623	16	False
chr17:53057635-53058235	chr17	53057635	53058235	test	0	c385d67b42150c490c5897a8bacfc94391ba456d736cdb3a9e56eaaced96a319	0.3233333333333333	4083	chr17:53	0.5	0.06371242131971687	0.441301415150019	0.21161357210197695	0.006199298807023443	0.5333701941392308	16	False
chr17:38140356-38140956	chr17	38140356	38140956	test	0	ddc1aa9772fc9daf6bc59695a382f045e606382cfa3e5a05cfe9d84aae9ced1d	0.575	3630	chr17:38	0.5	0.7682690936006411	0.45738492837114303	0.4514913485235721	0.13515678199170356	0.4687441164396965	28	True
chr17:38313174-38313774	chr17	38313174	38313774	test	0	c49a70998bf4f98463cb791f0c2313badbcd84e0407af97077ad40580f69b19e	0.405	16307	chr17:38	0.5	0.2779095230063992	0.26865539977809044	0.35066893559400764	0.00693697607437084	0.46506020942483794	20	False
chr17:67991556-67992156	chr17	67991556	67992156	test	0	baee432800165f88d678ecafba4d632d7e54f78d7685dd9e43c35751860ad736	0.4266666666666667	1688	chr17:67	0.5	0.24851860633077938	0.5627476727194237	0.4973990087386464	0.10714631276650903	0.4490271222171873	21	True
chr17:53138758-53139358	chr17	53138758	53139358	test	0	72b97e704c8aafe76fa2241185c12987e03d755b3807117616d3e8248b918bee	0.43833333333333335	77040	chr17:53	0.5	0.4141030403456993	0.1347056769802407	0.3678639949696285	0.05411735746437536	0.500487455437198	21	False
chr17:42720911-42721511	chr17	42720911	42721511	test	0	2ac8f79a913a9e87e9a6414378a5a0da811db1e68f6fc5d88c7ab492e22ea1a8	0.395	13061	chr17:42	0.5	0.13221298718222674	0.2934402865178387	0.26411486719321425	0.14288837265505883	0.6097305141430932	19	False
chr17:72154021-72154621	chr17	72154021	72154621	test	0	595a23ebf716de1646d02c9c724fe55e1975302b806d9f85b8378d7f3d4554f8	0.36	19261	chr17:72	0.5	0.10542064497762801	0.25095866222973306	0.1436498415136805	0.2184501106532702	0.5417032260526337	18	False
chr17:37480242-37480842	chr17	37480242	37480842	test	0	ed7662da93c56eb61938d856515b03a7d6e49570fea463af846d0b9228abe9af	0.44166666666666665	7854	chr17:37	0.5	0.19520696542050583	0.3549071937249974	0.32656073214244	0.209076133533666	0.46505671673394405	22	False
chr17:40625808-40626408	chr17	40625808	40626408	test	0	d714d5468a84db4047cdd87fc1f08afa19850fbf27bbae2b258e7e49145cd3c3	0.45166666666666666	19727	chr17:40	0.5	0.4018037860995854	0.24848222775194045	0.30482649021584063	0.05764003940216449	0.6183213025452647	22	False
chr17:40476998-40477598	chr17	40476998	40477598	test	0	b3f0049ba55b4ff00129ccbb2926c71e21c2924469f9c32a8f6e43a2461d53ce	0.5433333333333333	2010	chr17:40	0.5	0.46809455592853366	0.5388806894007491	0.8131610103425131	0.11756705718458721	0.42948134660728027	27	True
chr17:21113584-21114184	chr17	21113584	21114184	test	0	16f5fbb373cf64290294af2a9eb25b2f5aa7a108d6f4e28b799dbb82244d86a9	0.41333333333333333	13038	chr17:21	0.5	0.15461543199675684	0.2936423676842142	0.04866603593111304	0.02453115370511205	0.5535279024794467	20	False
chr17:75111420-75112020	chr17	75111420	75112020	test	0	7afe4aec032ca6be7dfe5a2f48df3a377ad6cd59bce261a8bcbc4426da8ba3f5	0.45	1752	chr17:75	0.5	0.29441746289234133	0.5576811560141148	0.31091492753935696	0.09548776361525689	0.5240642940911735	22	False
chr17:51336263-51336863	chr17	51336263	51336863	test	0	f4fb56a0e1e8d92c706dd647447896e130f7173cf22717787c4f30cc3386558f	0.45166666666666666	80	chr17:51	0.5	0.1823262973595447	0.8734496054484359	0.12798038433342177	0.30342788861011427	0.5442138188341273	22	False
chr17:69205453-69206053	chr17	69205453	69206053	test	0	f63385015d28e4f8e56f9f7ab89294b9ba6eab0775a9c772032f4b26f7f3b8de	0.325	23070	chr17:69	0.5	0.06471031275064812	0.23267325661654914	0.08840886053215775	0.17017511793340326	0.47636664511191446	16	False
chr17:34804527-34805127	chr17	34804527	34805127	test	0	e92678deb703ad33fec10d1506ee83c0aca614b87303a5d778192e8d3fec1072	0.4066666666666667	54218	chr17:34	0.5	0.1350329200192977	0.15899429021798014	0.21914531640129206	0.16496021877249314	0.4950709744377913	20	False
chr17:58721726-58722326	chr17	58721726	58722326	test	0	baffb2fa86b3be998dfe990d05a5415a16bf9014b510de9fab850825d79351b5	0.395	25028	chr17:58	0.5	0.12202151712462346	0.22472882153899015	0.45778336803624653	0.2935689554394558	0.5151379578203604	19	False
chr17:69982627-69983227	chr17	69982627	69983227	test	0	2ec136273525d34a6ef62a9bb567aa6e01ab39a558ae59a4f80c99fa4e6288f9	0.37333333333333335	3039	chr17:69	0.5	0.128572095157679	0.4818462921522441	0.1557977269379825	0.06852413261188751	0.4901141663371977	18	False
chr17:18308286-18308886	chr17	18308286	18308886	test	0	5866f8810ee03e2b8e427b981ccd685bc8382f4e84e6e45bc43c6f62dca87468	0.33	6407	chr17:18	0.5	0.08037014909919273	0.38108160061964186	0.27568593011764225	0.059024554788146874	0.5172263727671558	16	False
chr17:16283720-16284320	chr17	16283720	16284320	test	0	2dcd62c34b2ffcf932e541a273d4d05c79e86835936361f6feb31d9b6517d1f4	0.4666666666666667	2007	chr17:16	0.5	0.5297353382810872	0.5390858029424381	0.6740043210346726	0.06550903555384388	0.5155931924952175	23	False
chr17:72297523-72298123	chr17	72297523	72298123	test	0	9fe660d9abe22c3e6922e40fd19f1c18b5d5477699a182841baa48d6eb62a9fb	0.49333333333333335	41744	chr17:72	0.5	0.3695553011879198	0.17928987960640314	0.4256851513546398	0.4937490007586404	0.3170510956338449	24	False
chr17:43487969-43488569	chr17	43487969	43488569	test	0	2a1d0ddb9f5237c3994056dd5fa418234b1b4b5ee0fe5d4c40e4026afecb405a	0.5116666666666667	4295	chr17:43	0.5	0.6991302152017113	0.4344140136158868	0.5951303439103639	0.12979129496811154	0.5145853505867931	25	True
chr17:74818902-74819502	chr17	74818902	74819502	test	0	0076766a063d0d183088543137a59e2d0c24212ada4e21e743a0553f16a2c21e	0.535	40682	chr17:74	0.5	0.6064502818787453	0.18139608218455636	0.45062397289516304	0.4879836691671958	0.5486110931831668	26	False
chr17:31164775-31165375	chr17	31164775	31165375	test	0	51e33397855893fcc6103ed8cbe5a21cda9957ea827764b5f86a485bdd97d1c6	0.325	31894	chr17:31	0.5	0.07049940456331823	0.2022394455743702	0.6042676003692707	0.07827902126266126	0.5015458912514481	16	True
chr17:69618987-69619587	chr17	69618987	69619587	test	0	7d81d2493edf18669c5dd97bd4103736487f2aadc41bbc548297a368b4941a73	0.3983333333333333	24503	chr17:69	0.5	0.1853145901918859	0.22677758085842056	0.4253281371790152	0.2306388476291447	0.5550822922100936	19	False
chr17:63972668-63973268	chr17	63972668	63973268	test	0	eedbadb3de52cbc44a7bcfd8d5cc4e342b1460b4350c3fee2fe3323eeb25e86e	0.6533333333333333	51	chr17:63	0.5	0.932286783727074	0.8981531865195937	0.605202657938041	0.9312654157740917	0.3749309359455077	32	True
chr17:6644810-6645410	chr17	6644810	6645410	test	0	569b732a74631e7c1a10ce73364f5969ffbb671873d3c3df2770179955e455bf	0.35	4051	chr17:6	0.5	0.10469181913302296	0.44237407843277793	0.45341577215812734	0.24487659995065453	0.4872453713063576	17	False
chr17:46252685-46253285	chr17	46252685	46253285	test	0	fe35c40e95c95a614719c8fea534bb55d5c3c9eba636672b772d0091592a8bbe	0.645	8968	chr17:46	0.5	0.9837214624979688	0.33830219121591504	0.21982736099457775	0.5225083933090734	0.5690231017703244	32	True
chr17:52555139-52555739	chr17	52555139	52555739	test	0	a4b48137cad7d639174d338303205eca7736bf298c561c4a1589c8b79bf6d5d7	0.42333333333333334	48299	chr17:52	0.5	0.15563139305874582	0.16772855673354803	0.19183408188480972	0.04518461694077366	0.5822460727590872	21	False
chr17:34333901-34334501	chr17	34333901	34334501	test	0	ff40703ed3414270ba884d98c457696b7b7bc3697756cba3ee681e20be51d3ed	0.35333333333333333	14767	chr17:34	0.5	0.11701153017588979	0.2795673837562828	0.4717527962947467	0.017406823619399735	0.5314937337466811	17	False
chr17:6053797-6054397	chr17	6053797	6054397	test	0	d32355849a0d87b2741001b6df7e5a54d9c69d59eacac9738a55e2b97a9ae929	0.4716666666666667	15008	chr17:6	0.5	0.36210574593215983	0.2777682411407362	0.2781306926086623	0.1860914666966859	0.419298509409212	23	False
chr17:73172633-73173233	chr17	73172633	73173233	test	0	cf9a6d4229861592bf3f4d90b30d3a6f1be9891b51d9606f3d45c07d03419e4e	0.43666666666666665	7924	chr17:73	0.5	0.2675900410408799	0.35378486507316725	0.22856295962369855	0.12463193022969692	0.5615502406781052	21	False
chr17:6621219-6621819	chr17	6621219	6621819	test	0	3dc6e8e06d91d1d400db9172dead797a24f819640dc4a2f4b73a8b6cfc615638	0.35333333333333333	15835	chr17:6	0.5	0.0772363901535536	0.2718580909808398	0.46884627067864515	0.030235060269222517	0.5126994633249147	17	False
chr17:50387740-50388340	chr17	50387740	50388340	test	0	11661fb663fa9d49272309884d1c4bc37c4a6640babed86df8a58cf5ce228775	0.485	1795	chr17:50	0.5	0.39332022571739084	0.5543734001688959	0.5844247513801248	0.5117571507519049	0.474724152300175	24	False
chr17:28151859-28152459	chr17	28151859	28152459	test	0	311a12209434662c829285ab0373e76c52d388d21dcc4181ec0f4b1fd90f03ba	0.33666666666666667	27713	chr17:28	0.5	0.09287664225481042	0.21506454997035052	0.30706672985918665	0.17421956321467277	0.5724506663053018	16	False
chr17:79472595-79473195	chr17	79472595	79473195	test	0	f891af6a05b88c4d7148eee145b59c707457940d2887a1b3161927624ca5aed4	0.44166666666666665	9702	chr17:79	0.5	0.24216485460912135	0.3286354298661943	0.5757628424303436	0.1747327053745414	0.6332239733501632	22	False
chr17:38385896-38386496	chr17	38385896	38386496	test	0	463de7103d0b8c57cced7a98803b6fd3b5ca7a4f3ef343302298a570367e6473	0.5	33063	chr17:38	0.5	0.4071395880236749	0.1990473264571681	0.5803209632637697	0.011701799903423253	0.5430812501629024	25	False
chr17:5556545-5557145	chr17	5556545	5557145	test	0	9dce3d77b4210008e4feec8004dca74a123159696f5f17725eb324246d97a34d	0.44	27111	chr17:5	0.5	0.3121934904421124	0.21712152534348783	0.35999659532663564	0.008080481531754802	0.5322348113232703	22	False
chr17:68467070-68467670	chr17	68467070	68467670	test	0	14ece465f469bf6ce0a602a0e8bcc470fb1478f64f0d4aae7c0e4116e2ff06eb	0.3983333333333333	9808	chr17:68	0.5	0.17184040556588895	0.3273112956598218	0.2059281110701216	0.3787650347598698	0.605054615435297	19	False
chr17:3645922-3646522	chr17	3645922	3646522	test	0	e7c4f78cceab6255147d4bacf8f631e6f860551354bc4cedcabec381520fc282	0.5566666666666666	9462	chr17:3	0.5	0.6566298881314802	0.3316980928123235	0.13844792665107028	0.4846113309307374	0.4812145775459887	27	True
chr17:4864542-4865142	chr17	4864542	4865142	test	0	2a8e33115134d13a0efa3483482e924c8df46a7850aa6fbb3e3f099fdc2dd0ba	0.47833333333333333	18132	chr17:4	0.5	0.4669889770508301	0.25728869544240024	0.39888447133346083	0.048243867736515116	0.34562360514792767	23	False
chr17:65358081-65358681	chr17	65358081	65358681	test	0	38e35ba4fc41d0ccedd3b37eab0d0019fea13e5e45882de6f3256af6e7c12b90	0.41	70924	chr17:65	0.5	0.12832499575322376	0.14012620832223657	0.2710242055969108	0.034331718808977056	0.5871950744886535	20	False
chr17:833825-834425	chr17	833825	834425	test	0	366d9046db4520b706004c90289af8374099517d9ca7ee6c57ff8dfed44861ef	0.5183333333333333	29971	chr17:0	0.5	0.6322819421176746	0.20784377587018327	0.6564436052378072	0.3019397161935096	0.4625073661051877	25	True
chr17:10252450-10253050	chr17	10252450	10253050	test	0	60fc596ebef73c868880b894d640fa5ebe2ab1859bcf20bd75b092e8eb8f74b2	0.37	39068	chr17:10	0.5	0.12489634939684625	0.18474351558246005	0.27976317040548576	0.18379510474990768	0.4497139758822829	18	False
chr17:46289747-46290347	chr17	46289747	46290347	test	0	4f233c64b06b09cbef3323fbe1eec5725be97d7f0c3e155c8d5350d19b5481ac	0.48	2685	chr17:46	0.5	0.4034027863220673	0.4989520607221363	0.19134624102171024	0.10083541246003966	0.5158861216117077	24	False
chr17:45146134-45146734	chr17	45146134	45146734	test	0	78d0321aa9f925439fb7831b267660930698ca6d4f647383d89da4ebdffc1fe7	0.5316666666666666	578	chr17:45	0.5	0.5536465716813993	0.6993659531566814	0.515441861968689	0.9021440364207204	0.5150157949636234	26	True
chr17:27264566-27265166	chr17	27264566	27265166	test	0	22dda0d3af6df74c5ef61a8e2f6329730ccf5991c425825c3036e96fc7d5a1e1	0.4116666666666667	23114	chr17:27	0.5	0.20621588476238176	0.23248521846997938	0.7290781504433546	0.024928283022036916	0.48818297186015486	20	False
chr17:74311823-74312423	chr17	74311823	74312423	test	0	a897bb072785da0b8e7dd1b77b0ad30195ef1947363d92afdb2c7bfb1bca4dda	0.5833333333333334	2334	chr17:74	0.5	0.7979438836638374	0.5183020750516593	0.43817531302886475	0.4109907089653838	0.4518990276189934	29	True
chr17:62954307-62954907	chr17	62954307	62954907	test	0	abbf3202add5348007e88e588e51b36628e18f34359900672a7ef38bb943f6d1	0.5166666666666667	10393	chr17:62	0.5	0.7095051005506215	0.3202983077770567	0.5301875808355065	0.03313198990300277	0.5742542104935288	25	True
chr17:58011062-58011662	chr17	58011062	58011662	test	0	51166f2c7cc640aa43ef661db53141cd2bbb1bc53759cbaec3d848b6f3271bd7	0.39166666666666666	3655	chr17:58	0.5	0.12844849479369044	0.4564434833777544	0.4957665814672987	0.06892219458605062	0.4827355301655191	19	False
chr17:7647816-7648416	chr17	7647816	7648416	test	0	6316bf788b4d7512c4b709ec31e1cf1261e06ad9f49299cf992b11adb9fd5b8e	0.48	2800	chr17:7	0.5	0.36006276183218094	0.4931573251330642	0.33775633547181133	0.018776046845525807	0.6170537829906094	24	True
chr17:1435991-1436591	chr17	1435991	1436591	test	0	6bee8ca6fc1d53ac842c54900d3f1901175eeae481af6bce6fc9c2833498278d	0.405	11819	chr17:1	0.5	0.19555395881409662	0.3050237320979356	0.17786234794646666	0.15868364320618175	0.44522843943054313	20	False
chr17:14932392-14932992	chr17	14932392	14932992	test	0	125a41623def74da5d39ac8a0d0d7f185b5f35f66200c57ed6e88868bc11e5dc	0.395	82058	chr17:14	0.5	0.12202151712462346	0.13069045420758052	0.4774782308877349	0.2499026681433837	0.5451745219981204	19	False
chr17:34474764-34475364	chr17	34474764	34475364	test	0	2cccfcb2f180c0772083a174ca507643584c5ec336ddbf729813f1363a4ae401	0.48833333333333334	4207	chr17:34	0.5	0.2785797571427267	0.43722784305850415	0.17529420439460353	0.21500398927412626	0.48430038819181676	24	False
chr17:57059509-57060109	chr17	57059509	57060109	test	0	f51330cf9e78668a8482cbcc9e15bfbbfb0f66b458d9aa0532d1677726b53f6c	0.4066666666666667	12746	chr17:57	0.5	0.1350329200192977	0.2962465892302414	0.2638026576587548	0.00828330125656871	0.5025923355712282	20	False
chr17:21694512-21695112	chr17	21694512	21695112	test	0	a55ff16dd89edac36713e51b6a0ff440c8232c167c5b2cec31c6c1473319aaaf	0.5183333333333333	2290	chr17:21	0.5	0.3424074466655753	0.5209276795158833	0.8341131747719219	1.2782115826987452e-06	0.2796110606150832	25	True
chr17:74063155-74063755	chr17	74063155	74063755	test	0	b8c415be2c2977983af941c59dca8bb80cbb7a56469e94b5757481472c823b17	0.5433333333333333	3896	chr17:74	0.5	0.5369033220199195	0.447700421380742	0.9092416220494841	0.7299779945538913	0.5060783778150683	27	True
chr17:53186263-53186863	chr17	53186263	53186863	test	0	adb08a9f3b0b1d9790d4b1e7363928e7ed56a65b7cd3939ee2d29c5f111dbb7f	0.345	124545	chr17:53	0.5	0.08472961670963751	0.1066363050432696	0.18653603695822812	0.12212769690256976	0.5146106694635522	17	False
chr17:22334252-22334852	chr17	22334252	22334852	test	0	7d578bc9f65a16247523e51aadf4e1605b72f0f9bd4afd1ea1e86658ac67de55	0.39	15231	chr17:22	0.5	0.14835404512414183	0.27613524165721504	0.16701365784209146	0.3508943850061255	0.5565536388484752	19	False
chr17:14124540-14125140	chr17	14124540	14125140	test	0	d9d38eda280b4992134096996dbb6d9a4145fb4fbf704bc8c5e55a2443cc2223	0.3566666666666667	52290	chr17:14	0.5	0.11108386936340135	0.1616895712256688	0.07986062728870891	0.044275781944862494	0.47820788678657955	17	False
chr17:81189040-81189640	chr17	81189040	81189640	test	0	b353cac25450fcaa3c88949300938608a27cfe6fd6f0152e347e4404906b2bca	0.63	8052	chr17:81	0.5	0.7836635456927961	0.35176209174800244	0.7391937506582847	0.9447939698300261	0.5627837941232127	31	True
chr17:44115640-44116240	chr17	44115640	44116240	test	0	692abb30797b5360814da9f50aac9e9d25d033a0b0b4b7fed96e1309bcf52952	0.565	29	chr17:44	0.5	0.589954788417438	0.9227995765995757	0.8191362247419763	0.9251759897714933	0.49379961229248476	28	True
chr17:41824307-41824907	chr17	41824307	41824907	test	0	dcf50317213301a417116dec507632e8baf00e092421dbf1684b75c7923fb55c	0.5366666666666666	11235	chr17:41	0.5	0.5432280899517823	0.3109951128751926	0.534932307832573	0.6456761677209916	0.5086921093251924	26	True
chr17:61878058-61878658	chr17	61878058	61878658	test	0	1e0a00bbc52e9599574f09707206aa227928c20bc12bd29eeb838ebed49760a7	0.4116666666666667	4177	chr17:61	0.5	0.20621588476238176	0.43820152024714865	0.3120185457527079	0.04772934566434441	0.567347752878374	20	False
chr17:12564206-12564806	chr17	12564206	12564806	test	0	128055a02998d3308b30aac98e1f03189411084e6c670d0251f0aecf54f6abfe	0.45	14667	chr17:12	0.5	0.3978186620050425	0.28032467174970077	0.3231068920267298	0.015844838634358607	0.6013188439320133	22	False
chr17:56383842-56384442	chr17	56383842	56384442	test	0	81bf4f52040e8558587345e52de205c692348776af392aa730331f11bca8bc82	0.4033333333333333	86999	chr17:56	0.5	0.1659357136092984	0.12706113102912678	0.3209703202153422	0.02008039173388721	0.4399126040531124	20	False
chr17:51639357-51639957	chr17	51639357	51639957	test	0	e333691fde43bf27388bb3ace9ac93cd2faecc803fea43a51d84383db52e358e	0.4666666666666667	83460	chr17:51	0.5	0.2721723797123604	0.12962992577537458	0.4123031358388905	0.15215925651110068	0.5096440537317234	23	False
chr17:60865898-60866498	chr17	60865898	60866498	test	0	ee1de2f93d7d43901221274b53d9dec142d26b13f61c89850d5f8215c78350eb	0.3933333333333333	20851	chr17:60	0.5	0.14109232047309	0.24280506419430792	0.27900136933214814	0.009908521962089602	0.40997417277466713	19	False
chr17:73980382-73980982	chr17	73980382	73980982	test	0	e372990f98868bb03ca2c090abf83781ca56fc2b49145229fa57cb54aeddf3ae	0.49666666666666665	27517	chr17:73	0.5	0.33521416313931485	0.21572776486119627	0.30703008007921617	0.2676589638546122	0.4980109991799713	24	False
chr17:8453910-8454510	chr17	8453910	8454510	test	0	df3b531ff0ad1ef762b018c91822fb72129f64de41ef44849888275ed1b60e1f	0.31833333333333336	11433	chr17:8	0.5	0.07218632784631368	0.30892923741105416	0.1455638582222467	0.04006571813136164	0.5618199781290321	15	False
chr17:11432740-11433340	chr17	11432740	11433340	test	0	4c853e53e138726683978fe4f0e95cc342bae946dc07cef51c2552361f7be493	0.4116666666666667	144836	chr17:11	0.5	0.17774903672922582	0.09894292949759474	0.6523977361831936	0.07472654898076969	0.3562461691103751	20	False
chr17:66592644-66593244	chr17	66592644	66593244	test	0	75edbd461358cee4ff3df19b7b820ace708618b2dc21ce841790a611e0e36fdb	0.43	45326	chr17:66	0.5	0.3723943443171617	0.172689501971423	0.5080986067073949	0.33133724238791284	0.5332958068307143	21	False
chr17:52141316-52141916	chr17	52141316	52141916	test	0	242a35b372431e8852294e9d676a94ddf5a258b586b68afb2265cd9795180828	0.3983333333333333	17097	chr17:52	0.5	0.12562480125233744	0.26354734476334324	0.09401455562609452	0.10015889354320735	0.5487804729585073	19	False
chr17:5866994-5867594	chr17	5866994	5867594	test	0	cd738c763816faa48a97d7b89f999ee84d4237b2db7007b4001ddcab9f4ba698	0.48833333333333334	69446	chr17:5	0.5	0.31696984921979043	0.14153511392133697	0.29687735797162595	0.5956347178077245	0.630181097532971	24	True
chr17:1518387-1518987	chr17	1518387	1518987	test	0	68af9545bdac3e9e803f930e84a7e5f12cfa02d1f1af39c91857562767b60d6d	0.47	1873	chr17:1	0.5	0.22686624850032783	0.548559040517535	0.4656873667121875	0.15813318415663263	0.5620057602610394	23	False
chr17:80085036-80085636	chr17	80085036	80085636	test	0	44e9ab8957ea0bb1bf0400aeabd64b03246c6ed398fef41372a91c9f7aa6471d	0.5483333333333333	13491	chr17:80	0.5	0.6986657245362633	0.2897409066898413	0.3206531373461218	0.9435742275337583	0.4527315367878938	27	True
chr17:9887944-9888544	chr17	9887944	9888544	test	0	a348d0cd2a86a5aefc22be8ee9c1ef264400c31775aee86c845082b0b0001533	0.465	17026	chr17:9	0.5	0.2873389310592386	0.2639941569139467	0.1473770869222341	0.19967237340519428	0.5304992663155715	23	True
chr17:72671754-72672354	chr17	72671754	72672354	test	0	9b2bc9c34ba4c913409213244e6d818e83a0dcc3bea957eac228b8f660e74b00	0.39166666666666666	7903	chr17:72	0.5	0.13909171803124107	0.3541203512086568	0.5258475694070348	0.023082647661928943	0.5727993635404524	19	False
chr17:15469569-15470169	chr17	15469569	15470169	test	0	a19e087538d6f6c2f657648a3d9dd48e4b9a3afc51501c674b2f112d8daea8d3	0.5233333333333333	2236	chr17:15	0.5	0.3967616121471805	0.5242181601161593	0.5129667986346692	0.32773658102841635	0.5231961901319028	26	True
chr17:72183719-72184319	chr17	72183719	72184319	test	0	dc453ba8ad5d09bdca7200e39a7448e58b7e55b475d375d702869b1c687b4c2d	0.4683333333333333	8052	chr17:72	0.5	0.294188253495072	0.35176209174800244	0.2590381864818271	0.1529401591263437	0.5114324290912993	23	True
chr17:40697929-40698529	chr17	40697929	40698529	test	0	28d88666eb2c0984e0b3c32c77ce97fe93c2f7466225756538324ced0fa786ad	0.3383333333333333	780	chr17:40	0.5	0.09428531772256012	0.6634717092001665	0.10555048366939011	0.03870653755572694	0.4443960038582141	16	False
chr17:78025357-78025957	chr17	78025357	78025957	test	0	1eb60c5928a25334abad3be6ee619443c37c6dab80bab115bdc2d382c3457601	0.3333333333333333	17237	chr17:78	0.5	0.08285955021470956	0.2626731267747436	0.09529439530136025	0.04025782110658116	0.4630584660854241	16	False
chr17:55859203-55859803	chr17	55859203	55859803	test	0	1fdc513c84103573a435880195fb6acce244c7623375e1a4b2170de0702cd45b	0.42	13435	chr17:55	0.5	0.17645845665531873	0.29021440678370936	0.22467446555689624	0.39231416578990824	0.5464796651817303	21	False
chr17:81276694-81277294	chr17	81276694	81277294	test	0	a9cf84cc0e5de101d5d5e487fc76684228a0ddfaa4bce43a3fa8f24ec24802d4	0.5883333333333334	14075	chr17:81	0.5	0.7418765438226402	0.2849430838290064	0.3199889422376434	0.5368964823701756	0.5003047758874608	29	True
chr17:55191853-55192453	chr17	55191853	55192453	test	0	851491b4019ea347510f9a98c19bad2d74aa8d0b8b3952b5c6501d525ae9c425	0.36666666666666664	72806	chr17:55	0.5	0.10304332387108185	0.1383904901517396	0.06178678687382072	0.03986251049714484	0.5264118270949179	18	False
chr17:52248901-52249501	chr17	52248901	52249501	test	0	f586b09fa902b2e30f4f9fd104c0122756c744b50d8e45cfc5bf1a4d96b0f876	0.29	13337	chr17:52	0.5	0.04263195601900197	0.291048910527309	0.11840892395244502	0.027670176972033965	0.3729220388610435	14	False
chr17:48089849-48090449	chr17	48089849	48090449	test	0	29ae49c62fb8f956c484e6f02fba96668e272c7090635830a50f23d047d94c8d	0.4116666666666667	1366	chr17:48	0.5	0.23792257682935336	0.59128385379345	0.3143584825367233	0.019474788469951067	0.4614788994963992	20	True
chr17:78327451-78328051	chr17	78327451	78328051	test	0	6cc053c8ae90c5815af3c98d06d5d1f537c5f59082e908cc8e229454247881fc	0.5283333333333333	3004	chr17:78	0.5	0.7144999994654915	0.48344508339276265	0.7642639666565819	0.1556724902627583	0.5438684534575712	26	False
chr17:40769317-40769917	chr17	40769317	40769917	test	0	59805322b4b681bd2a87ac44f0ab7215dfff00a240d62d3177a7011e3b3e168c	0.37333333333333335	2583	chr17:40	0.5	0.18935899647477378	0.5043035430026852	0.562579184154962	0.13258509721377357	0.4724761983805749	18	False
chr17:75337361-75337961	chr17	75337361	75337961	test	0	258c23c0bfdcff21fe890c665c9bc320fb451ee60b48f8f5d8d122cceee86281	0.425	6743	chr17:75	0.5	0.4265103469922697	0.374439481739998	0.5301875808355065	0.09617149033152887	0.5903428786648238	21	False
chr17:35513445-35514045	chr17	35513445	35514045	test	0	ea940b9379bf9de43bd641559eb660589927c5800779b5526e058268de5a2f9c	0.3883333333333333	3476	chr17:35	0.5	0.1983551574501095	0.46333794267236816	0.13682327730529953	0.07844359254655159	0.34494334631297585	19	False
chr17:20841318-20841918	chr17	20841318	20841918	test	0	cff0a234684d5404e8287316031acdaaeeed95b7b374f9c215f6266acba84e0d	0.6883333333333334	350	chr17:20	0.5	0.9780790455235262	0.754179749199309	0.7714077408184686	0.869009651080481	0.570975007412133	34	True
chr17:75822594-75823194	chr17	75822594	75823194	test	0	335067c721333dcfabd670c0d89e1c88a2262a546532d3783de5abfc42f3f3f3	0.6116666666666667	2840	chr17:75	0.5	0.7151803097446273	0.4911977299556997	0.9480124995838825	0.9054402597521329	0.5028052284686599	30	True
chr17:72914091-72914691	chr17	72914091	72914691	test	0	301df4680934fbf4e898b39536c04cdf3db5307466e646295d1648028e5d0c70	0.455	75353	chr17:72	0.5	0.43220815001167084	0.1361390260782223	0.2775018770787528	0.002786604001445558	0.4312814368492544	22	False
chr17:59973370-59973970	chr17	59973370	59973970	test	0	d77bfce0d34ee6b5a963283a4a124d5233f2d26bfa6989d066123ff257f4ec27	0.47	5929	chr17:59	0.5	0.3796695376784162	0.3912418313667052	0.29375016167857737	0.4927795195000375	0.38771646153089795	23	False
chr17:6897948-6898548	chr17	6897948	6898548	test	0	b52347f2a9c82cf726460cf043273379f691fb5ea3972de30dde456ac2f39173	0.48333333333333334	16404	chr17:6	0.5	0.3261473876203665	0.26801161665874257	0.24427818644784938	0.027858039129741944	0.5153637142601208	24	False
chr17:36441012-36441612	chr17	36441012	36441612	test	0	c3354448eb837cce96b50b3575b0f53e4d471a79362c189b8cddece7418d343c	0.5666666666666667	1696	chr17:36	0.5	0.5939661701029766	0.5621046598356675	0.47451368838657737	0.5084735308319314	0.5544079965700962	28	True
chr17:68358814-68359414	chr17	68358814	68359414	test	0	7e8e2aa59fcbfae9d9ce0d9bc4951d90dedc966b62cb602ca90fe075160d80b8	0.505	54508	chr17:68	0.5	0.6648174730603709	0.15860028658858452	0.48269781754220076	0.1812857590083336	0.5880093948038204	25	False
chr17:36864703-36865303	chr17	36864703	36865303	test	0	b0300c250e1159570b0ebeb94303e79686ecce128e1279147842b978146b9f59	0.5266666666666666	55720	chr17:36	0.5	0.47250666114933276	0.15698436158256726	0.7279343473163002	0.8517317384303094	0.4357464584986569	26	True
chr17:28416753-28417353	chr17	28416753	28417353	test	0	ce1eb67f355f30029c369bad42443094315b914d4e502149a7e6fb219421c2d8	0.505	10842	chr17:28	0.5	0.5103958761096468	0.3152289950313421	0.317656455670607	0.44000151825094747	0.42688794056721474	25	True
chr17:54274569-54275169	chr17	54274569	54275169	test	0	4049ed7271e24d2117d01d9df90e6d9a3f5560ef18f3ac71b1d866825eb9de2d	0.32166666666666666	14919	chr17:54	0.5	0.08102710401192922	0.2784284394362492	0.5333507353937087	0.0037815608673485374	0.4486262926408745	16	False
chr17:56235741-56236341	chr17	56235741	56236341	test	0	94cc1c0abde3ae837d35f0ebd236004b152749a1777829c3394c901340b50726	0.4216666666666667	82532	chr17:56	0.5	0.22300434706771716	0.13032906322394808	0.19878425481065207	0.04382004852259273	0.5372224131603215	21	False
chr17:43930027-43930627	chr17	43930027	43930627	test	0	94b44dce5be0612b8cb19b09dcfb9c9cbb4b4f6e39f465931cfd449c08430043	0.49333333333333335	1869	chr17:43	0.5	0.45845726973581313	0.5488516057566103	0.1533580536780972	0.09135645005738219	0.5985181096342262	24	False
chr17:38281007-38281607	chr17	38281007	38281607	test	0	2f08dd289679b73de252ac2f82a8543fcb60eee2a80b98b8c07693d93a4e021b	0.4816666666666667	15715	chr17:38	0.5	0.4752647980218308	0.2726914459974267	0.45294572082384105	0.02111425261693251	0.5690993770453557	24	True
chr17:67348175-67348775	chr17	67348175	67348775	test	0	d2d27721e263992572b1ae9f3f9d7d2cb0780547dcf766bfea7b981846b0bbc4	0.37166666666666665	18101	chr17:67	0.5	0.11689755252061976	0.25746952649678684	0.6523091221346744	0.08801504812310128	0.5116883116070481	18	False
chr17:54289705-54290305	chr17	54289705	54290305	test	0	44cb13a4793c821d792edc26ab7a894b9991cb6c72a401f1c3ff1765a16baed0	0.4533333333333333	30055	chr17:54	0.5	0.2823767002359297	0.20758910679832251	0.3916551408005484	0.21149149720525254	0.44925956599268685	22	False
chr17:31789835-31790435	chr17	31789835	31790435	test	0	acc0c62fabd77eea82889098391cd50987174a12bb9b8cc564e1a5de855b5bfe	0.525	27696	chr17:31	0.5	0.5142694450289299	0.2151218291433058	0.3529557308139833	0.7749834530834795	0.4514005010681651	26	True
chr17:71831698-71832298	chr17	71831698	71832298	test	0	9d8808e5344383507410c81627dafd1f8480616d3e9d76313ef9e2a1f0ac85c8	0.44666666666666666	75915	chr17:71	0.5	0.20315311819117393	0.13565656567700923	0.3128835183893773	0.06408627330948784	0.6216381716772095	22	True
chr17:17708959-17709559	chr17	17708959	17709559	test	0	0d4106ce4df18629fce81f6aefedbc26d173f9c7f14db63325337329f89b88e1	0.59	14269	chr17:17	0.5	0.7085944017557761	0.2834034901879012	0.41686656240207426	0.8549937085719383	0.5806695633250594	29	True
chr17:41639790-41640390	chr17	41639790	41640390	test	0	b9a476f938d69a095c679ec38ad6c8d04bbc3d6bdac637db1de8b4e76077072f	0.5466666666666666	108	chr17:41	0.5	0.408478625336214	0.8541646885600274	0.3127358819187828	0.7398163778507499	0.5138232152416079	27	True
chr17:75005156-75005756	chr17	75005156	75005756	test	0	ef04024929047574f92fb39c30eec3e6d9060f72cb086de9a6ff5bab8d1e98f3	0.5466666666666666	6543	chr17:75	0.5	0.5902217365675348	0.37834655696067443	0.4642398146816641	0.5654707248466404	0.5342110539013756	27	True
chr17:8087845-8088445	chr17	8087845	8088445	test	0	95e5489ce9da177c8fb37827070f8e980f994c529536e3b436688655759f3577	0.5583333333333333	90	chr17:8	0.5	0.5511841551225211	0.8661621593860331	0.737230917150918	0.49010757027412705	0.513524215086041	27	True
chr17:19619901-19620501	chr17	19619901	19620501	test	0	b2baff91c981faa49a1bf495c94592ea85b97c1c41e5edce857ae41eb4617d67	0.33166666666666667	9249	chr17:19	0.5	0.06318619862017032	0.3344944005671819	0.1947863613048695	0.0029692202523547086	0.546161937552217	16	False
chr17:48182961-48183561	chr17	48182961	48183561	test	0	335de4baa02bcde269d823ea475c3207c313e7370fe0173b51c69755c61cac6d	0.38666666666666666	2676	chr17:48	0.5	0.12297340823276806	0.49941601264357466	0.35188745679952327	0.3589522412254135	0.3963788975161773	19	False
chr17:70695076-70695676	chr17	70695076	70695676	test	0	e41c5129d5e8f80638905142c76934b13bf5b3dc018ad91d8cd2e163f29163ec	0.36666666666666664	7791	chr17:70	0.5	0.08725329184821434	0.35592725860192836	0.1899917354009225	0.026873913366706217	0.38598926964344993	18	False
chr17:11815146-11815746	chr17	11815146	11815746	test	0	9e3b4d4b574250ddfa0a4c8f4cf0112e1bfde42e03b231421b4a35607ff8579e	0.455	66748	chr17:11	0.5	0.28575415560212264	0.1442181530186457	0.34500541697099135	0.039933409205690155	0.5186476546463877	22	False
chr17:870074-870674	chr17	870074	870674	test	0	bf1d012d95d50f60ecf490c79c4841c028e587d2861ec9b94e375009cf264038	0.52	6264	chr17:0	0.5	0.5476192736305734	0.38402917490026783	0.5349078012119785	0.33866036652553355	0.5551791677446719	26	True
chr17:53140970-53141570	chr17	53140970	53141570	test	0	bad346a98f04768acdc5bcc43578b36b84918dbe3c43a3d382a0035ea1942542	0.34	79252	chr17:53	0.5	0.07436675622395003	0.1328916834264301	0.4706592821730701	0.13979814854857797	0.5987130910921455	17	False
chr17:61673869-61674469	chr17	61673869	61674469	test	0	67ed900a96543b1b24e90296f3708427ac6e372bddefd27202af99ae41adc7a6	0.425	82951	chr17:61	0.5	0.228812493696509	0.13001203202241074	0.3736769867611761	0.14001658551416662	0.4744463018316532	21	False
chr17:46364522-46365122	chr17	46364522	46365122	test	0	93b8a023f93b6d4adaf57a591b147c652b266be8f77e935664604e849e957838	0.37	3030	chr17:46	0.5	0.09774494411583746	0.4822556108567587	0.28718935785160243	0.03386925165843021	0.5997516967081533	18	False
chr17:43983333-43983933	chr17	43983333	43983933	test	0	d27e43bf612f76183ccb23715fbafab1264d5cd2c8fb0742df62eae2ca451f12	0.655	20835	chr17:43	0.5	0.9746619742108824	0.24288310483498993	0.7877608202132574	0.9803499281465788	0.48689757773333137	32	True
chr17:64394874-64395474	chr17	64394874	64395474	test	0	6101d7c89ac930b9f22a21e9a284dc5b4ac36d769e0be4809bb7701508663218	0.35833333333333334	1969	chr17:64	0.5	0.09561762642680507	0.5417095727029474	0.09814018720938827	0.08859783180502574	0.5610253337677817	17	False
chr17:52124019-52124619	chr17	52124019	52124619	test	0	456f532cdbb628dc4c45f4c8b2c04478eabffe8b0f72841a2d6f9be74aa594f8	0.385	34394	chr17:52	0.5	0.09475987295831821	0.19559114296351618	0.2986044521721878	0.0035254115739667565	0.42673836146407756	19	False
chr17:73718281-73718881	chr17	73718281	73718881	test	0	7c8745fc342c289c515fc8ee10c453f9aa9a3743cac7fe7657c9192cb315bbd2	0.49333333333333335	3759	chr17:73	0.5	0.288702255379722	0.45259826626653377	0.16405440381371716	0.02385153909272564	0.41183593742897695	24	False
chr17:62974287-62974887	chr17	62974287	62974887	test	0	014ca0bf4459e304e38b20a9b509d37eb4034a0ad7b6a831ce1f7f46c90dac90	0.295	5960	chr17:62	0.5	0.05325306409146161	0.3905554002405966	0.09885884212365119	0.02694252151215905	0.5012994085142499	14	False
chr17:36731248-36731848	chr17	36731248	36731848	test	0	fc45f9ef94bc141def408d8a4a87b19badbfc43022d38915f5c849807648e25c	0.5516666666666666	9107	chr17:36	0.5	0.443111533603519	0.3364012828106683	0.4826932212007831	0.5461743210191602	0.5324642636593534	27	True
chr17:17462876-17463476	chr17	17462876	17463476	test	0	de14fd52553d4c4f7844a56b49d447e55d5a0e032ec2e288ffae17497d6b2add	0.5066666666666667	2733	chr17:17	0.5	0.46864415757827277	0.49650365991464096	0.8397349924081091	0.10394325997608865	0.6556106881445648	25	False
chr17:20335084-20335684	chr17	20335084	20335684	test	0	2689f1e621867d002c3a66801b85eb88bb478f7d202b4f26a86813ad35bcdf9a	0.31666666666666665	5358	chr17:20	0.5	0.08421546116984517	0.4046533737807106	0.3120185457527079	0.014873299230332327	0.4706726744017643	15	False
chr17:71193163-71193763	chr17	71193163	71193763	test	0	06c078d302ec52c5b6a01e3d9d9713572669c7457ad99c7210788c02fe562d53	0.355	8713	chr17:71	0.5	0.10081357701932929	0.34188142495488905	0.09924214741676146	0.0014292237432732802	0.47946595790048696	17	True
chr17:62870285-62870885	chr17	62870285	62870885	test	0	300ab2ca8ece5670c4dced7f587fb2592f2a457455ec5f6021e72c383c309625	0.47	28	chr17:62	0.5	0.40153855150075546	0.9241244508646922	0.4582267386622783	0.5740197000801222	0.6924016905654564	23	False
chr17:44169732-44170332	chr17	44169732	44170332	test	0	dc297f8201be834843d028a9b34f54125b74fc78bf8c4ac99ecbdb7f16174f0a	0.47333333333333333	663	chr17:44	0.5	0.28552896142567497	0.6832050756778338	0.45766249751068444	0.027108198885120987	0.4606330771891628	23	False
chr17:66401164-66401764	chr17	66401164	66401764	test	0	6933df415d031f34c4a13824a350d53e1268ed4e3e1554b9b2a5effee290ecfb	0.4766666666666667	15389	chr17:66	0.5	0.3317680853886323	0.2749961724177585	0.39981729973496394	0.022923995091775215	0.5197987564780597	23	False
chr17:53572294-53572894	chr17	53572294	53572894	test	0	345f3bb8ca3ed44b8797bd61b5d9974654b33cde530fb36ac5d47d6282329f2f	0.4116666666666667	250214	chr17:53	0.5	0.20621588476238176	0.0750685562996598	0.3120185457527079	0.006863009108835116	0.5284797320058368	20	False
chr17:16075463-16076063	chr17	16075463	16076063	test	0	1a20b9cab95cf5cc48b0573e26ea52fd246bdc396a8a5f21122af4f626a51439	0.39666666666666667	22940	chr17:16	0.5	0.14516565050128272	0.23323154909609886	0.25534668165316887	0.028431256452224538	0.5220185153041302	19	False
chr17:31703251-31703851	chr17	31703251	31703851	test	0	da5b3cf5c9b37f865fe6f77cf827a0bbe4a5e8ac00c0cf7bfff9cd7775773090	0.365	6394	chr17:31	0.5	0.09343828113028826	0.38134647509943226	0.282754883560555	0.022279553124065266	0.6132310335004161	18	False
chr17:44484113-44484713	chr17	44484113	44484713	test	0	dc5107d99720d8e4422a14c5a6ac85191230cfcc8b193d81ead3c59bab05d816	0.40166666666666667	2401	chr17:44	0.5	0.1636499649197007	0.5143957117343098	0.1343505605172036	0.015771673850501766	0.687790884854142	20	False
chr17:63015975-63016575	chr17	63015975	63016575	test	0	23201beae35abf136c2312e7e2a6db8d232ea60e5008c9280cdbf36d07fa4447	0.355	6716	chr17:63	0.5	0.10081357701932929	0.3749591878453411	0.33979254691293564	0.18125228614097197	0.5395989930321003	17	False
chr17:1892166-1892766	chr17	1892166	1892766	test	0	ccdbff4e40291cdc77763e7fa1c5d3ddda4d351c0a0d7071576794f08720c45a	0.4066666666666667	12560	chr17:1	0.5	0.24563446694558927	0.2979438682784446	0.06805650717213427	0.018506150624224487	0.513788557062949	20	False
chr17:53384659-53385259	chr17	53384659	53385259	test	0	7744e42d49b73a4f7fab0d1ab8128c4d25367234b7d578809ab3bc5a2e828cd2	0.28833333333333333	322941	chr17:53	0.5	0.05000156138299195	0.06584131581672145	0.25718330011855284	0.006597973537416568	0.7007962725978276	14	False
chr17:3813881-3814481	chr17	3813881	3814481	test	0	0e58bc396d4044061c91d8e19f1f34ea849f2d657e27cc10551c6b34534acfcb	0.43666666666666665	12957	chr17:3	0.5	0.4780244447620993	0.2943575455396317	0.4676196534579516	0.3776300851360663	0.7129708845475724	21	False
chr17:40201522-40202122	chr17	40201522	40202122	test	0	203adb181b974e7eb807e2b2be288c935c0627e05f9d8ad584f82590d0fb48fb	0.47833333333333333	8226	chr17:40	0.5	0.3354601447606544	0.3490716192694615	0.3005141674903068	0.007306328196416397	0.4311459230861466	23	False
chr17:28217356-28217956	chr17	28217356	28217956	test	0	1936c7bd023a002bb5cc8403872d7c6f6f95714ddadd78c69865af8b1d2718f9	0.49166666666666664	1628	chr17:28	0.5	0.32420416928317664	0.5676624966421849	0.32303634146187465	0.012152247758591458	0.6210794552098825	24	False
chr17:53301546-53302146	chr17	53301546	53302146	test	0	e8d4189c83bca8af6f15096f984aa83565e6b23983353b3572453cb4b3fac11c	0.33166666666666667	239828	chr17:53	0.5	0.0816062011341294	0.07671244522093994	0.14627775763032647	0.007469601252074783	0.5376712401290206	16	False
chr17:78212169-78212769	chr17	78212169	78212769	test	0	ddf579312afa62df61287bc3113b55b83d1a7af4806b5e1fd59b355c3a852ebf	0.49833333333333335	1716	chr17:78	0.5	0.44803205150634356	0.5605094006895114	0.5534111187156249	0.39542048162057136	0.4087769514300835	24	True
chr17:32939526-32940126	chr17	32939526	32940126	test	0	ae1549af65096ff12f150745742f93dc0ceae5b00daf528b76b8acc319f507f9	0.51	11617	chr17:32	0.5	0.5456981790574122	0.3070479102504421	0.41153778256096857	0.5525677113594976	0.5327397743427623	25	True
chr17:71781254-71781854	chr17	71781254	71781854	test	0	0c33892fbe643b8dd0e53ed44b424e0d0044c69611c7f1bb1d77305aeebe379b	0.43166666666666664	38087	chr17:71	0.5	0.3342252238092824	0.18687068373268984	0.26096218282977635	0.01631931147839871	0.5104444436177118	21	False
chr17:15754783-15755383	chr17	15754783	15755383	test	0	0d77f97c7c5d8261d3f11af13a17e91fd084af5108b1fa175bba4942790d99af	0.39	5352	chr17:15	0.5	0.14835404512414183	0.40480260458055856	0.08773819018002502	0.019237675277560814	0.6154713221801912	19	False
chr17:61270313-61270913	chr17	61270313	61270913	test	0	f4598041ac9252c05565096b15f04fe4d5d59884e6d8398def122376d3d345e6	0.44166666666666665	84541	chr17:61	0.5	0.29626041324380703	0.12882921063551556	0.30201589221822117	0.10204316615595908	0.5718004503142488	22	False
chr17:13090726-13091326	chr17	13090726	13091326	test	0	67b410e687c312e4d92de73cab5699b0c9f56be44e3d8f8b69cfc8c127265e01	0.39666666666666667	4579	chr17:13	0.5	0.14516565050128272	0.42573843272875284	0.14203973621366278	0.018386809098203304	0.6018630391745436	19	False
chr17:4575900-4576500	chr17	4575900	4576500	test	0	5a809d81958843f4c5d2acf86d51cdab67c79f95beb444f210d5c8ca813a5017	0.5833333333333334	7798	chr17:4	0.5	0.7138241385411628	0.35581344655637875	0.6553162997219317	0.3502749721300822	0.5490722104294733	29	True
chr17:77962668-77963268	chr17	77962668	77963268	test	0	53a4beed9f55860aba7e48ceda1f22d1c627eae9f900a8a4b497c86d85e745e6	0.32166666666666666	4266	chr17:77	0.5	0.06272888619261213	0.43533442376625364	0.16130080295864055	0.009341048952858394	0.5518369500860435	16	False
chr17:81574090-81574690	chr17	81574090	81574690	test	0	81aa0db2d90dc88e41a432af52b9c5b35e4a0f832abd765216c206306b04a91f	0.45666666666666667	901	chr17:81	0.5	0.3084031313879323	0.6454642206656729	0.5544345245319633	0.1543654845540394	0.5902717379664265	22	False
chr17:55431256-55431856	chr17	55431256	55431856	test	0	925206c53497958741ffc859838c5a2db01e342c254cf4b0f023e103c6b71b14	0.36833333333333335	9571	chr17:55	0.5	0.09629007512574565	0.3302958313107195	0.11556205653332768	0.04976854787577102	0.4514459437897004	18	False
chr17:50713069-50713669	chr17	50713069	50713669	test	0	d74ea3d864a579d3154b6f16c2ee2655232a2917639880100ad6da9f46c85a9c	0.45166666666666666	5456	chr17:50	0.5	0.19642767521263074	0.4022417751240191	0.6296846264631629	0.07974781557637715	0.5341516043847843	22	False
chr17:6435010-6435610	chr17	6435010	6435610	test	0	8a082a747eff7f298197c91f7e6cafe0e2efa33d33eb418295ccf908258c2464	0.59	112	chr17:6	0.5	0.9061030642582063	0.8516648103887838	0.6584908657022576	0.18334714678352212	0.4851833951819951	29	True
chr17:79665723-79666323	chr17	79665723	79666323	test	0	b55240abc1cc93955f6b7bc9b72a66574b314655859572a3391194059f211978	0.47333333333333333	384	chr17:79	0.5	0.38752297556140086	0.7445794145243275	0.30482649021584063	0.04494395743805848	0.38548708588756553	23	False
chr17:70607554-70608154	chr17	70607554	70608154	test	0	58ef09792d0114ef32ee6e63dd8acacea4e82481270db56567a24f8bf91c4e47	0.26666666666666666	30649	chr17:70	0.5	0.03408931219723459	0.20581472742131351	0.22825738091982914	0.005802259602499387	0.4582938860494737	13	False
chr17:3456627-3457227	chr17	3456627	3457227	test	0	6f5206fcc549bc09960dead723d416d8e0afd02bb70144fa03e197032e7cd2ce	0.4033333333333333	14818	chr17:3	0.5	0.1536048966170328	0.2791836181932446	0.37675921084591657	0.0327504676546686	0.5000118198234748	20	False
chr17:74066378-74066978	chr17	74066378	74066978	test	0	36a7375e992591cc1415b3ea543579dee5bbebdd9111a72256dbbe90e1e06aa2	0.49833333333333335	7119	chr17:74	0.5	0.38123659057312137	0.36743960177894247	0.43698323035739195	0.22237601223305944	0.6650851736664414	24	True
chr17:59209141-59209741	chr17	59209141	59209741	test	0	b54e8220a045d78885503b0209af0321e2aff975943dab4e0e25496adea7e7ac	0.41333333333333333	42	chr17:59	0.5	0.48880563532398497	0.9073711836178706	0.5224446495505243	0.1834195362148506	0.39923832527631614	20	False
chr17:65896611-65897211	chr17	65896611	65897211	test	0	3445383be4b2fcab828a8978eb1d827af9a8c647cd6cf12be8bbe955add6c4e7	0.36833333333333335	70369	chr17:65	0.5	0.0885850060373192	0.14065041226550984	0.30257476962059554	0.25284280943971016	0.43166624445120433	18	False
chr17:73107992-73108592	chr17	73107992	73108592	test	0	601f5f21d34b15f1fd2e279fb630dcbe2e75769d523b3afb5cb1196acc2ea0f5	0.495	15570	chr17:73	0.5	0.5767669295949653	0.27370910370922474	0.2641632839303408	0.24932032251569392	0.5026037800486365	24	False
chr17:15857027-15857627	chr17	15857027	15857627	test	0	7a717d8647e00286771a56ee2dd4f3a043d6b7dd2bc160ef073923f349929a92	0.5616666666666666	9332	chr17:15	0.5	0.4450252537223953	0.33339577679531207	0.3815977103881496	0.21208160046780664	0.5091041785291518	28	True
chr17:70344849-70345449	chr17	70344849	70345449	test	0	a89630dfed1dd2a6ec9f655e9ad4a4ff2e6b866983ec32e84b33665c36a08328	0.39166666666666666	23766	chr17:70	0.5	0.11850757785038499	0.229752097617861	0.35205958275847615	0.028877872974737623	0.5863920150150023	19	True
chr17:31769754-31770354	chr17	31769754	31770354	test	0	f6f2cc1e03fd5fb83c31d08b82d7ca57655e61bdf093c9a7301cb96cac5b93bb	0.46	7615	chr17:31	0.5	0.2592139167240112	0.3588283795421193	0.15369526826557367	0.06937242945397196	0.5583191831392216	23	False
chr17:14051096-14051696	chr17	14051096	14051696	test	0	ba8982077265919b67a778d0f7d7845f82c607f785447b0dd933c635ad817e72	0.4216666666666667	18012	chr17:14	0.5	0.25645836934352023	0.257990876393995	0.34044672920670316	0.04307065901185858	0.6391055061531032	21	False
chr17:73371727-73372327	chr17	73371727	73372327	test	0	a8d0dfcbdf0375d5834b4fce591e2f04f7710f2938e3625396a477949908d8dc	0.54	60027	chr17:73	0.5	0.6397156268168905	0.1516128204084146	0.4317023137283223	0.16261148600188807	0.4390849301983896	27	True
chr17:42375184-42375784	chr17	42375184	42375784	test	0	5bb2146de1f71d3df5ccc828f7e9cebdb5a16ba9ae05cba177954af3b4a50732	0.4266666666666667	12946	chr17:42	0.5	0.26607352137894613	0.29445509165028255	0.23582911263284947	0.014599423835675748	0.5870024555234459	21	False
chr17:56109534-56110134	chr17	56109534	56110134	test	0	c322a0f2b87353b50e54d93e5646afa21a5b340b7f5d961061936602fe42c013	0.415	43640	chr17:56	0.5	0.1567986503245014	0.17570447089333885	0.21997072717677932	0.46578094258133973	0.4587832204725287	20	False
chr17:36873435-36874035	chr17	36873435	36874035	test	0	a7a897d91ce9482b785340fc2ef565fb7b66851b8eb24049a21a34372e542c70	0.44666666666666666	46988	chr17:36	0.5	0.23452802962461183	0.16986332710969282	0.6480882064776723	0.08101224588835701	0.4690620997403965	22	False
chr17:61017406-61018006	chr17	61017406	61018006	test	0	acd687ffcb9237b347f0c238367facf4e9390980b9583ede0f953879ac61edad	0.31666666666666665	117816	chr17:61	0.5	0.06524834440793939	0.10959753548946205	0.10797154718481351	0.19382497443625876	0.6652387763334912	15	False
chr17:35525505-35526105	chr17	35525505	35526105	test	0	a59f61633f90416638fef52470324b9eaf4dff081560c5d77f398abfcf03bc74	0.395	11872	chr17:35	0.5	0.13221298718222674	0.3044995893992136	0.1194910505123283	0.04858363579130463	0.594398459179412	19	False
chr17:78440872-78441472	chr17	78440872	78441472	test	0	624e2adbd44bf8ce2547b47fe053ff8f499ecdd6f5158d878ff9e70030c7df5d	0.5766666666666667	41238	chr17:78	0.5	0.8540250999015838	0.18028424202537086	0.36118897679196893	0.755407138567106	0.39962027472278855	28	True
chr17:49225632-49226232	chr17	49225632	49226232	test	0	ab109736352fdcf0a19112eb1439295ac09cf0ccf7243ab00b834267288f2ff6	0.5816666666666667	828	chr17:49	0.5	0.5856636227123767	0.6560689224087741	0.7155208432834957	0.41980031860775735	0.5598977014850351	29	True
chr17:5758342-5758942	chr17	5758342	5758942	test	0	cadb1ebc386c7ac51924c17d0a3c1c2bbe905bc6c0c32b13efa3db997f99b0ca	0.53	13591	chr17:5	0.5	0.5037556692428579	0.2889013664144999	0.5528345687443105	0.20515791437777026	0.5765867407780657	26	True
chr17:64644937-64645537	chr17	64644937	64645537	test	0	6b3c85d1e618eb9d769580a510cb366ee21170525c7dee619a3f523d37d6b5f9	0.405	17069	chr17:64	0.5	0.15577647518849125	0.2637232724228654	0.2037319568601699	0.02258972614416646	0.4403761154988778	20	False
chr17:48260733-48261333	chr17	48260733	48261333	test	0	d74f15d6e492e09aa275e9d21c6456602f79b6c8bad43993f02cb8cbb7569b6b	0.39	33341	chr17:48	0.5	0.16034319721994542	0.1983102767008834	0.46546624700426253	0.3884744156131666	0.44891468493848463	19	False
chr17:57707733-57708333	chr17	57707733	57708333	test	0	65777dc63e203a5a2f0c2808a0a138f9202478807d9cd4599d3ebb9dcbd57280	0.5733333333333334	22442	chr17:57	0.5	0.6526256314632158	0.23540874460758837	0.445134981489798	0.8715151943617367	0.40035627543178426	28	True
chr17:34109352-34109952	chr17	34109352	34109952	test	0	eae1ea44187aa39c97bbf5fc2c8aca944313f1a2b60cb311509d31c9e8ecc5d8	0.35833333333333334	9229	chr17:34	0.5	0.13246643548159898	0.3347608739176463	0.8247865854417328	0.14353320600478583	0.5947855420473597	17	False
chr17:14470828-14471428	chr17	14470828	14471428	test	0	a472b42726110092c97ce82d6ec18c8ddd9cb14a6164dd3dc9c27c71bbdfe047	0.47333333333333333	54917	chr17:14	0.5	0.34490271170487824	0.15804948754717763	0.11327745558930503	0.5040390918640714	0.5889308576482856	23	True
chr17:20882801-20883401	chr17	20882801	20883401	test	0	33fc0060807bc253068b4f9494bb54aa6f40ee16ff2c46a97992aac051f833ab	0.36666666666666664	11536	chr17:20	0.5	0.08020716126715695	0.307871619887305	0.07677772059698118	0.01097876820644923	0.4270026837749849	18	False
chr17:71089438-71090038	chr17	71089438	71090038	test	0	9589f848aceae0d95051097c4957fe4fe5b55534a15ba359f4ee389ef846456a	0.335	8480	chr17:71	0.5	0.071009074559393	0.34526114838825034	0.13623111755862005	0.09829776233484096	0.5133451187404431	16	False
chr17:57718050-57718650	chr17	57718050	57718650	test	0	1e79be4e8cdea600c39ff30452b955c45003684e588da1c327a41b9cc938f0e4	0.4116666666666667	26948	chr17:57	0.5	0.25498297328957953	0.2176888224035995	0.3256311786999734	0.0027023151784958508	0.6167570973669887	20	True
chr17:54156330-54156930	chr17	54156330	54156930	test	0	997fc229aa14f06cf500cbc2c7957b3aca5de57e5103d45202fe1c4b3dd3ff29	0.26666666666666666	26714	chr17:54	0.5	0.03408931219723459	0.21851114277333283	0.04768210552273458	0.0032246235998249404	0.48275251724944584	13	False
chr17:1075307-1075907	chr17	1075307	1075907	test	0	52119374655aa55007af452e774ad2f80f2adc200ab4cf11616e4e347c20179e	0.49666666666666665	3538	chr17:1	0.5	0.6030082014329476	0.46090880471942247	0.616646267786871	0.14502464757982567	0.6020842005940197	24	False
chr17:8108601-8109201	chr17	8108601	8109201	test	0	cf91292d5046fe223a8e133b8ac2357e9afbac9afbb60f0e6bbe7fcc23df9841	0.6166666666666667	9587	chr17:8	0.5	0.7602928425947719	0.330091590924355	0.702340341218894	0.35912126111935816	0.32328984168561686	30	True
chr17:41285497-41286097	chr17	41285497	41286097	test	0	ccf90d454350ba08fb42ee5ee9a239e7b15de94faf2671bf278f2e8db9883ce3	0.355	10100	chr17:41	0.5	0.10081357701932929	0.3237501259971181	0.31288599873254147	0.24681760408135187	0.4680512496064753	17	False
chr17:64797172-64797772	chr17	64797172	64797772	test	0	dab1155f1c1199a4b219a916fbd161886988310374ba95cc0591ce819374f611	0.515	10900	chr17:64	0.5	0.489363817209482	0.3145926052664913	0.3271487891229136	0.7113744612057221	0.39825761040210816	25	False
chr17:28606603-28607203	chr17	28606603	28607203	test	0	abfab21267b373b13e2fc7baf39be7e43f22ec80a0d93adf2aeb0726133b60a8	0.4666666666666667	1059	chr17:28	0.5	0.33005175297517375	0.6247859602084119	0.5217298144097642	0.018959215233324153	0.5791996661272971	23	True
chr17:73474128-73474728	chr17	73474128	73474728	test	0	885710e1925137f5963bea1adaf4bf653ce714c8219a1d88c56879418a56e8b5	0.5183333333333333	39183	chr17:73	0.5	0.5206273363779266	0.18449887014935	0.36002830435049765	0.793783820180199	0.5169124712266122	25	False
chr17:54689033-54689633	chr17	54689033	54689633	test	0	98ba11fc3d41b81d2251f0c1455129d541f2efe10fd1d4444cf7b606868a15fe	0.3416666666666667	1455	chr17:54	0.5	0.08939238498425259	0.5828294966676346	0.0836507199060877	0.03870915759543148	0.5335204451759119	17	False
chr17:55226239-55226839	chr17	55226239	55226839	test	0	504cbcc3e028f687efd118e2dfda60c2fc3b5df49699abb157ddbf7cd85e084b	0.4116666666666667	38420	chr17:55	0.5	0.15245711588479696	0.18614042057908825	0.19777314005330235	0.08555974447133742	0.4574047342791382	20	False
chr17:41245096-41245696	chr17	41245096	41245696	test	0	0600d2c9ef6b6e511f02622c865c5631880aa19bcce7d8e9ac0d160d55ccf84e	0.37666666666666665	4290	chr17:41	0.5	0.10376200353891336	0.4345722288945184	0.5530408658358297	0.01450103911732163	0.46143056302168545	18	False
chr17:63191141-63191741	chr17	63191141	63191741	test	0	bdcd55dd3fdff5966a0ad7c2e1aee45d76c83875cf55777a0df246a1f603cb0f	0.42833333333333334	6343	chr17:63	0.5	0.2693291620784108	0.3823915102861961	0.17862299948192645	0.02759320456237541	0.4223448178328489	21	True
chr17:39447967-39448567	chr17	39447967	39448567	test	0	55a67d0c341c06a14117540b86fc7c379a6cb379b76f7f7001705007f6db004f	0.42	2995	chr17:39	0.5	0.17645845665531873	0.4838592677733706	0.4103407064928424	0.02839781559496153	0.5460601980567561	21	False
chr17:7004597-7005197	chr17	7004597	7005197	test	0	10a42289042ebc8f02cb1f61c8dccfab6e8bdcbd22a399f3f33847688ae8ef61	0.455	7433	chr17:7	0.5	0.18733041575014533	0.3619110734946622	0.2244407069762283	0.039166124251707714	0.46947748200196865	22	True
chr17:10665672-10666272	chr17	10665672	10666272	test	0	bb43de494085de3d299c7ce2d83f53adb0c664d7eb3c67c1078cc4d5ba500e66	0.35833333333333334	6891	chr17:10	0.5	0.09561762642680507	0.3716322223804088	0.20839989025808175	0.006285875504099916	0.5039280237545882	17	False
chr17:58409553-58410153	chr17	58409553	58410153	test	0	bcb7620feb7bff5beb2e96be002e38123149aaa3d3ee5528224f707cdfb866ce	0.4716666666666667	7133	chr17:58	0.5	0.36210574593215983	0.3671871863776227	0.5487959098930818	0.04082915325863395	0.6232853252542683	23	False
chr17:80663517-80664117	chr17	80663517	80664117	test	0	64b07af2fa245858a87b8936822219914372f613de35a9d92ba31a554a18a0c2	0.5216666666666666	55634	chr17:80	0.5	0.5059693344649804	0.1570974200760684	0.9059352863100497	0.8075583587889662	0.5089603476523187	26	True
chr17:55270093-55270693	chr17	55270093	55270693	test	0	a208ffabe65383ebe5048811b282fc67e83704a9a81edbf6f38f128014a00275	0.37333333333333335	2803	chr17:55	0.5	0.1186229144503515	0.4930093796852315	0.12365288461603813	0.028545532405706453	0.4026702164101196	18	False
chr17:2424169-2424769	chr17	2424169	2424769	test	0	e36a5bec6c42dfe16d4dd292fef4314c8a32f54d51026382f039b6b0b6765a5f	0.5416666666666666	58	chr17:2	0.5	0.8672929891173456	0.8915854883148857	0.5706761082029271	0.23026095083248185	0.5700376671936934	27	True
chr17:82599641-82600241	chr17	82599641	82600241	test	0	d254449c8215d560d2a62ca88b3d46b8a03658ebcdc3f73e188862e84992330b	0.6416666666666667	4236	chr17:82	0.5	0.9179048439513777	0.43629365251861796	0.8187555109400388	0.842185810478895	0.3920004554050283	32	True
chr17:71900250-71900850	chr17	71900250	71900850	test	0	87759178a8ae7b3e089d7e45181b342b169b19be8c6f46b7ca6917b8066222e1	0.3383333333333333	7363	chr17:71	0.5	0.11119289227732478	0.36311998138848506	0.1974763578269833	0.1740525066793402	0.42843287694262966	16	False
chr17:70621862-70622462	chr17	70621862	70622462	test	0	1a07013e4de47f34966d0f088d35a7fdccb3e2ac8d54e5819633f525bb6be505	0.37	16341	chr17:70	0.5	0.15826684766012633	0.26842919757821687	0.25544128494589163	0.35153793521610166	0.5213465666436132	18	False
chr17:79673484-79674084	chr17	79673484	79674084	test	0	9d60633804b3f119938ddeecf7c9a5310c9815dde624271bf29781dfba99a9be	0.4083333333333333	8145	chr17:79	0.5	0.13698443246919625	0.3503157463755068	0.24702392632666167	0.11035597318177368	0.6299882469063792	20	False
chr17:81417465-81418065	chr17	81417465	81418065	test	0	d7da49e3123910dfb8916478efe64ef39f78be55594cc253e2b9d09e79b1707d	0.6066666666666667	2193	chr17:81	0.5	0.877993691408883	0.5268941364592152	0.5047730990964615	0.9046176079829852	0.6138562972658361	30	True
chr17:30419041-30419641	chr17	30419041	30419641	test	0	cfa895890144f45579f443d8deb56068b8f7a552cefe357ce42699c4ef94303d	0.43333333333333335	39106	chr17:30	0.5	0.2437937360413118	0.18466256889390267	0.3930611066109511	0.38325273804553006	0.4777188502727541	21	True
chr17:12015973-12016573	chr17	12015973	12016573	test	0	ed5aae58073ea6fff3ab85ca3da3a75e9bc395f7545b35b74afac00440f50251	0.43666666666666665	4544	chr17:12	0.5	0.32492998673650786	0.4267757822631196	0.22120040082331568	0.039863323353650254	0.5623156339146355	21	False
chr17:41134193-41134793	chr17	41134193	41134793	test	0	c220c247c61fd42eebc61a721d0ff232b3aa980189e0b34f9e14ac78d94f0eef	0.37833333333333335	6050	chr17:41	0.5	0.09696674589457709	0.3885849970954175	0.12631744037668594	0.05029010455120686	0.6402865726435293	18	True
chr17:68688476-68689076	chr17	68688476	68689076	test	0	967375f9062ebeac4d92bcbd012ea63807c0a517a793277e7df22225e39dadbb	0.425	9436	chr17:68	0.5	0.17042773713823522	0.3320354093659588	0.4013951991636784	0.034864201808435726	0.45059027734053836	21	False
chr17:46817064-46817664	chr17	46817064	46817664	test	0	2bc6ca6589da8b3205b4cd57cb28f814bfb631cb105cbc8d4cf6e4ca177fcd61	0.6066666666666667	1327	chr17:46	0.5	0.8328548096090531	0.5951458313089004	0.5442705573800198	0.8589702160694513	0.5510412207746127	30	True
chr17:36496757-36497357	chr17	36496757	36497357	test	0	816f919ed5d84693dcc3d981a0773d5020d3fcb310e31709213cc90f2c59e3fb	0.4816666666666667	10377	chr17:36	0.5	0.3854232343052534	0.3204837805834304	0.14817174450784523	0.14028332755676004	0.5703176357053024	24	False
chr17:28158792-28159392	chr17	28158792	28159392	test	0	2f69751abc5cc0e0a5997c91f1ba84e2b496274330ca386eaadeb4eaed7c6890	0.38666666666666666	20780	chr17:28	0.5	0.11340108739048808	0.24315195765743336	0.1881184680740013	0.029055306740647692	0.5444477845819996	19	False
chr17:35589284-35589884	chr17	35589284	35589884	test	0	b63f32aca92073b20aaa28707e241cb4a2290e9b0beac6b49516299c2e3f22a1	0.40166666666666667	1857	chr17:35	0.5	0.1514581595526261	0.5497328661679277	0.12408799090216058	0.2569911896705635	0.57199261794968	20	True
chr17:41039928-41040528	chr17	41039928	41040528	test	0	74e0bfb07386584ce2e5e332c144168eb129a1496065a4588e643c511e1f7a91	0.37	1221	chr17:41	0.5	0.10615394305215667	0.6061780890110106	0.5022280488282287	0.07432864984745619	0.45146714228368384	18	False
chr17:71742559-71743159	chr17	71742559	71743159	test	0	aa05f9214153764f69f19a5a91e3ff2a1a0199bc698fae73b3f2667e1ea15711	0.44333333333333336	608	chr17:71	0.5	0.2808085092905586	0.6934607393657279	0.2734308722035761	0.002981963079500441	0.4488780954139385	22	False
chr17:53548031-53548631	chr17	53548031	53548631	test	0	22953eb5c20c2d36c44a0cd6776398b2e73ef9ae7dc25d4e2c0d945d58bcebc2	0.31833333333333336	274477	chr17:53	0.5	0.07858803880422996	0.07159175165110956	0.22746144151877243	0.04374197395294237	0.44634652277391074	15	False
chr17:44665730-44666330	chr17	44665730	44666330	test	0	87d60139a90545fb77b24eae7c900fe31019c7500404e501529ef66db420b5f2	0.2916666666666667	913	chr17:44	0.5	0.043314950640272104	0.6437901917220081	0.1355075858012591	0.037933243985418315	0.528459376780205	14	False
chr17:53059567-53060167	chr17	53059567	53060167	test	0	27e07b14a96f8e1d1e8c97eb7d767205b169e6484904aa7997621a57f1209d28	0.30666666666666664	2151	chr17:53	0.5	0.04994916390523113	0.5295574658314723	0.17401577292624165	0.0228403254383601	0.6035254633406855	15	False
chr17:40919459-40920059	chr17	40919459	40920059	test	0	f7d8f72b53505fd6df7d4edfb4a3bb33982a3b92007e2181af349741ed234578	0.3616666666666667	1670	chr17:40	0.5	0.10699713620313869	0.5642048740994826	0.5915643491252452	0.02483417809586863	0.6317563161788814	18	False
chr17:45658632-45659232	chr17	45658632	45659232	test	0	769aff8603ded9abb2da154c136b3256e911c4fbe9995e3adfadeebdab043d68	0.39	11955	chr17:45	0.5	0.11678367120401249	0.3036844540757112	0.11202376161604426	0.08234384309993593	0.49162132227193095	19	False
chr17:56316243-56316843	chr17	56316243	56316843	test	0	1c04e9c8b6612a6d4e9b58a0c809b4736981a4e1c50f05145b8c5ca7ae8c4907	0.39666666666666667	154598	chr17:56	0.5	0.1141828114328923	0.09577378744346077	0.8528168492880676	0.24602765579786806	0.412461664994095	19	False
chr17:67926067-67926667	chr17	67926067	67926667	test	0	3a11b54c9b21a417620924f010752f55048fb81f0cb0bc4d2a9d49e8704a77de	0.49333333333333335	25378	chr17:67	0.5	0.6593677536391963	0.2233938626390616	0.3217160958421201	0.07747457594153496	0.6240076017582711	24	True
chr17:45041098-45041698	chr17	45041098	45041698	test	0	48d51177cffdd84e5cf3a14907a854368832ed0ec08608c943717ec9b400df93	0.5683333333333334	5851	chr17:45	0.5	0.7727713026520481	0.39298691019200066	0.5905250778451863	0.2757189137229352	0.5431464231105684	28	True
chr17:3236918-3237518	chr17	3236918	3237518	test	0	551b0289ae5e470491f8779ea6361119751b5788dd515c90370183adf6e3076a	0.45	1516	chr17:3	0.5	0.37602494937654524	0.5773017458520455	0.5870576922478659	0.023750738386993795	0.37021586216247854	22	False
chr17:32175802-32176402	chr17	32175802	32176402	test	0	be7d9131657babebfa3fb4fa72715da27bcbc893e65f6e37da1c72e48d65cd2c	0.33	3971	chr17:32	0.5	0.11207109202990623	0.44509563110728606	0.8503248344852988	0.22254498375820791	0.4701385582018106	16	False
chr17:8765211-8765811	chr17	8765211	8765811	test	0	be462e909f129ce138547aed5a942a0b889e9ab50b1118d16d8eeeec5b339118	0.34833333333333333	6953	chr17:8	0.5	0.08734122436879836	0.37047658998583805	0.4850910661387291	0.17460980391121142	0.6379147265786393	17	False
chr17:40513310-40513910	chr17	40513310	40513910	test	0	7ba3163767ca97d18a6cb1d51f0e6ff1c8b8e052c960c1e23302126c64b24232	0.48833333333333334	3281	chr17:40	0.5	0.2974177232762403	0.47128199363718126	0.15341661498212217	0.07122605785323917	0.44276110669238694	24	False
chr17:40772551-40773151	chr17	40772551	40773151	test	0	4a10e57eb16e29b7fd32062d06fd3a1d78da6eaf5cc8a1e792d585ee2788251d	0.385	651	chr17:40	0.5	0.13132612441763256	0.6853835901870118	0.2849131639591216	0.015547245344419373	0.5065523303881531	19	False
chr17:69581491-69582091	chr17	69581491	69582091	test	0	cb6912d74a58be9743fce11201e9e8f7f18d863fffe893b93aa436b17911b004	0.46166666666666667	108	chr17:69	0.5	0.42597054543385154	0.8541646885600274	0.4074004431992734	0.44830343159836705	0.41489793792596136	23	True
chr17:29012890-29013490	chr17	29012890	29013490	test	0	03b70b13c0bc6c58234b1be178a262f9a4ed0d6fb544d078db42c110ccb6d3f9	0.49833333333333335	386	chr17:29	0.5	0.4031372075421341	0.7440341795016898	0.37770975155624453	0.022103540524530542	0.5941996126766778	24	False
chr17:2457631-2458231	chr17	2457631	2458231	test	0	cef125571d447df010fb57fc3223c91645067a223bf0ed9bac252fa9fb3cdf99	0.43166666666666664	2362	chr17:2	0.5	0.2759153929879236	0.5166563482577152	0.40811924476914124	0.0030104142523488127	0.47499581013071057	21	False
chr17:74014594-74015194	chr17	74014594	74015194	test	0	a2e9d4bf5581a7f1fee68567ea708ad81b42701eba7a77c1ff5fb7309b18d14d	0.43666666666666665	25885	chr17:74	0.5	0.20190111412316433	0.22150214607982827	0.14493303318128511	0.050518876807885936	0.5072075355431519	21	False
chr17:64639292-64639892	chr17	64639292	64639892	test	0	a2d2dfc990e5386b38a8b2bf683707c2c61a03a300ad29b4d38452eb0c0f7486	0.455	22714	chr17:64	0.5	0.3048722433872976	0.23421193776091004	0.550680415879575	0.011331050210315382	0.6122583636430076	22	False
chr17:9224115-9224715	chr17	9224115	9224715	test	0	6d01a38330497c371a86aab391a6d25e9605f5c4225b8be1d7e9b991d5861e49	0.6	20481	chr17:9	0.5	0.7635057395597272	0.24462969060985668	0.19657226613018816	0.8636007357221884	0.5131898150465422	30	True
chr17:48984455-48985055	chr17	48984455	48985055	test	0	3a092045c4676ad6e34d0243c695c381991699294bf620276533604a00784bac	0.52	11674	chr17:48	0.5	0.7346001965657699	0.3064724282921052	0.573639316022626	0.03946783694133824	0.46725335719685335	26	True
chr17:76600786-76601386	chr17	76600786	76601386	test	0	90e279736ad4e9806aff3fea7046247c1e99f16422befb6668e944ede41a3da8	0.47333333333333333	9926	chr17:76	0.5	0.40954569840809096	0.32585715963145767	0.7451257882081218	0.5687303594974559	0.5728554131644948	23	False
chr17:19789616-19790216	chr17	19789616	19790216	test	0	2c749b04c49264642c8dcba40c5f2921ac0334b89f7d95d12009ccefab5bbce0	0.33166666666666667	37079	chr17:19	0.5	0.07497863964773054	0.18913463405231884	0.027663295776906863	0.05322521502286289	0.5425435289574116	16	False
chr17:80689636-80690236	chr17	80689636	80690236	test	0	634c54a284e450891017d005d762f3e204d5ae5f62dcfa03b7fe4c73b0cb32c7	0.3383333333333333	29515	chr17:80	0.5	0.08672527323650912	0.20924292880052028	0.2986488222367022	0.0519155687311448	0.48726871335754446	16	False
chr17:45790353-45790953	chr17	45790353	45790953	test	0	01ea3092ad0c30b3fadae1d07832f0489cd312d12c699b47e406a7b0f7385277	0.5216666666666666	3746	chr17:45	0.5	0.5059693344649804	0.4530727646686631	0.15616228668709037	0.6412480938127489	0.6781158389417647	26	True
chr17:43965215-43965815	chr17	43965215	43965815	test	0	7c24804e4d281649b19dadf8bb686e33033f0545ea082410c5a456b4205e6a16	0.49166666666666664	11571	chr17:43	0.5	0.47719838944908594	0.3075148380461138	0.4687258099801072	0.007763574242204465	0.5151152774091209	24	False
chr17:50126010-50126610	chr17	50126010	50126610	test	0	12ef358c740d1adf5e3f7b8554d0706c5a913e5a727067e714126ea1db9042f0	0.5383333333333333	3849	chr17:50	0.5	0.6358791458751768	0.4493599382340186	0.2860701823376877	0.07627800480777844	0.6026202730360628	26	True
chr17:46828539-46829139	chr17	46828539	46829139	test	0	fb2b507f8a68a01ba8fc78b966a2bc982f02b533aa8381727457dd03193d2bfe	0.48	4244	chr17:46	0.5	0.2803629616412563	0.43603714871580895	0.385914258438609	0.1185401735229237	0.553865394207992	24	False
chr17:41186371-41186971	chr17	41186371	41186971	test	0	e52f062d26031327116c59ee72f3a397cbdb65b932af5f97b27b35207b79fb64	0.3433333333333333	1761	chr17:41	0.5	0.07668571299078032	0.5569825871511375	0.11519022580128002	0.016899977329353017	0.5009382710722061	17	False
chr17:50115664-50116264	chr17	50115664	50116264	test	0	05fd487c93866a8e577b4e437d7e204705f211166519ba2a5d579613861788e3	0.6283333333333333	14045	chr17:50	0.5	0.8714438102803427	0.2851835107694669	0.7991352438199889	0.7951766456845423	0.43208351821557067	31	True
chr17:69074231-69074831	chr17	69074231	69074831	test	0	78136d86393b9ed13925b6ce7ff8b4e1576a4bf44d48fdea1cd11976ddbdb0fa	0.36	13445	chr17:69	0.5	0.10542064497762801	0.290129675040093	0.46638776499069895	0.014070783808232288	0.4995901319763823	18	False
chr17:40233144-40233744	chr17	40233144	40233744	test	0	ab58a8c9bb2dafe2bd4bdbf006b2c8b9e8b92097adc8bc2b6d36b24961693a47	0.36333333333333334	13678	chr17:40	0.5	0.10001365595751974	0.2881771399786885	0.13205026030384578	0.01682443431457698	0.5647328519556336	18	False
chr17:10403912-10404512	chr17	10403912	10404512	test	0	44dc201a902dc59aee4771f15abff970f56021cea26d76fcb2daa65c229b4504	0.3616666666666667	17737	chr17:10	0.5	0.09852870627669068	0.25962264305456245	0.05495340194803815	0.05180185096214315	0.3952523728051931	18	False
chr17:52781063-52781663	chr17	52781063	52781663	test	0	48fd24b7892a81f5ba62796a3f951a31dae26e6cce3616203715105539990287	0.27	31151	chr17:52	0.5	0.03845768187882285	0.20435032988475668	0.14686771698441872	0.0015336256410717582	0.4533403897340189	13	False
chr17:34993400-34994000	chr17	34993400	34994000	test	0	46d51843b7baf94d14a03dd06a4121ec8e66276785b9fe60a6bb5c0576cda34c	0.4166666666666667	12942	chr17:34	0.5	0.17168340485356445	0.29449058818536195	0.2370920376267902	0.013064153894810075	0.7043754885751982	20	False
chr17:16938519-16939119	chr17	16938519	16939119	test	0	427b1696abc7425a594774148a41f90049d67c82077cdedd0e2110241ec7c653	0.5233333333333333	3981	chr17:16	0.5	0.46423637747751995	0.4447522693412586	0.7991379321799804	0.46556984785494654	0.5464270415523537	26	True
chr17:5893890-5894490	chr17	5893890	5894490	test	0	39762d9f21fa47f26bf184145dc4317c7524dbb754c72d28859c20e27b987808	0.35833333333333334	86822	chr17:5	0.5	0.09561762642680507	0.1271860832952825	0.10489838264367386	0.11316124168844743	0.5267262534181459	17	False
chr17:33701011-33701611	chr17	33701011	33701611	test	0	c324f873db492e4c31029eca62c7983cb99d49426937e51ba5a631e870155213	0.415	12509	chr17:33	0.5	0.19677630794851136	0.2984146306138507	0.33600119306421805	0.17741038061078487	0.4468102493932422	20	False
chr17:43052366-43052966	chr17	43052366	43052966	test	0	a63ae248f3cd20b480073e1ced0858f1dae5255f4a53b6ee2dd8a1094335336b	0.43833333333333335	27436	chr17:43	0.5	0.25309569096195134	0.21600366455840572	0.5486911726987007	0.15161261500806572	0.6259565252522896	21	False
chr17:11987145-11987745	chr17	11987145	11987745	test	0	b68e2de209104e73acf80863c3e10724edd91d159c4c9240201c413ff7784681	0.3566666666666667	6140	chr17:11	0.5	0.10232905360540298	0.3866472398656922	0.15662930805336672	0.04573423362974713	0.5105295168361361	17	False
chr17:78277930-78278530	chr17	78277930	78278530	test	0	a9a430aebfb16fd5612aaf4ee2572808860f5970bdd081d98469291fef13ea63	0.6316666666666667	261	chr17:78	0.5	0.8014918855136249	0.7829140460305424	0.828684358867998	0.3736770076082877	0.542990370622392	31	True
chr17:58696554-58697154	chr17	58696554	58697154	test	0	ec9a243b4cfc6cdcbbb183a03a3406c76f99c5df78836e5dabdc0129b5367dce	0.38666666666666666	3973	chr17:58	0.5	0.11340108739048808	0.4450268854424234	0.16189821733099904	0.025245788333949297	0.4373570797477386	19	False
chr17:69323508-69324108	chr17	69323508	69324108	test	0	090abefdd15a6afdd2192073a772e3bb19263f894d65c08ddf7ef08e2f6646f3	0.3466666666666667	3018	chr17:69	0.5	0.07263286739397208	0.48280330096502694	0.2848458125958918	0.01513206654878094	0.4100907559748806	17	False
chr17:60511118-60511718	chr17	60511118	60511718	test	0	bb794c7a604d6ad4fa73785ceb93cdc29cfd2ef181883537eb282e78a26ca410	0.4266666666666667	14041	chr17:60	0.5	0.36466495582765446	0.28521561571070453	0.24245999988143305	0.08558482284098169	0.5140226615398301	21	False
chr17:69131225-69131825	chr17	69131225	69131825	test	0	450954647557d98a720d913b1011d83213c432ca611c85346cf1aa0caf385082	0.30666666666666664	10369	chr17:69	0.5	0.04994916390523113	0.320576645554134	0.4135212984499847	0.06191113527364299	0.5139780055668632	15	False
chr17:71658511-71659111	chr17	71658511	71659111	test	0	bc2038117ed5aacf8f641d4a90b156426ab143d256b49d5370c1f8259178a0e2	0.4116666666666667	62545	chr17:71	0.5	0.27282873766627086	0.1487134422692005	0.20649709985799167	0.28510093736890657	0.5473334581705159	20	False
chr17:63538189-63538789	chr17	63538189	63538789	test	0	f48308dc81ed5db5464cc0b45768cb96eacf0b791846552aacaa45a4bf35df54	0.67	11661	chr17:63	0.5	0.9919185449782174	0.3066033779334821	0.975898963456872	0.9415378815213677	0.35639526119530707	33	True
chr17:51159345-51159945	chr17	51159345	51159945	test	0	934700c4a600b466eced1abdbe10dcaea1ca138b7524cf038b16d85ec073d85f	0.4583333333333333	3367	chr17:51	0.5	0.29258121062823395	0.46771978572777856	0.3531703194666932	0.02059518517453426	0.5838291606962572	22	False
chr17:76979300-76979900	chr17	76979300	76979900	test	0	a178824d4d45914afcd35e98cab1ae2a17f5e7161f63bca48f06952e8689b4a1	0.46166666666666667	10071	chr17:76	0.5	0.29950297775182894	0.3240982753560624	0.27068784353194625	0.03320138165918951	0.4628056754426145	23	False
chr17:56153322-56153922	chr17	56153322	56153922	test	0	7d36d43508d0c0030d24762dd12440f777f5f3830686ef0ef5246c1ff00b0908	0.4683333333333333	113	chr17:56	0.5	0.35446929493377816	0.8510483109456802	0.8624548362398121	0.673064963062496	0.503229726914083	23	False
chr17:70468620-70469220	chr17	70468620	70469220	test	0	1bd7c752b937d71881c2a1395b03f4ed71062fb8b5f8570bfce0097c4075694e	0.36	79445	chr17:70	0.5	0.09706342649377654	0.13273678782196582	0.13481364666457557	0.1481080173590681	0.4384575139078874	18	False
chr17:12917984-12918584	chr17	12917984	12918584	test	0	b2322f21a18ab1cae9215a0653632837a9420f1807772d2891018588ca51f16a	0.47	943	chr17:12	0.5	0.5150964461219004	0.6396846775887414	0.11489668137109502	0.6096635885461437	0.55063196873644	23	False
chr17:41254070-41254670	chr17	41254070	41254670	test	0	2d7b3aa833700af672c685a33ca37741bb17b44e99113c579730a798425e1332	0.43666666666666665	1013	chr17:41	0.5	0.38804699151318045	0.630518942017538	0.17191143335193812	0.08365961726428862	0.5492986213358941	21	False
chr17:65807468-65808068	chr17	65807468	65808068	test	0	50359f275a3a77425f2df38f8d9b42b814209f34b3ec1c24420ab484f29a032e	0.5483333333333333	18774	chr17:65	0.5	0.3687842568276342	0.25362970178507854	0.2514783233595253	0.6931099753256363	0.5009937849335644	27	True
chr17:65051523-65052123	chr17	65051523	65052123	test	0	85c587459270c9ab759b939f7dffd041c7cd4238733fbd4bcfe5f03d1095da81	0.37666666666666665	85	chr17:65	0.5	0.1805155704233955	0.8697432370280771	0.3932850885513816	0.10903486999405246	0.44113128198253604	18	False
chr17:52270855-52271455	chr17	52270855	52271455	test	0	b1bb9a504dc73e2d8f7066fd6f7b06dc3930ec67b9a78b43688b6f255b19e86e	0.4166666666666667	35291	chr17:52	0.5	0.1590068980459191	0.19336114456044065	0.2918495856066934	0.11015395780846382	0.49326519923353035	20	False
chr17:1432092-1432692	chr17	1432092	1432692	test	0	90e47b80f097cd58f310efdd8d2752be2cafb6718fb372633ceee57db4725358	0.5233333333333333	7920	chr17:1	0.5	0.6847366968431934	0.35384868752504234	0.3353590745639763	0.037365512884130155	0.6152871629034856	26	True
chr17:14028280-14028880	chr17	14028280	14028880	test	0	9c697d7dcde1389c431334319db4ce98bc9f3f72742db35cbdf06ff97b1d8997	0.37	4126	chr17:14	0.5	0.11519400596341467	0.4398740355713738	0.17440171784379246	0.028198422543940616	0.4672126728937901	18	False
chr17:64307490-64308090	chr17	64307490	64308090	test	0	0f4aba683f99ecdfc8ee882bcd98851734144aec0d58a3688b8e7cec0434dbc6	0.46166666666666667	21768	chr17:64	0.5	0.29950297775182894	0.23845689019354485	0.36924342067630805	0.014333868370291556	0.5948890978424182	23	False
chr17:8816686-8817286	chr17	8816686	8817286	test	0	912039a8d3f172b8c82c1efb0465a19cda3138a9dfb6db3a6b68a82746310f4d	0.31	17622	chr17:8	0.5	0.05623157583118513	0.26031454524971337	0.1554473979532048	0.0025221237567952717	0.5510084300318856	15	False
chr17:38923638-38924238	chr17	38923638	38924238	test	0	c90c10d16a04c17d6528cdebb89051fd55636989656ff2d082b52ac8504a9784	0.43666666666666665	1626	chr17:38	0.5	0.32492998673650786	0.5678291974970301	0.7134892978154458	0.17629945622813203	0.43538850962462694	21	False
chr17:5465202-5465802	chr17	5465202	5465802	test	0	c62373801d73a0bb6b57ffb208e81a45fc74c1155123b96966cecb34c86d6df8	0.4266666666666667	2781	chr17:5	0.5	0.20065488302452214	0.4940980356956124	0.23146440340910035	0.09925992119901268	0.49501611041985466	21	False
chr17:67153883-67154483	chr17	67153883	67154483	test	0	b450924a3d726b74da50700de7d2aae6a19e583c1c4afc73c91c54ff88517bd0	0.38333333333333336	70050	chr17:67	0.5	0.1194357857106441	0.14095433368066662	0.38829862820847433	0.0534678353612477	0.5536807724946299	19	False
chr17:68344053-68344653	chr17	68344053	68344653	test	0	6c3c4824d6c25e44e633d63318a83c87d0453d7b2351b50cdbf335402b0e0a16	0.495	52282	chr17:68	0.5	0.3521937549072639	0.1617010386164421	0.44803125123277854	0.28610415534943584	0.5469927261627778	24	False
chr17:3565103-3565703	chr17	3565103	3565703	test	0	beaee0f8fdcea1a1075961871105ad97ddcc8d46d20bd0ba2e80395ac3837d4b	0.42833333333333334	7592	chr17:3	0.5	0.20333183286975143	0.35921322827554303	0.7980261501116122	0.3448461971468216	0.5151950683140872	21	False
chr17:887540-888140	chr17	887540	888140	test	0	ec73aabf15b3b1ad3f49616811b75ca53a5ba308eb43b055935663005fbaa822	0.5033333333333333	10103	chr17:0	0.5	0.7009896560724548	0.3237141787188127	0.3075585696202374	0.8240362674927858	0.6038088488150171	25	False
chr17:75570072-75570672	chr17	75570072	75570672	test	0	2e34b3a99cc5609632713efadd65634f221985db98a966b8ae9e9717257b8774	0.67	8593	chr17:75	0.5	0.9713511150626175	0.34360863322802165	0.9399750963010167	0.973293644035365	0.5046347690205537	33	True
chr17:30045010-30045610	chr17	30045010	30045610	test	0	b84221785ff36fb5160a194ed0c5fccb926e282fa3b5c721b69e1a5698848862	0.42833333333333334	13836	chr17:30	0.5	0.28779113133878476	0.2868763061333157	0.5946523140495067	0.09736444456440566	0.4969999031955801	21	False
chr17:38168940-38169540	chr17	38168940	38169540	test	0	55a7b4187fa6a2e842cd737c68b5e810b42abffe32c780faf544d684d4048420	0.42333333333333334	190	chr17:38	0.5	0.2102318210614999	0.8111491307890987	0.2581684934542825	0.3137785962065821	0.38176383121815466	21	True
chr17:14730003-14730603	chr17	14730003	14730603	test	0	35af6f31aa7230b4267a05267cc38264146530005b08b16b36f020bd02282175	0.38333333333333336	4575	chr17:14	0.5	0.22051913722376545	0.4258565521889451	0.38327317153263246	0.006769913414235192	0.5011866790660965	19	False
chr17:40974890-40975490	chr17	40974890	40975490	test	0	e9f3a0567afd54f3eeae85f06d0a65f5ce43814b7014a8c7e7ffd3f22ddd60ac	0.38666666666666666	8243	chr17:40	0.5	0.18166514688668128	0.3488123201522599	0.3338780942519377	0.0177159151010171	0.58401000154363	19	False
chr17:10692505-10693105	chr17	10692505	10693105	test	0	8aab76eedace8e82eea721a0775d004eb68851e03721bcafb61ac540e0baef9e	0.39166666666666666	4727	chr17:10	0.5	0.18918964647498213	0.4214448914341243	0.13291753212610785	0.2700366886316401	0.5948270158949738	19	False
chr17:18709520-18710120	chr17	18709520	18710120	test	0	1a79ebe7985927a6dc3c7fbfb5b259388522d74cd1c7d1536af81a88e3bfabcd	0.445	11812	chr17:18	0.5	0.23155974601221968	0.3050931720755976	0.3721179713736826	0.06956855274702684	0.6531575747478149	22	True
chr17:30996443-30997043	chr17	30996443	30997043	test	0	ad8eb58f2b6908c6460e5b2a27f293559737a181a713b07c4c82b7ce3bb43f89	0.43	11828	chr17:30	0.5	0.17758779524991258	0.30493452554676254	0.5781565145895788	0.0465622082236405	0.3553670580550699	21	False
chr17:46278982-46279582	chr17	46278982	46279582	test	0	d909eaf5908b3aeb9401dfd8318a5d64497af29d4b67613dfbc0d4b9abb36567	0.4533333333333333	11754	chr17:46	0.5	0.341408184411933	0.3056704625648347	0.3417579900726093	0.010010332562065547	0.5321781033842294	22	False
chr17:81176370-81176970	chr17	81176370	81176970	test	0	3b7ad10b0c5e9400856224d6b9e574cbac74c46d225d811464c20dc682aff9f2	0.46166666666666667	10448	chr17:81	0.5	0.3603170945433878	0.3196633461023068	0.3369751814263413	0.06823477031748744	0.3898470497081668	23	False
chr17:48019657-48020257	chr17	48019657	48020257	test	0	b7a80740e2ac15f33c2879cc66fe9a8399895a10fd3a02d99c172084be68496e	0.4166666666666667	3649	chr17:48	0.5	0.2144907351504482	0.45666881367235485	0.4783013401776876	0.032913829385041976	0.37000307643147573	20	False
chr17:78961163-78961763	chr17	78961163	78961763	test	0	83d97d93a604d93cca73aabdb0bd14dd6f196b4a81a22ed81c5a8307b8570dd0	0.5333333333333333	6339	chr17:78	0.5	0.557746880406314	0.3824738751749849	0.18041202323429656	0.09424061005460115	0.6069866300384972	26	True
chr17:45405715-45406315	chr17	45405715	45406315	test	0	f38322701b1990145d1a644a621139289df182e579ba5fdd0fdb20f8b610bbac	0.5783333333333334	82	chr17:45	0.5	0.95562243640399	0.8719513207075702	0.6709330174997001	0.9726368257743767	0.5485844136538612	28	True
chr17:63933541-63934141	chr17	63933541	63934141	test	0	5437376767a5e48bff66db3dcff616e2524e80d6b75099ca0fc772bbf36f2475	0.5466666666666666	1213	chr17:63	0.5	0.5678266891965704	0.6070447425150486	0.5922856729481077	0.4618718887397057	0.4614749758650835	27	True
chr17:81350381-81350981	chr17	81350381	81350981	test	0	9f34525a748de34ac0b73336745ee625154e282006926cfe3e7c37f23e05453e	0.47	4268	chr17:81	0.5	0.337437142189553	0.4352707322368733	0.6065457581351543	0.44789563920591885	0.5569524607751531	23	False
chr17:73837791-73838391	chr17	73837791	73838391	test	0	52c03e8c49215f0bde06b3aa29198cf1af08ea2dcbff5210b07e5512e5396120	0.37833333333333335	2073	chr17:73	0.5	0.12393167687152269	0.5346397168959413	0.1418802972948023	0.031079204951274655	0.40297213438212603	18	False
chr17:80603468-80604068	chr17	80603468	80604068	test	0	cd86d929005219980fe3d42f16d45f6b7790475c5a1f636c7ed437b6dba5c108	0.5166666666666667	16808	chr17:80	0.5	0.47057496884808175	0.2653808717266219	0.47017432789937613	0.5524218335027283	0.530508855442281	25	False
chr17:65672251-65672851	chr17	65672251	65672851	test	0	cab1e45696c379f236c76d95dc8d1170d4aad29b34c451c069723779d2ac25c1	0.34833333333333333	31519	chr17:65	0.5	0.08734122436879836	0.20329657150603173	0.2978492158110793	0.03418417162495505	0.4798752169406031	17	False
chr17:54774561-54775161	chr17	54774561	54775161	test	0	d7a37354a362bcf8903d5dc5f057f662cefe29c4e163c9d7bd4e9c052a75aa2c	0.4166666666666667	3913	chr17:54	0.5	0.1359408978725631	0.4471053770143681	0.37581000496245914	0.01530160799057082	0.6263262436528665	20	False
chr17:69417209-69417809	chr17	69417209	69417809	test	0	7c909e13e82be9150d536b87929b1435078ec64c43127e9d4db52cedfaa44641	0.38333333333333336	2261	chr17:69	0.5	0.15160004981018177	0.5226852710862036	0.3239131314116111	0.3383681672383484	0.43568591723524264	19	False
chr17:56028429-56029029	chr17	56028429	56029029	test	0	63d9fc08c2ee6a8df76c9a30c3ef7438143cbc0672bd02b5d84962296e159ed7	0.37666666666666665	66668	chr17:56	0.5	0.0955222335764511	0.14430001082501456	0.1841023583656467	0.010418534093658848	0.42429491361591387	18	False
chr17:80498024-80498624	chr17	80498024	80498624	test	0	0000529bd16d2a67f2670c418f193f05e0cf416f2c2456a4da7a3e3e925e492f	0.5816666666666667	21718	chr17:80	0.5	0.9068537892594507	0.23868785645875606	0.5206674902073942	0.9640960312506338	0.5832985332492655	29	True
chr17:40495952-40496552	chr17	40495952	40496552	test	0	8b938d331a5d48f3f8dbf26b51e5a73568c193d73956c7bd930b70975b9472f4	0.6116666666666667	5370	chr17:40	0.5	0.6348564191575286	0.40435546552402046	0.3178841762009305	0.12433438132040761	0.4748460688565338	30	True
chr17:75521440-75522040	chr17	75521440	75522040	test	0	9239e6782d951ffdf055b581a44dfa9058592db0ff5f1dfc3612a6de9024011b	0.635	3613	chr17:75	0.5	0.8461264043174136	0.4580289965613691	0.6494356704152633	0.7431085280890013	0.501415533765074	31	True
chr17:8111543-8112143	chr17	8111543	8112143	test	0	5d2ffa0297d4756c6d50ff6b97e0f3ebded94f27ffe4de30a384f9e72d6b488a	0.5116666666666667	6645	chr17:8	0.5	0.3276101988997021	0.37633724687652903	0.8504608379943056	0.274670081861039	0.4866030221843021	25	True
chr17:14516450-14517050	chr17	14516450	14517050	test	0	06ca8b475ae14a56979f2e6ceb0895a6b9b9f6574b2d5b5b4b465d5b6fad82f0	0.3566666666666667	9295	chr17:14	0.5	0.07963713118176123	0.33388409028261445	0.11745681050969693	0.007401067174340485	0.46119148846069685	17	False
chr17:30927521-30928121	chr17	30927521	30928121	test	0	e6131b33ccc38491ad495623b98688e2d40a0110c1e009572b2260783f769a4b	0.48	5877	chr17:30	0.5	0.38149696341341177	0.3924023394115021	0.43683103927832184	0.18063863578488182	0.5486749410593093	24	False
chr17:48338703-48339303	chr17	48338703	48339303	test	0	f4dfe632c4c841127726910019d34fb02071b66edd21776a05427ac497f47d1e	0.3383333333333333	31676	chr17:48	0.5	0.07323161320590589	0.20285196508928505	0.1864978638818453	0.07635288879827475	0.5010144771229871	16	False
chr17:57032039-57032639	chr17	57032039	57032639	test	0	03248cd56ce5ecfed27330aacb6a5ab2f54e081cf8782081ae749a4bb893fc73	0.37833333333333335	3766	chr17:57	0.5	0.1570906969177689	0.45234348169193855	0.20473023283532565	0.2544798609413594	0.6276426975536786	18	False
chr17:15936082-15936682	chr17	15936082	15936682	test	0	081c7982303e7b66806dea9a3ad7acbe2625013780118d321e51a9602e4d1077	0.43833333333333335	8710	chr17:15	0.5	0.17629813488595947	0.3419242640448089	0.24114624988486572	0.002166370607977336	0.47450577861508125	21	False
chr17:19927082-19927682	chr17	19927082	19927682	test	0	82950cfe46fb77d2eccf28c7a0963853cb0e9f2bc71578309742fd402ae26b30	0.4533333333333333	2354	chr17:19	0.5	0.22998774475318676	0.5171245959017613	0.4204331698553834	0.0364779903652989	0.47272942050438815	22	False
chr17:70014211-70014811	chr17	70014211	70014811	test	0	12dad7f4eef1af688f26ee1534c2909eaf6304aaab5dd48fd17d06165dcb192d	0.2783333333333333	17563	chr17:70	0.5	0.05905736485843848	0.26067174213526817	0.08015182947711753	0.009029177625873722	0.40870961573576264	13	False
chr17:40472772-40473372	chr17	40472772	40473372	test	0	307a0d3fd1282705d6fcc559aadd90af7e0a8fe9c3bc737701497e791c124c83	0.47833333333333333	2216	chr17:40	0.5	0.24176001016384294	0.5254565247601217	0.3749677942991872	0.05035326142189899	0.4886505198886985	23	True
chr17:16592670-16593270	chr17	16592670	16593270	test	0	7986616f4757616e72bf337b8abb2262e3ff43aca2f5ffe5ec3cfbdd1bd11222	0.4166666666666667	8501	chr17:16	0.5	0.1359408978725631	0.3449520989104821	0.18072113582137514	0.04544320495352565	0.6187246685386226	20	False
chr17:55378350-55378950	chr17	55378350	55378950	test	0	dbaeb6c8ae9039249d32ba75519e251dc4429029886f98f746c1fef8e1b52208	0.4866666666666667	42684	chr17:55	0.5	0.31338532460094876	0.17748529770202556	0.19868683229882259	0.032368615113467725	0.48574295102019205	24	True
chr17:62931807-62932407	chr17	62931807	62932407	test	0	79f118173fb7aafe3076d19f9474278aa24df6976002bb2095d6034f01a5ecd8	0.48	12107	chr17:62	0.5	0.29927148846090784	0.302209385109491	0.3124394227811972	0.04639782080459317	0.506579221455177	24	False
chr17:26645117-26645717	chr17	26645117	26645717	test	0	185babc55cfbd4ba0a0b9c21e111a25f2ac6a1ced81ac432fb3605305880dcd3	0.36666666666666664	354531	chr17:26	0.5	0.11185163499379665	0.06273765974957876	0.14957614498605287	0.11438016131548122	0.22355770790395965	18	True
chr17:67389881-67390481	chr17	67389881	67390481	test	0	03df9eb8cdc8cba68297e258b517c1aa3e8f4021e81e60d2fab9ee57850a6eb4	0.49333333333333335	4453	chr17:67	0.5	0.45845726973581313	0.4295138016925903	0.36374284155076536	0.24202310525689597	0.44772544833840444	24	False
chr17:6919690-6920290	chr17	6919690	6920290	test	0	4f3c53e60509915d82a7648968ef13a7f9e4970d24e056b0e8960f10e3c5c2f1	0.44166666666666665	5134	chr17:6	0.5	0.19520696542050583	0.41035348744876476	0.14764743793818122	0.04794086551247061	0.5699712900915717	22	True
chr17:62137146-62137746	chr17	62137146	62137746	test	0	eac79c6a80b19e0e1e00f3eed4de993cd800d27c2063101fc41341c1738a92f1	0.6066666666666667	15127	chr17:62	0.5	0.9716877478135778	0.27689308513028227	0.7156643074490936	0.683210915014484	0.3714836056791382	30	True
chr17:45753170-45753770	chr17	45753170	45753770	test	0	99b8b23438172afb658dffd35dc6e5807015800c73eef2b1eb0733d04d8bb4fc	0.6133333333333333	12812	chr17:45	0.5	0.8418990170295647	0.29565160691515835	0.6192906904628792	0.4377481220065382	0.5570488595964782	30	True
chr17:40909277-40909877	chr17	40909277	40909877	test	0	4f1046a56a5c4d77d31fe0948e0a5e7845bd7060936312e4959762117b4426fa	0.41333333333333333	11852	chr17:40	0.5	0.1941646297348243	0.3046970442622572	0.2581180479954669	0.16785889973786453	0.4296732153676537	20	False
chr17:49894385-49894985	chr17	49894385	49894985	test	0	c5343065e38abcfaf19fd15cef7602a7072d0e4d1ede84519149680c7184c3af	0.505	6583	chr17:49	0.5	0.3970257846767485	0.3775543812203667	0.588951542653358	0.30088108832837096	0.6435526170098129	25	False
chr17:42760127-42760727	chr17	42760127	42760727	test	0	3bdf4ee931ff4144e35fb0d830334bb4a54b0d1e68d00cb43ab6b616208002f0	0.5116666666666667	347	chr17:42	0.5	0.5040315575270653	0.7550585974256298	0.20054666238310745	0.45646961431644834	0.5189958234053881	25	False
chr17:21279523-21280123	chr17	21279523	21280123	test	0	19ff3084aa434171888939a93de2102c60856667551bbf951ccf61f40afac968	0.575	3861	chr17:21	0.5	0.6563810151396546	0.44893420473945733	0.31296297897909736	0.8791643257165546	0.6132736486436396	28	True
chr17:13517582-13518182	chr17	13517582	13518182	test	0	e0db8d0e84ca5c6d66b57a6bad34ebea9bb4346616f15a9f4613b9f66c570d1c	0.4216666666666667	25763	chr17:13	0.5	0.22300434706771716	0.221952901033698	0.37724972882622865	0.05211076063812119	0.5930141708943295	21	False
chr17:64694542-64695142	chr17	64694542	64695142	test	0	55c193863505b480a2b448d0e89b3dfa4aadccd21df8b046fdb2d43e1de95c3c	0.4666666666666667	12423	chr17:64	0.5	0.3935836018909513	0.29921380474639364	0.41016175520862364	0.07174889549259449	0.5188059943962222	23	True
chr17:62072409-62073009	chr17	62072409	62073009	test	0	f636f58476e06eb5b0124ec32f01a0dec6ff0690f2c942c8725e06c1cc1a39d9	0.435	6715	chr17:62	0.5	0.2826003916225626	0.37497848187174143	0.2804459079036924	0.07407090194773432	0.5064292869474103	21	False
chr17:42421029-42421629	chr17	42421029	42421629	test	0	94446fba389e88b3e34bb1e1f17692fc4397480686f1d102816805e2462fcd3d	0.5666666666666667	1238	chr17:42	0.5	0.7174283897062309	0.6043529596561618	0.6764529937276441	0.6959542460811066	0.5265802436626502	28	True
chr17:11791980-11792580	chr17	11791980	11792580	test	0	f5be7a401ccf310702ae501a4f5d9053645194d1b6b15e785e74aa9393b70923	0.45666666666666667	89914	chr17:11	0.5	0.2706394867134232	0.12505363174464887	0.3570243107918602	0.031090735112715595	0.5914273578171376	22	False
chr17:73177438-73178038	chr17	73177438	73178038	test	0	d4772bfea042b1ab034f89164d719db5b0f2ec9eb4469cf58e03e0310997f736	0.4766666666666667	12729	chr17:73	0.5	0.41760109956101293	0.29640045389272085	0.7826499553806714	0.8100377176680644	0.5091404312496564	23	False
chr17:63066378-63066978	chr17	63066378	63066978	test	0	f793ab0b449df21f9c5f16db441d92db26a80d3096b53b73591303b7a598515b	0.46	57119	chr17:63	0.5	0.22550946189110005	0.1551783539643647	0.0531476879131073	0.0947552502578833	0.49011286433531603	23	False
chr17:35146181-35146781	chr17	35146181	35146781	test	0	d825019dac1ee37d54b8674d74d6c3b9344707210d2cbb93fc84ec74843f06c2	0.4483333333333333	13	chr17:35	0.5	0.2212834556932537	0.9479657464384746	0.12032265995644896	0.28537885750535175	0.4976837338018709	22	False
chr17:28345338-28345938	chr17	28345338	28345938	test	0	97c81160aabe443e84e2d44dfb3e1acbf6e1106a97e9be30ba1e968ccc55f1ee	0.5516666666666666	9878	chr17:28	0.5	0.6022153472011054	0.3264461741798906	0.5441247689072966	0.8247603380059995	0.5006299621204269	27	True
chr17:40904946-40905546	chr17	40904946	40905546	test	0	e8f5a0aac599f7558849bd0e7261aaf2a512d3b58e9d7293a500925250e07e9f	0.46	16183	chr17:40	0.5	0.3357062157335644	0.2694854179570252	0.5270408112864348	0.1994351673789633	0.49219898858159644	23	False
chr17:8099719-8100319	chr17	8099719	8100319	test	0	e8e6da7d54298882ff2731e752767ae540cb5abb9a8ac7fdb79a67e4352cfd83	0.495	11964	chr17:8	0.5	0.29212457093932764	0.3035964798589014	0.32171609584211996	0.11728463808259479	0.5458970833420713	24	False
chr17:53359097-53359697	chr17	53359097	53359697	test	0	e0f8bb65b90591158fcccb48f327049ab005f6b8bdd6c315ecd2e91859c0e2bf	0.4766666666666667	297379	chr17:53	0.5	0.23872874149000795	0.06870185891149161	0.3109674666221817	0.10077089959303508	0.5906594528150614	23	False
chr17:57680342-57680942	chr17	57680342	57680942	test	0	7537822e860285c8170cb2a469c2c3dfbfc91ecef5d194451dc93420980fd8fb	0.42333333333333334	4949	chr17:57	0.5	0.19538040379044055	0.4152712677457205	0.3323912843217203	0.2525603922442252	0.4171588223793571	21	False
chr17:20772658-20773258	chr17	20772658	20773258	test	0	335911b75c1b71b54d304195e50179ac6df506245de8c6bed5647b949c541ecb	0.4533333333333333	15112	chr17:20	0.5	0.26413325408954724	0.2770029254905862	0.2685150084521596	0.05341025998576429	0.5723440325882484	22	False
chr17:61822449-61823049	chr17	61822449	61823049	test	0	757232c5a164824cab222ce0ceaf9f836b8b145c72c58c5749daee6158b5a930	0.4033333333333333	38789	chr17:61	0.5	0.1536048966170328	0.1853411038592676	0.3615804943754221	0.13410917156462346	0.4924011655258787	20	False
chr17:8160396-8160996	chr17	8160396	8160996	test	0	f5e3adf27b20be3379f98a0d50d2a2e2b045a3413c3c23d57cd6b9430d2d3326	0.5116666666666667	2235	chr17:8	0.5	0.4130323992779185	0.5242798220962103	0.6344645460993745	0.7424825066454531	0.4816937931563295	25	False
chr17:46099120-46099720	chr17	46099120	46099720	test	0	ab85d88a8484b147dcb664e162a0b3f18b663e4da737b6ca7f3fcd6879f17b9a	0.415	64108	chr17:46	0.5	0.4246153287197525	0.14699395136742874	0.22080097229031512	0.3547667757225945	0.42745402991573733	20	True
chr17:48209081-48209681	chr17	48209081	48209681	test	0	5dca209fb4a4bd89c37af40da60cba2cad8a161d94441d0416a939d12a4db7cc	0.3616666666666667	12596	chr17:48	0.5	0.07660760765148182	0.29761297108787754	0.27834140365870436	0.07484019034837129	0.4931669956039142	18	False
chr17:75562099-75562699	chr17	75562099	75562699	test	0	81606afd5402d0bc2386959b0c6efb63b26a83b977236a1816f3699726352238	0.505	16566	chr17:75	0.5	0.4645108817359366	0.2669470277998889	0.6809199743643324	0.6261332430882465	0.5421289859098727	25	True
chr17:38560428-38561028	chr17	38560428	38561028	test	0	9b9fd41869a158b9406a1efdf952487dbfc4abda8ee663818f76a9a7db840a86	0.595	3267	chr17:38	0.5	0.6998317635331657	0.47187100091425516	0.4454166281807492	0.6635643343154287	0.5399966569235356	29	True
chr17:68766317-68766917	chr17	68766317	68766917	test	0	47d27b87c498f6e60e7a300163929e72feb7df89bd254db23181868d775b78b7	0.44666666666666666	32836	chr17:68	0.5	0.269112034913295	0.1996553150651984	0.1329840745340972	0.16720973650752533	0.39187613997287224	22	True
chr17:16267924-16268524	chr17	16267924	16268524	test	0	184b19e6586d751e6affb95c2c0b3240cc24662daf93041ae560e12e96a5bcd8	0.43666666666666665	13789	chr17:16	0.5	0.20190111412316433	0.287261338440369	0.057350118298057855	0.05167785539329591	0.518414975591337	21	False
chr17:52435508-52436108	chr17	52435508	52436108	test	0	44814b35a8e0c5418609b17c532fd3f8bbb28f3868be5c45af58a6942b7e9eb7	0.3466666666666667	45966	chr17:52	0.5	0.09353180805995609	0.171584722562656	0.2643370491036864	0.02775790352946036	0.4901564290393841	17	False
chr17:28434172-28434772	chr17	28434172	28434772	test	0	7d369ad7f64a33dcebc3d2c19b31741805e83b89d31a2f003200f1f720643709	0.4816666666666667	28261	chr17:28	0.5	0.4297658054367127	0.21324253278095506	0.635422242151446	0.06446247313249465	0.609884599602911	24	True
chr17:62262798-62263398	chr17	62262798	62263398	test	0	d1a1799be694b6606b9f95524ee41c19f88c947620e8be439cf5d7a59a6d2cfd	0.59	7927	chr17:62	0.5	0.7450439949515577	0.3537370227872799	0.44487841230458797	0.3551971314788266	0.4433810645060229	29	True
chr17:41139304-41139904	chr17	41139304	41139904	test	0	09f648b647c21ffc8811ba18bb8e04e597d5ffb4b7c186cefdfc07e053229ecb	0.3883333333333333	939	chr17:41	0.5	0.13516187370332922	0.6402256621254582	0.14172242900439264	0.10212862502587514	0.39847383349316007	19	False
chr17:45217779-45218379	chr17	45217779	45218379	test	0	64339fb34f6001a97b62d9f90aa2d03d2c4491f5fd34ec3a7f2c8915097175fc	0.48333333333333334	2656	chr17:45	0.5	0.4565333039622673	0.5004526286291827	0.5301875808355065	0.04924160832228374	0.3586126339922829	24	False
chr17:51878702-51879302	chr17	51878702	51879302	test	0	707d698120d75401c5d05d1f22a2485ea5d3b6e377871d26196011a5de7f2652	0.26166666666666666	115606	chr17:51	0.5	0.029718911353399262	0.11062347276772937	0.5187439558533076	0.06241936449833979	0.6107310277773603	13	False
chr17:78578048-78578648	chr17	78578048	78578648	test	0	059cfd50ec649c588e5a16acec40370edc9d4f66b12632c5db4d9edbc3b0c617	0.45	953	chr17:78	0.5	0.44256038500305045	0.6383406508768913	0.3419503293556117	0.039778542955748196	0.4611588762452445	22	False
chr17:31805386-31805986	chr17	31805386	31805986	test	0	98723e060d81e69a027c398f3c1fbc25687af1178622289f03eb373474a9412a	0.5633333333333334	25044	chr17:31	0.5	0.6714479522911803	0.22466726461397596	0.4742640254524767	0.1891464528655956	0.6734659933281296	28	True
chr17:74153273-74153873	chr17	74153273	74153873	test	0	bfe3095a8ffb6ff479e61dcaf325735b4663927a3ef43c199c12292cf14a9565	0.5466666666666666	573	chr17:74	0.5	0.5222863421781271	0.700373277321132	0.4144097639331778	0.7086275638597159	0.3457634857524296	27	True
chr17:13705989-13706589	chr17	13705989	13706589	test	0	2c2032d793e9445776f072cdb8bd23907a7ccf006acea69925e7e91454d30be2	0.395	59660	chr17:13	0.5	0.13221298718222674	0.1520494922451531	0.09637842981995422	0.044828702699920724	0.5606394586491236	19	False
chr17:9781087-9781687	chr17	9781087	9781687	test	0	814af04e2eeb9d653fc24854b3ad82fa7573055865422063b315c82700e4fa88	0.4816666666666667	10204	chr17:9	0.5	0.2654274828202095	0.3225113452260247	0.5371192147240959	0.24853019459659395	0.4537803494348427	24	False
chr17:45207632-45208232	chr17	45207632	45208232	test	0	cf79fccc898b45361286437a31452507a05b2edd28f9cacf800c58a1b71614ac	0.42833333333333334	12803	chr17:45	0.5	0.21862343616732427	0.2957325194009196	0.5305376585131593	0.04668907995361088	0.4998695346549837	21	False
chr17:78863966-78864566	chr17	78863966	78864566	test	0	a1ab249b1aabec02b611450506ac46a1dac1f3efe4e304469298d68e883eb5e6	0.515	2072	chr17:78	0.5	0.4211074697931181	0.5347060624046758	0.2828387412482305	0.1504766950193607	0.33596034675822256	25	True
chr17:31668550-31669150	chr17	31668550	31669150	test	0	7dee7027c890da3f81f80b4e96f010d6dbe87dbf594a9a24e553f6c45cb0c55e	0.4	21615	chr17:31	0.5	0.12746038236424675	0.23916581420478997	0.07230236089049401	0.012929566710694115	0.6181551392027953	20	False
chr17:35825199-35825799	chr17	35825199	35825799	test	0	02be9802d7581d888438e49ce3ebfc79216871564d0a7980883df1e294afdb8a	0.3616666666666667	4793	chr17:35	0.5	0.12586745201258898	0.41957703400117663	0.18317335775336974	0.008366541922032206	0.6960435568904013	18	False
chr17:27954278-27954878	chr17	27954278	27954878	test	0	e63f9999142b0324085719ebf841b8942c8104d041dde245f06d04b76913a277	0.435	14587	chr17:27	0.5	0.21430485090582838	0.28093513757547456	0.10396659497893325	0.09867446523413496	0.5936458770573882	21	False
chr17:61323160-61323760	chr17	61323160	61323760	test	0	601125e6dea9adc66aa779041271ebc461465226a280fd31c7c35858c08732ee	0.44666666666666666	31694	chr17:61	0.5	0.2514253233123879	0.2028011781778805	0.30112643853274146	0.43294305081633894	0.44319422047930146	22	False
chr17:12434709-12435309	chr17	12434709	12435309	test	0	2ece22f0320e90ace5f81cfd9cc69d1a15cabef184b8854918f0d6ad4bb4130c	0.41	27964	chr17:12	0.5	0.1503235709058085	0.2142241816241817	0.23713210820328906	0.07713490244277268	0.5807378493649269	20	False
chr17:74098769-74099369	chr17	74098769	74099369	test	0	cf9da2c053ccb3b1d6996dbcef4094f666cbf7255b06de53633a3b9337ab1809	0.5116666666666667	13829	chr17:74	0.5	0.48106756551119406	0.2869335488790747	0.8519734312644296	0.6463548290592371	0.6976784158959385	25	False
chr17:35099623-35100223	chr17	35099623	35100223	test	0	236fec02b7f74d25c7306321a0866a3f09430dfb7076ba0ee6b300a7c5dd4e18	0.4533333333333333	2267	chr17:35	0.5	0.22998774475318676	0.522319834697804	0.5978352591146263	0.1651275957451576	0.4855891882133002	22	False
chr17:26669938-26670538	chr17	26669938	26670538	test	0	f37cd934b9b24ef15213498ae541cb0826afcbc5a58760493e8637135a3181aa	0.375	329710	chr17:26	0.5	0.13044431634810694	0.06513935332876498	0.1277598300564193	0.4102139055390062	0.29642501832430457	18	False
chr17:52580071-52580671	chr17	52580071	52580671	test	0	0ce411c3d9c186792d31f9c9e5a146ce81d9580b2b414cba4a77f95b067d8d8c	0.4683333333333333	23367	chr17:52	0.5	0.33373425139055424	0.23141292972696206	0.43667905354060926	0.3739186358403201	0.4678024597278659	23	False
chr17:2929278-2929878	chr17	2929278	2929878	test	0	774d75551a033f54548bbe945301f6d402d95cd462c2ef3da74e9db1e53f6716	0.595	10372	chr17:2	0.5	0.7868362600793444	0.3205418111316363	0.4696466805589913	0.5271456620407894	0.4977492456107934	29	True
chr17:22716236-22716836	chr17	22716236	22716836	test	0	27f016835ac12bf1d76818cbcadcdad043712712a78da94a3d61b0f0b3f5f6df	0.4533333333333333	23762	chr17:22	0.5	0.2141190838424476	0.2297685675627822	0.7645741855053596	0.04772159566699875	0.45463414731278695	22	False
chr17:62489672-62490272	chr17	62489672	62490272	test	0	8912363747bfb1702294de87fc760691d8a7e49e14abff1c1cf1114284d7dd33	0.4216666666666667	8847	chr17:62	0.5	0.20748768903649317	0.3399854337372955	0.26213582439253963	0.06279451830285028	0.4974677521321078	21	False
chr17:27472597-27473197	chr17	27472597	27473197	test	0	dfb73b450c4b488f6f38d2379c5e9eaa0d9d265bd551ba5a36f208a11f7e94c3	0.5	888	chr17:27	0.5	0.3636428018101605	0.6472989733811265	0.32126561261350567	0.012614361410638951	0.6253080188256999	25	False
chr17:54129567-54130167	chr17	54129567	54130167	test	0	8920138ef75edb72e513f7f74b19257edbbfa7293051931c6ed83fd61b2e10d9	0.3433333333333333	53477	chr17:54	0.5	0.07042711945012503	0.16001435365090322	0.13666981526959923	0.09067279949482249	0.6131830953906962	17	False
chr17:51289143-51289743	chr17	51289143	51289743	test	0	e8a02ad7f146f4c4df83f5d75ad0ffd0a994c7ef7b3b026b5b0f9da51c538bc0	0.4716666666666667	9202	chr17:51	0.5	0.45049619340277897	0.335121698176697	0.3654720010509293	0.15645832555131378	0.5165349350161922	23	False
chr17:27805931-27806531	chr17	27805931	27806531	test	0	f4d538dd67db3883056f661d15839f268c2899e15bdd53a92b721c026e9eba7a	0.535	5474	chr17:27	0.5	0.44748626531025576	0.4018040438000479	0.11392630154702538	0.5770406438423066	0.4460372237893309	26	True
chr17:82300496-82301096	chr17	82300496	82301096	test	0	d56c314367d71809b8b3063357e42e4c71014f6d9120600967bf773f9be20d44	0.6	7081	chr17:82	0.5	0.8599945246966463	0.36812760771420844	0.91070460595139	0.8477229830287946	0.6313057917522897	30	True
chr17:14897814-14898414	chr17	14897814	14898414	test	0	a32d9b2bcbce953f2654a6f8a75583b6893e0806785b9df79e5cb4ebd2d70f6d	0.36666666666666664	51967	chr17:14	0.5	0.0948545843228114	0.1621544925971631	0.5710018536681453	0.11942453024352728	0.6102330289512599	18	False
chr17:45355945-45356545	chr17	45355945	45356545	test	0	e30e536fe43d3ea774e6899e812aef33ce46c37b6517bcf9c7123cb018785513	0.49333333333333335	9646	chr17:45	0.5	0.4813430806838837	0.3293419393341926	0.8160041742348969	0.19554498648910196	0.5109085530068066	24	False
chr17:30629201-30629801	chr17	30629201	30629801	test	0	ee2159ae7c026119422acf5b9915e36e78870b2a144a7a6890f82a64997cc3d0	0.4483333333333333	2358	chr17:30	0.5	0.23752260167503983	0.5168902772930664	0.3170382425728918	0.06608502691106645	0.5521768615480515	22	False
chr17:38510365-38510965	chr17	38510365	38510965	test	0	196faa7ba9444974c2cf2b42a40e29e448a17b89aa5e7e3d68fa8ff990d92444	0.7883333333333333	10288	chr17:38	0.5	0.9999518226859178	0.3215217648936084	0.8827329403266531	0.9998501163273891	0.33890182643684424	39	True
chr17:45195993-45196593	chr17	45195993	45196593	test	0	32e27bb100870a1195c5cd05fd94a636da0c59a29dd04ae20dc478ce5c72f842	0.48333333333333334	24440	chr17:45	0.5	0.36775106626475546	0.2270272730201703	0.2228316243139246	0.13947652011525571	0.7224540870168867	24	False
chr17:4963596-4964196	chr17	4963596	4964196	test	0	010a7734f67223dea96541311f2ccddb0be0425a7222407d4cb510c0c310e0ab	0.48833333333333334	3294	chr17:4	0.5	0.3794096469746857	0.47073737483957323	0.6877270305115005	0.020453083594542187	0.42176725776863244	24	False
chr17:55824126-55824726	chr17	55824126	55824726	test	0	7ee19929dc9906b0435677033d10da5cdc31bb366dbc2e5ea340b01c01dc42d1	0.405	48512	chr17:55	0.5	0.13310492135240615	0.167389192162995	0.37162079337300524	0.003421967461699779	0.5885131273721387	20	False
chr17:53187693-53188293	chr17	53187693	53188293	test	0	3abd7b062a34f2edb8c9c7162aee265e4996dd4675de1b6ea1d014473e01fb76	0.3616666666666667	125975	chr17:53	0.5	0.11609967863107054	0.10603644653266486	0.6030597313717194	0.024307354207830274	0.4093353486986605	18	False
chr17:80199337-80199937	chr17	80199337	80199937	test	0	1b550a979f68bae6b90d74531eb7f33ca30f5bb1ecb18d80cb4794b32a669579	0.45166666666666666	4697	chr17:80	0.5	0.26091799300616475	0.4223033107712422	0.34888043507436006	0.013412630886465587	0.3487428165325809	22	False
chr17:77047732-77048332	chr17	77047732	77048332	test	0	6cd6119a8c25777371f4b15b553c8ac758d2cbc0bbbadb968e845212dbb60651	0.36333333333333334	33153	chr17:77	0.5	0.10001365595751974	0.1988078115920576	0.3611005349630586	0.005374222532429441	0.4957533336720023	18	False
chr17:66853741-66854341	chr17	66853741	66854341	test	0	1de74b8f1ce12c8d0ee6d1aa2ea2486ae528975fd893388e12f5a205e3fdfcae	0.375	18925	chr17:66	0.5	0.20657742417390854	0.25279216183351116	0.2754683955598416	0.015594224148969951	0.57529679180063	18	False
chr17:82531818-82532418	chr17	82531818	82532418	test	0	a56fa50f46790b8fbb590d7bb6c28e103d713f253013687bf03361fdcde6d332	0.5083333333333333	12387	chr17:82	0.5	0.6721779315735708	0.29955035279496817	0.6550036813504897	0.08532061071865348	0.562184225569191	25	True
chr17:11015431-11016031	chr17	11015431	11016031	test	0	155348dacc46a4e0179d4fe1e3caad7dec22eb336875e7cf82e38ca42ca0be01	0.36	75448	chr17:11	0.5	0.09706342649377654	0.1360571175499977	0.1499472109458206	0.18996771483057073	0.5863792656421712	18	False
chr17:58643706-58644306	chr17	58643706	58644306	test	0	46e1934eac65f249729afa4022e620d8fdf0de0ff371e98dc3c595305c6cc256	0.45666666666666667	12171	chr17:58	0.5	0.2706394867134232	0.3015950380589901	0.46865588221026944	0.022324765980380037	0.5438237028785347	22	False
chr17:72403368-72403968	chr17	72403368	72403968	test	0	103b8ea77c3ffc16d0a77c3119cf241b49fc415c80f97b1153ccd92a632549ce	0.4533333333333333	17635	chr17:72	0.5	0.3013641650959132	0.260236044196127	0.3741755490829951	0.45977648024428497	0.44801758043039697	22	False
chr17:33124528-33125128	chr17	33124528	33125128	test	0	0fe9f3051c2fb1315ca567bf85c7ffac81c6c6f0582716b93900a2da1abebf34	0.4766666666666667	12976	chr17:33	0.5	0.29235283846119337	0.2941892959684869	0.4262858310916907	0.1314090727455881	0.5196112230723212	23	False
chr17:17773763-17774363	chr17	17773763	17774363	test	0	ae864209b77a65a0c35e5d02d6031b4e480adc182d90af7cbe4441589690edb3	0.43	620	chr17:17	0.5	0.23772253136486166	0.6911624740830647	0.5589410438335756	0.03387948538898735	0.6256937635904296	21	False
chr17:18263027-18263627	chr17	18263027	18263627	test	0	b6642adc957600b42eda2b9d2285f84bafd7926cfb5e68b67e0e053ec511af6f	0.5666666666666667	1847	chr17:18	0.5	0.678733169423537	0.5504713684785704	0.2817286688432633	0.4181386675953375	0.490654681841258	28	True
chr17:4158667-4159267	chr17	4158667	4159267	test	0	a94f013ac940510c817c1f187925117aa97e05a84c3292ffc01df92f65a91632	0.5333333333333333	2385	chr17:4	0.5	0.6024796917791833	0.5153187564691106	0.6867487502747073	0.3020712164662825	0.5701629416218251	26	True
chr17:15195461-15196061	chr17	15195461	15196061	test	0	23cada16e5e16a3b0d7460bc9ddea61352cfee0185d852717bcd1b8e7d7d1002	0.43333333333333335	39040	chr17:15	0.5	0.2981100257420661	0.18480322848567496	0.3333780010988055	0.024116754935467215	0.4985260449766796	21	False
chr17:35653357-35653957	chr17	35653357	35653957	test	0	1048a81a89110f8e90545d0123d85c20c5c0e312d4057549703a98e15d762446	0.4766666666666667	59627	chr17:35	0.5	0.37369113695912604	0.15208893927389083	0.300509272200367	0.3204998856164333	0.5583664202484364	23	False
chr17:4094408-4095008	chr17	4094408	4095008	test	0	00f4960cab189a8e7b38a781c980e9d5ba931f94f5f1c2258bedf0103795310f	0.48	48321	chr17:4	0.5	0.29927148846090784	0.16769341029125778	0.3148316240459577	0.20394646986404144	0.5971889770729885	24	True
chr17:48545241-48545841	chr17	48545241	48545841	test	0	fb1f07bbe5c5a33b93df0dce3b37594e0dc17dcefa457df11e2a0a54562a6919	0.4866666666666667	370	chr17:48	0.5	0.3755072060879303	0.7484549942499771	0.6804936614833363	0.3585547771956992	0.5460816073807652	24	False
chr17:13751568-13752168	chr17	13751568	13752168	test	0	3280db5e835676434e3054772409bc267bdde69dd358993ba4ac2fd0d085ec04	0.41333333333333333	14081	chr17:13	0.5	0.2761359354479156	0.28489507454700075	0.32734349984402755	0.17623080426617685	0.5746764168863694	20	False
chr17:902809-903409	chr17	902809	903409	test	0	9e414bd860afb4a1665398c4dc0e664681bc05314d23c19406303cf6fe3c314f	0.495	6522	chr17:0	0.5	0.620883592571293	0.3787646517320724	0.29171672143322946	0.04852742395965167	0.6284290350283758	24	False
chr17:61637297-61637897	chr17	61637297	61637897	test	0	68a21a780c0ab4238db4961600ffa48d8eed6171d6c4ee5a41766b82dc8a08f4	0.42333333333333334	46379	chr17:61	0.5	0.16809258163040625	0.17088286304310893	0.29542965740639227	0.04739768765895393	0.5718722259611522	21	False
chr17:2146065-2146665	chr17	2146065	2146665	test	0	0d43a302c3fc27572e1634d3bc43c47010a3c3924ad45e5cd83265c170e66336	0.4083333333333333	23486	chr17:2	0.5	0.14821466221520777	0.23091376497538565	0.6183565893020598	0.02462020837451224	0.6345427430041564	20	True
chr17:76388485-76389085	chr17	76388485	76389085	test	0	b6cff05e4c014d3602b5d270d13e8297bd50e75363967d97ea83bfb4f8955073	0.505	3471	chr17:76	0.5	0.3970257846767485	0.4635358027648904	0.8843819876209331	0.06930260804193979	0.510061310948872	25	False
chr17:67323286-67323886	chr17	67323286	67323886	test	0	c18409948af32bf29c6cb860bf326ed462a51d7c5138f7fe1832897d0ec70991	0.46	42990	chr17:67	0.5	0.3155322530324767	0.17690943924409153	0.3177752567925582	0.07344085079189601	0.5035800103577134	23	False
chr17:28169263-28169863	chr17	28169263	28169863	test	0	2b9f49f454cc1a79923dda695169b6bfbf075fcd1a50e3b5ec6b4a1ed7e4de47	0.3383333333333333	10309	chr17:28	0.5	0.07323161320590589	0.3212758803562836	0.06182244742929535	0.09076872994974373	0.37532213476790266	16	False
chr17:78625012-78625612	chr17	78625012	78625612	test	0	9b647c18c5f7ad1a87d8be51a73d8ade522d7cb90a98ac046992c73b8efc9869	0.5016666666666667	5090	chr17:78	0.5	0.5250458272923394	0.41150530300840027	0.41704281639510843	0.08497861670480304	0.5891370385342413	25	False
chr17:75152144-75152744	chr17	75152144	75152744	test	0	086776d7a078ce1d21a1025557c1047d5c5452f6fedc42825fd341ed4a2254dd	0.34	848	chr17:75	0.5	0.10396744642833136	0.6530885771786001	0.18824895643030973	0.0903390574419869	0.5422081448056885	17	False
chr17:29154594-29155194	chr17	29154594	29155194	test	0	2811885440005efdbcbab124d9f01a5a47bce48f5bad1d24ffc87e077f4aec9c	0.585	14412	chr17:29	0.5	0.6581272899639051	0.2822851483503582	0.23856720178760737	0.4071358345142469	0.4471800570687166	29	True
chr17:76648628-76649228	chr17	76648628	76649228	test	0	b72b174c823368be9d23a1894de479582e6226fa1274563e7bd99fe6cc37faae	0.45166666666666666	5117	chr17:76	0.5	0.24359033199630117	0.4107972171833843	0.6085767667831049	0.04982056063243687	0.4878050388928268	22	False
chr17:20825978-20826578	chr17	20825978	20826578	test	0	d2462d119fd88084a7b88e7b0ef8cbd282012f42cf1ca37ea3124aff420d0c10	0.42833333333333334	14990	chr17:20	0.5	0.3268754512365459	0.2779013704065647	0.2732163219133876	0.008591097713046654	0.52042071221589	21	False
chr17:15316490-15317090	chr17	15316490	15317090	test	0	c2d737ba490358d95033c1227459c4197a077b043d288505e82aa72a695fe044	0.42833333333333334	5446	chr17:15	0.5	0.20333183286975143	0.4024856511285386	0.27452612856261227	0.058203459145640124	0.5390972831810629	21	False
chr17:10862361-10862961	chr17	10862361	10862961	test	0	74e2b30fca11655c1b37bd96ff3469d2699a47e238e4095b323a845100fa9dc2	0.4	4658	chr17:10	0.5	0.138034697937949	0.4234281972158675	0.3304370088575215	0.3095291581861705	0.6590816877282327	20	False
chr17:38587539-38588139	chr17	38587539	38588139	test	0	31b0809f5dddde2a663c916e96eb6d3e7f373e80d4c0cbdc70f966674eec3738	0.54	9473	chr17:38	0.5	0.5056934669785051	0.3315557127095791	0.1862178306543262	0.7586535181150502	0.522197256007951	27	True
chr17:30391192-30391792	chr17	30391192	30391792	test	0	78318dfa5a324a38d0af95054c3eb832cb8d2d8be1082bcc1dbbf23717dfe631	0.37666666666666665	11257	chr17:30	0.5	0.14325230982122136	0.3107634042400085	0.809650374443382	0.20884838076329912	0.6643166658598831	18	False
chr17:5779440-5780040	chr17	5779440	5780040	test	0	2645669d887f7ec4258cafe9db8ea79e6a0db03124100dac9e7cac0e69644646	0.5083333333333333	6815	chr17:5	0.5	0.36159606151129015	0.37306510572273355	0.3528531691754794	0.17436187906784645	0.5698269867481126	25	True
chr17:49224013-49224613	chr17	49224013	49224613	test	0	da6c5e72ac86810c0d5e260b78c41181702fe90a50213aad8991e9144a1c06a7	0.655	355	chr17:49	0.5	0.9945785601511568	0.7527269306585247	0.8821353514112031	0.9989668593253033	0.37182044282442517	32	True
chr17:29214376-29214976	chr17	29214376	29214976	test	0	ac8a1f5318b65f579fae2d61da579a70020496abde8bba159b4498f43faa6d55	0.5466666666666666	32182	chr17:29	0.5	0.49932798384416677	0.20143872541024244	0.42622645717978985	0.05118512518411002	0.46586351655420555	27	True
chr17:52776454-52777054	chr17	52776454	52777054	test	0	46ee79ffab00564be099e02d5934c9535ddf54cf6f2aaa010dad6377057522b6	0.32	26542	chr17:52	0.5	0.061759532498610485	0.21912163042226598	0.19618863205924716	0.09985311493537026	0.6240805887416621	16	False
chr17:38801985-38802585	chr17	38801985	38802585	test	0	4041f0ad2875a10e74714128a68d85c9b5031e5aa5ddecc0b6be0419d407d754	0.4083333333333333	2372	chr17:38	0.5	0.17294639529758152	0.5160732221700942	0.2813603322262382	0.4011811689159552	0.4427310409880417	20	False
chr17:79968099-79968699	chr17	79968099	79968699	test	0	debcb2a35b168e58decb86cff57a424fc585af93cd1067fa6ee27e4e576e3ccd	0.43333333333333335	16343	chr17:79	0.5	0.2981100257420661	0.2684159099775284	0.3807884806157202	0.005052869629363195	0.5555650794990077	21	False
chr17:28672255-28672855	chr17	28672255	28672855	test	0	c08508ac54f3fbbc7100b347d92d1a9a69dcfe14ef3b1deed479d1e8d92eed78	0.4716666666666667	248	chr17:28	0.5	0.36210574593215983	0.7876585284585854	0.17308439680026536	0.008669355505155579	0.5315325205656183	23	False
chr17:51257427-51258027	chr17	51257427	51258027	test	0	4fcd5e7ce1a6ecb0e563f01187038ec55f368c3a2953ac1a7e1b4c005469fbfb	0.30833333333333335	2321	chr17:51	0.5	0.060363003148813606	0.5190727480105737	0.12070128862286317	0.04226933186335957	0.4777251962141577	15	False
chr17:38223789-38224389	chr17	38223789	38224389	test	0	833ae1debf21b52fcfa607a63d7dcd4d2d555ed75abc11a5b9698c117b6ee464	0.34	7054	chr17:38	0.5	0.10396744642833136	0.3686190297831923	0.2849385038459654	0.0007344677011185203	0.5040088059018321	17	False
chr17:29727463-29728063	chr17	29727463	29728063	test	0	5a433ef7a677477e8cb332979f50a9553ce6c3245f6d17060205c4526e433692	0.41333333333333333	33339	chr17:29	0.5	0.2089476312193389	0.1983155499258296	0.5552154082493238	0.23533386679456753	0.5842345612119318	20	False
chr17:26693716-26694316	chr17	26693716	26694316	test	0	22929d034fc1ca3df3394e235804fb1584942ade32663c32d28c34864e3a68d5	0.38666666666666666	305932	chr17:26	0.5	0.1684014626636889	0.06770547787596141	0.37063637914806913	0.056622865663252885	0.4862716508933654	19	False
chr17:35704773-35705373	chr17	35704773	35705373	test	0	9c984438b28d1110cb96de43701241d0d92059661ac42ba36f7f7f4ab52a676a	0.45166666666666666	26565	chr17:35	0.5	0.37992949741781906	0.21903969550961516	0.29212184143237346	0.23310272854707323	0.4962392845867244	22	False
chr17:5054282-5054882	chr17	5054282	5054882	test	0	4f7dcafe663c7dac31ef3361d60605d47341b42d4062f6b19736501749afc261	0.44666666666666666	2574	chr17:5	0.5	0.3471563888011012	0.504785802237235	0.38436695992633463	0.11034871978786388	0.6022761659315846	22	False
chr17:64461947-64462547	chr17	64461947	64462547	test	0	85a32635c3333b51409e2f89e7416e6e815b50994a1756693582e182748fd948	0.45666666666666667	13079	chr17:64	0.5	0.48189414490025273	0.29328244069728926	0.8523018756288724	0.6989599778551464	0.4721410615085635	22	False
chr17:65124017-65124617	chr17	65124017	65124617	test	0	4720c9ebee70dc3649891eca4ddb015181cb8407b17d4856e90757f65ec5e19a	0.3983333333333333	13032	chr17:65	0.5	0.13607058225075241	0.29369515652344746	0.269787911509314	0.3542444647944178	0.5640930308052241	19	False
chr17:58529526-58530126	chr17	58529526	58530126	test	0	74d730fae26ce42ecb6f12b9f0f064c9588bdec32b8b9b364929fb751793312f	0.49166666666666664	476	chr17:58	0.5	0.26694165957523097	0.7214027159488132	0.44246939449766937	0.01546001771011839	0.5167419490120796	24	True
chr17:17790437-17791037	chr17	17790437	17791037	test	0	23b7bced8350718da2eeb360a18635c0a71d1556363db43cfccc6468b8b4dc8b	0.5333333333333333	7199	chr17:17	0.5	0.6864077148135301	0.36600483411924867	0.36657471130090497	0.8020325041119555	0.41563472553921443	26	False
chr17:39713753-39714353	chr17	39713753	39714353	test	0	abd424b2f001b4f50362bbbc8ad22902b730a9bf1ff3b34a8c34bf4a1c0b03bb	0.4816666666666667	9601	chr17:39	0.5	0.4074060037439952	0.32991321242206073	0.8548215663576922	0.07992607205059643	0.44357567074188164	24	False
chr17:59415097-59415697	chr17	59415097	59415697	test	0	dbe6ea75821cb7d08fd3873611874d1fa4b7b1a3e28ff9bf0bf3e1da9972d2d6	0.49666666666666665	9948	chr17:59	0.5	0.399147682860945	0.32558832854709674	0.16336618993260918	0.1683259751496513	0.5005885596740602	24	False
chr17:27614503-27615103	chr17	27614503	27615103	test	0	9100d8d25dd452f197b2e8aa38cce2cafc7eeba65d826c3179d00ff2a8404873	0.4583333333333333	4961	chr17:27	0.5	0.25603770259127845	0.4149462132378824	0.5720797759817657	0.47377577652811936	0.4671261265407846	22	False
chr17:5633861-5634461	chr17	5633861	5634461	test	0	564bc47677e7bb885803f66e479518f64839124a0fb129deb72eed334cd972c0	0.44666666666666666	14738	chr17:5	0.5	0.2875649781903914	0.27978633932934566	0.5026021475775915	0.1600066832493092	0.4749209274387702	22	False
chr17:80680251-80680851	chr17	80680251	80680851	test	0	26a73ff16a931344afffb523e90bba20191090ea98a5d7c42ce0f248035a6d13	0.48	38900	chr17:80	0.5	0.4257007107200543	0.18510266161499914	0.33756326298400186	0.1281074754318288	0.4985169914444953	24	False
chr17:63143011-63143611	chr17	63143011	63143611	test	0	bee89a186918ca7893f06d95ef560f749e1d79ffa855525b2cef8eee1cd7a40c	0.2816666666666667	12365	chr17:63	0.5	0.03603676965363743	0.2997566098126991	0.046724414446971535	0.07314869375601028	0.5138277485779722	14	False
chr17:29593165-29593765	chr17	29593165	29593765	test	0	30b4abbadf8f8183b7765aec8a8174b7228d533fb1c344855ee45a3085593d10	0.825	334	chr17:29	0.5	0.9999915752234008	0.7589309549160589	0.9003095092620088	0.9999378116639529	0.32055099676323745	41	True
chr17:18044420-18045020	chr17	18044420	18045020	test	0	ca263c03d17c682ad24e22794d0b8f0bf98fe4cea72ebc3c03e4ecdf23220be0	0.4083333333333333	3888	chr17:18	0.5	0.14821466221520777	0.4479813931940463	0.6152921907003356	0.12964892184729	0.6926229587812264	20	False
chr17:12215019-12215619	chr17	12215019	12215619	test	0	4a354c8497ef76ba0dadb85751b7264b67e870299393f3816e4dc50154ad8f14	0.475	13720	chr17:12	0.5	0.3081677893398246	0.28782954495745916	0.2840715532656528	0.022512030436005828	0.31626785723943934	23	False
chr17:28807764-28808364	chr17	28807764	28808364	test	0	16987f7cd9962e4b447cf61ea8a555b9e105711fd5265e67857f301e3b1b9d9b	0.38166666666666665	569	chr17:28	0.5	0.1177001795044035	0.7011840665945962	0.037321734129365416	0.22840783412997995	0.5247053125689826	19	False
chr17:36302187-36302787	chr17	36302187	36302787	test	0	b7743d958251bfdb3ae63ea59dd517a830b7d6bb7b109be20e89ef465b6b5718	0.385	17176	chr17:36	0.5	0.13132612441763256	0.2630529304785829	0.6149313234946577	0.042818476499831754	0.5305838013965933	19	False
chr17:12335462-12336062	chr17	12335462	12336062	test	0	c23ebce35a2960c51d11802f347ac61ac1a7fed349e398eb265f571e11ce0dc9	0.365	30145	chr17:12	0.5	0.09343828113028826	0.20731729021272244	0.04457363658971546	0.1486323586489518	0.5738704930267363	18	False
chr17:49499121-49499721	chr17	49499121	49499721	test	0	6a6a423f241fac942a9d779c2f14202db98b1007e0726282d4e1850f2c35e8d3	0.46	1622	chr17:49	0.5	0.2592139167240112	0.568163168583814	0.41809531476818135	0.16350382600646127	0.48442710649947507	23	False
chr17:1549582-1550182	chr17	1549582	1550182	test	0	ed34618ff5e141a568e24a1adb4e542d6945306fc4770110723628332849d620	0.5083333333333333	12909	chr17:1	0.5	0.6088246747424816	0.29478394921984263	0.25298718566015727	0.36539532592296087	0.4295915620885286	25	False
chr17:68892302-68892902	chr17	68892302	68892902	test	0	92651ed17c6285b65af3a03b57c6c57e933009033a4ef4b9e58db743e2c05e04	0.38166666666666665	48086	chr17:68	0.5	0.10848755483474529	0.16806997398321344	0.04585785072596355	0.014824486275663481	0.33641472229471125	19	False
chr17:8292195-8292795	chr17	8292195	8292795	test	0	1d71bff02d3ebc39baba7e281979dcbc99ea4727cbcd83651b22a6c3326de8cb	0.52	2904	chr17:8	0.5	0.4559857169335139	0.48811961975141277	0.5596095392055731	0.15488135596392738	0.49577277620081195	26	False
chr17:35978503-35979103	chr17	35978503	35979103	test	0	9bb544fb4beb8e09d85ced9df8a5dae5fd30d680a90eafe36f135f94cedfe58c	0.49333333333333335	2147	chr17:35	0.5	0.45845726973581313	0.5298137354546897	0.182121498364841	0.08118264010546686	0.6189800401363043	24	False
chr17:27987858-27988458	chr17	27987858	27988458	test	0	cadf7e726db81c4c0db13d1f39a858032297e533cdc44e05ec5f6f344cea6e7f	0.51	3607	chr17:27	0.5	0.45406342664656596	0.45825707206554234	0.46435962440483053	0.49329177223371096	0.48409551627035524	25	False
chr17:14543787-14544387	chr17	14543787	14544387	test	0	c4fd9afd00a04b572139153007adc1692be76e1c8ea95cbbe130d49c40e44e00	0.31	18042	chr17:14	0.5	0.06131186984082509	0.25781477624941596	0.3233461674046315	0.32340664273585673	0.5514101268295836	15	False
chr17:7778417-7779017	chr17	7778417	7779017	test	0	728a076077c5ffbb8d68bf0896af9785af9967b9bbe5fae0ffd0158e37ec2c2c	0.47333333333333333	24398	chr17:7	0.5	0.40954569840809096	0.22719420044886054	0.5423536200675949	0.18672171216101655	0.4520406557683772	23	False
chr17:49663192-49663792	chr17	49663192	49663792	test	0	9733687243cd00cec1a62f8bdae1979cd9d87f3cfd8c20914f1bfbbc6aea5066	0.3983333333333333	13049	chr17:49	0.5	0.1158733623081728	0.29354566558955497	0.22669813862864283	0.019716813227507256	0.4844290715997531	19	False
chr17:20653830-20654430	chr17	20653830	20654430	test	0	5f78d725045d6fc17174d6af5451dea0bbd4fc9af415aabbacd57ec9c96872b1	0.47	11432	chr17:20	0.5	0.35827853396517095	0.30893956206228235	0.5939653904465853	0.24834383982038158	0.5042529807287643	23	False
chr17:40093247-40093847	chr17	40093247	40093847	test	0	bc7810e3ad6a2df2df87b753e6a3f62c5a122ec77d9615fe8777e5c9740fe9aa	0.575	6126	chr17:40	0.5	0.7156297052809698	0.3869465633582641	0.37571531659887786	0.3077060071851406	0.5401630040572201	28	True
chr17:77207691-77208291	chr17	77207691	77208291	test	0	7700a253112e7dd8eebee00215e9e75c726f358e491f2582e548b2faaf77c286	0.44666666666666666	22779	chr17:77	0.5	0.30675218553041755	0.23392867843972662	0.1345345693519983	0.5739494322635742	0.46275081249286004	22	False
chr17:32952414-32953014	chr17	32952414	32953014	test	0	0d25069d1c82f99465adf1b37c9231edcb78b181f9f732f147f22e0cc321e38a	0.4	17661	chr17:32	0.5	0.11758562038326092	0.26007926149378313	0.19331639284304583	0.035036477420250504	0.5098776757877395	20	False
chr17:51626535-51627135	chr17	51626535	51627135	test	0	21c7fdc15963af94c67c1a6b89c7e1c9376b3c53aed0ae6369169d9060b13231	0.38666666666666666	70638	chr17:51	0.5	0.14420634160659251	0.14039561977634896	0.5252362682022068	0.04401270171239723	0.48734499011052806	19	False
chr17:73908830-73909430	chr17	73908830	73909430	test	0	b8b3921fa5022b63292d97fa8d0220fa2634f01ed2c73eac24416cafcbca74df	0.51	2747	chr17:73	0.5	0.47692306516996086	0.49579766238650524	0.2787769423063709	0.14245652205439638	0.4934520187618888	25	False
chr17:21605734-21606334	chr17	21605734	21606334	test	0	d280c21d5d88188883af87d9b7fd6d1b7150aef8e033e7e4a0a2bf56d38c6d36	0.265	6857	chr17:21	0.5	0.03354668738269518	0.37227100870769836	0.1899213850034889	0.01727965458438503	0.5449642432960279	13	False
chr17:10090833-10091433	chr17	10090833	10091433	test	0	0e89bfe07635cf3070f9553303d7d84611da935c60e0cacf05b1c18ce3f611e8	0.5	23419	chr17:10	0.5	0.3851618505039203	0.2311944025886859	0.7184614943820207	0.8901918695430544	0.5306761906775374	25	False
chr17:81816678-81817278	chr17	81816678	81817278	test	0	8a526a57f14b8a61eaba956173f43773d512ceaf7991a6bc3478496548705ce3	0.465	7508	chr17:81	0.5	0.5026454570618197	0.3606302910173118	0.2773033886002128	0.20462492013496017	0.5841418493103895	23	True
chr17:67611084-67611684	chr17	67611084	67611684	test	0	48b005ee6d1c4601d001a3a2f5c0a4fb9c5211d4760fe01538cff91e162098b3	0.425	108	chr17:67	0.5	0.21300249134700752	0.8541646885600274	0.2573659523649909	0.05769281360422839	0.5022264399076547	21	False
chr17:14046046-14046646	chr17	14046046	14046646	test	0	71a5dad8358ce3b43dd742bac996dcda577e635bf4400619501211c1cb840dba	0.49833333333333335	21892	chr17:14	0.5	0.38123659057312137	0.23788703345561518	0.4875387836531848	0.3182892007016677	0.673126919732316	24	False
chr17:34970046-34970646	chr17	34970046	34970646	test	0	d7e01fb667765e56524c62ccf7dc50bfaabfae2b89c7f78473d35259db87c909	0.395	8807	chr17:34	0.5	0.13221298718222674	0.3405478465349313	0.246927907517784	0.09479049463488932	0.49447567663595415	19	False
chr17:75343570-75344170	chr17	75343570	75344170	test	0	8c92cd6ee0bcb9d4ea06a2ffd4c8868488ee26a2bf8527eeeb11c6987b193b08	0.41833333333333333	534	chr17:75	0.5	0.17405800725225587	0.7084734544320069	0.3219349190447251	0.05768041132464769	0.5375038439729625	20	False
chr17:63087975-63088575	chr17	63087975	63088575	test	0	30ee453171b860afb7eb0c9854b2a40acfee2f51c7b4c2fd2752a191e7442f03	0.35833333333333334	42671	chr17:63	0.5	0.1127343775819124	0.17750988625053607	0.18677573480296517	0.27791036738175023	0.5492174797697464	17	False
chr17:36825172-36825772	chr17	36825172	36825772	test	0	fbac4d7cd50602b71ce855c74d0231235a9eaba31a17bc7cbc0ddf28b97d73d6	0.505	95251	chr17:36	0.5	0.4417437495375998	0.12160669376729559	0.8348671171198806	0.6219229471582368	0.3270605352939673	25	False
chr17:74558003-74558603	chr17	74558003	74558603	test	0	323d897356b15558aa4353882c4e14380b9c2738ebc4ffdda08dda58ba4751ad	0.42	9039	chr17:74	0.5	0.20477008879036177	0.337326914630015	0.1979513731398923	0.5921935410401603	0.5053399751134976	21	False
chr17:55502781-55503381	chr17	55502781	55503381	test	0	9b28854d16d358f1757d07addc1cc65940e013167b545075f9ca2beba181f329	0.42833333333333334	1366	chr17:55	0.5	0.36852121162309315	0.59128385379345	0.07145836719407779	0.4102108103599692	0.44237143713181026	21	False
chr17:8370654-8371254	chr17	8370654	8371254	test	0	79de7f87e3dc52cdbdd733564299f6f049a305466072eeff5f88d085783036d8	0.4483333333333333	1217	chr17:8	0.5	0.3302958285469115	0.606610788111735	0.47119328631556856	0.18253488228443512	0.6235241411158906	22	False
chr17:5560488-5561088	chr17	5560488	5561088	test	0	f68d8051a29c5262f271e5003c1ad30ef978829c94cf3a3b92bc86cc1f100a97	0.5	23168	chr17:5	0.5	0.4294953653877607	0.23225507732443604	0.17978569544298412	0.021984443919010575	0.6240616198821647	25	True
chr17:54635072-54635672	chr17	54635072	54635672	test	0	bbb575eea70051e4a2ec58e00ae97dbe45228cbae099799f0f1918ae190b7c71	0.4583333333333333	35047	chr17:54	0.5	0.19243955329086046	0.1939601726833759	0.25867301796728137	0.05598628602602259	0.5596910354630392	22	False
chr17:48124502-48125102	chr17	48124502	48125102	test	0	c1e4dbc5dfed02a430044e00121c487b8d397fbc345986cb4b5ef8491b2c4a3b	0.4683333333333333	16936	chr17:48	0.5	0.3975543097462394	0.2645639267480046	0.21216365484274183	0.04117919220335374	0.5441652494523678	23	False
chr17:13218389-13218989	chr17	13218389	13218989	test	0	ca50f2ac26222c3dcc1087468bf6c327cf7b7ba5b92cb724ab755b0111509b6e	0.31666666666666665	77433	chr17:13	0.5	0.054895439344443756	0.1343780816663482	0.14467052070289302	0.3167226308845708	0.5922977512428127	15	False
chr17:82500941-82501541	chr17	82500941	82501541	test	0	c9268d763f17b2c464bb1647ecc2b38b055ef01c4b0904c8263826e078921a90	0.5383333333333333	18447	chr17:82	0.5	0.6358791458751768	0.25547318147951803	0.5006665663172344	0.023642416533266264	0.5311875886381605	26	False
chr17:44733969-44734569	chr17	44733969	44734569	test	0	fda1f8fbbdf56314721d6f8842132217ea10d18b56fcc7ccbb16256ce6eea360	0.5033333333333333	15140	chr17:44	0.5	0.32956387654757024	0.276797999926442	0.35720331914114495	0.22772891962487252	0.49828500791415153	25	True
chr17:13048401-13049001	chr17	13048401	13049001	test	0	bcee7e1e13340d46f6e5bd9dd153d1342a05f008069393970d2a25efd71dcee7	0.46166666666666667	2140	chr17:13	0.5	0.31912992071841073	0.5302633196968195	0.356125691069645	0.15222998384167952	0.512563707261403	23	False
chr17:36691210-36691810	chr17	36691210	36691810	test	0	1a67fbfd769da9255d9258bbaae0ef5aa25d70083ab6b17ab935a8862087f257	0.55	6450	chr17:36	0.5	0.48466336351507155	0.380209790605931	0.508530073794127	0.033007035752264643	0.4524013704081481	27	True
chr17:73180743-73181343	chr17	73180743	73181343	test	0	a280103ca622f708607aea06ee37af2416263c0a91b2f4583030e71125cf376e	0.35833333333333334	11754	chr17:73	0.5	0.10386468007556808	0.3056704625648347	0.3024133035332563	0.27193998785038165	0.6040655453778861	17	False
chr17:44802434-44803034	chr17	44802434	44803034	test	0	09dfa7b93e2382169a9aac5fa21dcac37d6720d1839596393d8c3570876d093e	0.39	4793	chr17:44	0.5	0.1266007483822029	0.41957703400117663	0.41673465762974704	0.006948967961624493	0.5129544287303035	19	False
chr17:77896263-77896863	chr17	77896263	77896863	test	0	e02285a2e3a4e0e7e030f535be824e4c1a785e5b515b30fe197414f62d10a8d6	0.43166666666666664	2706	chr17:77	0.5	0.2407450640600887	0.49787553211223284	0.5629825131157481	0.06032844447443106	0.41281458783453917	21	False
chr17:3640355-3640955	chr17	3640355	3640955	test	0	f0f1826a9e26e0b27a7bd849cc4656e7f14228f18c04681541381f757b5d2234	0.4866666666666667	3895	chr17:3	0.5	0.31338532460094876	0.44773550947655005	0.23666184210318983	0.02452765820865008	0.5840543980750852	24	True
chr17:64735595-64736195	chr17	64735595	64736195	test	0	13a7764a1eef357c816400b3d61cfc404670dc9a729b38cbfbdf497e60b7dd49	0.39166666666666666	6144	chr17:64	0.5	0.13909171803124107	0.38656185988700437	0.5254792863071098	0.015986343711023393	0.4763316495727583	19	False
chr17:68623672-68624272	chr17	68623672	68624272	test	0	4d3136702da628b9a0cad3ff79eb57dd9c8b771029583593ac5bdc35a51f2391	0.4033333333333333	4181	chr17:68	0.5	0.1929546067373406	0.4380712656642776	0.17815519621683176	0.1690029564578135	0.5212182740820919	20	False
chr17:2671525-2672125	chr17	2671525	2672125	test	0	0b8b09d0659d50834227f2ba1247f2f07bf0094b3fa14e8fd0ddb3300e6c39f6	0.43833333333333335	9132	chr17:2	0.5	0.23612154809679173	0.33606302635008645	0.22895927973653366	0.014289714563925367	0.4238325865543682	21	False
chr17:67536435-67537035	chr17	67536435	67537035	test	0	b46ad906eb122a952d2de6c25dca086114d76fb6858f4141886ecef0b98ee7a1	0.42333333333333334	10125	chr17:67	0.5	0.19538040379044055	0.32345095446967026	0.5734560305145873	0.013701682468102957	0.5924658667488619	21	False
chr17:70876901-70877501	chr17	70876901	70877501	test	0	505e3dace0a62030eb583833061992052ab218024be0ba768fe2d5f8b8329485	0.3566666666666667	21388	chr17:70	0.5	0.09419111561564106	0.24022961327027822	0.057120756306941786	0.016393886112060174	0.5140257668892889	17	False
chr17:51218621-51219221	chr17	51218621	51219221	test	0	b4ed9317477764d75409f307ad01737433394e6bb8151060a0aa87b8b70e9a9c	0.33166666666666667	6302	chr17:51	0.5	0.06318619862017032	0.38323854475112784	0.2499631786790568	0.27103734861588485	0.5038923272827461	16	False
chr17:41826099-41826699	chr17	41826099	41826699	test	0	d02d0bb85b233235b3575f3bdf23c298c48eb3fe8cd136aca77bf9d71af671f3	0.48	9443	chr17:41	0.5	0.3391724366507433	0.33194448505183505	0.49153509819050367	0.027766613792417537	0.5072471284761422	24	False
chr17:30431888-30432488	chr17	30431888	30432488	test	0	e35890b6c15d3d87e83c100cf86fa997c7ab9a3eda11c7a694af765d5af3a148	0.325	45173	chr17:30	0.5	0.05936623329748614	0.17295676426150466	0.22340092999683595	0.04621515626233591	0.5445727403783063	16	False
chr17:64244411-64245011	chr17	64244411	64245011	test	0	a5edf5ee79e1dd1c5500894ee4c971ccad997e34601559b69226e5c3edb1d861	0.38	6020	chr17:64	0.5	0.10689173241122542	0.3892381228365916	0.5089596524815765	0.46512673057625636	0.5441194816392496	19	False
chr17:50462890-50463490	chr17	50462890	50463490	test	0	9768b04c688231889227fa4e1d02f444853f23b2fa3f004ae36d77c71d878d41	0.5783333333333334	5689	chr17:50	0.5	0.643027849195614	0.39669585969012394	0.4142628265635485	0.35676880954202156	0.47962855228031587	28	True
chr17:15873221-15873821	chr17	15873221	15873821	test	0	4a78450d0fb3fcfb380357de90d4d9224f7e6f651c8b84c9d7931b7f61f5d130	0.33666666666666667	25526	chr17:15	0.5	0.09287664225481042	0.2228365759983531	0.6331972894729979	0.14869402248414088	0.5917626737817316	16	False
chr17:16813112-16813712	chr17	16813112	16813712	test	0	3995f7875fef5aac6acf5dd7357534a3d61a4c28aa8045c948ad56d5f8217ca1	0.5266666666666666	8786	chr17:16	0.5	0.40473792387657925	0.3408443174143562	0.6199139761214517	0.41479626849370027	0.5161612304579651	26	False
chr17:20464543-20465143	chr17	20464543	20465143	test	0	af487ad1a3e0412f8153f56defc1ac14703e48c983559b77ae06eb23a04f2f6f	0.5466666666666666	2695	chr17:20	0.5	0.5678266891965704	0.4984383804867024	0.16380339352125994	0.937039203562393	0.5327018945629668	27	True
chr17:13040455-13041055	chr17	13040455	13041055	test	0	7c7b55e755b26a6a5295708ef83f01a9c0fbd13cbd75e549c1db44808b7c9c7d	0.3983333333333333	5806	chr17:13	0.5	0.17184040556588895	0.39400556326720126	0.37623325555180975	0.163261980287461	0.4921420332235231	19	True
chr17:29332756-29333356	chr17	29332756	29333356	test	0	22a511fe72fa9db398694e5a0ff19ceb8ddf995b163a3eae4d4566779ad121ee	0.515	19012	chr17:29	0.5	0.5580190878087418	0.2523134592303715	0.2077378287557098	0.037751966717660956	0.4740739673790446	25	False
chr17:10853164-10853764	chr17	10853164	10853764	test	0	0fc617e28944e239fe13db8f19be9f76c037dd947a2ee37f8e5feeccad38a10b	0.4	4539	chr17:10	0.5	0.202257016334121	0.4269246798954988	0.2025519261052518	0.30315469200762896	0.5170212809469218	20	False
chr17:30988609-30989209	chr17	30988609	30989209	test	0	80bfd59484fb00e51f89d30a8c9299e3a9a6b794f42198f1712487c8cfdb0549	0.455	8660	chr17:30	0.5	0.4098126002491533	0.34264081060568685	0.2706878435319463	0.05468577101367407	0.6003014585447268	22	False
chr17:80779004-80779604	chr17	80779004	80779604	test	0	dbcf37e8e071dc08064b4256a7c629e26b931cab803149ebc50936aae622c001	0.535	26327	chr17:80	0.5	0.808954846273491	0.21989207106416073	0.4440785590882193	0.840641449618597	0.4926050307112861	26	True
chr17:21066380-21066980	chr17	21066380	21066980	test	0	dab3214131988a77b80715b90e0249f9904ee4a1d50c6a9ba12901b86fc59ec6	0.56	8873	chr17:21	0.5	0.5095684911391358	0.3396214676100417	0.6068566622317763	0.4158134400251421	0.3180579760317405	28	True
chr17:13444135-13444735	chr17	13444135	13444735	test	0	c95012f4b17f5e7dd7087f0fc4aea1686a6fd4cf9a0b7026e5bbdad65421d042	0.45	24576	chr17:13	0.5	0.1938195076199276	0.22648929844598206	0.5395948339563816	0.11345710629505583	0.4290701397084501	22	False
chr17:78832282-78832882	chr17	78832282	78832882	test	0	e72987b145a89ac0ce8f0bdf410ae22edb48b3b1403980e964d610e02575ea90	0.48333333333333334	7456	chr17:78	0.5	0.346656311378759	0.3615167216236198	0.739019957301482	0.21043498892923554	0.45903784965026534	24	False
chr17:59265283-59265883	chr17	59265283	59265883	test	0	22f4205ecfe7589a449ac49c6d77cd627138db87b363d100604b302200524e30	0.4866666666666667	4836	chr17:59	0.5	0.2939591481984651	0.41837509619993735	0.314178238345354	0.0033977783377308994	0.6204326457270357	24	True
chr17:29373701-29374301	chr17	29373701	29374301	test	0	51cff1a47772dd75c4bec5175b03ebc0338b8341f36199be828d475e05165042	0.49333333333333335	2369	chr17:29	0.5	0.5272536463974418	0.5162479062407163	0.534418698545617	0.03276766907783226	0.6353421703137487	24	False
chr17:30980042-30980642	chr17	30980042	30980642	test	0	68c4a8c552a48237d5968fa7da09649ba7fd91af3962eed951620a1116c3aca7	0.77	93	chr17:30	0.5	0.9972636927794689	0.8640694235201637	0.5628083889589848	0.9491575092363379	0.60153567709057	38	True
chr17:47033325-47033925	chr17	47033325	47033925	test	0	bd4c9669cb11c3016c111aa85aa241d885b8ff7edf3bb1a95259341e1d78ade9	0.395	8199	chr17:47	0.5	0.1547597406189841	0.3494847349884479	0.3387285539493097	0.13853233328909126	0.5931440073244366	19	False
chr17:48612281-48612881	chr17	48612281	48612881	test	0	83768d05c163451a386a70e082d2153d7cf9554226652a5875e57b72c35cf14b	0.48833333333333334	1559	chr17:48	0.5	0.7267560614120789	0.5735259187441898	0.3282811444202735	0.965473954119814	0.6280297307335879	24	False
chr17:28915504-28916104	chr17	28915504	28916104	test	0	1c5f66c6fda53e6fabb20beaa40abb41464b216937e2d0dad14f9346224da12e	0.44333333333333336	10488	chr17:28	0.5	0.22861781012133067	0.31920406827239295	0.23418375240389724	0.08742514340451017	0.4005717965259214	22	False
chr17:74292640-74293240	chr17	74292640	74293240	test	0	e1c57b84cc73e6ad9290e804941f875f9162bfcd5a0d028ee683cd8333a8e293	0.49666666666666665	11429	chr17:74	0.5	0.6460680688230824	0.3089705425802796	0.6019497701264522	0.06008976051371877	0.6244584870146006	24	True
chr17:38716724-38717324	chr17	38716724	38717324	test	0	743b8731404e6babf514d514b3a2ad4fc1aef79732f74cda6f35f32450c84db4	0.5783333333333334	2666	chr17:38	0.5	0.643027849195614	0.49993334885715335	0.38468024162560627	0.7866273367675315	0.5427592250089641	28	True
chr17:78968976-78969576	chr17	78968976	78969576	test	0	dee28715532e28bb33ef402f1fcb27571ceac6c78be9805d2c82deaac0c5705d	0.5716666666666667	8515	chr17:78	0.5	0.8224329382745769	0.344746562287029	0.45003034345748766	0.698304641542314	0.6111906162682615	28	True
chr17:43405047-43405647	chr17	43405047	43405647	test	0	c0182f1b8268a768072884fc304f629bee5a5f59e376581e1cd3076e776789a9	0.45166666666666666	6355	chr17:43	0.5	0.297879155254507	0.38214476731883834	0.18278429430916218	0.010697975827731446	0.5444236412854768	22	False
chr17:50941719-50942319	chr17	50941719	50942319	test	0	4708fa3d040f15e1561133823e3f92a481ba74106e8c88e1d98dfa11660ab645	0.505	2033	chr17:50	0.5	0.4645108817359366	0.5373178162981795	0.3423912101462689	0.01062674186453338	0.5245278325986975	25	False
chr17:78802409-78803009	chr17	78802409	78803009	test	0	ac120ba00c57e19f4fd3920d11d687171fc31da8e2f910107eabb5dd97d438b2	0.5316666666666666	20389	chr17:78	0.5	0.7023812903510055	0.2450899543008216	0.3818671932830187	0.33008075914391716	0.5071437718315982	26	True
chr17:5770524-5771124	chr17	5770524	5771124	test	0	5cb9020ed874d4533f2688cf3dca5e9630afa188357e39be78cd618fef9d28e9	0.505	1409	chr17:5	0.5	0.4645108817359366	0.5871389644602909	0.6146251157952166	0.8175500227274108	0.5190788203095403	25	True
chr17:47239511-47240111	chr17	47239511	47240111	test	0	9a41951a208b44c6f554a4c7f7ae92ac1ca7cae81673758edee067ca0698888f	0.505	9742	chr17:47	0.5	0.4192189090577655	0.32813374301978715	0.18829080841392865	0.27710808336591164	0.4182050236951335	25	False
chr17:71342504-71343104	chr17	71342504	71343104	test	0	500705a139659d20362fd8716eeeca9153d8e44fe6f3ed85bea15e922837e8c8	0.43333333333333335	44587	chr17:71	0.5	0.1824908865021369	0.17399190834598205	0.29592141200368427	0.11898805931501227	0.6070097972364684	21	False
chr17:32541218-32541818	chr17	32541218	32541818	test	0	db206823e2a2f161f68c24edbd02983c724640f11587e7a94ff378002ffdca98	0.395	11470	chr17:32	0.5	0.13221298718222674	0.308547992505145	0.27293010191427064	0.04603559318409039	0.34338001308295574	19	False
chr17:10627421-10628021	chr17	10627421	10628021	test	0	3c7b0287bfce63d3d112af57462c3c5bec9e56ffd64c0ca6726e8d9f40548a3b	0.38166666666666665	15814	chr17:10	0.5	0.12758317109749742	0.2720033562972407	0.5019436460403026	0.0872836765390005	0.44159848860874984	19	False
chr17:60941325-60941925	chr17	60941325	60941925	test	0	845d80efb282833e07161ed95b2627126dee78005e29214c8c423e241fa3cfcf	0.30833333333333335	41735	chr17:60	0.5	0.060363003148813606	0.17930742309967718	0.09237409805988789	0.1521087400210101	0.6253313158425354	15	False
chr17:22436753-22437353	chr17	22436753	22437353	test	0	4c854bbabb8e8389f04c4a1c1c12afc97b3791846007d2cd48965569b7ee8fb4	0.4033333333333333	1664	chr17:22	0.5	0.1929546067373406	0.5646938509695912	0.2374605002881267	0.1558716111949937	0.37162439391766583	20	False
chr17:43381736-43382336	chr17	43381736	43382336	test	0	dfec1eeeed76dd22d4aa76f2f70f20a1438a6305ce9c9107b23dd540e73c4bd8	0.5183333333333333	5380	chr17:43	0.5	0.5435019195833495	0.404107770303571	0.31063546053195507	0.32000915366927496	0.5595859861977943	25	True
chr17:34019944-34020544	chr17	34019944	34020544	test	0	bbe4e7a79da3c46de2c468f174ee1a41e9e60e7b84cde2d95a092c53fc564e60	0.4533333333333333	13473	chr17:34	0.5	0.24666332939733368	0.28989283863018217	0.419420662982761	0.06935579306566227	0.4698400905183292	22	False
chr17:64474283-64474883	chr17	64474283	64474883	test	0	c03cd82bac2f554b30b120d89757a259aefa14e1e84c3d4c76122e715a777334	0.45666666666666667	22470	chr17:64	0.5	0.28915573066280936	0.2352846799510629	0.4274445360128019	0.0645868773009593	0.5135008473011865	22	False
chr17:82505397-82505997	chr17	82505397	82505997	test	0	d39673263ad7783c52784237aaaf59c08743913a538cc041406c502a37e1386b	0.4716666666666667	13991	chr17:82	0.5	0.427867114349667	0.28561788480402084	0.5820940450855232	0.009606093539900364	0.5237312986704593	23	True
chr17:37060849-37061449	chr17	37060849	37061449	test	0	c7182a0d36d72fcc155e2d4622c1228a44df21e5df822ad98a15e5b3e3daba2e	0.47	8260	chr17:37	0.5	0.3796695376784162	0.3485536443853074	0.4241462963971227	0.2252466175076701	0.3684688608759784	23	False
chr17:47599165-47599765	chr17	47599165	47599765	test	0	5f54bd7c94cf6b32f447f69734b6882ee56f6c6c30eb72f685d0d7b14797630c	0.3416666666666667	30628	chr17:47	0.5	0.08218906688261271	0.2058766791418677	0.12974342235460717	0.05003746924513085	0.602915482726125	17	False
chr17:58157155-58157755	chr17	58157155	58157755	test	0	dea3b6fe9b9c99bde2f28b076ea352f1a1ad33d1b9dbca03651dac11bb08c705	0.6016666666666667	9072	chr17:58	0.5	0.9702844165611517	0.33687668825445766	0.7683279762496109	0.9447471455311985	0.4823899394269516	30	True
chr17:7683959-7684559	chr17	7683959	7684559	test	0	53450a8b8228fa85cc2983ddd5d4528400d196e74c8069bf9284f612d11508eb	0.445	1811	chr17:7	0.5	0.26585806385648697	0.5531615643723229	0.218872225069437	0.21093247303708187	0.4874373782344654	22	False
chr17:28605423-28606023	chr17	28605423	28606023	test	0	5244e50d1a7bc90f5ecb4e19be238925bf547ac6bb671556a939650c55752c6c	0.5	2239	chr17:28	0.5	0.49794183191253344	0.5240333350121075	0.1641312859367774	0.056239610307374045	0.6396618777592151	25	True
chr17:82635757-82636357	chr17	82635757	82636357	test	0	d31b6a0c165f8a42de5260916151caa1469957ae7e171cf18d4a89cbbe58f874	0.4866666666666667	12386	chr17:82	0.5	0.6229658239638081	0.29955971840381707	0.34781409200129343	0.09904021425533467	0.49992743857288846	24	True
chr17:3062612-3063212	chr17	3062612	3063212	test	0	5e2005f06f383584d500858c895fad6cbf8fab334e490c189e17c7e0a3c8451d	0.5133333333333333	694	chr17:3	0.5	0.41706437358194126	0.6777193403910864	0.3230325654579521	0.0680329957708486	0.4497004932942204	25	False
chr17:16305843-16306443	chr17	16305843	16306443	test	0	0ab353e9b8702f60de4b165d42028bb4881cc9d10e27402629928f94364ae4b6	0.48333333333333334	24130	chr17:16	0.5	0.5253210323861097	0.22826823527719065	0.24220383988780506	0.0312705843186693	0.5573024555255104	24	False
chr17:32976557-32977157	chr17	32976557	32977157	test	0	d5a780f8fdd4f712223193abb7778a54f239b9e6bc4e58ac4be5371572076e7f	0.4116666666666667	6482	chr17:32	0.5	0.13019415634871198	0.37956526160136955	0.5688679235747001	0.10460032762416366	0.4292965747303319	20	False
chr17:81317370-81317970	chr17	81317370	81317970	test	0	afc282d27647e4b019308782d2b967a38cf5f84148b573c71a6bb1f954397bb0	0.52	6545	chr17:81	0.5	0.5702689859015091	0.37830681780909575	0.8253440193805403	0.3507708349879384	0.5704010616612507	26	True
chr17:80500566-80501166	chr17	80500566	80501166	test	0	307a77320ffbe3ef7eabccfd2c390d4ec6f8b189c4ae343457522254ff92f127	0.5833333333333334	24260	chr17:80	0.5	0.8259624013756901	0.22774532045037166	0.7063556143755386	0.8093212086645928	0.4683900988010419	29	True
chr17:61184796-61185396	chr17	61184796	61185396	test	0	7e5d9ef3262ef130779ff4beea99ef6983e415e90bc2fa67397a6226134be598	0.33666666666666667	48970	chr17:61	0.5	0.06074119258467473	0.16666633416357896	0.057849623364951516	0.020756449953805045	0.5182323217466693	16	False
chr17:20951554-20952154	chr17	20951554	20952154	test	0	82bf0dea2589fbfb6249e59c67103e74484cd1ea05f16487da0730b2c384ac3d	0.44333333333333336	424	chr17:20	0.5	0.22861781012133067	0.7340469664836897	0.14675020182292817	0.2974945658613132	0.5106263907455654	22	False
chr17:55820631-55821231	chr17	55820631	55821231	test	0	876d8278b19edf5251b35596035bea1b5d12c4a20143fe58c2f9b52d080d29b8	0.325	52007	chr17:55	0.5	0.05936623329748614	0.16209670209721713	0.08819820119685351	0.03677853267075153	0.45103673237848885	16	False
chr17:44077992-44078592	chr17	44077992	44078592	test	0	60228aa494922055bb91e211969598406bec44baff2aa787be80caa24bb4c608	0.6266666666666667	7558	chr17:44	0.5	0.8587911012196766	0.35978460968743137	0.43365169182178975	0.7907465695895066	0.5300080499098854	31	True
chr17:55689176-55689776	chr17	55689176	55689776	test	0	dce2318f3f5e602b3f858a3bab95b5bf23163bd155f3b8ca3f4eeb84c330abd1	0.38166666666666665	16214	chr17:55	0.5	0.12758317109749742	0.26927716678183417	0.5415730430018287	0.1131438043390156	0.5337650125746533	19	False
chr17:57469715-57470315	chr17	57469715	57470315	test	0	00e364e675f8cbcf3fda50af536929fe87c5c6eb6c199cbaea7fa9b19a8b2239	0.5066666666666667	17045	chr17:57	0.5	0.31673096378836896	0.2638743575058784	0.3324418282007113	0.116599548095993	0.4108509063231235	25	True
chr17:22599642-22600242	chr17	22599642	22600242	test	0	7e0270028cc258f4147c39065a6705a776f5a39fa2e8fa5ff77f73acca404575	0.36	47232	chr17:22	0.5	0.08210585475605578	0.16945988981562002	0.30250443899351953	0.042911772138109414	0.42621380523949814	18	False
chr17:10001475-10002075	chr17	10001475	10002075	test	0	cae213f41f3908c77d80909f239c3f7bb88982d330561c3d9efff953b5734e17	0.475	18226	chr17:10	0.5	0.3280965985235856	0.2567427576285713	0.29641326956874686	0.2984094997201773	0.4891043144832322	23	False
chr17:80299362-80299962	chr17	80299362	80299962	test	0	f93c028bf216c167af75cae01781e546ee83d8fd09048e8ec08bc9be234670d5	0.36333333333333334	15988	chr17:80	0.5	0.09204097481078852	0.270806961475272	0.4684609489079849	0.031326032427605774	0.45772460159631334	18	False
chr17:61884547-61885147	chr17	61884547	61885147	test	0	384c6822dc78437a7905b53d8e6e3044d1658de17220bbaf8f9c4e0a14ef0368	0.3283333333333333	10666	chr17:61	0.5	0.07270723937096975	0.317185478805386	0.17324919516427909	0.04674740952997405	0.4980617286438364	16	False
chr17:13398768-13399368	chr17	13398768	13399368	test	0	149af2ba580ca0d2d4eb94225d391fce21b497bf1fa828af08368e4a3afdd57f	0.44166666666666665	20791	chr17:13	0.5	0.2100486407579565	0.2430981140452098	0.4850883983169684	0.031216174961501055	0.5327045585543843	22	False
chr17:77527196-77527796	chr17	77527196	77527796	test	0	bf4146df8c438bace0ecfb5bac65b1986a5c928fbde494f7610763d53b9d1a18	0.5033333333333333	169	chr17:77	0.5	0.4832786258350316	0.8208175980827822	0.6732320962061218	0.8367819134224862	0.5583625100354878	25	True
chr17:57805216-57805816	chr17	57805216	57805816	test	0	3e0b4dd79b24686c3753d1e8beeb830bbb7ca00e011dec9452de45574723c5c6	0.42833333333333334	16068	chr17:57	0.5	0.20333183286975143	0.2702623573052561	0.2133342167195224	0.028516598678388443	0.42912646497124113	21	False
chr17:71809855-71810455	chr17	71809855	71810455	test	0	bb63e08f65ca4f843f2973a208494ed0b8f8a8b1a1c7ca92f865fcd7ce33c35d	0.36833333333333335	66688	chr17:71	0.5	0.0885850060373192	0.14427953354675357	0.09548936584455496	0.02346745752932416	0.585730462670338	18	False
chr17:68729200-68729800	chr17	68729200	68729800	test	0	ebde2777713b332fcdea9a737dfd51ef3b3b6d3e279b94222b811692aace187a	0.4816666666666667	4026	chr17:68	0.5	0.2654274828202095	0.4432183859859022	0.24641335576600118	0.1025615973754585	0.6130800609970609	24	True
chr17:66048314-66048914	chr17	66048314	66048914	test	0	cbfdaac880315371d3b6d332cbb5966c4a95fa63a3ea0d486edfc0764bb3c5be	0.41	143068	chr17:66	0.5	0.2349245157717262	0.09955002342114011	0.36299219405725175	0.0432503197628578	0.5168384870219453	20	False
chr17:17638552-17639152	chr17	17638552	17639152	test	0	63b69271d6ad3c388e8869dbb32903333de1c2326b9fdc51aadeee47711bdb57	0.51	6092	chr17:17	0.5	0.3869992197333274	0.387676706392614	0.8652273813705395	0.06456422776645493	0.6198845131745293	25	False
chr17:48309872-48310472	chr17	48309872	48310472	test	0	13e79b856de2415517da1e662e3e8e31b59da402cc6b9bddbd26d0401d6c00a8	0.385	2845	chr17:48	0.5	0.12119346964692418	0.4909547404234799	0.06854550584154478	0.3139690740370166	0.5878006073505632	19	False
chr17:72904629-72905229	chr17	72904629	72905229	test	0	19cc8cb51b479a5d8204aea25a62e3544f03d7e4f5f982b14c351057c1f81cdb	0.5216666666666666	65891	chr17:72	0.5	0.6811406671494556	0.1451022393683006	0.2569813913008641	0.12162878653447975	0.5653540491371861	26	True
chr17:79284441-79285041	chr17	79284441	79285041	test	0	1088af4c3cc942550bc69b078cb37db4b0c81659fbccce2a9735177a69863f9c	0.53	48937	chr17:79	0.5	0.5495389504303958	0.16671810809505053	0.36767699690145533	0.13346180166023605	0.5339751689728656	26	True
chr17:74458156-74458756	chr17	74458156	74458756	test	0	7cb064c5260467e540f6a5968e9c6c6518b651e980d8817bae02b14413db632b	0.5366666666666666	7930	chr17:74	0.5	0.5659233870739245	0.3536892015287774	0.48024130305166624	0.14681308396582554	0.45473120292274366	26	False
chr17:18366287-18366887	chr17	18366287	18366887	test	0	007750ebd632f5873fcf4a85da5f798db46b936fd7a4796a0c916fc31fd71fc9	0.4583333333333333	3038	chr17:18	0.5	0.29258121062823395	0.4818917109319752	0.37181893819510226	0.008298704346586156	0.3923012109610304	22	False
chr17:15960983-15961583	chr17	15960983	15961583	test	0	629349d286d1763a302b8feac155ad6e48218d76f30c757945d17282c8a78d97	0.43666666666666665	16154	chr17:15	0.5	0.23313923887888993	0.269680687260896	0.3570243107918602	0.032981831079421986	0.5363533579642222	21	False
chr17:31704494-31705094	chr17	31704494	31705094	test	0	ffc30d2483b237105553684f06af8e63b35df731733bcb8e3ff683cdbac134dc	0.42	5151	chr17:31	0.5	0.2710754026474568	0.40991136943422407	0.35933281429950364	0.06254102589857762	0.5768106119899314	21	False
chr17:42649862-42650462	chr17	42649862	42650462	test	0	012e5945afdbc2166c25c3eb2764cfdfaf5f82ddf7c16eeafa4791f4a24898b8	0.4716666666666667	9060	chr17:42	0.5	0.5648321114995589	0.3370401830059751	0.5796492407904784	0.6240749012872521	0.595369453820033	23	True
chr17:18929483-18930083	chr17	18929483	18930083	test	0	fe3f25ed71d67daed98c8f8f9658b106c0342d98e21881feccdbfba4394aecae	0.3883333333333333	14215	chr17:18	0.5	0.13516187370332922	0.2838294207575511	0.45906331150558255	0.050599512622509016	0.5257681080456141	19	False
chr17:47086103-47086703	chr17	47086103	47086703	test	0	905382df229fe1e091f9f891adddebc47a864541dcffa9fbbe98710512822eec	0.41833333333333333	13491	chr17:47	0.5	0.2501761167492962	0.2897409066898413	0.2921218414323734	0.05373462920261071	0.5247082605510248	20	False
chr17:51429337-51429937	chr17	51429337	51429937	test	0	90b3447a00ef48cd0b6eb207d5b479ebf6d852741874b6c25ecd6e3f986ac893	0.4816666666666667	10015	chr17:51	0.5	0.30276576349432816	0.3247739645779165	0.23397583229936095	0.13882716654799443	0.520693430811235	24	False
chr17:11368499-11369099	chr17	11368499	11369099	test	0	e1b1244e002874389b386b17c19b8bc46fddc46848c490755d71c4ae832f75cd	0.435	80595	chr17:11	0.5	0.3212977881085978	0.13182468305878436	0.5820940450855232	0.17485583087752388	0.6494801533156012	21	True
chr17:51144475-51145075	chr17	51144475	51145075	test	0	ed1789d470946cce1560206831098a603ed2f3ee153b4f5ee78317bb1478baa4	0.42	8173	chr17:51	0.5	0.16349896998869745	0.34988405249882926	0.19551528448682204	0.1887537635024094	0.5455505368378905	21	False
chr17:75462854-75463454	chr17	75462854	75463454	test	0	099a8c418cbe5b181d60b690189fcd1c5a8cb5a8af33d4518a60cd7e8452a691	0.35333333333333333	5972	chr17:75	0.5	0.09931806120067246	0.39029075847768885	0.5609148505572192	0.026159077250791078	0.5253588310457403	17	False
chr17:72672871-72673471	chr17	72672871	72673471	test	0	bba74dc3493271ba25ec187ae70eab027f4ae0a4a585c273de405df4f88e08e6	0.4666666666666667	9020	chr17:72	0.5	0.31005898861171594	0.3375870165023375	0.3642133364083631	0.06186609314561841	0.5109971463296203	23	True
chr17:62881430-62882030	chr17	62881430	62882030	test	0	e2ca9d4a63e2dec94de33efe376be185a460505ed643f2daa7436fe23f759dfb	0.385	6141	chr17:62	0.5	0.14216889290618262	0.38662588900477185	0.5217287050135784	0.1153374159178976	0.4733224097195668	19	False
chr17:50811076-50811676	chr17	50811076	50811676	test	0	e114f33d4f1a4f5e695e4a9d284d1d1a5820fe6f3552437c33a3f0bcee7459fa	0.5366666666666666	18168	chr17:50	0.5	0.4066069205294885	0.2570791895502453	0.22021958264141284	0.3381716169019966	0.42566410248129505	26	True
chr17:44456701-44457301	chr17	44456701	44457301	test	0	23deee1340e8dfa8ef7ad965d357bc22f2ed60cdcf894d7f09b7f6cdd7fa0670	0.41333333333333333	29813	chr17:44	0.5	0.1941646297348243	0.20832536443164285	0.4583294730219404	0.020564880595335677	0.4831702707738817	20	False
chr17:3194815-3195415	chr17	3194815	3195415	test	0	d1fba7d418653a5ec786023042b05eab519765f71c193137dc5a694fbb7a2214	0.44166666666666665	2403	chr17:3	0.5	0.2100486407579565	0.5142807566953298	0.20571388686444558	0.01675541455449229	0.47668892829087034	22	False
chr17:44755087-44755687	chr17	44755087	44755687	test	0	a0e81f3f8bb5ecf76d7193b5a7caba5333fc506c5414592aa99864c960f0fc57	0.5033333333333333	2476	chr17:44	0.5	0.4151809406759722	0.5101481530904385	0.3432494325092158	0.029520992223522013	0.45360071087088605	25	False
chr17:49188536-49189136	chr17	49188536	49189136	test	0	b9ef15c904e8e2960684366ab51ad6d5da5d026c8bdaffd715e49ac9da274d8e	0.5016666666666667	20548	chr17:49	0.5	0.4111543319941346	0.24429616371674484	0.2040349369577678	0.13972857332679947	0.570717443201279	25	False
chr17:81821805-81822405	chr17	81821805	81822405	test	0	3039eb2b8d19969a3c2adf2d92db7afe61946e676f0b878cdcca91082a8405ea	0.635	2381	chr17:81	0.5	0.8067235786575366	0.5155504686386142	0.4196826017120561	0.8692895526616923	0.6142057795599349	31	True
chr17:38355921-38356521	chr17	38355921	38356521	test	0	5dcc2c0ce6d18b1b998ae2b85c2fbfb25bd50ca4e00a57c26fbdbe075eec0197	0.5383333333333333	4378	chr17:38	0.5	0.5699985093095352	0.43181613988038947	0.35862550505371293	0.1543600898906807	0.5939477452937841	26	True
chr17:3643468-3644068	chr17	3643468	3644068	test	0	938c93f457a320ae1b0d4e5e2c232853cedafba8197c695051b552ca024e0c6a	0.49833333333333335	7008	chr17:3	0.5	0.5848535295433633	0.3694612482386333	0.6806832604005331	0.0880350146000878	0.4424033700298753	24	False
chr17:80958025-80958625	chr17	80958025	80958625	test	0	b45da2d798f2febee8290d5920bd57311dbe9a5955a94f48e0dec5204d4bf1e8	0.5016666666666667	3387	chr17:80	0.5	0.6363900498936909	0.4669048554662715	0.5899397429688276	0.21660084876760596	0.4547932624726106	25	False
chr17:29274845-29275445	chr17	29274845	29275445	test	0	ee043264e29e5461223e248f4b0a23e156cd25591b7501e3812dad43c0ba874d	0.4216666666666667	18634	chr17:29	0.5	0.20748768903649317	0.2544139224152218	0.10898829515843432	0.020314978312042202	0.5660605325693605	21	False
chr17:8287729-8288329	chr17	8287729	8288329	test	0	104e3ad64b4c54aa86237ded01ef576c3eab4b8f178cc6a13f6de78a9616f9bc	0.5266666666666666	601	chr17:8	0.5	0.6719346974393586	0.6948178883755799	0.3842913946674683	0.1900808408120176	0.45418419388434567	26	True
chr17:57329042-57329642	chr17	57329042	57329642	test	0	05b0c5ade7457b9e5c66f6aa863c1cc3ddd9e3e321785ddf35db042d991d84db	0.39666666666666667	34658	chr17:57	0.5	0.10521266770381323	0.19492681420993807	0.7362615047759207	0.24586369246599743	0.5316672187666239	19	False
chr17:6096511-6097111	chr17	6096511	6097111	test	0	cfc971e2e3cffffae81a9c081c901978c475a3233e9e34fb8c7b62be15a79138	0.5833333333333334	18862	chr17:6	0.5	0.6748590388952715	0.253140561289532	0.7189778083784145	0.7523044511265241	0.42134841895451225	29	True
chr17:18014547-18015147	chr17	18014547	18015147	test	0	93fb21dc14a64c841d26bea4eb063ada428009b05d45369d5d9f0f32289a3263	0.4266666666666667	11923	chr17:18	0.5	0.1600462520287916	0.30399790523971854	0.7015633842420845	0.5767334034304229	0.5220811286934541	21	False
chr17:36414424-36415024	chr17	36414424	36415024	test	0	553229b420d3a3ded24e57d2fe5d95da6f7488412421921b65b4f7e51767799a	0.395	9793	chr17:36	0.5	0.1943373656353737	0.3274976357966209	0.14187955480962655	0.07081940512744618	0.5424361218042533	19	False
chr17:28322590-28323190	chr17	28322590	28323190	test	0	4a98178ebb728e0de2c4dfbfd3765fb32fee82b59bcd31b221960c63f4f8ac08	0.40166666666666667	3436	chr17:28	0.5	0.1636499649197007	0.46492917521854255	0.6118637114419075	0.0233338237962601	0.5224811159380938	20	False
chr17:52132299-52132899	chr17	52132299	52132899	test	0	8f288f0dfaa9bec4bff8825713033cba91a193bc86e62bff149882c659d7e40f	0.46	26114	chr17:52	0.5	0.20986557765088085	0.22066351392788286	0.08465559199768055	0.23520502533623366	0.4729677984994963	23	False
chr17:36720241-36720841	chr17	36720241	36720841	test	0	de4b727c367770cc91d40fde2e890fdb83c64dcb0644faa539fffd29fdd064d5	0.5166666666666667	1879	chr17:36	0.5	0.4028716855367223	0.5481212988493931	0.08575537376361606	0.2394828953980389	0.4782584183834781	25	False
chr17:52183058-52183658	chr17	52183058	52183658	test	0	37d028f666877395640b197b4b60ddb4eddc03020230a65447617e4d4488c24d	0.335	23331	chr17:52	0.5	0.071009074559393	0.23156458756517714	0.45158564561274417	0.04977222859474685	0.3585503134570617	16	False
chr17:14785877-14786477	chr17	14785877	14786477	test	0	5707d1764698cae89ff3e49d3fba374ddcbbdc78c08133f516b7cbf0003327a4	0.38666666666666666	5815	chr17:14	0.5	0.1684014626636889	0.3938011284115999	0.32222332961947475	0.1142043126655366	0.5264433432393519	19	False
chr17:82729960-82730560	chr17	82729960	82730560	test	0	1fbf8478b4343f1257682ffd070005c2823f9f5a1d68a128d87f5b0483196c90	0.54	3882	chr17:82	0.5	0.7716017772023409	0.44819252347952343	0.312018545752708	0.16528065492402766	0.3984630688706194	27	True
chr17:52372274-52372874	chr17	52372274	52372874	test	0	002d2ee7d2461e1952d6e8c23d15147561d5b12b6c2452077c7477496ba016ce	0.2916666666666667	17254	chr17:52	0.5	0.043314950640272104	0.2625675820458676	0.5099345233529616	0.013962630573828011	0.3713580584841755	14	False
chr17:41806847-41807447	chr17	41806847	41807447	test	0	acf46e8a3ed3a7b2af649e4ca38d9ed71712d759a0d6761dc7789433bfcbe078	0.54	4801	chr17:41	0.5	0.45983417756421374	0.41935253058620703	0.3518085642128069	0.07744245670447106	0.5122510927069652	27	True
chr17:12542015-12542615	chr17	12542015	12542615	test	0	4c9d6956adecdd11c462fcb8333e2ce10e24baaf5d90f5f9ba16f629fcbc2a18	0.37666666666666665	7437	chr17:12	0.5	0.12213979977510121	0.36184238960201187	0.2007604616837798	0.06047330124976278	0.5541103788837081	18	False
chr17:44401465-44402065	chr17	44401465	44402065	test	0	388b3c58cd74ff15bf2118d03de742e26c7c2e4b9ea243c7a2fddbfea8a93bd9	0.43833333333333335	7592	chr17:44	0.5	0.2893826266903189	0.35921322827554303	0.27294366557366356	0.04708076597738713	0.7010102017907477	21	False
chr17:36073078-36073678	chr17	36073078	36073678	test	0	f04b0068810d49e60b574eef07682c17805a028d2cd2df74a22905aa81231d74	0.4166666666666667	501	chr17:36	0.5	0.1590068980459191	0.7156905497762801	0.3514905507615169	0.09057968180576825	0.49097312077014554	20	False
chr17:58807323-58807923	chr17	58807323	58807923	test	0	ebd2ccfc1430d807e49423be616b21ed3e2df8b6462b384bdaf67923fdd48b3f	0.3016666666666667	22016	chr17:58	0.5	0.06182351302540683	0.23732132475273945	0.08737766390812687	0.026205269574297075	0.5961526086914821	15	False
chr17:64492248-64492848	chr17	64492248	64492848	test	0	98dd5358b3222f2719ad73783c17c34b66a2658258a11d51944d373269a5df0f	0.335	4505	chr17:64	0.5	0.09148688727575319	0.4279419064463474	0.095860577929515	0.03818877199486386	0.49345974176900426	16	False
chr17:2825548-2826148	chr17	2825548	2826148	test	0	7814315ff030b51cdb515840c0cab4f568015f50b89eaaf0cb5f7479bc118faa	0.505	27824	chr17:2	0.5	0.600886364659133	0.21469168316514137	0.29371646524029776	0.5277362834321196	0.43987981318429165	25	True
chr17:78574781-78575381	chr17	78574781	78575381	test	0	a72b820a01e9c8239f07e312eab0eadc70694649261a18e33da6a026a3069962	0.5466666666666666	2314	chr17:78	0.5	0.7670833799703057	0.519489477273393	0.5291599919582893	0.7488856618192066	0.34037576110582674	27	True
chr17:39221114-39221714	chr17	39221114	39221714	test	0	075ec5125ce057f29e645bbbcea3679bec6d3abf93b25430418bf8d8e6cf0ff3	0.515	4530	chr17:39	0.5	0.5352499082663145	0.4271931427895338	0.24497194373753578	0.21155098068651576	0.5135810265884233	25	False
chr17:65362858-65363458	chr17	65362858	65363458	test	0	14fb09e87ddf23489b315e6a8de7ce7731a5b338ba5ea769f071e82b67fad9ec	0.4583333333333333	75701	chr17:65	0.5	0.2739301436308244	0.1358396859596433	0.20193931680999416	0.06613008098343964	0.5173278063906659	22	False
chr17:54122260-54122860	chr17	54122260	54122860	test	0	5de9728634d4f21fc0553bbedae83cd2549a8e10edbb20c30bb54a1462227e88	0.33666666666666667	55736	chr17:54	0.5	0.07211244727079852	0.1569633539965831	0.12238282089461922	0.011536068691769548	0.41642413464508	16	False
chr17:75930083-75930683	chr17	75930083	75930683	test	0	8e51d34523501519ffc85c72d318fd2b28e4e826b719bfa36f050da37e269601	0.5	10658	chr17:75	0.5	0.4294953653877607	0.3172753309847611	0.5870715302654218	0.7146296112633973	0.5596213971136459	25	False
chr17:58801065-58801665	chr17	58801065	58801665	test	0	2e03b183dad85c1d48ddd3d41ff072024e0d067056cefed8d5d0334d93be9b2e	0.37166666666666665	15758	chr17:58	0.5	0.14849353625949122	0.2723919141299681	0.11813123807909291	0.04833560395471777	0.5476282119707122	18	False
chr17:34603571-34604171	chr17	34603571	34604171	test	0	95e1467716cc37f965c514c46eb19f466d20a6afcd2534d1d52175144defcb8b	0.5783333333333334	10537	chr17:34	0.5	0.48632403114140305	0.31864430884060113	0.3975731761135076	0.7842469244652699	0.4156759845689361	28	True
chr17:74963052-74963652	chr17	74963052	74963652	test	0	9b4a436c6f8981abc09199ab7624d46fcc5e1686ce51a920b9a1a079f2ec02df	0.6316666666666667	7341	chr17:74	0.5	0.6993678902074091	0.3635026593993067	0.3984989857151039	0.3565610632829922	0.5165147365402039	31	True
chr17:36767526-36768126	chr17	36767526	36768126	test	0	5c92e5aa4ec39c7bb43120e42348688ab989f44bb465575162caac739bc7ab14	0.6	45385	chr17:36	0.5	0.5853957910434164	0.17258676806459566	0.522274950993641	0.34368651229196384	0.5907101170756156	30	True
chr17:76986903-76987503	chr17	76986903	76987503	test	0	cdc358e6a75e5018325e871a7ae7595ec7c3548ce135088418a0104e4c73b5e8	0.5583333333333333	8452	chr17:76	0.5	0.5511841551225211	0.34567461125149324	0.503473150094299	0.7066282575139752	0.4790139598348918	27	True
chr17:15241072-15241672	chr17	15241072	15241672	test	0	d9a077013325d0cc19b348d822a85fe6647e0c8a6e4531958c7370336e6bba22	0.35833333333333334	10323	chr17:15	0.5	0.10386468007556808	0.32111229031469946	0.12484599188014432	0.03576102141052315	0.47055833210306136	17	False
chr17:79380697-79381297	chr17	79380697	79381297	test	0	e506f10b76eaa8ea77e9d2517c8a0199c0294aea8a1ec903e35c6afa5df0b3b5	0.51	101600	chr17:79	0.5	0.612772621964847	0.11784667535745316	0.34250695239740747	0.16955513070046474	0.6148346452332788	25	False
chr17:11830627-11831227	chr17	11830627	11831227	test	0	1378861fb1e50f5b2b547bd90102e93cc23b2140845fc2d1fdefea2ed00af39c	0.375	51267	chr17:11	0.5	0.14122611596246637	0.1631758201749734	0.3444623973917275	0.2204708379107162	0.47983825979684624	18	False
chr17:53438609-53439209	chr17	53438609	53439209	test	0	ea57b7431dbcd5ca9d9991c664c6b39789a0d359b0a7fb6e814286452715a29b	0.48833333333333334	376891	chr17:53	0.5	0.6268585226256832	0.060778315286567436	0.5796492407904786	0.05681629347374004	0.4730409950068048	24	False
chr17:35059457-35060057	chr17	35059457	35060057	test	0	0b52c2269de1bd400c864ae0648810c5a66084413dd66ca18d00684e6465f868	0.3233333333333333	3949	chr17:35	0.5	0.06371242131971687	0.44585426521514815	0.03502781616131185	0.012367691410045014	0.4615000611732568	16	False
chr17:44884484-44885084	chr17	44884484	44885084	test	0	bca58c3953e4eb3bc89cf7dddda1817e2df0382a2c1f99c5fb9d40c576f35ccb	0.445	799	chr17:44	0.5	0.2483125546423393	0.6604978264395412	0.4763335180647026	0.08216236897081441	0.5249620143814269	22	False
chr17:80154827-80155427	chr17	80154827	80155427	test	0	797242e8b684951f4c09b88cbbdc34090fc096386e56b806061202b52505a7a5	0.37333333333333335	5328	chr17:80	0.5	0.109347016550345	0.4054013817975396	0.16180577582558955	0.04270929306350793	0.47549109674833767	18	False
chr17:6893418-6894018	chr17	6893418	6894018	test	0	8815d8168cdbf3d14854a6f0f867f27f6d30dfcfa14b720b7dfb72541ac1d7c7	0.6	11874	chr17:6	0.5	0.8900177204159724	0.30447986616248124	0.4980468091784724	0.8236458580306042	0.6242898593159195	30	True
chr17:7756588-7757188	chr17	7756588	7757188	test	0	16396879c5068fcc2ac866a568a585373342ce8a58a946ce82a134435e47a7a6	0.49	2569	chr17:7	0.5	0.6724210732871283	0.5050544490805098	0.3700410525763952	0.46957186889736324	0.5002564262130809	24	False
chr17:44971562-44972162	chr17	44971562	44972162	test	0	8df5d432316b3b0ecbb0642c6ea6718c6e337b9fe1b81ab7176a26a862cc478c	0.5366666666666666	3494	chr17:44	0.5	0.5883455606998663	0.4626280901430106	0.5754787697230714	0.34104199300184573	0.48541391157035235	26	False
chr17:64765394-64765994	chr17	64765394	64765994	test	0	487fb547797dbac98b3dc6fd731290aa24cfc230fc88623b469edb4b4286c413	0.4816666666666667	647	chr17:64	0.5	0.2837258538878556	0.6861168499193286	0.21460231701029903	0.04004050133039887	0.5277867872957469	24	False
chr17:52962654-52963254	chr17	52962654	52963254	test	0	e160b57a49aebbd45d7a337b41ec46423840741edf4490e8a9f6b15075c9643a	0.37	22599	chr17:52	0.5	0.11519400596341467	0.23471566707847566	0.6516709308840838	0.2000333219721409	0.47422636853576816	18	False
chr17:33837102-33837702	chr17	33837102	33837702	test	0	47dc5b305c2045b18509db2447c67c30e3ded0a766905e77274f4a0c8f3335b9	0.42333333333333334	2836	chr17:33	0.5	0.16809258163040625	0.4913924326938251	0.7086295732373928	0.02715302156028144	0.6036518047132141	21	False
chr17:31089304-31089904	chr17	31089304	31089904	test	0	ffb850abfddcaff1775c68af6126fb1dfece649a3ec1ff7737198c4f43e6f5e8	0.44666666666666666	4820	chr17:31	0.5	0.21843496635042647	0.4188209637458867	0.21510611585932793	0.00909917801051314	0.44991343187679955	22	False
chr17:60159131-60159731	chr17	60159131	60159731	test	0	6c502758c6affe1a67facc62930df60865e951bc331e92ba21e552dbb9c71497	0.5966666666666667	9459	chr17:60	0.5	0.8044683735711234	0.3317369578232526	0.45012484926978213	0.49712586877583254	0.5316027167206419	29	True
chr17:74805061-74805661	chr17	74805061	74805661	test	0	f42160d679f25b3b8a6a0c42a0e25eb5ea627b383fb84bbe588e2c8b9c830d57	0.5816666666666667	28863	chr17:74	0.5	0.7952530282043279	0.21129386120521712	0.6123416142559968	0.8624835331334231	0.4559740741396586	29	True
chr17:49500335-49500935	chr17	49500335	49500935	test	0	c97af7d3e80deffc2d0e53edd13fe9b78d4baf3aa007b07d110f1364c519b227	0.5366666666666666	2836	chr17:49	0.5	0.4973900339486226	0.4913924326938251	0.2512223254460973	0.23228358269787433	0.47255154690508616	26	True
chr17:6208681-6209281	chr17	6208681	6209281	test	0	9e93668aeeb27613df97a55ca98f3067cfae1c23854cd6a2bb29b0da87e43b8a	0.49833333333333335	1819	chr17:6	0.5	0.5623826271961412	0.5525594175049294	0.5981539104745159	0.29255964243121957	0.31004105294219086	24	True
chr17:39213528-39214128	chr17	39213528	39214128	test	0	aaae4f05e5021bd4d6dd0b6c36b54c51bebe4c942ab7a843cbb41b7a6d8b9356	0.5566666666666666	3927	chr17:39	0.5	0.6356235788489508	0.4466173909001347	0.35190177814725776	0.06389808440533605	0.5549012487904875	27	True
chr17:66631552-66632152	chr17	66631552	66632152	test	0	ceaf59120bba6ba5578ab566a9b744d42dd65a9ca7d374436f93fb9e0218ee37	0.36833333333333335	6418	chr17:66	0.5	0.11351209411843208	0.38085795051783794	0.39893173788971437	0.006504510891477372	0.4773233431255622	18	False
chr17:51282114-51282714	chr17	51282114	51282714	test	0	d633feb1f7e48453facb0077b3d8acd34a45276c60f2ae6c2897fd28ef8ed68b	0.355	16231	chr17:51	0.5	0.09278370339922251	0.26916317656183364	0.1469171733199221	0.1369380024380234	0.46615159339537504	17	False
chr17:42783999-42784599	chr17	42783999	42784599	test	0	595a48030928d9af501278724e88ad4cac9bfe0b06d307804e78d51cd1ebb62c	0.6066666666666667	3690	chr17:42	0.5	0.9375384723584452	0.45513673672337857	0.6967906328284315	0.5812488520099739	0.3840382744851894	30	True
chr17:47249366-47249966	chr17	47249366	47249966	test	0	e49222afe721643d3d91755b122a05b6467010826c4297f700a525eca5eb12f3	0.3016666666666667	3982	chr17:47	0.5	0.04763720637447282	0.4447179834935504	0.23285968233518914	0.013836674851146364	0.3708526551049612	15	False
chr17:7609338-7609938	chr17	7609338	7609938	test	0	56ff25cab60ca392b3925a9f168084e882976fa0830c405948e2ed8b8d647b95	0.3983333333333333	4425	chr17:7	0.5	0.14723867482378655	0.430368423797809	0.2667694665157532	0.039776130367758795	0.5626175855204021	19	False
chr17:28262138-28262738	chr17	28262138	28262738	test	0	181593ef3a889ae9651ec096edf553b0670982d95f904cb8a0ab33ae4cc087b4	0.44666666666666666	6001	chr17:28	0.5	0.32663267044748956	0.38965366146805125	0.49781916802123943	0.4628644444546958	0.4936846601806185	22	False
chr17:79182374-79182974	chr17	79182374	79182974	test	0	47988a00db4a7fda5b4bfdcd29d9dff663369865b091018d8449b4c40ac2453f	0.7483333333333333	826	chr17:79	0.5	0.99804198651146	0.6563702224679883	0.7829390861217654	0.998128740996532	0.41037031723698103	37	True
chr17:12286961-12287561	chr17	12286961	12287561	test	0	8ea26ce398a011990d10a82e70c92e4571403cf9cbbf2b1b0950836a7f7667a0	0.31666666666666665	78646	chr17:12	0.5	0.06524834440793939	0.13338150662723106	0.12078067203726092	0.03615591805070191	0.48741367073174957	15	False
chr17:57246989-57247589	chr17	57246989	57247589	test	0	dc930a987b924fbbb9ccc86b61e212ab153a86e81e26143bcb582bdb789c58cc	0.43333333333333335	8561	chr17:57	0.5	0.22725362729367377	0.3440740053618801	0.24114624988486572	0.20916160553715016	0.44588049461420093	21	False
chr17:28190260-28190860	chr17	28190260	28190860	test	0	26a85cdc89ecefe4683a7220ae9c926e6fdd77220eea5421d5a300246e501986	0.37	10688	chr17:28	0.5	0.09774494411583746	0.316938802452485	0.12412723030473055	0.13684970729445595	0.442532630396094	18	False
chr17:57198911-57199511	chr17	57198911	57199511	test	0	4ffad2d154c9fcc9e91b0146aa9b7f1c8d6e1e83abfc45819ad7873deb92de77	0.35	2470	chr17:57	0.5	0.09638615306300975	0.510483254228147	0.18139523628830498	0.030487285871451095	0.47263715025566444	17	False
chr17:79170453-79171053	chr17	79170453	79171053	test	0	934b22606ecbf936fc4a57776a67c5b13786035061a29e9726813517f1df6440	0.58	12747	chr17:79	0.5	0.7606948757567716	0.2962375461985298	0.6517695773825776	0.3458334373382398	0.5058594621410358	28	True
chr17:63398430-63399030	chr17	63398430	63399030	test	0	f33ad8d875bca84c2aafa4f5d992bdfaf7c7edeea2045249cbe2c93623887eb6	0.395	15712	chr17:63	0.5	0.16716495435499767	0.2727123818359618	0.21359151082588815	0.02624171700111751	0.5098843258141035	19	True
chr17:63806210-63806810	chr17	63806210	63806810	test	0	ac1b993abd0d17f0bafeb80005bc5d851ee2c34fa49fe71d779fa2d8a73f7ca3	0.3283333333333333	20587	chr17:63	0.5	0.07270723937096975	0.24410266282082763	0.2263530445422977	0.02689802379215577	0.4795309891112305	16	False
chr17:1822068-1822668	chr17	1822068	1822668	test	0	47b2c15ef1955722e2a6f5fe7b09a01a894467be8feb99652eb3d1f197190f1d	0.39	6759	chr17:1	0.5	0.16034319721994542	0.37413262458477003	0.3299676641597994	0.032699688061884884	0.4686089000889087	19	True
chr17:7167467-7168067	chr17	7167467	7168067	test	0	54d3683961c591b6272e865535abb5498f6778dd410809b587eb25ac0d4bc7ed	0.44333333333333336	1261	chr17:7	0.5	0.38201791330176244	0.601918618705831	0.166299745511866	0.2300531788392577	0.5832893744512582	22	False
chr17:54673877-54674477	chr17	54673877	54674477	test	0	ad1f3355f57b3174688e0103a8b8211ef954f3d3a648df66569959e865cb1cc2	0.395	3758	chr17:54	0.5	0.18035236979486433	0.45263470481226514	0.12916661873663096	0.6330094130227643	0.5772955046363254	19	False
chr17:79635345-79635945	chr17	79635345	79635945	test	0	5065ea475ce7c19fb0968388fe01cfbb3aceb981f4da34609ceef5e66f8de7d4	0.365	24329	chr17:79	0.5	0.11955190316265336	0.22746925194174952	0.42240956956853437	0.20532775124766675	0.5468497915714	18	False
chr17:65424210-65424810	chr17	65424210	65424810	test	0	f021c08deb839afe8765714f45f2eb8a89793a24b23b658cc1c738ea66c40bf0	0.4633333333333333	33030	chr17:65	0.5	0.2839501911484528	0.19913536640361068	0.34322207446607617	0.1392718769131529	0.5011481991542829	23	False
chr17:29440524-29441124	chr17	29440524	29441124	test	0	48843159a2b9c3027dfb083e83e1958403173f41b04788caa30e2640f8c05d14	0.40166666666666667	4575	chr17:29	0.5	0.1636499649197007	0.4258565521889451	0.3255914494803469	0.009389972788997484	0.3898012235144146	20	False
chr17:3345030-3345630	chr17	3345030	3345630	test	0	7fb0e834ce49796a63089ec18ae32e92bfc15206282c35dd649d31e21925945c	0.3616666666666667	9276	chr17:3	0.5	0.11609967863107054	0.3341357408058952	0.1702252675564303	0.05349177148988806	0.43517869645713847	18	False
chr17:1057597-1058197	chr17	1057597	1058197	test	0	9694a751736051d406e24d075f9f080900ec724f6d8e5113621b373dcd188fd2	0.48333333333333334	21248	chr17:1	0.5	0.4794080953109764	0.24089297447791652	0.4162177874347914	0.7444178939032519	0.5146806389290819	24	True
chr17:62231825-62232425	chr17	62231825	62232425	test	0	a2531b6f00e916b6e0b661bcde9363451a03e575f66d113175614b72f5937683	0.425	20723	chr17:62	0.5	0.2628430779658714	0.24343155276467535	0.2722134885331929	0.18575479224944505	0.46811016266142025	21	False
chr17:55042694-55043294	chr17	55042694	55043294	test	0	951d94387c22ac011a5778ac01eeba64491f318e77cd55bb1f47f75651b2f75d	0.28	74200	chr17:55	0.5	0.04231668596393803	0.137144820526592	0.07742930948513585	0.0205888522534644	0.5236456487683351	14	False
chr17:12237139-12237739	chr17	12237139	12237739	test	0	456dd00107cdb0fe2838e8f8a61f0bb3e7cc935360cf251bd131ec82489d8005	0.37	35840	chr17:12	0.5	0.11519400596341467	0.19203338496950348	0.09299602091983289	0.10803384599810566	0.36785971108422716	18	False
chr17:22685710-22686310	chr17	22685710	22686310	test	0	76244bd356011de35b5f5f55456730566cb9823413d1bbf69a7b1b3d0a2fa550	0.35833333333333334	6671	chr17:22	0.5	0.09561762642680507	0.3758306706119474	0.1550734843434475	0.36368333330366787	0.465139984724872	17	False
chr17:54109756-54110356	chr17	54109756	54110356	test	0	16bdd0cb574e9e93d7a77fe5be3e9177ae0387cf663639569afa9fa661190d07	0.3566666666666667	43232	chr17:54	0.5	0.07963713118176123	0.17645794692550046	0.10171665258145153	0.052172014080594215	0.3533471146136385	17	False
chr17:40412255-40412855	chr17	40412255	40412855	test	0	2412996d0048447f7bbdd2ceb29ce96022e314eb335821d02ad8a3d4598b52dc	0.43666666666666665	5340	chr17:40	0.5	0.2675900410408799	0.4051016215644324	0.2397082300318243	0.019410454420082233	0.6421546737445781	21	False
chr17:76765256-76765856	chr17	76765256	76765856	test	0	db772278162762c1e8d9612072da6066d11517acfb62774e2915af55ab992f26	0.3933333333333333	12645	chr17:76	0.5	0.15259977369156935	0.29716443826532596	0.38785815916168453	0.037146661797860914	0.5377305489781009	19	False
chr17:10333828-10334428	chr17	10333828	10334428	test	0	fcade35a2f30b1053d822561a0d70efa84dce6ae7ce951c838a209f600130033	0.5116666666666667	16484	chr17:10	0.5	0.48106756551119406	0.26748425004505955	0.7960694901531915	0.391808057608321	0.4608259580631115	25	True
chr17:52537171-52537771	chr17	52537171	52537771	test	0	321f0f7bfb31dd736c48c6a7d15b1877dda67535e1916de3c16cf49868811bc0	0.36666666666666664	66267	chr17:52	0.5	0.0948545843228114	0.14471239496451607	0.05912592185380306	0.3867916035555485	0.3999428015585884	18	False
chr17:51490834-51491434	chr17	51490834	51491434	test	0	45ec77876fd226ddb255e7ebd5bb86fccb8de67a3acf8ac35195e084324413a1	0.49833333333333335	51482	chr17:51	0.5	0.4937902881683067	0.16286009911589952	0.25623249163751316	0.06693044229282764	0.46035359570766077	24	False
chr17:73679713-73680313	chr17	73679713	73680313	test	0	2a10ae9f30fdd906efd457a40b8d1164a8d25820dd11a400475b1ac3473281a1	0.4266666666666667	16104	chr17:73	0.5	0.17278859493402488	0.2700183934560583	0.6181369483156884	0.03764869030431977	0.6277238021530287	21	False
chr17:69649806-69650406	chr17	69649806	69650406	test	0	37c5cfdd7c62c8a2790ccb9647ae41e3c6dca53df4dbae092078b1614e447716	0.3283333333333333	55322	chr17:69	0.5	0.06674986960339928	0.15750961777481348	0.22999500793253735	0.11639669181768056	0.4603713276920351	16	False
chr17:44785910-44786510	chr17	44785910	44786510	test	0	12b9d55cf587d8911f726c605ba13b0a1c8be4c4b6ea5a4722074e3b6bbf37ab	0.55	3893	chr17:44	0.5	0.5982303364898164	0.44780571425687876	0.6119012679965631	0.31834102960328975	0.6173838446129402	27	True
chr17:13459043-13459643	chr17	13459043	13459643	test	0	bce76936af709e3c3005663a11ae2439fe52edc1da5294dacb336f5e5597842f	0.40166666666666667	39484	chr17:13	0.5	0.17661889295677158	0.1838630968599441	0.20186713776486165	0.019595387812361108	0.5626526305074936	20	False
chr17:69418411-69419011	chr17	69418411	69419011	test	0	3399a45d2f6700befe0d31d98c8fafb768e12322d72c8fadea2a7b5171377110	0.2966666666666667	3463	chr17:69	0.5	0.04958258442463191	0.4638529962798026	0.05597163124867789	0.1166472176905992	0.5187671730650498	14	False
chr17:78629473-78630073	chr17	78629473	78630073	test	0	731eeaa5e0b06dbf417b31b2e9e6fdc96c031052c61cc51215f8dd0934c61e28	0.5816666666666667	629	chr17:78	0.5	0.8601273521206387	0.6894616450453946	0.8793052482501252	0.7369215541378011	0.6897016596462675	29	True
chr17:76147378-76147978	chr17	76147378	76147978	test	0	e020b467e06524769d8b7338dbcacef6f7ba8762bad1c6e00300236e10122b10	0.5366666666666666	6033	chr17:76	0.5	0.5659233870739245	0.3889546540660207	0.536098541158632	0.709511475234718	0.4479143472565825	26	True
chr17:56210546-56211146	chr17	56210546	56211146	test	0	c5945b4ea7b763b9f04dc6ae58ce3f899e6455cd41f0dd854815de0dbbf73f04	0.3933333333333333	57337	chr17:56	0.5	0.14109232047309	0.1549024292443711	0.4694688697469814	0.015759497769729954	0.5211034264228951	19	False
chr17:47255023-47255623	chr17	47255023	47255623	test	0	518b748c30ec77d66b352e9fb8dd24f4e21cf8fb205c0439eac3ad0037565ab9	0.5	525	chr17:47	0.5	0.7492239777337636	0.7104071433045981	0.4464240823391255	0.2472939947585955	0.5212163398407038	25	False
chr17:67205733-67206333	chr17	67205733	67206333	test	0	8b0e1ca235b3a336ac45b0cfb39e45d710c6d1e935a5db78acb4d901f4d8e623	0.33666666666666667	18200	chr17:67	0.5	0.08541889651377847	0.2568934037143796	0.3889068229126213	0.12536625434884277	0.4011867405134981	16	False
chr17:48747273-48747873	chr17	48747273	48747873	test	0	bd09eaec3e4abc98f6456cba1d9058c728ccb78c980730d5c3d17e12d8a82933	0.65	5355	chr17:48	0.5	0.9870688742857268	0.40472796608223743	0.6691122942521858	0.98127777534615	0.6018693583486578	32	True
chr17:7758163-7758763	chr17	7758163	7758763	test	0	6278c971d8fb88a8def71b49a2cb35c82bf694d440b41041b5ae2a75b0de14f6	0.455	4144	chr17:7	0.5	0.2673738028687559	0.43928122943187237	0.690933679169629	0.041311485329818376	0.40325471392757267	22	False
chr17:81475600-81476200	chr17	81475600	81476200	test	0	51d43a6d78e13a87a4187924b97a07ca76785f2178b12e06353abd8b2da7d27f	0.6	3708	chr17:81	0.5	0.7635057395597272	0.4544697496330984	0.44546051879931853	0.6282846668730414	0.5284485886368023	30	True
chr17:48481754-48482354	chr17	48481754	48482354	test	0	530b4d333f52b29ec24e26c9f788d4d83b3c05072c7ec37fe94f2ffd606963f1	0.465	2958	chr17:48	0.5	0.23432996068354162	0.4855754296094558	0.6175673560502797	0.13964219941942985	0.6322662972847124	23	False
chr17:75991090-75991690	chr17	75991090	75991690	test	0	3c4ab8ea4194a0a3c8b8fae665dbc09a50056d2c45e9aaa158c865426340e6e4	0.44333333333333336	7178	chr17:75	0.5	0.3193697697814325	0.36637968335192395	0.5535373965224122	0.22888554580193188	0.5274911187909421	22	False
chr17:60453454-60454054	chr17	60453454	60454054	test	0	e7c825d78b881de7e5c17eeddcc7ca9287db4e1245110bb06cd6771435eef21b	0.4583333333333333	17759	chr17:60	0.5	0.20712497241445035	0.2594909259958427	0.3689551689861538	0.005963029427545975	0.5489644286795201	22	True
chr17:71779259-71779859	chr17	71779259	71779859	test	0	ea437cce76b21dd6cf26494ab2eb717d2fe709e3da0df21b020b58f4cd6d7ccd	0.45666666666666667	36092	chr17:71	0.5	0.2044108975561711	0.19143301506491991	0.28676990048247814	0.19594819680448958	0.43918548543647695	22	False
chr17:15732202-15732802	chr17	15732202	15732802	test	0	8ccb809f9c96e3fff8d51b380ee8c47d64f57fc2c6f155b07a276fcf6202cecc	0.5716666666666667	220	chr17:15	0.5	0.51565436607305	0.7984810672916358	0.17424357944857757	0.02332030668817492	0.46414597195655716	28	True
chr17:10104029-10104629	chr17	10104029	10104629	test	0	0c4c86c75c98628757cd675bda3be52926c33e1fe95345ab393ac8b27cee0d10	0.44666666666666666	10223	chr17:10	0.5	0.21843496635042647	0.3222866605945392	0.36293711821389957	0.09044222649976204	0.5110380673338152	22	False
chr17:71928716-71929316	chr17	71928716	71929316	test	0	e4c84b0486d43abde47ee03fa21c596aaef683e516a98c9c5c006ccdfa9e53db	0.3616666666666667	21103	chr17:71	0.5	0.09066247454016038	0.24158598117249303	0.15233823022698806	0.24235457508562916	0.32535872194616827	18	False
chr17:28467348-28467948	chr17	28467348	28467948	test	0	94825f60728c6f6cb984c75cf53ac482318fdad50367767a0c03571ee90c5022	0.42833333333333334	5626	chr17:28	0.5	0.4122235237586876	0.39817014534488854	0.149523035246405	0.7546439462870213	0.45702583239448236	21	False
chr17:68612519-68613119	chr17	68612519	68613119	test	0	eac671ce018fdd873c57b0c7df3a3edc1f6c6461aa135c846e8156583bb00e45	0.3883333333333333	11425	chr17:68	0.5	0.11508156796806061	0.3090118652618571	0.11917239086865448	0.10588354575620436	0.44055727804557454	19	False
chr17:50792150-50792750	chr17	50792150	50792750	test	0	5ad2ff0fb12cabe1e3bf82d2f9882cf4024d752cb4a87e85ff2a3d7af9b4b7d1	0.4766666666666667	758	chr17:50	0.5	0.3954353074188028	0.6669901100530012	0.5224147234906422	0.3449618615085793	0.617888991428368	23	False
chr17:42495580-42496180	chr17	42495580	42496180	test	0	3139cfcc420b6d7fee394fb049c4f6dd53c1d123d8b6f6ef911cadd37740caa2	0.45166666666666666	14	chr17:42	0.5	0.35853231247367057	0.9460515456740395	0.31085022870053974	0.125260280852868	0.6132456217053596	22	False
chr17:15119209-15119809	chr17	15119209	15119809	test	0	2611486bacdbc8acc1e46831b54cec86c8cace31648f0383e2b4593da8484272	0.4216666666666667	12377	chr17:15	0.5	0.1788848409358264	0.2996440504698758	0.39435954393271233	0.12808380122232255	0.4768137541264109	21	False
chr17:36753925-36754525	chr17	36753925	36754525	test	0	68d6d863e2ef2712ad507d2afcc741ae30e7e08988ab096c138277fc1358a79c	0.535	31784	chr17:36	0.5	0.44748626531025576	0.20254781725422716	0.14013047010219287	0.4496359072718102	0.5287626843354585	26	False
chr17:14288170-14288770	chr17	14288170	14288770	test	0	64a21c48c1d987338e42431040542772fda2f9b66d0de7d5a7f1de2aa11ccee0	0.4483333333333333	9129	chr17:14	0.5	0.37213644611068025	0.33610355934525793	0.2612979007037083	0.06929834349434445	0.5555641984443641	22	False
chr17:29922080-29922680	chr17	29922080	29922680	test	0	1f42430a8a077e2198dd0283eded270ab7a2d5e579b4028da0ebc8a69f8b281f	0.32666666666666666	7522	chr17:29	0.5	0.07159546811991645	0.36039284640659974	0.6364747800095929	0.024941621567419723	0.45044052067594903	16	False
chr17:29118277-29118877	chr17	29118277	29118877	test	0	a94fd477ec4f5abda529bb1a537026e83b985cf2783814332b9856a8b46ac03e	0.5766666666666667	21905	chr17:29	0.5	0.6601169437039052	0.23782753153806088	0.5825563918664648	0.586188290504756	0.6888672566287499	28	True
chr17:18777633-18778233	chr17	18777633	18778233	test	0	1488b05e2299f17afcdc1a64050fd62dc7130cd7941ab8af885d17099ab88c9b	0.52	3221	chr17:18	0.5	0.7847840502529153	0.47382478374239184	0.33474628985320926	0.09980293641320172	0.557373781138226	26	True
chr17:38275692-38276292	chr17	38275692	38276292	test	0	24b015d90c5243e5f8b9a6ffc7263060b1b0a11fafb9645a00cde79f04c1ae3a	0.45666666666666667	18635	chr17:38	0.5	0.4590053205597346	0.25440829429338535	0.6380857113401402	0.1568443861785023	0.472850165967679	22	False
chr17:29967159-29967759	chr17	29967159	29967759	test	0	410c59f47d09f2ab830c8cb430b31747c52bc2d97fb87cdc958573965498181c	0.39	25826	chr17:29	0.5	0.1266007483822029	0.22171978643802412	0.1418091342285938	0.026833873806575047	0.44911778559446425	19	False
chr17:77669072-77669672	chr17	77669072	77669672	test	0	65bee4b0edf88ec9b0190b8262d22f3f2224e2f78cd24253b30a88e0062b8903	0.3	2371	chr17:77	0.5	0.04294946957690775	0.5161314260822799	0.026697569587742408	0.02191588995140293	0.4552297231443836	15	False
chr17:60645077-60645677	chr17	60645077	60645677	test	0	0559fdf04ff8ff77c20c521208105b7ce30c6992d18efe99fa3232f4c60ae671	0.38166666666666665	17059	chr17:60	0.5	0.16153903281636817	0.2637861919624335	0.5632800474100935	0.0031935884629874867	0.578622478943073	19	False
chr17:70466204-70466804	chr17	70466204	70466804	test	0	90b74a99c39eb52eb5340331ca3a8eca1fcedde29ff36d890847071e86a43803	0.4	77029	chr17:70	0.5	0.11758562038326092	0.13471488005817833	0.8657257964720483	0.22976151210438628	0.4432369695235303	20	False
chr17:36019467-36020067	chr17	36019467	36020067	test	0	aa6af338e9bb29fb2a113414da7455c7af3b9f129d275dda0851476aafdb5fd7	0.37	1789	chr17:36	0.5	0.08993504296554639	0.5548304568720246	0.23767733837176805	0.09622453287693192	0.49927185384638995	18	False
chr17:55255308-55255908	chr17	55255308	55255908	test	0	8eed340b9f9fbf20465bee8396562b944c2ee90d23c37bf39e31cbd12b4531a9	0.4533333333333333	9351	chr17:55	0.5	0.24666332939733368	0.3331459112130606	0.49198264634594496	0.1264084571614924	0.46570709208246264	22	False
chr17:45009680-45010280	chr17	45009680	45010280	test	0	5bfc0a1754364e69067bc1fa594174acefd9e262ca5e6427b2617755d2353bb7	0.5633333333333334	3615	chr17:45	0.5	0.5859314037444663	0.4579530594292959	0.14372372753484644	0.11825734080572733	0.41669946730611795	28	True
chr17:42115429-42116029	chr17	42115429	42116029	test	0	dbd2705d6d4b4e7dae0069f865f63718bd0502002e80f1911747cc197208aed3	0.5833333333333334	2995	chr17:42	0.5	0.7498505137962641	0.4838592677733706	0.9056512813978473	0.4776704147517069	0.442783165798972	29	True
chr17:34812612-34813212	chr17	34812612	34813212	test	0	8bf943a2a99a65cf2746e112d15778e3fd832e8ed62e32f42a960902a7355103	0.5083333333333333	46133	chr17:34	0.5	0.4050038416274183	0.1712998882487162	0.6617716679219972	0.43088648101585336	0.5758950272050432	25	False
chr17:13446795-13447395	chr17	13446795	13447395	test	0	7228388dea4c7b70128133b10a5e48d14a3c0f09c697a40d8a68c1c25cd6a0ce	0.4083333333333333	27236	chr17:13	0.5	0.14821466221520777	0.2166895062871223	0.4314363011558615	0.13815593694132813	0.47323454262404874	20	False
chr17:18511987-18512587	chr17	18511987	18512587	test	0	2d0e17ab85386d448c72c86534139c0ff6e8ce4da584555a5d44920049e31634	0.36333333333333334	5975	chr17:18	0.5	0.1178148353344788	0.3902246911784337	0.8246383939272499	0.08830660877681566	0.44829334671437787	18	False
chr17:15176313-15176913	chr17	15176313	15176913	test	0	1cd19f0b04a724f3bc7a296c6ce70d94cf9485c6914953099dd4cf9ec3d9d0c7	0.3333333333333333	19892	chr17:15	0.5	0.07613863806912707	0.24762323179720191	0.3598799296732557	0.3153518795082541	0.4291420910117703	16	False
chr17:65514987-65515587	chr17	65514987	65515587	test	0	c9329672eb37f6578af571caebb1211e1d09ba0294b7659efdf51f6aedf019b4	0.5066666666666667	996	chr17:65	0.5	0.46864415757827277	0.6326941650895693	0.24327347858616385	0.030237447222695567	0.5602425728050494	25	False
chr17:38298511-38299111	chr17	38298511	38299111	test	0	097c3e143f424994383a22b2170c70a177c52ed6a62fd6fce12671eaea932599	0.4266666666666667	1644	chr17:38	0.5	0.24851860633077938	0.566335668434533	0.10228282194302632	0.02211894662102089	0.5620982675379662	21	False
chr17:35628186-35628786	chr17	35628186	35628786	test	0	68758c0eac7a318e6e1862073dc1c2cdc5940f677d750eebaeecb33ffa0d8d39	0.43166666666666664	34456	chr17:35	0.5	0.16685788625132578	0.19543451523583008	0.27252455539552545	0.014172808630102802	0.5921989231050949	21	False
chr17:17399424-17400024	chr17	17399424	17400024	test	0	a8b7417139e10315bd9574124a7c5b63a5ea3065135a6059c1957336e8df3017	0.5916666666666667	6800	chr17:17	0.5	0.6928084482247046	0.3733500652699577	0.8207716310377619	0.9607087102115079	0.5266095111533889	29	True
chr17:41586199-41586799	chr17	41586199	41586799	test	0	796702902931cc0b293a800b884a8ddd3412e0c44aab89ca85eeb6c7cf790e54	0.6233333333333333	395	chr17:41	0.5	0.8946967651396737	0.7416057963649059	0.8455850506388608	0.3426991716575049	0.48346632604444156	31	True
chr17:76803745-76804345	chr17	76803745	76804345	test	0	b9ecffbdcef3560e704c7d63929f878abb7647d00d76c9426c7f971f7d856687	0.4533333333333333	5002	chr17:76	0.5	0.341408184411933	0.4138420663406215	0.47721901110309656	0.04643380330056815	0.5018623504862875	22	False
chr17:14002890-14003490	chr17	14002890	14003490	test	0	21c582e936bb55342cb1bd1f50550540aa1ffaf490130501e11506f5178cb306	0.36666666666666664	21264	chr17:14	0.5	0.17937167396744205	0.24081687750520753	0.2658059065393102	0.05929636387266365	0.4840437560638609	18	False
chr17:7694705-7695305	chr17	7694705	7695305	test	0	fd368a1133525b55e1d8d91f668d550c54647dc5f1bdee5e23e1c73965f7d830	0.49	6529	chr17:7	0.5	0.6307348539417177	0.37862511737857585	0.5796492407904784	0.06522245156319903	0.5959705886257496	24	True
chr17:1327908-1328508	chr17	1327908	1328508	test	0	752b8b011edccc0e4e7fa064be371b90cabefca84b64c8f0dfe19d4769beeb94	0.48	23861	chr17:1	0.5	0.5399269516229924	0.22936199147851483	0.25767369052475986	0.11426103139752453	0.6888294955174136	24	False
chr17:42624011-42624611	chr17	42624011	42624611	test	0	3c36c5d182f7ed8e1a740886b1cd9e3e86c5ff62a65e1d49c91af8572d76cded	0.465	5646	chr17:42	0.5	0.26889501837345275	0.3977001354620099	0.25994739974052017	0.024223212481806915	0.5210226547610535	23	False
chr17:46436792-46437392	chr17	46436792	46437392	test	0	2912078ef0f2a2e89f23bc37358fa9466b0ca33629afa7ae68256411b4cc0d50	0.3	64283	chr17:46	0.5	0.055821598486204375	0.14680505809869338	0.47198022034644055	0.01349486672398517	0.5964614026592531	15	False
chr17:74845316-74845916	chr17	74845316	74845916	test	0	0934a22a67223b17010cadb0976c4c1d98dc67409dff8eb29e0b6385e74be67c	0.5333333333333333	14268	chr17:74	0.5	0.35548615113858467	0.2834113596276253	0.43973246708953106	0.01590452181970022	0.5274979532820844	26	False
chr17:65503407-65504007	chr17	65503407	65504007	test	0	c4cafde2b479f66fadcab990cf9d1a3975bf2127c7153fab2cb66e92e4984c30	0.5333333333333333	10584	chr17:65	0.5	0.5349753639011777	0.3181103250318654	0.22569746801655638	0.8188906671269816	0.6041897844560603	26	True
chr17:37746327-37746927	chr17	37746327	37746927	test	0	77aef9d384b665a28fbbbae1769ffae5995f62711b9a32fc8e05df57534c0635	0.4683333333333333	1481	chr17:37	0.5	0.24034184042196385	0.5804480779197041	0.1174800656002167	0.09071791134036512	0.3798416610503001	23	True
chr17:16558946-16559546	chr17	16558946	16559546	test	0	3066607303755864ea55080f9a2075a1de002a796e3c912e844841e8a031be1b	0.28833333333333333	22	chr17:16	0.5	0.03841689223627756	0.9326371161697482	0.5301930366580881	0.006595904416169776	0.5259543482951565	14	False
chr17:51192299-51192899	chr17	51192299	51192899	test	0	91f0d15427576a306bf0aa967511f3d8d22edf606ad657775a278ba0dc95d775	0.3566666666666667	6197	chr17:51	0.5	0.07963713118176123	0.3854364468736965	0.25421435156039335	0.0011546917340035877	0.5744278782543448	17	False
chr17:49519204-49519804	chr17	49519204	49519804	test	0	0476d45053f31a7c42cf07e0afa111c8a624e06ccc6c197468778d30c021cabc	0.5016666666666667	8688	chr17:49	0.5	0.36749450078794116	0.3422389478756995	0.9010557603841666	0.1383165899466018	0.5029838124038726	25	False
chr17:80724923-80725523	chr17	80724923	80725523	test	0	993b6a7bd7c4d4fcb8ec6829f21520632440ee62cf6132d5d5b2d2cf10b788d3	0.47333333333333333	5772	chr17:80	0.5	0.40954569840809096	0.39478107923079014	0.22187604354813803	0.7817065559109045	0.6531769395583714	23	False
chr17:19521310-19521910	chr17	19521310	19521910	test	0	c363b51f36a9e066f9e33fca5588f68215789f20dd4758dbce24fc1f80ea4584	0.43	11851	chr17:19	0.5	0.39411053971173116	0.3047069276390103	0.11227631543606914	0.510965534156209	0.5704940927983835	21	False
chr17:75474192-75474792	chr17	75474192	75474792	test	0	cd36dba732869dc202b8877afcd30b5a06d5ee4595909176e3fd65bbdf484710	0.48833333333333334	2005	chr17:75	0.5	0.31696984921979043	0.539222708259751	0.1840239335594017	0.004202359714437946	0.5866665229702542	24	True
chr17:31654330-31654930	chr17	31654330	31654930	test	0	ecdbb016b3a371554e4d01ef7842d98d4d68787f7a38f0f8990103212dbaeda7	0.53	35835	chr17:31	0.5	0.8288070591926456	0.19204535429542122	0.5301875808355065	0.40054158951630886	0.5753007347297684	26	True
chr17:50021495-50022095	chr17	50021495	50022095	test	0	f9afb3f534c0bcf253d74618916063de2200fa36c2b2ec417797c3db4328b165	0.5533333333333333	24907	chr17:50	0.5	0.538830177395391	0.22519601356063892	0.6537122652823579	0.6019018735234742	0.49383077548821475	27	True
chr17:70890218-70890818	chr17	70890218	70890818	test	0	7caffced563a10658733b5525cd133bc1ecab6acf65df2f2cda798a0d1dd5c6f	0.3283333333333333	9740	chr17:70	0.5	0.08611325607909691	0.32815876911589026	0.5697187895014547	0.09968394650565038	0.5596988545652046	16	False
chr17:59886761-59887361	chr17	59886761	59887361	test	0	234357fd3557dc3bfa5056c2e24f678060756651c1bcb9ce2f49d08636bae73a	0.5166666666666667	3941	chr17:59	0.5	0.5164812261723712	0.4461312432514348	0.5353667405990556	0.030839692756692287	0.5832667045876656	25	False
chr17:40762598-40763198	chr17	40762598	40763198	test	0	7abe93016ab06af47727e7b0c3170690ec20197f03b3eb248a810a3903829ece	0.37666666666666665	7568	chr17:40	0.5	0.08787263231115423	0.3596162485912423	0.2919168011621929	0.007410625410947846	0.49208334182204466	18	False
chr22:39399429-39400029	chr22	39399429	39400029	test	1	909a0b9e116d5918f154909011c824a72a23748ae47fab8fcc134402566e73c6	0.65	50	chr22:39	0.5	0.9910105430459859	0.8991311363082065	0.7342600921978993	0.9942753445897332	0.3729054762449319	32	False
chr22:49827587-49828187	chr22	49827587	49828187	test	1	6f8cbf186073fc50d244954751f806bb7868160715faf214f68aa7646eb2cc57	0.815	7	chr22:49	0.5	0.9999692649985318	0.9612775523818726	0.8651026877886363	0.99978552004395	0.4962798841101545	40	False
chr22:38705483-38706083	chr22	38705483	38706083	test	1	9e7acf84f71ecf0be7dee72f410925df5e0693738e96ffcc43f6c40813435127	0.5733333333333334	1	chr22:38	0.5	0.9726461193142762	0.9816276543708162	0.6929133065784556	0.9954328030070397	0.6164226486403063	28	True
chr22:31159893-31160493	chr22	31159893	31160493	test	1	9b642d96abdf0f9886651927f338743ba24b73290a0d672340ae615bc860c9c9	0.6033333333333334	10	chr22:31	0.5	0.9776473178243241	0.9541638155952322	0.8509869221245387	0.9807079107703554	0.5394989690140334	30	False
chr22:21001871-21002471	chr22	21001871	21002471	test	1	ca5bdefa9ebbb29a8b2fcc28d882b462b7b8be724b70de07615b72de195ca4c3	0.6833333333333333	24	chr22:21	0.5	0.9990561171872258	0.9296822056276196	0.9181132508959912	0.9996453226964669	0.5468335526336385	34	False
chr22:31087560-31088160	chr22	31087560	31088160	test	1	9ee4e75feffae4219082d9e35965fa963c6a3058dad258d31d66f8179cb130b4	0.6183333333333333	2865	chr22:31	0.5	0.8805791443781099	0.4899870761422228	0.9696056581390827	0.9751816829698283	0.3971573151227527	30	True
chr22:19447390-19447990	chr22	19447390	19447990	test	1	bdb75cbeda1d30c301386e342c5b084b59f6718f209af1718dd5b55c20e339ef	0.6966666666666667	20	chr22:19	0.5	0.9996383443518114	0.9357293314535567	0.5181284342566818	0.9995852480621533	0.4917023735314144	34	False
chr22:20264928-20265528	chr22	20264928	20265528	test	1	6ca8403e46f6866677e945ad5b6e7ba3e14697286fd4793cb0ef64fe7e3ae616	0.64	3089	chr22:20	0.5	0.8405688878979617	0.47959458827758156	0.5960728067964131	0.9705045518121989	0.3910691394067702	32	False
chr22:37538690-37539290	chr22	37538690	37539290	test	1	a76e1597927d838f9e78d1d41eea497696032eddc2b799df200c14d09bd60fd6	0.585	7110	chr22:37	0.5	0.7354651299012224	0.3676021695282837	0.9398607846370851	0.8889660539696121	0.5340625310157608	29	False
chr22:48561615-48562215	chr22	48561615	48562215	test	1	5f68c3c84efd9176a14f1894ab096b3943a77fb54bf956cecc9eb2a2455aeeb9	0.5766666666666667	14390	chr22:48	0.5	0.8421925902056014	0.2824563030410905	0.8953784968315727	0.8749628322654363	0.5265565574503354	28	True
chr22:17910433-17911033	chr22	17910433	17911033	test	1	b5c350d2fc594bb1247a12c225a47d1c180890f722ca6a06746479dae45018b2	0.545	106	chr22:17	0.5	0.5861991339910151	0.855435602314358	0.4485081746226166	0.8066561773820298	0.397060977717606	27	True
chr22:35894787-35895387	chr22	35894787	35895387	test	1	cb2eafe994caf612351c4c41bbf87369743613901bf4ec6145e9d6aa375514ae	0.4666666666666667	43809	chr22:35	0.5	0.2543545306114565	0.17539516641265238	0.20902777527903788	0.4022471968152971	0.3443424524210499	23	True
chr22:38316701-38317301	chr22	38316701	38317301	test	1	11187a91f74b9f9abbf12e1e2e2d287abab95d18c9c72d3b1888253c61d7d17d	0.7633333333333333	24	chr22:38	0.5	0.9997762969819434	0.9296822056276196	0.9003800289991037	0.9997610616802133	0.4657255009576958	38	False
chr22:49970728-49971328	chr22	49970728	49971328	test	1	791d239722c600a7d69787e5c68109e0a583f36ebbfb1b90c3226570d4bdc861	0.66	4	chr22:49	0.5	0.9846182063336414	0.9698723804007733	0.7370513304548263	0.9785419014391061	0.5301276303143256	33	False
chr22:38843831-38844431	chr22	38843831	38844431	test	1	ef63e91de200d81fd9646eaf58c3dc3522b7c32ceb7339252f251be2817fb6c8	0.7933333333333333	96	chr22:38	0.5	0.9999044013273298	0.8620162164893732	0.8298893717144655	0.9995130465693602	0.49013985971826857	39	False
chr22:41589740-41590340	chr22	41589740	41590340	test	1	676b3a7f2ae5ec85081999dd66d10a3b7586fa2ba801c5fc365fa32ca0396f38	0.64	167	chr22:41	0.5	0.9829041027340198	0.8217779869259504	0.9455038084787873	0.9585835455318248	0.5830966028255022	32	False
chr22:50783424-50784024	chr22	50783424	50784024	test	1	393df38db1567eca7697a394a33988b2387d01bca5d83da90dd0a7ca9851aaff	0.6816666666666666	31	chr22:50	0.5	0.9973673779304961	0.9202186790708301	0.5588092921421444	0.9985209601026993	0.4094794615757096	34	False
chr22:41091320-41091920	chr22	41091320	41091920	test	1	fc5505c7c334dfe7dfcb0f49356ca39fe59d58abd318d560ea8af67953ced010	0.65	195	chr22:41	0.5	0.988190779001757	0.8089506148875677	0.9245579967594658	0.9988956802678328	0.5166181663648813	32	False
chr22:20703044-20703644	chr22	20703044	20703644	test	1	296c4944c4699b4b2ed39b7b665220ca326779cbbe93430719fbdeacf64b9d75	0.68	424	chr22:20	0.5	0.9912153715428097	0.7340469664836897	0.9721253119667121	0.9834770586497167	0.4678574094313436	34	False
chr22:38050143-38050743	chr22	38050143	38050743	test	1	d6030a7331252680647af21d3bae811d4c0814145ed745d2383f397c73c50f76	0.6166666666666667	6756	chr22:38	0.5	0.6871256527509195	0.3741900972441612	0.3453449495974842	0.4514330772989305	0.5824140178291723	30	True
chr22:30326732-30327332	chr22	30326732	30327332	test	1	3a94bc22afb979903f4ed683373ce85aebb55cfa128e5369ceeb80284f5f74af	0.7266666666666667	87	chr22:30	0.5	0.9990296608045371	0.8682963641380904	0.9888113096484328	0.9983421245320222	0.5718061893986951	36	False
chr22:37658370-37658970	chr22	37658370	37658970	test	1	03984ce408a3db5b5d468f008d402e98fdb741d6ffb842b0ff579103adbd7a06	0.6833333333333333	44	chr22:37	0.5	0.9993462518266281	0.90523666785893	0.5688158731326673	0.9999514806122567	0.509423857372155	34	False
chr22:46104126-46104726	chr22	46104126	46104726	test	1	0f35bf9f40ebb907d8239a4cf2cebfaf742d6e5c3293a57b51eaea332c949eae	0.7233333333333334	8322	chr22:46	0.5	0.9857801649058956	0.34761547924725705	0.6615901585659422	0.9822540264676334	0.6058782776819307	36	False
chr22:23539497-23540097	chr22	23539497	23540097	test	1	910f6b76f051147599921e4fc2c3330de3e0d73705b99efc35e1d930231e475a	0.4816666666666667	2899	chr22:23	0.5	0.632794978739428	0.4883576140505316	0.600543087122891	0.2136665645377298	0.3540106209869675	24	True
chr22:37608466-37609066	chr22	37608466	37609066	test	1	14d4d7b68f5f4fec52b2831d52cd6bf031d6cf2f083e1f7a9f68aa12c1759590	0.71	42	chr22:37	0.5	0.9990466789740506	0.9073711836178706	0.9235515937777894	0.9989377248653495	0.4344596663445834	35	False
chr22:41800270-41800870	chr22	41800270	41800870	test	1	c0fafa06249e2a694851abfa8b7216e399aec80424916e9f5332dcad3edfb718	0.645	47	chr22:41	0.5	0.9905556607189855	0.9021308934022477	0.7534506693361457	0.9884154766787258	0.36734364325943664	32	False
chr22:40819135-40819735	chr22	40819135	40819735	test	1	15ae22cfd733efceb6bfc5fd24d3a9ccc788d9b282521291078ad2d579654ae5	0.6183333333333333	34	chr22:40	0.5	0.9823560671434741	0.9165043905674707	0.5276825040294937	0.9954476991233037	0.5700802569398469	30	False
chr22:21641865-21642465	chr22	21641865	21642465	test	1	075d291513f44b78bc8332ff912159be1198d973fa1fa365012e17b7697efe8f	0.6916666666666667	95	chr22:21	0.5	0.997825274697101	0.862696340308842	0.7722370093778834	0.992963883500462	0.48936233403752366	34	False
chr22:23069893-23070493	chr22	23069893	23070493	test	1	e0fed96489bfc7417a64d96225cbe45493111ce0c331e35e0e1020566874018e	0.775	107	chr22:23	0.5	0.9999396821612478	0.8547983577685289	0.9665646664371711	0.9999679454212029	0.42036339480855417	38	False
chr22:35350698-35351298	chr22	35350698	35351298	test	1	0c127da13da363c1f27b2077e3f8d7f7042c7a5bb3420795bdedf1f326892666	0.6316666666666667	14200	chr22:35	0.5	0.9652895808438349	0.28394809071543753	0.8076949103278509	0.9799610949330959	0.4993360097865331	31	False
chr22:39292482-39293082	chr22	39292482	39293082	test	1	cf3b6ddc6fd799d908a35759e084017b84f907fda67d61cc0c613cc07102308c	0.6116666666666667	205	chr22:39	0.5	0.7678759022313721	0.8046620679177768	0.9048486246057926	0.8014303380044759	0.4539846980828137	30	False
chr22:23717091-23717691	chr22	23717091	23717691	test	1	2bc393b8ba8aa873b83eaf24206c3872dc6d599cb0572d42ec2d5df41e924ce0	0.6666666666666666	21	chr22:23	0.5	0.9951706843511131	0.9341649496124225	0.7977025741750158	0.9983062482467117	0.5319182449805601	33	False
chr22:41478939-41479539	chr22	41478939	41479539	test	1	07813efc30aebb016614935529a2cd7eac16c7bf1ca9164120d2f3176433800a	0.49166666666666664	10112	chr22:41	0.5	0.36569449098324597	0.32360641336212026	0.732018628931702	0.5423546350931964	0.4795025549652177	24	True
chr22:26483557-26484157	chr22	26483557	26484157	test	1	480a34c34460452ff2a78c5f678b84f38d5ec0fa09a5d9055bd458bd459acae5	0.715	2	chr22:26	0.5	0.9995230753855955	0.9771161082130421	0.6158781002211786	0.9988478491496325	0.39914862015516184	35	False
chr22:38506213-38506813	chr22	38506213	38506813	test	1	b5b7959f4cd9b5c10e5604c950fd867ffe0f6445687c792d9e6ec1489335e68b	0.565	45	chr22:38	0.5	0.9899574945026308	0.9041890176837832	0.3889242419219729	0.9990903314684927	0.4304836509659748	28	True
chr22:50185549-50186149	chr22	50185549	50186149	test	1	42d4fef5df45c2da4aafd742313e2aecb418355199da0ee242eed73e62d46c4c	0.7516666666666667	21	chr22:50	0.5	0.9998092570818832	0.9341649496124225	0.8461684952550167	0.9997912545637047	0.43746405709420355	37	False
chr22:29352653-29353253	chr22	29352653	29353253	test	1	006690a14e6cab36e69e0fd029d487f5397bf11c2d5d97ca304af5ec5c5442bb	0.5116666666666667	14378	chr22:29	0.5	0.52697855285508	0.28254979702007704	0.6339835637288483	0.24549387723786534	0.3845596182583889	25	True
chr22:30028560-30029160	chr22	30028560	30029160	test	1	8059ed12e9e3c9f8ed8a53e51f245c644fcd56dfa31bd92059264e5f11b22be2	0.525	21812	chr22:30	0.5	0.4683693471605955	0.2382542049033017	0.3194592395633853	0.6561858445401192	0.4664992370150562	26	True
chr22:46045927-46046527	chr22	46045927	46046527	test	1	77167b664dda4194b3aa0b45343033d5dd3fc1f2fd21f64f3ff780ad0522096e	0.57	32	chr22:46	0.5	0.5344262117495536	0.9189605710110389	0.6644268379213386	0.6402086895530928	0.511676792937943	28	True
chr22:21665990-21666590	chr22	21665990	21666590	test	1	274b08182faac8eb06eafbaed868820dad558408e5d6d2d97b44c8972328d59b	0.6283333333333333	50	chr22:21	0.5	0.9955291767606619	0.8991311363082065	0.7657789638393447	0.9967765596113668	0.4050473921008024	31	True
chr22:31321385-31321985	chr22	31321385	31321985	test	1	55680faf038b98f778ee758401981a2437a4c9a420f34edc00a7b66b934c8636	0.49166666666666664	24660	chr22:31	0.5	0.32420416928317664	0.22615895310610384	0.33905103635989753	0.19815675187353596	0.5140052461111921	24	True
chr22:36028703-36029303	chr22	36028703	36029303	test	1	551bce1adbec8599824ae0bea0fb3b49187db5c68e4c02ccbe467f46110d7683	0.725	180	chr22:36	0.5	0.9988146149866498	0.8156619628429836	0.6972050493452281	0.9988074020323138	0.43965455778434903	36	False
chr22:28772408-28773008	chr22	28772408	28773008	test	1	9fbdc68707df59011284ca2dccf11fd8ac81d22eda7744ee9ed4fa52bacbc142	0.6333333333333333	14	chr22:28	0.5	0.9938672106175982	0.9460515456740395	0.6640073174241543	0.9840724589497578	0.5469690676333406	31	False
chr22:45163492-45164092	chr22	45163492	45164092	test	1	1abd0e1c3fa60768bd8e10161d18323efb6b01da62b0ffe2f2332f0206c625ef	0.6883333333333334	18	chr22:45	0.5	0.9996415317163101	0.9389782468088763	0.8067157410804568	0.9996461764804424	0.4109011106420598	34	False
chr22:48921197-48921797	chr22	48921197	48921797	test	1	561ef47b85619970c2f66f9d3a2162d6dd0d963160ca5ea1791a672ed7cb972f	0.49333333333333335	53325	chr22:48	0.5	0.5043074433562599	0.160226003790622	0.4016279873755676	0.7093870402287669	0.5950977551716137	24	True
chr22:20130933-20131533	chr22	20130933	20131533	test	1	9b61dfd79969985cc42ae5834cc155716d8285130d506717c867485368f98239	0.725	34	chr22:20	0.5	0.99828894291507	0.9165043905674707	0.7009950713186845	0.9973446750001131	0.4818490978033791	36	False
chr22:22297862-22298462	chr22	22297862	22298462	test	1	a4124487e5cb1b08a6c31b8914c14fbe09b60494e8327000bd96b00ffbde502d	0.7183333333333334	39	chr22:22	0.5	0.9986115521522457	0.9106778313243202	0.9474901480471846	0.9996848754694174	0.30700262500115905	35	False
chr22:35376706-35377306	chr22	35376706	35377306	test	1	54618f0a65e3fb7d463bb0abb31411151f1a6a86a0beb2b2889c1b917db87630	0.5583333333333333	585	chr22:35	0.5	0.7192201609700106	0.6979670323456292	0.8840203395663405	0.9698666631812856	0.4231416050009744	27	True
chr22:36454897-36455497	chr22	36454897	36455497	test	1	9618f17e1612b1e30e4f4caadc13541d796c3af83d657bd0c86732a01d5f6c36	0.7183333333333334	106	chr22:36	0.5	0.9983318896501605	0.855435602314358	0.7212862346856295	0.998301292330218	0.4595424734206756	35	False
chr22:35299847-35300447	chr22	35299847	35300447	test	1	e6b2367393b29453cff0509a4a1576c710bd3868b2985d4bb95b8504f2dd32a5	0.64	254	chr22:35	0.5	0.9706968103762671	0.7854482110020251	0.823258966180291	0.9968843104508966	0.5084527914373002	32	False
chr22:19291504-19292104	chr22	19291504	19292104	test	1	53b8bd01240d0f7e993a75bda7da5cd382589af06e4da058517467b6ce1274d4	0.7583333333333333	31	chr22:19	0.5	0.9994625366520805	0.9202186790708301	0.8042579781629637	0.9989857154518829	0.44542066456702956	37	False
chr22:37546902-37547502	chr22	37546902	37547502	test	1	b66dbd77a1a0ddb687d264fe8433e259a215e47356ce1a849e41a809ffac612e	0.6116666666666667	1067	chr22:37	0.5	0.8269160106225377	0.6238108481542426	0.23874316800060355	0.9797486788290287	0.5799584949466071	30	True
chr22:46738033-46738633	chr22	46738033	46738633	test	1	10b2b80e9c575124e8ae8a565b8ec8ee608d3c2a7dee14dddbfecf1ca92c33e9	0.7916666666666666	15	chr22:46	0.5	0.9999262183145102	0.9442009843126588	0.8525512214189451	0.9998173586684269	0.3869280560012849	39	False
chr22:24011027-24011627	chr22	24011027	24011627	test	1	bc5ef416c7f84c50d8a1b751a962978afb5858ed0349a4e7776092f88365e89c	0.685	24	chr22:24	0.5	0.9985310082260127	0.9296822056276196	0.9506668470026162	0.9998706040934906	0.5610727836200265	34	False
chr22:19868996-19869596	chr22	19868996	19869596	test	1	8947c30ff27752bf7171e807a3d73eb874fc57349dd78906b3e696bc3e987edd	0.5783333333333334	11867	chr22:19	0.5	0.8186838321192275	0.3045489151738368	0.3375349560605863	0.28190051953692485	0.43018203603839594	28	True
chr22:27919054-27919654	chr22	27919054	27919654	test	1	66d717c7020d4ff5e4bce253e6e761716570eae44bdeab5b8af0475f01f56187	0.6516666666666666	29	chr22:27	0.5	0.995740862909468	0.9227995765995757	0.7538944031357214	0.9966255278029738	0.5144091663403221	32	False
chr22:50200616-50201216	chr22	50200616	50201216	test	1	875701f1c6bff2450bdf8eef227c3d8b4795d164e5be3d9a3b8a6cbad95e76de	0.7716666666666666	77	chr22:50	0.5	0.999960614373818	0.8757383065396328	0.7436402039165906	0.9999583039661541	0.5221681778108297	38	False
chr22:19995450-19996050	chr22	19995450	19996050	test	1	85b1f1a70ce26f468fcab423bb65b352272ba8d94afd57c4f9d5c5f07d043ff0	0.6016666666666667	4957	chr22:19	0.5	0.7977658891028986	0.41505446910522154	0.5200227361251043	0.8655650575131902	0.42987549690102217	30	True
chr22:44684619-44685219	chr22	44684619	44685219	test	1	567dd4568aae81a9b1142dee7c8f56e7090e61579c92104c3e86599eac006560	0.6283333333333333	7863	chr22:44	0.5	0.890666808977771	0.3547622452099642	0.5357113160174354	0.9545311587646204	0.49243835940668074	31	False
chr22:41394268-41394868	chr22	41394268	41394868	test	1	f351a1624334870c0e707a5d38b1a32dfbe65f22e169dfee713d9c2c2334396f	0.48833333333333334	12627	chr22:41	0.5	0.3371904464693162	0.2973289578329389	0.08209656915740127	0.39472740428711733	0.5215767964702832	24	True
chr22:36239331-36239931	chr22	36239331	36239931	test	1	8ede87bf1760b4afc50ff24c0cacac88569c02a6a1fe605a76d5cb69ad6db638	0.54	39	chr22:36	0.5	0.5514571534125774	0.9106778313243202	0.23201465991202191	0.2053463556891797	0.4353351452895158	27	True
chr22:29553561-29554161	chr22	29553561	29554161	test	1	f5ab1ecc4ca0cdb8c8766c8f0baf0672c82176896fc0c1186446bc86eaba7adb	0.5716666666666667	105	chr22:29	0.5	0.927151601834539	0.8560764718492109	0.6384595371651476	0.9044593252647759	0.6288717489495353	28	True
chr22:48537041-48537641	chr22	48537041	48537641	test	1	3d5aabca7d99a8b272246e82a3dac08d0cb8b2fdb01d7ccd7b98c00c664b85d7	0.6233333333333333	10000	chr22:48	0.5	0.8303747432207715	0.32495571892917974	0.4502141805122477	0.5256226603931944	0.6059980900385081	31	False
chr22:40346204-40346804	chr22	40346204	40346804	test	1	f8367913c264678a8da31266c70a16990b12dbce736bb05b0e76430985eef8a3	0.6383333333333333	5	chr22:40	0.5	0.9907909186689196	0.9667829704126885	0.4174074696112627	0.989052372109709	0.6626017628343751	31	False
chr22:17638409-17639009	chr22	17638409	17639009	test	1	e510b15c2a5815e7aab5a9673279d11e23e2aa38789ac51575ff3ce33ac6037b	0.6216666666666667	16	chr22:17	0.5	0.9881129428928894	0.9424083854867601	0.6538686615826249	0.9631607263500227	0.4600217369676478	31	False
chr22:37905929-37906529	chr22	37905929	37906529	test	1	6ad182f8cf1d26bbcf1fb9e18cc2a6bae7d8c66bae0c08cbc1fb842f0fd20f97	0.8066666666666666	67	chr22:37	0.5	0.9999768758715789	0.883761175718606	0.8830132915452744	0.9998661514717306	0.5179459516983739	40	False
chr22:23974242-23974842	chr22	23974242	23974842	test	1	78454c8b24b6ac08295f6ead01e99f7b4d953a5135eb2f54d6c941152ca91eae	0.6483333333333333	84	chr22:23	0.5	0.9868551751360528	0.8704741412692794	0.9260773777815049	0.9853943023148357	0.5385621876378601	32	False
chr22:37199183-37199783	chr22	37199183	37199783	test	1	e9aad2f59f3178c1316c43df34d292ff71626ec7c17b5a7964758e81768b242f	0.6733333333333333	4416	chr22:37	0.5	0.9962357084164294	0.4306443611654706	0.855639107411222	0.9979120060375802	0.5178786141658343	33	False
chr22:41381112-41381712	chr22	41381112	41381712	test	1	69cd11b30cf1858c78e76dc79616445e1a118a2489685d0a2b9ab5bbb2793b84	0.7166666666666667	132	chr22:41	0.5	0.9984526755106022	0.8399172573580491	0.8914712263753732	0.9993741068954107	0.549421094621272	35	False
chr22:46335360-46335960	chr22	46335360	46335960	test	1	1cd7f7c3a3be8e3b60fd285f96df4016a9103c9845eb89bb756e4c06ac1ec759	0.7066666666666667	53	chr22:46	0.5	0.9994319571585618	0.8962284109021618	0.6392161810345315	0.9997392207688223	0.39529428533302835	35	False
chr22:17158981-17159581	chr22	17158981	17159581	test	1	c4bb913e6c0f04cd0df4fa466566af221acf8025c4d01b8b5f044cf2a307f98c	0.7483333333333333	5	chr22:17	0.5	0.9998863795802525	0.9667829704126885	0.7145422222913314	0.9994487215110412	0.4151156361998104	37	False
chr22:23750848-23751448	chr22	23750848	23751448	test	1	3c64f7f1a370842835a0830ec247eb9676155892ab2dc27b0c957c41e5eb6fa2	0.755	9	chr22:23	0.5	0.9997335447887171	0.9564142662206934	0.7779276308755687	0.9953857441253614	0.4799264255703632	37	False
chr22:38026677-38027277	chr22	38026677	38027277	test	1	22ec8957eceade70e0965fe870dbc6741cf97e18cc814ff13ce67f64358027a9	0.6216666666666667	7250	chr22:38	0.5	0.901581872539768	0.3650996888712556	0.8567424653538946	0.8884750095749435	0.5062608679034761	31	True
chr22:41544285-41544885	chr22	41544285	41544885	test	1	545603acc8138aea51757cfa073b30077aed190ae37b86943c817b175fa99193	0.6316666666666667	20	chr22:41	0.5	0.9960528606300245	0.9357293314535567	0.7471201278614908	0.9981744589817654	0.425880303333673	31	False
chr22:28741679-28742279	chr22	28741679	28742279	test	1	49cba8db110432acd07c084e008d1540ffae031de49faed3ece518e12db48c8f	0.6166666666666667	33	chr22:28	0.5	0.9743039062944794	0.9177227619848923	0.8417907229163731	0.9797028663186842	0.5536348711020077	30	True
chr22:46079792-46080392	chr22	46079792	46080392	test	1	f1ac79781648e3847a4f65ec6596c6fa8bd6b7643b893e761d209a5e17ecb894	0.6983333333333334	267	chr22:46	0.5	0.9861477987319119	0.7807786713662581	0.5509637416379872	0.9965068973995387	0.5898483628543572	34	False
chr22:31944107-31944707	chr22	31944107	31944707	test	1	6c7212f970ebd5110a05bfcec71327cb51b9a031ba8c79b2b0bd6dbdae929ae7	0.7116666666666667	57	chr22:31	0.5	0.9995502427973606	0.8924957504264149	0.9241667111390265	0.9990844004299426	0.43538459817784975	35	False
chr22:23857450-23858050	chr22	23857450	23858050	test	1	dc69da0cc6afc3fd8dd8e1be1923a51cddabe10f73c4859bb3c6526152b17275	0.655	29	chr22:23	0.5	0.9968691435004184	0.9227995765995757	0.6428056552797321	0.9990524293073797	0.43144458539263786	32	False
chr22:40856383-40856983	chr22	40856383	40856983	test	1	ddca5ccb92cd1384fa0e860eb9a434e9e8082fc5a4e05756bc414435b80bc101	0.61	33	chr22:40	0.5	0.972587332959055	0.9177227619848923	0.7325246461323192	0.9876847507292126	0.45331545986326494	30	False
chr22:36387809-36388409	chr22	36387809	36388409	test	1	cc409b9b8cf82b0932d632fda6c495283104f8c95d03b82752047f916bcc1209	0.71	92	chr22:36	0.5	0.9976138370884804	0.8647625174068619	0.5891550940681887	0.9696776592161266	0.43633737379442417	35	False
chr22:19432132-19432732	chr22	19432132	19432732	test	1	b45b8381469adb8254ecc6b5db1c22002d4a626bfedd02fc77116d4c92137e9e	0.7083333333333334	112	chr22:19	0.5	0.9993286630583185	0.8516648103887838	0.8797518286076135	0.9997480421967346	0.4360462248874308	35	False
chr22:39319376-39319976	chr22	39319376	39319976	test	1	c971b51405747808a47c877b3067b22305ebf59d63242f605775c42f4818ca87	0.5966666666666667	14	chr22:39	0.5	0.9944149084267785	0.9460515456740395	0.817960280626329	0.9985577747848948	0.4784583704009718	29	True
chr22:38033333-38033933	chr22	38033333	38033933	test	1	d436649b64824710e18a11fca35c43b8e9d49f3894cbca3a1a12cf8b258aa1ae	0.6366666666666667	594	chr22:38	0.5	0.8984944831549029	0.6961874753154145	0.6166547885942812	0.9855089709526385	0.5041524651981288	31	False
chr22:23145067-23145667	chr22	23145067	23145667	test	1	2122ec90d8dc2c94dc320f7ad1336e248643f7a2aedb616e9f82510e8ab4e8fe	0.6566666666666666	2	chr22:23	0.5	0.992316713173186	0.9771161082130421	0.8851756933271829	0.945121663777367	0.5254786059461879	32	True
chr22:24588330-24588930	chr22	24588330	24588930	test	1	5e41cef74fb7690ecfddcd001a0819306d70cfad6713372bae4e81851c74351c	0.6566666666666666	65	chr22:24	0.5	0.8998997515445217	0.8854461389180444	0.36734339070300853	0.8632352838537487	0.564880231032605	32	False
chr22:43143052-43143652	chr22	43143052	43143652	test	1	bbf625bdf2db211f19446b8ae5117520daab0047ba81dbdc6c786b0a1fd0f39a	0.6866666666666666	32	chr22:43	0.5	0.9994737113311133	0.9189605710110389	0.7702561488478842	0.9997076000139742	0.5554988347067551	34	False
chr22:37933762-37934362	chr22	37933762	37934362	test	1	75331828f0da06d3d0cacb4b686008265091fe0864e15f73dd9b9565fa66c225	0.61	8987	chr22:37	0.5	0.7479777877964127	0.3380403118301902	0.3752727463180994	0.7922997906143332	0.651586168903519	30	False
chr22:21567354-21567954	chr22	21567354	21567954	test	1	5bb5d7b6ddd377d8a51d5b4d751dc5ba64657cdde790bf18d8fb0f0704a3d1fb	0.65	57	chr22:21	0.5	0.9917933117884621	0.8924957504264149	0.8383395811897068	0.9765427020978138	0.5825609344949649	32	False
chr22:24155714-24156314	chr22	24155714	24156314	test	1	d2212f36d7450cf43e790e3fe5957f677bef677be928f36ec8f1a537f9f3612d	0.7283333333333334	177	chr22:24	0.5	0.9987430681356988	0.8170474196254673	0.914966782899707	0.9993993367920763	0.46631379382290145	36	False
chr22:41620843-41621443	chr22	41620843	41621443	test	1	71d5d4a311a4f232f70e6e95fe16cbfea2d0effadf25dd220af214148abce9ff	0.6666666666666666	19	chr22:41	0.5	0.9972117938363225	0.9373328095870924	0.7645115621296839	0.9991755185918896	0.5799062070474809	33	False
chr22:31107359-31107959	chr22	31107359	31107959	test	1	f2a90151c023e452ccc288e4d7e031cc1a1f780c2b1ec2ae8caeb6c864a8264a	0.6633333333333333	62	chr22:31	0.5	0.9958429329821897	0.8880294246117003	0.9046740725626365	0.9961731211966596	0.558150381150437	33	True
chr22:31970510-31971110	chr22	31970510	31971110	test	1	afe66f23a630ddca107d898d9de8ca957469f9824cade59a51562822a358df6f	0.675	12	chr22:31	0.5	0.9898914496187908	0.9499502717316438	0.8564296417988926	0.9895708948871896	0.5600505915632898	33	False
chr22:41976515-41977115	chr22	41976515	41977115	test	1	3f6353b9620da024cbfda1543ee831c9eaf33ebd2d92a9161c4685bd12145bc6	0.7966666666666666	6	chr22:41	0.5	0.9999415881600457	0.9639341668473307	0.919687320888753	0.9996426813633283	0.3868250907380403	39	False
chr22:39519884-39520484	chr22	39519884	39520484	test	1	45aa245492bce1313ac05ccf97c647f357677adc9ad67d39465266ce17fa2672	0.6316666666666667	54	chr22:39	0.5	0.9931691642498804	0.8952810236046227	0.8774181784801309	0.989014143938075	0.6047658565532013	31	True
chr22:42270352-42270952	chr22	42270352	42270952	test	1	24a3023696d5e2a7c534f7805155896983e85ca4af52caf6291c03e679529a74	0.8166666666666667	0	chr22:42	0.5	0.9999867793585214	0.9874030845967952	0.9203193054690865	0.9998461591886867	0.5827397907263818	40	False
chr22:29766762-29767362	chr22	29766762	29767362	test	1	75f219aef1b8ae007a6da9b4bc74555d7d894f5408394c9afe9f2436cca675dc	0.5566666666666666	21	chr22:29	0.5	0.9294358116710816	0.9341649496124225	0.29472273997219356	0.9055973153654525	0.4850239862379989	27	True
chr22:32528221-32528821	chr22	32528221	32528821	test	1	31b6c20d08785acbdd132dabf1052c5db22215f10661f6345789ca860f13da13	0.5516666666666666	4315	chr22:32	0.5	0.6453106282612072	0.43378312182690487	0.8904977908003745	0.7731342997199048	0.6212925300576383	27	True
chr22:30802691-30803291	chr22	30802691	30803291	test	1	2fa48ee4774293ccfe26725d97e5851dd51a4eed2339f7779cbf6bc7d62514bb	0.7166666666666667	154	chr22:30	0.5	0.9987121141111885	0.8282069447607442	0.7685895799146911	0.9975626284729856	0.36129599874487806	35	False
chr22:48702602-48703202	chr22	48702602	48703202	test	1	dc7f7198dd0ed53bd50d9ebf622f92b85f4b366578a0cef357a5fde1b319ace1	0.5883333333333334	9656	chr22:48	0.5	0.8781118627333068	0.3292154198287246	0.7309755498944196	0.9160685678289526	0.46183021098490695	29	True
chr22:39291841-39292441	chr22	39291841	39292441	test	1	636d862c0797ca3635ca64a51d841cf0b15b33d535d0c83e131f80349d40bd24	0.6483333333333333	846	chr22:39	0.5	0.9452263147407787	0.6533839750207413	0.39324701802020734	0.9528224321736142	0.47878000794625997	32	False
chr22:36776106-36776706	chr22	36776106	36776706	test	1	6be370bc073af66776b9c68a8f84a9db3f85f71cb9c3457e40c74b704e645c8b	0.5533333333333333	98	chr22:36	0.5	0.9331885445157283	0.8606684808362983	0.9453354009665225	0.9599603589105402	0.4199949720516379	27	True
chr22:40043969-40044569	chr22	40043969	40044569	test	1	2de8472df8db0b75ad101656253a0fbf5f74e9e347463624b9a72cb8813a514c	0.49	49	chr22:40	0.5	0.6724210732871283	0.900119857527865	0.2995536078301411	0.6754434375153331	0.5529126377358896	24	True
chr22:20079863-20080463	chr22	20079863	20080463	test	1	daba7628f194c7f7591086c4833ece44ae2330e1bad90a482fbba64264bc7dfd	0.7783333333333333	61	chr22:20	0.5	0.9999767216274857	0.8889060991423721	0.7048727037833004	0.9999421125504698	0.5258740435655358	38	False
chr22:38681621-38682221	chr22	38681621	38682221	test	1	a4cd570251eb483a4ff4c40e802bbed11a8d6b2797948b6a573a0ef56fa8f888	0.6433333333333333	2	chr22:38	0.5	0.9939142793521966	0.9771161082130421	0.5465841400323157	0.9995411516106534	0.5145600755240733	32	False
chr22:37984275-37984875	chr22	37984275	37984875	test	1	73535dda2f23cc0af5166000a49acfd37d7919c257104980d0d3d83fae18bed8	0.655	21	chr22:37	0.5	0.9064802278017382	0.9341649496124225	0.7379239063787286	0.5894703009078613	0.5757184789922695	32	False
chr22:40177580-40178180	chr22	40177580	40178180	test	1	fe5b219d323cddad24828c8075367b93b482bd6ae0cd920270803198c05e6ad7	0.4083333333333333	25	chr22:40	0.5	0.17294639529758152	0.928251227750206	0.5999276342002576	0.5384204916588873	0.4484853110866956	20	True
chr22:41946592-41947192	chr22	41946592	41947192	test	1	f4ee0003d629535bb0ef9a7e0c3eb48f7f99e48b44eaf45c4c2092fe93161cf3	0.6666666666666666	133	chr22:41	0.5	0.9942019829218114	0.8393595812141924	0.8981518631109718	0.9837293967799939	0.41191968076106567	33	False
chr22:39501965-39502565	chr22	39501965	39502565	test	1	39f6891148cc9361a03251dbce70935dd7089c916e0effb4f7c24342782eddd8	0.69	24	chr22:39	0.5	0.9939477255265078	0.9296822056276196	0.7180326848367283	0.9797083823909207	0.3650552614754963	34	False
chr22:41367077-41367677	chr22	41367077	41367677	test	1	e5e377498b9f33c9dc2b4adf2f161e366673a9878ad9d4d455726cdb80034136	0.6583333333333333	45	chr22:41	0.5	0.9092582129608016	0.9041890176837832	0.6269651709629446	0.9366745922454357	0.5845746231918769	32	False
chr22:41963674-41964274	chr22	41963674	41964274	test	1	a06790e9df0307d363324647d0529e521092e6e9b9032206a6c50b16696bc616	0.5133333333333333	5468	chr22:41	0.5	0.3949077528149312	0.4019497767866053	0.6970470542812528	0.7147281836407563	0.5525816128745815	25	True
chr22:37807563-37808163	chr22	37807563	37808163	test	1	612f977d3f8281e08ac7f6dfe38f8dbf4f238a3717622e617ee321f0f6c11f8f	0.6933333333333334	8	chr22:37	0.5	0.9978610163799192	0.9587792109698657	0.9087452432378446	0.999481634014923	0.5448197158461772	34	False
chr22:41240666-41241266	chr22	41240666	41241266	test	1	a4c1d14ffc44d4e544c14323d4cf6f8957407943ec59107166cfad4e412a9953	0.675	33	chr22:41	0.5	0.9151957768907135	0.9177227619848923	0.49758095363577715	0.9563460343242989	0.6063016427622044	33	False
chr22:46007657-46008257	chr22	46007657	46008257	test	1	bfd4c77a3317eb07645bba62917a37c5b0b3fd4fd6b8d8b76ec76ac09761497c	0.68	1342	chr22:46	0.5	0.9801382047991278	0.5936485676400477	0.6730843927394813	0.9840401418794921	0.5016837266445273	34	False
chr22:41417856-41418456	chr22	41417856	41418456	test	1	28b13dfe86c5e038ee37b67c203928c05f318daefcf2bba4ed9b3f101909cb3b	0.5983333333333334	4115	chr22:41	0.5	0.6873628643892765	0.4402376651224099	0.14418628863185512	0.957100123436707	0.6509453412476277	29	True
chr22:30396714-30397314	chr22	30396714	30397314	test	1	a9c71980037a8e48e11ed1e06be1f19c910e19869681af11d0e4d18a0eb63b06	0.6683333333333333	3	chr22:30	0.5	0.9858265007580909	0.9732759723133476	0.6853159734336977	0.9759702688113243	0.6144560190216565	33	False
chr22:43923478-43924078	chr22	43923478	43924078	test	1	1f886bd3d32532239c42894b3d4108bfc70b80ea01019cf4620e33f3f689984d	0.7166666666666667	18	chr22:43	0.5	0.999382124100937	0.9389782468088763	0.962291355495945	0.9994688181438196	0.5683520621401784	35	False
chr22:32474466-32475066	chr22	32474466	32475066	test	1	16400400dcfe3db4a216c5ed7890f085e5c37f2ee694d0558d9e9f57897d86fb	0.6983333333333334	44	chr22:32	0.5	0.9989292806111716	0.90523666785893	0.7977548111625323	0.9995118321287845	0.45276375252729145	34	False
chr22:31290513-31291113	chr22	31290513	31291113	test	1	91db1db01a370184c2355578ac37e889cfb8b7e2320a6d69303057ce445c105d	0.6566666666666666	1674	chr22:31	0.5	0.9971901569375645	0.563879794810382	0.906549634170254	0.9959998428827852	0.4273520660573855	32	False
chr22:42090602-42091202	chr22	42090602	42091202	test	1	43a99fb6df4d7446515a148238d17cfa067aaea6ca320b707e85170f34d0fdd3	0.6483333333333333	19	chr22:42	0.5	0.9966548176386295	0.9373328095870924	0.9047757630950239	0.9976662449001962	0.4934369764351198	32	True
chr22:42500199-42500799	chr22	42500199	42500799	test	1	43bea98ad82286ec3be7bfdc3c9a326114e21b5d2e735e59f7ef4a11b3cb3e81	0.7333333333333333	37	chr22:42	0.5	0.9967206591170211	0.9129581507721586	0.8200593715602232	0.9567674862120626	0.4828864863499706	36	False
chr22:38038478-38039078	chr22	38038478	38039078	test	1	a59cf2e9c384d039d6894f5f900db17144788004fab613b4d0b9c3d0243ca6fe	0.685	4451	chr22:38	0.5	0.9916387474056901	0.4295746538828542	0.7066557317857527	0.9949117278905816	0.4515103680224419	34	False
chr22:19854603-19855203	chr22	19854603	19855203	test	1	462583b1098114705f141cd22d789fb4ae775aecd17968218e0b0e0c97e5a577	0.7133333333333334	2	chr22:19	0.5	0.9995964686474399	0.9771161082130421	0.8150873537452693	0.9987894528881259	0.5748181368966381	35	False
chr22:35467652-35468252	chr22	35467652	35468252	test	1	5d30bd176bc32e216b190db1a42b983393315e1f0b45f4a9a58e4ee074445f2e	0.5883333333333334	58979	chr22:35	0.5	0.6856946055184221	0.15286971236280245	0.518736521483707	0.8726192172273295	0.49389331722512764	29	True
chr22:38201707-38202307	chr22	38201707	38202307	test	1	3d51fa514d1e788429739faef75338fffc606307fa0ce11341583ef34268688b	0.695	12	chr22:38	0.5	0.9991596203320582	0.9499502717316438	0.9198713786775181	0.9982414562728078	0.5174582185299301	34	False
chr22:17628547-17629147	chr22	17628547	17629147	test	1	a836eb0273c00e9639dec8bfab3e66cf4990ed984963049ba4748676b7f22749	0.5483333333333333	0	chr22:17	0.5	0.9300143953904666	0.9874030845967952	0.3640377419883809	0.793156112911657	0.5019673981582918	27	True
chr22:20319833-20320433	chr22	20319833	20320433	test	1	6ffa2077adfb6919a4db9c688291b3abf9d474d2d011f844427f4e4b86117dd6	0.72	24	chr22:20	0.5	0.9996555354744902	0.9296822056276196	0.924974132540251	0.9988690393478006	0.37360656118342433	36	False
chr22:50627855-50628455	chr22	50627855	50628455	test	1	7b37c4ff349ca7eaf8c3ad315b76a63f408067d1c4ce4e7d9625f80cd250a193	0.7416666666666667	1	chr22:50	0.5	0.999560576980138	0.9816276543708162	0.7494971883720539	0.9988051742218313	0.42210490535254314	37	False
chr22:23966452-23967052	chr22	23966452	23967052	test	1	14ce274c4e2fdaaec99a4102e6ae51d35c266975523f063911ec0bf5163a208e	0.6233333333333333	128	chr22:23	0.5	0.9831991807792084	0.8421744924385203	0.9255158560040462	0.987191409822603	0.5058063143704126	31	True
chr22:50582716-50583316	chr22	50582716	50583316	test	1	cd594fd72b53cb32fbfa77277142352748602d6c7a859ea3be30c74228478860	0.7383333333333333	61	chr22:50	0.5	0.9997382212140543	0.8889060991423721	0.9182167609032622	0.9998572222034422	0.5215629192662592	36	False
chr22:29072675-29073275	chr22	29072675	29073275	test	1	a4ad7e801fa1c4101b9588c8a7e7dc2036de588b1a17c7cf865a40e0fa71e934	0.7883333333333333	39	chr22:29	0.5	0.9997904405428706	0.9106778313243202	0.8885112342882533	0.9939014137489666	0.48965134741760263	39	False
chr22:43014937-43015537	chr22	43014937	43015537	test	1	5fd0e6f966bb4a104cb38f10f8bd48c2aee8fbe7158e587b93ed1dc49612937c	0.6933333333333334	53	chr22:43	0.5	0.9986479035287419	0.8962284109021618	0.9016934767162662	0.9975455607436534	0.4141975532222231	34	False
chr22:39349600-39350200	chr22	39349600	39350200	test	1	e5b4708eb68b322a1e7b3bc08a601e88c49f2a6ded4f424ac40c3265f5e903b2	0.76	34	chr22:39	0.5	0.9998988480469773	0.9165043905674707	0.9206429173777622	0.9998445016866986	0.4177155047108521	38	False
chr22:39469485-39470085	chr22	39469485	39470085	test	1	fa6f7b76f5eba99db1e20352e3381e5d4ed61d7a62bac63cb7eff2756e9b132e	0.6333333333333333	2869	chr22:39	0.5	0.8439517273933801	0.4897943625320309	0.6881846623169229	0.910658217708058	0.4357426141135552	31	True
chr22:37561586-37562186	chr22	37561586	37562186	test	1	c9cf0f3bb0c136e26f34c021fe9e41f9b7bd0e97a6501dea7ed20a419b8e42e2	0.6316666666666667	329	chr22:37	0.5	0.9100765759716977	0.7604489234748193	0.9374941891922142	0.7409268357923242	0.44013642875102205	31	True
chr22:37019438-37020038	chr22	37019438	37020038	test	1	55e128ccfcba93668f549b9bffa97af113b42872fa76efa7d94b04886ab9a906	0.7733333333333333	3	chr22:37	0.5	0.9998597834150026	0.9732759723133476	0.8548260082443608	0.999161080790245	0.48080921696424195	38	False
chr22:23979752-23980352	chr22	23979752	23980352	test	1	d0cde9ecbd73c7364ca36e94e80df178f0e5dc8b146ea7e29eeb9193ae0eb8b6	0.67	5	chr22:23	0.5	0.9893805460111821	0.9667829704126885	0.9328684896966475	0.9940422318598747	0.4231149061899607	33	False
chr22:46116315-46116915	chr22	46116315	46116915	test	1	cb02efbd64de3e5472682e33e359a05f87ccd79b5f96ce5bf1f46fa3817b13d8	0.6666666666666666	2930	chr22:46	0.5	0.967656563663957	0.4868887037277519	0.867679053098072	0.9548453220766109	0.5274388556940273	33	False
chr22:50474816-50475416	chr22	50474816	50475416	test	1	30415d831e6d99dbb419294772a562df502bd0d0bc3e2f39a1f4ee6e04e29817	0.77	37	chr22:50	0.5	0.9998410997051871	0.9129581507721586	0.8884566840576803	0.9982017304031833	0.44168978060581515	38	False
chr22:30574436-30575036	chr22	30574436	30575036	test	1	0256c3de7c14bd3c7ec03dff2297a31bc7097a67af091ac42ec1b5f4fd49059b	0.7683333333333333	66	chr22:30	0.5	0.9996306640313697	0.8846000440305392	0.9331921266645578	0.9989369385502462	0.5321204135255907	38	False
chr22:31749877-31750477	chr22	31749877	31750477	test	1	f8b7c64ae53f90961079172def6bbcca6bebdacad1ce3091a74b4e32a59b2a45	0.6616666666666666	9	chr22:31	0.5	0.9894731859810025	0.9564142662206934	0.9614117768655972	0.9958844011747539	0.37075787479783734	33	False
chr22:41413641-41414241	chr22	41413641	41414241	test	1	1252456a779c7cd3c07232f341c196468902845b4b0db42b5af90e91de713ac1	0.7416666666666667	100	chr22:41	0.5	0.9994719668967552	0.8593370149724334	0.7897143464967552	0.999603109233619	0.4278727731834566	37	False
chr22:30195959-30196559	chr22	30195959	30196559	test	1	c9c54ad89d759c6f35386ed2a7d20c0cc97e3dcafbb7a12b1b7a686ccf2ef06f	0.4816666666666667	698	chr22:30	0.5	0.4982177328585633	0.6770258727677606	0.5478252898517341	0.7485807779051913	0.4974851778931214	24	True
chr22:30667616-30668216	chr22	30667616	30668216	test	1	ce6ff50500052293b25d4c488d2edcbaadcfd1000782bc4eda99b34bcde3d082	0.67	30	chr22:30	0.5	0.9953277173551919	0.9214980138287833	0.7482465440482042	0.986157713626563	0.5975634292562209	33	False
chr22:32534350-32534950	chr22	32534350	32534950	test	1	355ee489e5436a3c6d50f9f60424acf052421656a593967c2570a583abc5e8b4	0.5733333333333334	1814	chr22:32	0.5	0.6315118255973333	0.5529354665174402	0.7573640756162215	0.9870329684417988	0.597101079205263	28	True
chr22:31192928-31193528	chr22	31192928	31193528	test	1	1af0aa53aa7a0c9c5b57c749ed16daf023b2eaf13053a4e5abd1bbe7bd23a2f0	0.425	7958	chr22:31	0.5	0.18381573886542973	0.3532438808194055	0.4853261278773247	0.31226898173114864	0.5487147211908678	21	True
chr22:24247438-24248038	chr22	24247438	24248038	test	1	0826df024c1659a35b6c937d67709e58c840bd6c70b67cbe3ff139ed6b20403c	0.615	123	chr22:24	0.5	0.7894250674870542	0.8450580665375438	0.8640876419009343	0.8798474334200742	0.5191019671800324	30	True
chr22:24952364-24952964	chr22	24952364	24952964	test	1	daf2ad8d80521e2384ecc1f936e8b7bf48568bd4011b45df77d80b680e13164d	0.7483333333333333	22	chr22:24	0.5	0.9994062557393891	0.9326371161697482	0.747783362543807	0.9969451948167084	0.47797918713207765	37	False
chr22:31753635-31754235	chr22	31753635	31754235	test	1	7067ed78465c93b882504e423b9ca136faac63232929bf678199d691a8f08d50	0.675	54	chr22:31	0.5	0.9971870629542516	0.8952810236046227	0.9631868334766002	0.9928593001954713	0.5396193519148299	33	False
chr22:39283447-39284047	chr22	39283447	39284047	test	1	792abb1a702e3bbc68ef7eadea795082c010841174ab01b5da3d58e9b8094a36	0.6816666666666666	6921	chr22:39	0.5	0.9382486933647515	0.3710715686510834	0.7397485079650584	0.8367906399963181	0.5571532950783616	34	False
chr22:46053956-46054556	chr22	46053956	46054556	test	1	41999b832de20a14bc5ab721966e48ef746cbb131559dccd319131fd33641fe6	0.6983333333333334	113	chr22:46	0.5	0.9884465122116934	0.8510483109456802	0.6357549514408769	0.9953571613919117	0.45020522745218794	34	False
chr22:30289476-30290076	chr22	30289476	30290076	test	1	3c4c36014d203d62a145b9830dbe2f40578689e72a3512abccdd7d0869c0daa4	0.6833333333333333	83	chr22:30	0.5	0.9978444066552623	0.8712101392962631	0.8710303495438159	0.9987142406714439	0.44823239502567186	34	False
chr22:27642066-27642666	chr22	27642066	27642666	test	1	e959408fb8f63c7eacf0448802a170a57c9c253b3a6bb2a12a7d1bfa7c9f8e03	0.6533333333333333	27081	chr22:27	0.5	0.9477492995919061	0.2172255991792787	0.9797178092793426	0.9722806173947383	0.48482031437020856	32	True
chr22:23894019-23894619	chr22	23894019	23894619	test	1	1611f0773a91c40442d371897a6711a805d69edf7561c6236f11bfdff4f7edef	0.6816666666666666	52	chr22:23	0.5	0.997597958608652	0.8971857071210835	0.9305455782633727	0.9980739918993844	0.35490676089068496	34	False
chr22:48651079-48651679	chr22	48651079	48651679	test	1	05727af37263680e485de44d2ec5effd93c11c7e1a423358b132f337d8450881	0.6183333333333333	41867	chr22:48	0.5	0.8232412156174065	0.17905063089907422	0.8262155553193771	0.764369165190139	0.5016441816745014	30	False
chr22:38181643-38182243	chr22	38181643	38182243	test	1	2aaa3ebb786031e0a8a94a35a6eda0e514f9506de25cdf81b2c1f117453965de	0.6016666666666667	102	chr22:38	0.5	0.9728224461855517	0.8580213444130653	0.944105127801422	0.9641100173511127	0.43517383048095154	30	False
chr22:39463800-39464400	chr22	39463800	39464400	test	1	b0690865dc7090f28a2240b5bb6f413697640e608f2fcab678062420535bdb3d	0.58	7089	chr22:39	0.5	0.6875999779479023	0.36798241329261966	0.8512751368402907	0.34715006119747666	0.45578627631116514	28	True
chr22:33920811-33921411	chr22	33920811	33921411	test	1	5e8b1e861f79ed9845b03565c327e220a7d2bf9cd52c1979759b6c7171a8fe7c	0.7866666666666666	8	chr22:33	0.5	0.9999292577314468	0.9587792109698657	0.9543823255209627	0.9999527798510145	0.4073102873834341	39	False
chr22:45671517-45672117	chr22	45671517	45672117	test	1	4cb4eea2ab72b82f70b3a5fdaf71c3dd69191fe1556c160016326565da6408f8	0.715	16	chr22:45	0.5	0.99772954475431	0.9424083854867601	0.8765332553738966	0.9893405807412671	0.3500721982963925	35	False
chr22:50562652-50563252	chr22	50562652	50563252	test	1	9eb946fa481062ee3b2d02513a3a7124fbc92cb3b666f2fd81ebbd9ae0431bd7	0.665	1	chr22:50	0.5	0.9898135860262792	0.9816276543708162	0.4054425969232433	0.9648844332113645	0.4256083393305268	33	False
chr22:42614682-42615282	chr22	42614682	42615282	test	1	4c4c9f4f4c4c4c0f594057b7e6900c5bf90cba8e29c0cac2bac7e2230720b302	0.5433333333333333	21	chr22:42	0.5	0.9836856528813936	0.9341649496124225	0.7938890831892826	0.9920599631748166	0.3715103710211353	27	True
chr22:46150093-46150693	chr22	46150093	46150693	test	1	c8c8b1bd0e631140153506c80065d1c5151e17260bf8f11037ff8548431df851	0.8316666666666667	8	chr22:46	0.5	0.999991357951404	0.9587792109698657	0.9385182832708676	0.9998907322661428	0.5214406629537007	41	False
chr22:38755784-38756384	chr22	38755784	38756384	test	1	7c21dabc2df6a5abdec7e213fb4d7ae92ce6343ee5df9643456b8eaa50ba52a5	0.775	35	chr22:38	0.5	0.9999205374079396	0.9153046550979582	0.9511865880760325	0.9999451483891488	0.57170752698223	38	False
chr22:36065603-36066203	chr22	36065603	36066203	test	1	814d3cb8859740dd909ce24975301011dab882de8e8604b3466c9e718f573293	0.6083333333333333	160	chr22:36	0.5	0.9636197119929764	0.8251984625503495	0.7098076194595784	0.8400256090794624	0.5237553194305113	30	False
chr22:19479443-19480043	chr22	19479443	19480043	test	1	875e5f788f27266fbe2ab6c8bfff157c523cac3e89091c62ff9cc2463a8b107d	0.5583333333333333	82	chr22:19	0.5	0.9362286037613037	0.8719513207075702	0.3719137387728774	0.9526918736941031	0.5978082782990547	27	True
chr22:21629776-21630376	chr22	21629776	21630376	test	1	4cf71bc72c934525bcd7bf10f1ebc2333dd99e2bf552397482e5d28b1c34d9f1	0.6683333333333333	7	chr22:21	0.5	0.9972575903867062	0.9612775523818726	0.8594826307097144	0.9946367728633909	0.5000536912439063	33	False
chr22:38202309-38202909	chr22	38202309	38202909	test	1	19385a00a6015a17ff5321df689df0544509dba5a7b24c8e8b225d440d8d360a	0.7516666666666667	68	chr22:38	0.5	0.9998679190424095	0.8829293786779867	0.9453893102612941	0.9998710478725917	0.5777896476822671	37	False
chr22:39532653-39533253	chr22	39532653	39533253	test	1	60a23594a9cbefecc6fffd5578c99b95e9314085d3fc37009a145b722a3ac6ce	0.585	128	chr22:39	0.5	0.9732868060660824	0.8421744924385203	0.8043074930688847	0.9531496753211859	0.5824005495039845	29	False
chr22:33971335-33971935	chr22	33971335	33971935	test	1	04ecf51f2d4f5968f4d3dd236621a2eb273bc9d56524bae3ed216ff3714680f8	0.49	45796	chr22:33	0.5	0.34091206333708024	0.17187612621021117	0.8248743376277167	0.7212158654228562	0.6050169867271016	24	True
chr22:38793802-38794402	chr22	38793802	38794402	test	1	af00d4fa7b77da14cc9ab092cd03e8326834b1d04fa6b2c031cf0eca52655b76	0.6266666666666667	40	chr22:38	0.5	0.9744972692504403	0.9095609801567284	0.8583155164855867	0.9428382935910937	0.4620878080899297	31	False
chr22:32801335-32801935	chr22	32801335	32801935	test	1	e925344340aae2957211f37a842f7c9aeabf79e4181839a7aa4aad4e410f853b	0.7366666666666667	60	chr22:32	0.5	0.9991216077090944	0.8897908699153896	0.9277722527789314	0.994796306533809	0.36697317747295866	36	False
chr22:45240682-45241282	chr22	45240682	45241282	test	1	f7dd11e031f3722a1e649bda94d2a9a3df9018f7280250c40249dae5956cd691	0.7783333333333333	39	chr22:45	0.5	0.9998665972349674	0.9106778313243202	0.9057509081703874	0.9995179788332075	0.4670934799047838	38	False
chr22:50219242-50219842	chr22	50219242	50219842	test	1	85c7107b6919b37d405646ba0193e69fb4449be17de667dafbf9eb38436c89ae	0.6766666666666666	10001	chr22:50	0.5	0.9775506443241512	0.324943591851875	0.8135076431556277	0.9610522374500742	0.4971123943729555	33	False
chr22:48600477-48601077	chr22	48600477	48601077	test	1	1f46f8d25c5bf8b96d7139f7f2cf46eb135fa35480b68c9c0bc95bc1ba0dbf6d	0.5333333333333333	16397	chr22:48	0.5	0.9196383809606091	0.26805791496473624	0.3296199025617984	0.9895675058205244	0.4817939910230573	26	True
chr22:46762361-46762961	chr22	46762361	46762961	test	1	f9f6a579db616001c43d28553a26fc802f05a796ccb945cfbb45c802fbac6b7a	0.6666666666666666	12	chr22:46	0.5	0.9947083367418447	0.9499502717316438	0.8322809042752912	0.9952328137702091	0.5028164291120935	33	False
chr22:17084619-17085219	chr22	17084619	17085219	test	1	aafd3eff491a690d7637296cc50c3e6209c7e4facc120b9f1b1d227393236a5e	0.7283333333333334	14	chr22:17	0.5	0.9987430681356988	0.9460515456740395	0.9293353107141339	0.9995959903300521	0.4854008684450729	36	False
chr22:21735685-21736285	chr22	21735685	21736285	test	1	66bb49b84a237c2ad8bc4d0ff283dd15dc4c4b276e16fbf4d4f87c45dc28048c	0.7833333333333333	148	chr22:21	0.5	0.9999538073863009	0.831290559268802	0.8467988948557971	0.9999239505933314	0.44583555128759145	39	False
chr22:39405238-39405838	chr22	39405238	39405838	test	1	7b6eb2b75b3a42fa35c639424d3894a8cb343c2743890d84d959b493e64ad6bd	0.495	5759	chr22:39	0.5	0.6832997590483687	0.3950789487168944	0.8122942070575113	0.9431038622208927	0.4665265106897112	24	True
chr22:49918182-49918782	chr22	49918182	49918782	test	1	102e929dd3bed68ed0561047fa8a6b34cbd419b4f46ac0d5061b9644868e7e3d	0.7416666666666667	10	chr22:49	0.5	0.9997467711666703	0.9541638155952322	0.8601190799724163	0.9973246966413343	0.35036244449936804	37	False
chr22:37999797-38000397	chr22	37999797	38000397	test	1	c7eb71708482de0fb361d49562d1c3ba9f7f42f786aab00dd703d81671024a1f	0.5616666666666666	11304	chr22:38	0.5	0.6677738888685494	0.3102702197497897	0.5338718030541135	0.7371378223276258	0.544465768996916	28	True
chr22:42070658-42071258	chr22	42070658	42071258	test	1	913f26c3e5de1692b59a422b155c018a1cd44319e2ca916e52ee3c8d98f132a2	0.645	10	chr22:42	0.5	0.9851294134091866	0.9541638155952322	0.9509625770954815	0.9984930227941852	0.5015507436414907	32	False
chr22:20495671-20496271	chr22	20495671	20496271	test	1	6d4820d60000a8193ca5a658d184e022772e410465fccebf1e131317d474f7d0	0.71	116	chr22:20	0.5	0.9988545596051154	0.8492184414898348	0.9523350009068967	0.9985999332110627	0.4912225344441843	35	False
chr22:37752396-37752996	chr22	37752396	37752996	test	1	63e87a9e0ce69e09703766390c09bea1cc222f70edd053c14a361f55b5119592	0.6316666666666667	858	chr22:37	0.5	0.8157083636739682	0.6516202055459609	0.4608112537121937	0.9759201566968894	0.5246589785821515	31	True
chr22:45268883-45269483	chr22	45268883	45269483	test	1	9d5815102c259df9ed750cf7a0e541c7b29f2aab94c6aa4b85104e465308f2cb	0.67	17	chr22:45	0.5	0.9967601866001862	0.9406688786176478	0.9237529543019054	0.9962994296854549	0.5512207738376931	33	False
chr22:38700722-38701322	chr22	38700722	38701322	test	1	70d8fae22d2511a4e25e067b15d89f24ec2b42971f9ebaf645b80bbac740c502	0.775	22	chr22:38	0.5	0.9999045067636789	0.9326371161697482	0.9754165471519768	0.9998244129824929	0.5301211903475409	38	False
chr22:28883126-28883726	chr22	28883126	28883726	test	1	de366682a298ac09a979b7eed02c56363b051bb1fa39f9fbce3372bbe2e1e9cd	0.7383333333333333	110	chr22:28	0.5	0.9998491545914657	0.8529078830913708	0.9247665095975879	0.9999072734386153	0.42700829736754414	36	False
chr22:43151169-43151769	chr22	43151169	43151769	test	1	213349b080e19ed3ac771dd1ba932a19fccfa3b0a1e38d95a4375535371f012d	0.7016666666666667	37	chr22:43	0.5	0.9978420315224739	0.9129581507721586	0.7788364432061344	0.9929975859745294	0.579426822557693	35	False
chr22:42369021-42369621	chr22	42369021	42369621	test	1	fee70236cd36a999fc4bb165e9d6b4af2da0213d13f03db202a2a1d4d6f984bd	0.645	38	chr22:42	0.5	0.9934415483477368	0.9118100295804089	0.6883729105128468	0.9995082016173822	0.5864532645898819	32	True
chr22:20496291-20496891	chr22	20496291	20496891	test	1	688496cc16d441fe866a536a6ee61aac93528bce527a1efc1e6186bce143b767	0.5766666666666667	301	chr22:20	0.5	0.8941732342852825	0.7692654273789062	0.6466362686267193	0.9547402809904981	0.5425524759690776	28	True
chr22:31399250-31399850	chr22	31399250	31399850	test	1	26b56051bce24aa090c01a57f34b0b02b7ee5205f1606f33b0bc36f374f63714	0.6583333333333333	9	chr22:31	0.5	0.9963622394645278	0.9564142662206934	0.619143332603571	0.9979339156535867	0.45237669391985785	32	False
chr22:39152542-39153142	chr22	39152542	39153142	test	1	fc011fec9ef0ef04439aa28ffb94ffc5a775cdafc545974fc40fe9218bb3a1d7	0.74	124	chr22:39	0.5	0.9998972677512674	0.8444756644950675	0.916671257886795	0.9998723264120494	0.5315922996523096	37	False
chr22:29603225-29603825	chr22	29603225	29603825	test	1	8d75358e0d062e4fa523736ae15e5b74300420bf57d8d4a18e9d7845e4fed623	0.675	6	chr22:29	0.5	0.9976582080434679	0.9639341668473307	0.7960175776907603	0.9987049715181621	0.41615567772199336	33	False
chr22:30635380-30635980	chr22	30635380	30635980	test	1	c6175bc8a90c2d3aac8e49ec10d5d30db47a96b09ddb4e2b7178e87ee315d640	0.7366666666666667	8	chr22:30	0.5	0.998476443624553	0.9587792109698657	0.8119224532167165	0.99920534682808	0.600876355799767	36	False
chr22:31084648-31085248	chr22	31084648	31085248	test	1	74aabf772888ed32a2f7d1b805329c3fa40fc9cda99745386bdea7da1242bd0d	0.6833333333333333	47	chr22:31	0.5	0.9976374273932741	0.9021308934022477	0.8341788941022623	0.9924004471660087	0.5527466067040815	34	False
chr22:21867444-21868044	chr22	21867444	21868044	test	1	fcdb9d1b209a3a3866a4b276d4805b22239a3c6210a8a12e3875754030748b75	0.7416666666666667	65	chr22:21	0.5	0.9998668913230353	0.8854461389180444	0.9697906981929955	0.9998962184726305	0.37240047528766507	37	False
chr22:38570042-38570642	chr22	38570042	38570642	test	1	d4341d6ecc5ac396d378e18cfd0eecad0faeb603d099f49c45b3abc26a938183	0.6983333333333334	61	chr22:38	0.5	0.9953585332385602	0.8889060991423721	0.8212655405519529	0.9939916788363586	0.4190805928648798	34	False
chr22:37968701-37969301	chr22	37968701	37969301	test	1	3b5060a0fbc0f9fcb2c768e9dfdca358e278a78724069869bf0b97b6ad97e880	0.5516666666666666	1439	chr22:37	0.5	0.46589032942897785	0.5843142657626922	0.3323726294199717	0.5171699495777079	0.4374125704728039	27	True
chr22:31080940-31081540	chr22	31080940	31081540	test	1	f1f41fbe335d768add9445f11685de582600c85bda8f2805b8c22ba0db522524	0.6833333333333333	57	chr22:31	0.5	0.9962646674142183	0.8924957504264149	0.8628546407758568	0.9947530823109879	0.4952852302898157	34	False
chr22:40370366-40370966	chr22	40370366	40370966	test	1	d19bb82444385e3b70928fb1b771f4755c6addc165fc0d800033316d642c7c78	0.6916666666666667	73	chr22:40	0.5	0.9987458359509808	0.8788713966257785	0.8245635875847841	0.9969067862503702	0.45217053049014005	34	False
chr22:31313241-31313841	chr22	31313241	31313841	test	1	093c81a30c23a69a72446c0d31181211b0cc44532aae5148402a00ddf9f72336	0.505	19702	chr22:31	0.5	0.3752484410514	0.24861317985441192	0.46168516773894025	0.3443109275235856	0.561851876005739	25	True
chr22:41468764-41469364	chr22	41468764	41469364	test	1	1a3bae04895fba238976cf3a92d6a8d07a0152cab28bffc9b346b6b048b81529	0.5983333333333334	52	chr22:41	0.5	0.971930353933089	0.8971857071210835	0.8098577497364685	0.9197825842682925	0.44167923897895656	29	False
chr22:19178592-19179192	chr22	19178592	19179192	test	1	6485d24ad263c83c76bd9ad9c4e21cd6e048fd5379f96ff6d4ac432fd36c524d	0.7716666666666666	105	chr22:19	0.5	0.9998917817471881	0.8560764718492109	0.7689609056048845	0.9995671658834157	0.5986524522647457	38	True
chr22:31489613-31490213	chr22	31489613	31490213	test	1	3e49f91d2d3a01107b96e1519c385b4a162c73883d50f970f6abce46f6e13ec5	0.7683333333333333	19	chr22:31	0.5	0.9999150799236844	0.9373328095870924	0.8693032198004161	0.9998496453110827	0.358424768899309	38	False
chr22:39145542-39146142	chr22	39145542	39146142	test	1	9e3c1a9012d459e8bba1b046f84c48f3bfdb162569cbc09a0aed67d99f6534ff	0.7616666666666667	1209	chr22:39	0.5	0.9997506659235639	0.607479959328679	0.9462290210972516	0.9996935442129773	0.4214115191575198	38	False
chr22:20020746-20021346	chr22	20020746	20021346	test	1	3c16f17ee5448c1cf91e9916306c2f283705220796dfa6491424e9c7659894e3	0.73	22	chr22:20	0.5	0.9992873352218478	0.9326371161697482	0.9611464803387686	0.9974057701026581	0.507656191505097	36	False
chr22:42867621-42868221	chr22	42867621	42868221	test	1	41f1ed39f8fc5f090d961765831e3e266a7fb8edd41be6e5912011007c2fb767	0.5716666666666667	10492	chr22:42	0.5	0.6488511621883686	0.31915825609164195	0.33564957893088065	0.33314399859416866	0.45145792433032617	28	False
chr22:49853465-49854065	chr22	49853465	49854065	test	1	3ccf66c27c22345c92dbf8baf47ca43764e8f84252f59757c4a1fcca111e7e8f	0.8183333333333334	61	chr22:49	0.5	0.9999917870329507	0.8889060991423721	0.8836485440836173	0.9999903533841222	0.46635700924088525	40	False
chr22:20917022-20917622	chr22	20917022	20917622	test	1	044107f5e6e3af6cc4c98fd30361ac0f7ab873586b6b26914aca60483c495a88	0.7016666666666667	30	chr22:20	0.5	0.9992825848578063	0.9214980138287833	0.5828224835516754	0.9998523260972455	0.4367188971690808	35	False
chr22:38872001-38872601	chr22	38872001	38872601	test	1	d4bb5ec5aa4124aad128ff2d249298d339f5c6b70fb8d034313bf043663e3e0b	0.7533333333333333	70	chr22:38	0.5	0.9999251482394194	0.8812864043777581	0.9028181253129921	0.9993230229081016	0.46148646703473317	37	False
chr22:37545851-37546451	chr22	37545851	37546451	test	1	86deefac4e2ac7347ea1982bd3747eb4e4fb48bbf67957bcad41a43722922084	0.6716666666666666	16	chr22:37	0.5	0.9322170810005739	0.9424083854867601	0.6272985966437742	0.8883559300693258	0.5377610061544188	33	False
chr22:50525494-50526094	chr22	50525494	50526094	test	1	fc2c126abd7dc3bcdc9b35bf5749cffeb2c6c671e8584c11370bc1c71933995d	0.7483333333333333	169	chr22:50	0.5	0.9998028164713786	0.8208175980827822	0.9585157906557554	0.9999568682589017	0.47328204768827836	37	False
chr22:36481805-36482405	chr22	36481805	36482405	test	1	08fbba78746cf8d3b5caa99ebfa2d7bf319dc3c9b81d8192f5bcdd8f0a98ba27	0.5783333333333334	34	chr22:36	0.5	0.965950804489448	0.9165043905674707	0.8973519071875686	0.9610484424910676	0.5421435298155425	28	True
chr22:41286042-41286642	chr22	41286042	41286642	test	1	135cc892ce72610e2579c4f76e099060ad691ca3d60f84c3d8e5898d01924daa	0.6233333333333333	71	chr22:41	0.5	0.9932289799806795	0.8804749429028575	0.6166781779158071	0.9868665142855508	0.5819986331846827	31	True
chr22:19122246-19122846	chr22	19122246	19122846	test	1	1827044838f69f32e78e3bfc3108e8c170e8860293f6025b2b2f268d0df476a0	0.73	86	chr22:19	0.5	0.999458953484709	0.8690173395200694	0.8430059887481898	0.9986740639058659	0.5496394077978985	36	False
chr22:28800334-28800934	chr22	28800334	28800934	test	1	348b96c2a7788ab0d5ef35f3fdf4761cfba942275fd9c37d6835e6c3d751a7f4	0.6683333333333333	36	chr22:28	0.5	0.9987987672678021	0.9141228079986397	0.8057828192918421	0.9997736134434688	0.5245197068581304	33	False
chr22:35840245-35840845	chr22	35840245	35840845	test	1	2b40aaaa362ceb6f160daef253ea2fbb68be7a50f1e523e8c6e8317a0c4bab28	0.4816666666666667	41	chr22:35	0.5	0.4074060037439952	0.9084589343711327	0.7955158363229283	0.7641788121570869	0.5039470364914982	24	True
chr22:16969772-16970372	chr22	16969772	16970372	test	1	68102fa9e52800e221cd1614cf06bb2e82eb41dca5494cb9b4b7b5d584c27a80	0.56	38041	chr22:16	0.5	0.48659973388455025	0.1869722367300343	0.4957979809564401	0.24988335029996872	0.5098149679193746	28	True
chr22:46087765-46088365	chr22	46087765	46088365	test	1	13294d869c38770a99b30021d23c0d6c02a5cf5758132f327d6be0131fda8349	0.6766666666666666	2063	chr22:46	0.5	0.9649170025957944	0.5353045604590867	0.508640610837342	0.9695514093599694	0.5612343770180065	33	False
chr22:42079333-42079933	chr22	42079333	42079933	test	1	747e1a7a1b56fb9599a1c68ba3e7d4ca3a50e62c5e35d78a677c1231d715753b	0.6516666666666666	34	chr22:42	0.5	0.9967637485861469	0.9165043905674707	0.8792027779147671	0.9964044632551992	0.6050297271898812	32	False
chr22:39454243-39454843	chr22	39454243	39454843	test	1	c76682b48a3cc50ceeb4864a4f2c35ecee9d913ef1bd075d79e4847164aec9ae	0.6033333333333334	26	chr22:39	0.5	0.6782516811161533	0.9268489392037027	0.4778723224697796	0.8820895616643301	0.5710944559587627	30	True
chr22:37844069-37844669	chr22	37844069	37844669	test	1	7585402ec35d77c5cfbfdcaf0d776f440cd4f184139bed6bf07de097095e3057	0.6516666666666666	1	chr22:37	0.5	0.998582059635521	0.9816276543708162	0.9200055816868903	0.9997730820388764	0.5473257579925754	32	False
chr22:24270535-24271135	chr22	24270535	24271135	test	1	d783d0ae90ec32a983d283a28100828e4eb597d69cebf9d23d67f62e083858e8	0.73	5	chr22:24	0.5	0.9991436728735481	0.9667829704126885	0.8521917617519459	0.9995381379628944	0.4941904188169311	36	False
chr22:41508590-41509190	chr22	41508590	41509190	test	1	6942cf09cf9bb63c6c147695c2a8a23dac0620b67f54376d39172894b0d2e0a6	0.615	35557	chr22:41	0.5	0.8042947168901664	0.19271439219767472	0.29614568321636237	0.9495928453675361	0.5150241694233395	30	True
chr22:40636435-40637035	chr22	40636435	40637035	test	1	3632669d77053c2446dfe1627dd89deae190a7ecb5445d5e292ae926f42bb65d	0.6966666666666667	10	chr22:40	0.5	0.9989113697832798	0.9541638155952322	0.6772184206676807	0.9983033365279432	0.45816092941805997	34	False
chr22:18077652-18078252	chr22	18077652	18078252	test	1	ad0c2c7c71ff14f8bb7bab72013f1cd257bbe848cfe68f96b1e4988776cc39dc	0.6016666666666667	36	chr22:18	0.5	0.985529371676687	0.9141228079986397	0.691358538828901	0.9887356372941968	0.4199497172131034	30	False
chr22:38016429-38017029	chr22	38016429	38017029	test	1	fab164f94d1f28e391834ca021304b8396c7771d5c840ab1e0c3fc3ff7586ea0	0.5983333333333334	17498	chr22:38	0.5	0.8971736002358558	0.2610670250643081	0.6947482210202024	0.9909981801082512	0.49058419762646593	29	True
chr22:19144482-19145082	chr22	19144482	19145082	test	1	0b81afe02486b0f3da1c10554c1af6ba744b1e2fa9912a8809f915c3bd93ec02	0.54	102	chr22:19	0.5	0.9587951411570672	0.8580213444130653	0.742619987337332	0.9902509059312447	0.451794256724529	27	True
chr22:46027191-46027791	chr22	46027191	46027791	test	1	7fb57b91006996f482fff11912fd19c5f6852985b39e01a7cd5a5152d7f81724	0.7416666666666667	589	chr22:46	0.5	0.9998077730026831	0.6971734981588754	0.9299334603711208	0.9998195593695957	0.5418288131328348	37	False
chr22:18024290-18024890	chr22	18024290	18024890	test	1	b002fe6dca2123824fd33959cbff98c82806e3669266f4d0188f27a24f54dbb1	0.6816666666666666	30	chr22:18	0.5	0.9965346187633062	0.9214980138287833	0.7958832266095308	0.9982156483305018	0.554101580318418	34	False
chr22:32985936-32986536	chr22	32985936	32986536	test	1	b91a09f220a6ffc25f162e707192d4c3bcb9efacc232cb62854708b22b1b89c2	0.53	66302	chr22:32	0.5	0.5721676386040528	0.14467626301301806	0.45300783944118533	0.6265414353036215	0.5994435171465456	26	True
chr22:18023443-18024043	chr22	18023443	18024043	test	1	2f9f5caabab6b25c0cb542efbf7324e8adc50d0f02447e062770449349372ae5	0.615	26	chr22:18	0.5	0.9687803982810556	0.9268489392037027	0.7877533223780897	0.9949301853851473	0.4133383671285476	30	True
chr22:41832743-41833343	chr22	41832743	41833343	test	1	589ccfe7ee3b0024020229a7f43bbe2e01a7a5ae8656a16eac5bce83bd392e50	0.695	55	chr22:41	0.5	0.9985423351344268	0.8943432831150929	0.9603729553068847	0.995292409000053	0.49023160646089275	34	False
chr22:41204864-41205464	chr22	41204864	41205464	test	1	2b79deca05fecd5863445f6bf41ed5680a51dfdf1a26aa62072c42948bb65e8c	0.5533333333333333	135	chr22:41	0.5	0.9331885445157283	0.8382519819869656	0.6470137132626695	0.889713550112893	0.6358872581898919	27	True
chr22:44820538-44821138	chr22	44820538	44821138	test	1	abaf9f28f1aee6b78c9078d16f2a5e971caf0d62705c350b5f0001e06014462b	0.53	34739	chr22:44	0.5	0.6988980208486562	0.19472434128752775	0.16488161307860544	0.7116968051959771	0.44271296032727153	26	True
chr22:41448169-41448769	chr22	41448169	41448769	test	1	e7d910b9ef75a6649201a4bbad0c197380399415c67c2a42ff6983dd71f43eaf	0.5733333333333334	100	chr22:41	0.5	0.8909888019372945	0.8593370149724334	0.68851985636818	0.988500919605887	0.6137478293400939	28	False
chr22:28679589-28680189	chr22	28679589	28680189	test	1	bcb18ae160101d0f3c1c3b0545816ae11a75dff5546c4052285d89e264094018	0.77	35	chr22:28	0.5	0.9999722718031913	0.9153046550979582	0.9269974470168152	0.9999591052142703	0.44330976033550124	38	False
chr22:45164096-45164696	chr22	45164096	45164696	test	1	24e8d138ab37c6f3d388b95976deb607ad5400b497f95e4375584c7c112197dd	0.7433333333333333	246	chr22:45	0.5	0.9984372127126161	0.788403372037779	0.858521691451982	0.9960048448718181	0.43042656373593274	37	False
chr22:23913761-23914361	chr22	23913761	23914361	test	1	f866448c00479377f750d2c5b8e3752d94ba5671b7dbcb6dacb84c83d0abb3f9	0.5933333333333334	6994	chr22:23	0.5	0.9705386831514831	0.36971883196795546	0.9348396270416752	0.9918427979794259	0.5328346515933484	29	True
chr22:35380769-35381369	chr22	35380769	35381369	test	1	e2459147fb29566c8efd4aa30e310088b3227a74c77c06269a700c7acee64b1b	0.6366666666666667	26	chr22:35	0.5	0.9852585860433678	0.9268489392037027	0.651491535279881	0.9985899962595225	0.577372940268503	31	False
chr22:38226461-38227061	chr22	38226461	38227061	test	1	72267b412ee616983929a97847ce769a8103b1d19159c288c055ff7279036ec4	0.625	4558	chr22:38	0.5	0.8567651131785327	0.4263598091293794	0.8047848770958556	0.9409498142447352	0.4137814650040225	31	True
chr22:29267706-29268306	chr22	29267706	29268306	test	1	dbe5b6e5ea82f85a4eb7701ddc873927c6082751a3c7070e621d1f74fd02dd07	0.6783333333333333	2	chr22:29	0.5	0.9985678879506906	0.9771161082130421	0.753403129247938	0.9996500775784753	0.4867556117802561	33	False
chr22:31211880-31212480	chr22	31211880	31212480	test	1	cfa7aaa5d8acc5465422f5ac8f8d17db3f77cfaaa7554c480a3c180acb2c5718	0.66	12	chr22:31	0.5	0.9938062083921131	0.9499502717316438	0.885552488272604	0.9937277673927458	0.5617537957887611	33	False
chr22:42649127-42649727	chr22	42649127	42649727	test	1	77bc5ebef025b4821a8f2633dc22ebe56bcaa6ebda838714b5532e047cf445a4	0.7883333333333333	36	chr22:42	0.5	0.9998898482303071	0.9141228079986397	0.9509019485599552	0.9996329996956598	0.4494643737458339	39	False
chr22:40950932-40951532	chr22	40950932	40951532	test	1	fc5780e5c26cf2ecd2f8e1868eae375ac6f969273da6388b907f732525e511ce	0.7233333333333334	44	chr22:40	0.5	0.9995188352591512	0.90523666785893	0.9298022895383464	0.9985478040818586	0.464098228980499	36	False
chr22:21937887-21938487	chr22	21937887	21938487	test	1	0c28a1073c76f44b4e2a334ce8960db0d93947445a293244efbb2866713fdb0a	0.6433333333333333	81	chr22:21	0.5	0.9740533901072452	0.8726977777536284	0.8910423558562572	0.996031338455383	0.4421346955555494	32	False
chr22:17036904-17037504	chr22	17036904	17037504	test	1	ae969191cb56de05047fa33449e8d84e7193bbff81a9176db152baac7dcbe2f9	0.6733333333333333	2	chr22:17	0.5	0.9876761830202565	0.9771161082130421	0.7885021949430364	0.9881427061215413	0.49731979238259555	33	False
chr22:24555016-24555616	chr22	24555016	24555616	test	1	46c8ece8624f6b9ede4201629e259a1fdf47b30c33bb2ff0ba4aaecbe8f59ea2	0.66	101	chr22:24	0.5	0.9925658544153995	0.8586772340380859	0.77220819948107	0.973675778573853	0.5443819510933011	33	False
chr22:50326801-50327401	chr22	50326801	50327401	test	1	5156bdc7e9fe168e2e5c97a35d12709b70e11acde3de6227725b49c3704f559d	0.7833333333333333	90	chr22:50	0.5	0.9999538073863009	0.8661621593860331	0.8952187950801109	0.9997097625083411	0.5900001734071666	39	False
chr22:30423823-30424423	chr22	30423823	30424423	test	1	af16fe386dac9c936f6bf5c2836fbd7324fc9f243b4da4f19ae70a1a478ebab2	0.6083333333333333	87	chr22:30	0.5	0.9667074471290968	0.8682963641380904	0.49227748593171594	0.9880294408383606	0.4659065987060455	30	False
chr22:41446597-41447197	chr22	41446597	41447197	test	1	42b9b485ef2a503c7f0417d0542fdd4fcd33f6a6341748d116ab8dcef1854cca	0.695	37	chr22:41	0.5	0.9987867588481213	0.9129581507721586	0.8037892236279397	0.998225279900276	0.4328929684567982	34	False
chr22:30387121-30387721	chr22	30387121	30387721	test	1	1eba83b9b537a364d8f262d4e3f66dbec431d8fe23d90ccf9c57675b10431721	0.77	4	chr22:30	0.5	0.9998090464981833	0.9698723804007733	0.8672821702185014	0.9991532391499447	0.5885602598932521	38	False
chr22:38398578-38399178	chr22	38398578	38399178	test	1	dcd0d7a7ea14108ddac5b77d093859d8ab8e2ebe09791b4edb271fb45319b66d	0.7416666666666667	19	chr22:38	0.5	0.9998400399427883	0.9373328095870924	0.962122030472197	0.9992726640796549	0.537197775411641	37	False
chr22:49949111-49949711	chr22	49949111	49949711	test	1	de91007864b96a36a8913d4dd6c9024bd9c6654ddc905c678e19a8880d239335	0.705	307	chr22:49	0.5	0.9708228696631496	0.7673290368338127	0.7352627436072539	0.9671006766704939	0.47254963012191276	35	False
chr22:20858564-20859164	chr22	20858564	20859164	test	1	6479018ac20bc1e54c24d0b36e86a130d5c782e1193b128334c460b44e0be628	0.7266666666666667	21	chr22:20	0.5	0.9997553120632512	0.9341649496124225	0.892426527461431	0.9965125365471972	0.4719918937981114	36	False
chr22:27480429-27481029	chr22	27480429	27481029	test	1	7c1ab9083c87df6fba5bb9678adde17925e0164a2a9adae9e214e93fc578fb08	0.5783333333333334	19859	chr22:27	0.5	0.7035390524559442	0.2477943004878609	0.5033412165209633	0.8079325027434701	0.5717583487535265	28	True
chr22:41022399-41022999	chr22	41022399	41022999	test	1	24ee6340b7cf8697e554c8d3e0ec4f40646faada86954be6f7c230f5e703244d	0.6483333333333333	742	chr22:41	0.5	0.989037807415227	0.6696015708327202	0.4884369778421981	0.9610378336852692	0.48176437206466044	32	False
chr22:37675215-37675815	chr22	37675215	37675815	test	1	5a7fe6911e2f27c0938f3ccb87e72955f10870242def7534da429578de21d967	0.62	71	chr22:37	0.5	0.8256448855659	0.8804749429028575	0.48775587655286934	0.8327561657730493	0.36858702468233745	31	False
chr22:26589849-26590449	chr22	26589849	26590449	test	1	de35b06aba49cd03c24f4e868474b53b3da80228040908b329493fef57591b88	0.7266666666666667	2	chr22:26	0.5	0.9991924350114064	0.9771161082130421	0.9307827593855957	0.9984472518654011	0.5842121311637136	36	False
chr22:37898774-37899374	chr22	37898774	37899374	test	1	43ae30824d70126d2341fe872221bc4a5f571ed5843b70de36a90ee1124057c0	0.56	3625	chr22:37	0.5	0.6000920831409859	0.45757403195925944	0.42978723190668017	0.78227133084139	0.5897277276233976	28	True
chr22:20117041-20117641	chr22	20117041	20117641	test	1	9c5d3c881b2018b28df3d155bd07961182c4ec3654b0f891d23edc6dd7677c74	0.7333333333333333	49	chr22:20	0.5	0.9999166625962935	0.900119857527865	0.9251422979930561	0.9998813144369768	0.5574623400533393	36	False
chr22:41197219-41197819	chr22	41197219	41197819	test	1	59bfe65bd38e8d26170c96d870f216f552dd16a8a9d5f955b03cd490355db62f	0.7466666666666667	20	chr22:41	0.5	0.9996186163389235	0.9357293314535567	0.7804261444019405	0.9998068022504503	0.40443674958286707	37	False
chr22:36529060-36529660	chr22	36529060	36529660	test	1	92f004a0242490ef03c1c9600544a290f1d262e6aa58f8ee7383645ee00fa63a	0.6166666666666667	116	chr22:36	0.5	0.9965192483558879	0.8492184414898348	0.6475466382805495	0.9959785693100794	0.45314247718635037	30	False
chr22:23521603-23522203	chr22	23521603	23522203	test	1	b206d16f588c8820b1dd54ddb872b68b3d866490e690dec2cc6f0c511ed3594c	0.7066666666666667	914	chr22:23	0.5	0.9990145145908552	0.6436515246487209	0.622892118265648	0.9995286929297897	0.4354322058506521	35	False
chr22:30356648-30357248	chr22	30356648	30357248	test	1	ccdc0c9c02a5b9b752c3da010f0a64ed8dfa8ec989bda26d489582f6e2a8d7e8	0.72	55	chr22:30	0.5	0.9996857688651166	0.8943432831150929	0.700278649183232	0.9988783326920294	0.45432432596948397	36	False
chr22:30968832-30969432	chr22	30968832	30969432	test	1	c7a11d71f9bf414d21203f050f431b2fd8638a795768ee37cb80425fe6b457a7	0.6833333333333333	132	chr22:30	0.5	0.9991389157494603	0.8399172573580491	0.8937663579657044	0.9996568938095827	0.4734389144102738	34	False
chr22:42857030-42857630	chr22	42857030	42857630	test	1	452f21dfb75c93ffa3bee4629fa04781eb8229adbf193bff0e8eafabbb1f6838	0.7283333333333334	19	chr22:42	0.5	0.9997804656123815	0.9373328095870924	0.9512672192144843	0.9998701929882426	0.559744597682696	36	False
chr22:19239429-19240029	chr22	19239429	19240029	test	1	92e7cb523ee56d22a3df363af7d4889e7c0aa004085cb98985a8a021c582adb7	0.5233333333333333	10143	chr22:19	0.5	0.5330463600678174	0.32323609707449025	0.22367537140746818	0.6260917924549751	0.4648791041477411	26	True
chr22:36506789-36507389	chr22	36506789	36507389	test	1	fe9ad43547bd01f9c700440de546f4bddcfd5411dc48c3de0ed5d6a8f5bc5892	0.7066666666666667	8	chr22:36	0.5	0.9992517821560312	0.9587792109698657	0.7135898364362305	0.9986928080097696	0.5401051952948563	35	False
chr22:46249995-46250595	chr22	46249995	46250595	test	1	d873231b16b9ec4df3771ce727d7c8394c5b90c7c7d5020c9607eb53e2b28df7	0.735	3	chr22:46	0.5	0.9997033442770372	0.9732759723133476	0.7950404065280791	0.9998324464365539	0.4657344632350626	36	False
chr22:30591927-30592527	chr22	30591927	30592527	test	1	96ad6c58087f68660e1ab686dbae16fc9ab1ebf1ca5492de2323b26cf0d402bb	0.5033333333333333	315	chr22:30	0.5	0.8656268059010942	0.7647880993248755	0.36309381454986295	0.9275232084711642	0.5266705463134386	25	True
chr22:40651825-40652425	chr22	40651825	40652425	test	1	523dad5c086aa852711d0633e7b6c716295f87c8f94de06a703e9f7ddffb994a	0.6416666666666667	20	chr22:40	0.5	0.9416835396148004	0.9357293314535567	0.9662741261236613	0.9796792470475344	0.6706860099729267	32	False
chr22:45309510-45310110	chr22	45309510	45310110	test	1	44793145596a4dbca47d664cfda38ca315185467e862df4f2535212cd2e1adf7	0.7366666666666667	17	chr22:45	0.5	0.9997572010662295	0.9406688786176478	0.9131794890945659	0.9998287077627631	0.49269837640420394	36	False
chr22:46070754-46071354	chr22	46070754	46071354	test	1	9d2ee400c0e302208553fca5d94c140b54c145b9c21a610195cbb25e96ebae32	0.8333333333333334	265	chr22:46	0.5	0.9999951027160634	0.7814867723071433	0.9527069090780387	0.9999853689372341	0.6076963701127795	41	False
chr22:23180181-23180781	chr22	23180181	23180781	test	1	e54fbb62dc142eac1f76f8b3a724ef77c7b2ef97803214cbe2c5e4875f7c118b	0.74	27	chr22:23	0.5	0.9996282013207504	0.9254738121045019	0.6445100706735664	0.9995224192977797	0.3605551786039081	37	False
chr22:29882775-29883375	chr22	29882775	29883375	test	1	2e0321ea24fca11e9861ad2df0d4684a46da14bee7f3078c10cb569dd3925410	0.6283333333333333	65	chr22:29	0.5	0.988868434232518	0.8854461389180444	0.7473600988663139	0.9485288754615347	0.46192082927546096	31	True
chr22:38397946-38398546	chr22	38397946	38398546	test	1	563de061e28ce69dfbb23a7032da60f3e1b4d5fe890461f57267004885fd8b30	0.725	275	chr22:38	0.5	0.9991789225712503	0.7779822003570885	0.905544760817848	0.9995141316814979	0.47912751138730286	36	False
chr22:24977396-24977996	chr22	24977396	24977996	test	1	09c29865777861f286b43012f1311418a94a2f4bf3562eafef40ca854ee7f8fe	0.5533333333333333	24981	chr22:24	0.5	0.5159299958532712	0.22490994225237199	0.3163125098495737	0.4488759752530694	0.5587332504584517	27	True
chr22:36281830-36282430	chr22	36281830	36282430	test	1	f9ac4acec19bbde6e9127a03d500de610686dbd67e5bfb6e4c428c081272d514	0.605	4776	chr22:36	0.5	0.7881335549234973	0.4200554612048333	0.6993011733265881	0.9359776442264871	0.5143270312032467	30	False
chr22:48516960-48517560	chr22	48516960	48517560	test	1	253cca7333229c4d5e0cd42eace2eaa1a0e11b2355345f81e57e94da3a8290c1	0.605	27708	chr22:48	0.5	0.70145765568939	0.2150813919884827	0.8827099340191105	0.7258251746872988	0.5069271009753576	30	True
chr22:38172739-38173339	chr22	38172739	38173339	test	1	e05f605968157bfe175b981e1b4c6934a1c69d0bc2796f61d71cfa9a7500031a	0.5933333333333334	8790	chr22:38	0.5	0.7513017548689948	0.3407877825651959	0.45460153464431363	0.6730349137241216	0.4500374146596385	29	True
chr22:22060870-22061470	chr22	22060870	22061470	test	1	31cdc42c9a4c35eb85c722972a23b4690f4a509ffae87bc12b7db1d083d847a2	0.58	17237	chr22:22	0.5	0.6875999779479023	0.2626731267747436	0.7526672642986526	0.8909319694620577	0.5065992614852141	28	True
chr22:30341112-30341712	chr22	30341112	30341712	test	1	b45ca9c9895db548fbe0c0e2417dbff027c120a192caa7e96b310dd94fa53afe	0.565	14467	chr22:30	0.5	0.65463050135862	0.2818586761282459	0.6231077549978422	0.9518850820893064	0.3890473562718713	28	True
chr22:50507626-50508226	chr22	50507626	50508226	test	1	614a21a96012bc1400fc98e434fb4e47a7384b4435dee971f2f5355566d14590	0.795	182	chr22:50	0.5	0.9998969270905763	0.8147466076772818	0.9740903042352336	0.9997778791819765	0.76192814784799	39	False
chr22:30255687-30256287	chr22	30255687	30256287	test	1	50afe9dcaac9a126e3e37a4df660263cf28b9a0844e9a4e89f2831f58d5be76d	0.6033333333333334	9184	chr22:30	0.5	0.8004320072399707	0.335362943760991	0.8067612458258663	0.3294840256782493	0.590400785030839	30	False
chr22:43955126-43955726	chr22	43955126	43955726	test	1	32172014c87c3520343ac6f7a09769f17334be5d2332d5d75f3173cf573b8736	0.6866666666666666	15	chr22:43	0.5	0.9969911261173906	0.9442009843126588	0.4430524672129976	0.999059182056732	0.528664226086426	34	False
chr22:31496163-31496763	chr22	31496163	31496763	test	1	444b48f60e5dea522900c06938a5ebc69c80c60b8db3016bc4f32d778a862eda	0.6633333333333333	72	chr22:31	0.5	0.9981776650008389	0.8796699837793516	0.7665036727421498	0.9970369921772799	0.42493090462532745	33	False
chr22:17171279-17171879	chr22	17171279	17171879	test	1	ff137c03c729ec101619f6ec43a1dcf8d099821537392d66a144bada8d0dc028	0.7383333333333333	6293	chr22:17	0.5	0.9994541435900488	0.38342531209439457	0.9480705794132518	0.9990759998341688	0.5162025749374375	36	False
chr22:24592845-24593445	chr22	24592845	24593445	test	1	06e2f359cbdff1532a2134fa71f3012b9489ad9abf75e23a35911bade70e4418	0.7333333333333333	25	chr22:24	0.5	0.9994766198209497	0.928251227750206	0.35959132905408275	0.9987284748756364	0.5074566820608449	36	False
chr22:23768144-23768744	chr22	23768144	23768744	test	1	177330ca2f4e03438142b8b4741f9454db4c1371e6d7e75b57491b21c8e3cdc3	0.68	463	chr22:23	0.5	0.9933178176252487	0.7244629878912099	0.8897362608677065	0.9974265684374257	0.6383706760043263	34	False
chr22:35257158-35257758	chr22	35257158	35257758	test	1	2eb1891114f0b2d897fc0c9a513a6b12b73b76a3c5ff9463fde0575dc13f5c68	0.6283333333333333	7	chr22:35	0.5	0.9898358168150142	0.9612775523818726	0.31282954995335566	0.9557360698096596	0.5940572818778477	31	False
chr22:20981683-20982283	chr22	20981683	20982283	test	1	4e2f6fff301d4529f868d39afde4250d4600072bb9f1f34064c16dfccb91fd92	0.6683333333333333	5	chr22:20	0.5	0.9960441732256379	0.9667829704126885	0.95288555988384	0.9991713655261609	0.5718852891658156	33	False
chr22:23960979-23961579	chr22	23960979	23961579	test	1	2294e3e5bc64d4665c92a1bd763ccbb22b4f4da7b8876451503368ad0c2784c4	0.6683333333333333	56	chr22:23	0.5	0.9892046316214691	0.8934149387213565	0.9328684896966474	0.9949553755996068	0.445885728350611	33	False
chr22:42553460-42554060	chr22	42553460	42554060	test	1	dfc7f33135ece20739393865746f6eb21393680d566ddd229777563eb081578b	0.6983333333333334	98	chr22:42	0.5	0.9953585332385602	0.8606684808362983	0.6990777899304437	0.9978284324250098	0.49279434020615115	34	False
chr22:19970422-19971022	chr22	19970422	19971022	test	1	4dd9eb79d76f649e06a7a516ac435155ddd842b4658980db676b541e42a1f393	0.6433333333333333	6970	chr22:19	0.5	0.819342128958286	0.3701617791855725	0.6702376269269141	0.6627615188370191	0.5748964135125268	32	False
chr22:17866092-17866692	chr22	17866092	17866692	test	1	8afbfa37fcc78328b4e73b97aa5a315d8d7bbaf5f25df3d43217c5d1c4195a81	0.5033333333333333	315	chr22:17	0.5	0.35017599453123244	0.7647880993248755	0.4541168394838101	0.8625557089000474	0.48342031789678414	25	True
chr22:43187346-43187946	chr22	43187346	43187946	test	1	a888d8f158eb00318498da878021fa858227fed480d86f6a50f171322eeaf47e	0.7083333333333334	499	chr22:43	0.5	0.9986007623468485	0.7161394724837753	0.715886816375184	0.9985297809738002	0.4861509658817011	35	False
chr22:31345764-31346364	chr22	31345764	31346364	test	1	f30aaf55b3fdf8c094999b101175778c9623c2b77e49e4c0590923bd930aa176	0.7766666666666666	281	chr22:31	0.5	0.9999506347686022	0.7759214607072205	0.898741663719909	0.9998887927711617	0.3664124770916394	38	False
chr22:50244731-50245331	chr22	50244731	50245331	test	1	b9401b49b5b4c193de8418f26ba92e9ab5d3a0a0c52a73d57c67e8ed0e9019f3	0.6866666666666666	1	chr22:50	0.5	0.9993675957867253	0.9816276543708162	0.8633961580173659	0.9991084237989287	0.501149103080272	34	False
chr22:35399676-35400276	chr22	35399676	35400276	test	1	a0b63c4cd5e391b3e23a03b229ce43c192c28dd2c8e8849f89a976f904e87da6	0.5933333333333334	99	chr22:35	0.5	0.9828106825601497	0.8600007443815557	0.36273533661032764	0.9771495488445152	0.5629031459118129	29	True
chr22:46035626-46036226	chr22	46035626	46036226	test	1	68e53e2bce568437e25ab861eb4171881385d3cc8676e1c62ba97088ec0a869c	0.7416666666666667	196	chr22:46	0.5	0.9997224054131967	0.8085153511267896	0.8113599227743109	0.9997500275218251	0.47977438337929784	37	False
chr22:39040536-39041136	chr22	39040536	39041136	test	1	064d6068a7754c99906a6456ec13094f66ed4525e94ba41e37ccb50b621d2cd1	0.6383333333333333	27	chr22:39	0.5	0.8504013172619679	0.9254738121045019	0.6781057812753696	0.9143837956373566	0.5529015649576999	31	False
chr22:44498048-44498648	chr22	44498048	44498648	test	1	13f0adf08a54bb36a1ded3f29aac016abee1b6a4419cf472e69d7dec4c09ff1f	0.6816666666666666	55	chr22:44	0.5	0.9989480574320816	0.8943432831150929	0.7582592175076606	0.9984523415238936	0.41122102894968515	34	False
chr22:28442066-28442666	chr22	28442066	28442666	test	1	2cd5a0da7111a30e78da2df8d336493f19402bf802160240a38d45d4c2cd57b4	0.5983333333333334	17502	chr22:28	0.5	0.9431846231933038	0.2610426463878908	0.6905883667293857	0.9387429486907578	0.6195527188158035	29	True
chr22:32796781-32797381	chr22	32796781	32797381	test	1	fb4078a1765c53f6c3bd451762fa2f971ac39df1809213738778a68cb64ff60e	0.5483333333333333	4494	chr22:32	0.5	0.6789737712157374	0.4282727848004237	0.8169326831648062	0.8968955692987628	0.430297632866737	27	True
chr22:23128244-23128844	chr22	23128244	23128844	test	1	2233c5fd0d656da11a41e8343a3e65f3d4ee8526e66b884601bac21c369d7f4f	0.5516666666666666	4460	chr22:23	0.5	0.5347007983406667	0.4293010507577487	0.6044590359810078	0.700384050109856	0.5461432655920443	27	True
chr22:50342926-50343526	chr22	50342926	50343526	test	1	30b0f3936163989aeb06774481d13ff6134834abcae858898fc4d39c8e6d9735	0.705	72	chr22:50	0.5	0.998901697227925	0.8796699837793516	0.8958048472470029	0.9974914976641738	0.5530421189993833	35	False
chr22:27267148-27267748	chr22	27267148	27267748	test	0	fe98a9f21470f1ec283192612ddfc131bc7908ddf734092e4810ead35123104b	0.485	8402	chr22:27	0.5	0.37162086814944123	0.3464169404934747	0.14179200663532981	0.2690509152897664	0.4783690414391334	24	False
chr22:32846239-32846839	chr22	32846239	32846839	test	0	db33095a26f92c5c2ce68bb46356e77236c628c6362624268ee1b6a3216956b4	0.445	44835	chr22:32	0.5	0.18615314452391285	0.1735515798944128	0.3878343195697945	0.03572134217356699	0.534086406704557	22	False
chr22:30910389-30910989	chr22	30910389	30910989	test	0	541df6056d2102abe71f4dc6d5170d69887703667fdd7cf10c78416b70030676	0.375	11563	chr22:30	0.5	0.10222772195414111	0.3075962727037374	0.3364857480117604	0.27354352073548177	0.44082685467495464	18	False
chr22:47301888-47302488	chr22	47301888	47302488	test	0	770852c5a41183f513604ac7c4d1141cd8573786266b5c17a2aeed78076398fc	0.55	42823	chr22:47	0.5	0.620103947261191	0.17722302287321892	0.4392720962930865	0.6880474178651326	0.5845298160153171	27	True
chr22:27973459-27974059	chr22	27973459	27974059	test	0	d2a523b980f25261684a89df62d9d27352cdd8837fc4b05dccd81f2c65b90095	0.31833333333333336	18709	chr22:27	0.5	0.051117870672349054	0.2539928758815751	0.14468768796736114	0.09371170466805875	0.5305560423886383	15	False
chr22:42384798-42385398	chr22	42384798	42385398	test	0	244dbbb5c63c89508c538af6d35e8680fdb83f4268592a1926b7682df305ba40	0.565	15815	chr22:42	0.5	0.5448772546817373	0.27199643342538515	0.25550971846120857	0.5019672462445551	0.5873995367503233	28	True
chr22:47440850-47441450	chr22	47440850	47441450	test	0	0a593c0b498abb2320009bf431059e6e2c295f9d667e04836e84e847ca0ae984	0.485	45803	chr22:47	0.5	0.37162086814944123	0.1718640981475525	0.7501148888866475	0.05473907875014297	0.5198703409295571	24	False
chr22:30775901-30776501	chr22	30775901	30776501	test	0	64d83ddc3bbb3c4602ace07d473c5390d99013aa1f78b3890dfabe1626cec775	0.46166666666666667	11949	chr22:30	0.5	0.24502148737045237	0.30374314834419547	0.577065176252482	0.004804494160730546	0.5367571355967204	23	False
chr22:44699511-44700111	chr22	44699511	44700111	test	0	3e56cc72fb1a32da127a812d1687bd84b637f9932bb8432860a1eb137af2fd58	0.4583333333333333	2392	chr22:44	0.5	0.3739494708897993	0.5149141775947834	0.5742525673087948	0.5841540164686524	0.5444265378435859	22	False
chr22:44450866-44451466	chr22	44450866	44451466	test	0	9867b52eb7b3989b1e8a84ad5652fd00f9850976dad77736bc3cb042719ea8db	0.4716666666666667	7860	chr22:44	0.5	0.3411600803897652	0.3548105399813515	0.4672915963854057	0.053010691547716246	0.48312425961274463	23	False
chr22:24807090-24807690	chr22	24807090	24807690	test	0	8abde10f0f64dc53d5191f7a9a0f68c1bd0731734a6f2726d2bcffc275aec0bc	0.5116666666666667	1180	chr22:24	0.5	0.48106756551119406	0.6106737054140666	0.7670470479869238	0.17475235351216384	0.5494045381180156	25	False
chr22:22183768-22184368	chr22	22183768	22184368	test	0	c9ca57b433d6b89441f865deacca26f76caa36f058afbf8ea3ff8d1d47d1c055	0.4083333333333333	11730	chr22:22	0.5	0.12647876807864217	0.3059103545979148	0.8263954846117316	0.23274101318371757	0.45041295590994773	20	False
chr22:39371269-39371869	chr22	39371269	39371869	test	0	57c8c1f77fa9b4e3f8a8a2b549154e9b9ff18bd76d9794ae78b040fd97236a62	0.495	7400	chr22:39	0.5	0.5313911946737049	0.36247934588181663	0.6486432825844637	0.09063305040014366	0.6044037944274867	24	True
chr22:37829671-37830271	chr22	37829671	37830271	test	0	37a18e3078c2b71ec70e90ee99087b66762897d460d866f4089ec9d7418b9d70	0.585	6590	chr22:37	0.5	0.593699982072497	0.3774163122244967	0.5085501513050884	0.121973727032089	0.6378179936778091	29	True
chr22:34015232-34015832	chr22	34015232	34015832	test	0	8a09d45de9764c7f94f3e18ae2a6d845c2806a0e1a14850969126e8b90da1b6d	0.4633333333333333	1899	chr22:34	0.5	0.2839501911484528	0.5466716564092958	0.2864895936093079	0.32741435281356135	0.5308027729450222	23	False
chr22:39593048-39593648	chr22	39593048	39593648	test	0	88d71475b22cdd08e97d824e1de394b1842298ecd2abe78bca9dec193379899b	0.575	22596	chr22:39	0.5	0.676799136900069	0.23472885219710146	0.625882266255546	0.5693873991942356	0.5185177266758393	28	True
chr22:47284674-47285274	chr22	47284674	47285274	test	0	74f1281057c05255079546f29caa61094d7f81dd42ae6bfcc139766d320a8573	0.5416666666666666	25609	chr22:47	0.5	0.5781198378875932	0.22252588764239353	0.48632043090098825	0.3694055628494911	0.5096330938733448	27	True
chr22:42141660-42142260	chr22	42141660	42142260	test	0	101e8f3474b3895b5e3aa6bb60cecb10f82ab90ea1b227adf8ac4a23ce611a4f	0.61	2034	chr22:42	0.5	0.8245261401546005	0.5372502500544916	0.6830196016362904	0.39275273609254446	0.470497482380547	30	True
chr22:43244349-43244949	chr22	43244349	43244949	test	0	e219ce0fa9b69e19cde8adf529278b2f3b5bf1c0fc2dd6fa8ea916963a4cba67	0.6216666666666667	12509	chr22:43	0.5	0.8002556558411004	0.2984146306138507	0.6140120937667755	0.8709644793807408	0.4115379104563709	31	True
chr22:47286343-47286943	chr22	47286343	47286943	test	0	0ca85929a6ae4b088d7231c4544b7cb28d83cdcf514b6c6c484b2f96ef4c24b1	0.6	27278	chr22:47	0.5	0.6909205634918077	0.2165449318817982	0.3405135348240354	0.04751980930378061	0.3791534456898052	30	True
chr22:48013324-48013924	chr22	48013324	48013924	test	0	ada8f6b1ca51c6f7b0df08101fb0596b3c5972854128ff6a837c75cc8046b7f0	0.4083333333333333	34924	chr22:48	0.5	0.20083195389048492	0.19426426221612325	0.2196406116277587	0.07100848395892184	0.5030941895290616	20	True
chr22:19976661-19977261	chr22	19976661	19977261	test	0	6938afe364dcf4b1947c6dc57d12f5f388382b37f2b26e0069bc613ca272ca07	0.6083333333333333	10131	chr22:19	0.5	0.6053961915618336	0.3233792846454724	0.6477436870871887	0.06972575845886249	0.5057545706822875	30	True
chr22:44650089-44650689	chr22	44650089	44650689	test	0	dfacf3b77e7214f8e6c8f571451fe9202676fb34ecd95a6eb8e9db3f012d5b88	0.39166666666666666	18048	chr22:44	0.5	0.15046458672629331	0.2577796007628442	0.338268980176093	0.24771573534727745	0.4308480945565265	19	False
chr22:44324983-44325583	chr22	44324983	44325583	test	0	382222219790b380c5d7776e067969896364466e0c78e44a456aeb94f3180bbc	0.5216666666666666	6725	chr22:44	0.5	0.5289104701903576	0.37478568861017564	0.7040166645006449	0.25436706093448935	0.48334020350785234	26	False
chr22:28657276-28657876	chr22	28657276	28657876	test	0	f62591f755017546781e4d29d3f58ba0b1404674d349ce9a32db277e80d03386	0.42333333333333334	14307	chr22:28	0.5	0.22589520085170914	0.28310495703789873	0.46450714761921963	0.027581668909799625	0.6516936042952739	21	False
chr22:47868122-47868722	chr22	47868122	47868722	test	0	40bfb6387b6d2993e651a33d385ea5ba23abc706571f376032e106dfac1fb458	0.2783333333333333	29141	chr22:47	0.5	0.03490056342878351	0.21041197753081373	0.035139245147334214	0.010066791127161993	0.5051908746860697	13	False
chr22:50231665-50232265	chr22	50231665	50232265	test	0	5dea81fd0a0d21c6a6778b36aca9ce94b16feab198987ba741a2929fe591654c	0.525	12644	chr22:50	0.5	0.7441994878998546	0.29717357071842815	0.42436842118601786	0.08415985846243469	0.6231305185829669	26	False
chr22:45424067-45424667	chr22	45424067	45424667	test	0	5e4930bff88f4aeddb1f3ebc20cec8640c5f1a8a26b20ab806e34b1403f6436d	0.5683333333333334	10675	chr22:45	0.5	0.7562324359861257	0.31708449188643656	0.4247676080688269	0.8069912610620823	0.5933401931404146	28	True
chr22:15909732-15910332	chr22	15909732	15910332	test	0	0a5f6beffb905993b328ac5a34db615066f702678ae65a09547e7b578fce1194	0.4116666666666667	5767	chr22:15	0.5	0.19157934696561182	0.3948955557297714	0.20038519305215785	0.015184187493559317	0.6322318206793904	20	False
chr22:46698828-46699428	chr22	46698828	46699428	test	0	8ae81998d78e37eef76ac4f703dc66642d5cb4ea4af790c59abea1288db3f9cd	0.53	24521	chr22:46	0.5	0.73610877583372	0.22670639372988774	0.4028310817661703	0.44203417877419277	0.4013488037158177	26	True
chr22:46754826-46755426	chr22	46754826	46755426	test	0	622af1cc64bb48f9615bc42a02fa66d2106ce682340501417a2d83f51c9a20d6	0.52	5799	chr22:46	0.5	0.5018177586721664	0.3941648130400172	0.33635665580711416	0.06290144827064077	0.48469490300499807	26	False
chr22:15230840-15231440	chr22	15230840	15231440	test	0	1922db7430b1cc3e4e1badba9b94eee8cee9f86c53d3c70a5b24bdf20fe6b81d	0.41	42714	chr22:15	0.5	0.16244153007608522	0.17742859365223324	0.19464605064569085	0.07263594353793897	0.49670780505044543	20	False
chr22:32189249-32189849	chr22	32189249	32189849	test	0	b25b92b4a69c6e38a26fb4ef45d5c7ed35d67906774ee3d6f49ffc8cc2b6ba87	0.36833333333333335	1063	chr22:32	0.5	0.10458842035076031	0.6242976136934371	0.623812739096195	0.13782666958861128	0.4674059895077736	18	False
chr22:39766843-39767443	chr22	39766843	39767443	test	0	c4b0b317dde5435a3bd28e2f4e2ae309d11e65c1290a322d20187dd040e1ffaf	0.39	43202	chr22:39	0.5	0.1266007483822029	0.17651373053087424	0.18041202323429656	0.03500877104183147	0.35379490406758407	19	False
chr22:16495707-16496307	chr22	16495707	16496307	test	0	96a4a6298f7bce9c316c2ab402b80e0c88fba5707739faccf392e040d4ef3bfd	0.38333333333333336	25051	chr22:16	0.5	0.10141784571008013	0.22464034958813395	0.14462123032127747	0.01015840709926197	0.44564409270478095	19	False
chr22:28051767-28052367	chr22	28051767	28052367	test	0	e120caa96dd9d5e47a09fa55160a58c786564203c535c9dd25d5998639bd865e	0.405	4385	chr22:28	0.5	0.168246965601853	0.43159946586462256	0.5317725867170249	0.20916438443122046	0.5501158437555123	20	False
chr22:48981779-48982379	chr22	48981779	48982379	test	0	8b8dd43441d928e3e2e83b80a0084392c395032912fc4eb1076aab78c3ada12e	0.5616666666666666	7257	chr22:48	0.5	0.6677738888685494	0.3649760242802504	0.8037150140447432	0.40851821163055485	0.5388725685322462	28	True
chr22:26876857-26877457	chr22	26876857	26877457	test	0	ce300256c10c68e74d51196f1e52f348df66763a085a72dda220925e08d95838	0.46	16603	chr22:26	0.5	0.2592139167240112	0.26670571634383167	0.246037122751158	0.013009615689597147	0.5594477310919469	23	False
chr22:23139648-23140248	chr22	23139648	23140248	test	0	e0ab609c203967695543d8f2567683b25584faf781152ee445f0ad522f6c9a65	0.44666666666666666	2041	chr22:23	0.5	0.20315311819117393	0.5367781759282578	0.3267668609094594	0.02925878701715201	0.4977702729793879	22	False
chr22:46204461-46205061	chr22	46204461	46205061	test	0	d459d09bc38f15a4505ce83dea2e4fbcd5a7bbc337ac92d215078b2061d5c52c	0.37833333333333335	6455	chr22:46	0.5	0.12393167687152269	0.3801088445239815	0.45491141501289345	0.006330939492505051	0.4734456871419088	18	False
chr22:34499344-34499944	chr22	34499344	34499944	test	0	da08d54e17dbfcc085789e711d59f5710a57973f5d95a36dc173bea6b15304b2	0.3616666666666667	129787	chr22:34	0.5	0.12586745201258898	0.10448406392800583	0.5493148446306384	0.0260258296068725	0.40057896687576655	18	False
chr22:48806308-48806908	chr22	48806308	48806908	test	0	9517b77503cf9a4352f40d336c6f084b46d40024a520b975a6d3becef26bc9f8	0.6133333333333333	26314	chr22:48	0.5	0.8158742111258573	0.21993891994798356	0.37871031102784375	0.8046982854677415	0.4886129327682052	30	True
chr22:38903557-38904157	chr22	38903557	38904157	test	0	d8da4cdc9a3ddd7c650862b8edff64cd9fec381e2916dab3c2fefad9d2c6f323	0.26	17021	chr22:38	0.5	0.03493775521451688	0.2640257110942831	0.304605409351196	0.018993893377069526	0.5734711595350487	13	False
chr22:27419773-27420373	chr22	27419773	27420373	test	0	40b093821fe0415d56b556fc2b93f2668a8a51b3e04f13937e0d82a1dd5e7bbc	0.445	361	chr22:27	0.5	0.2841746354151196	0.7510028299632849	0.18221706665944598	0.24242486023503798	0.47245608903470504	22	False
chr22:22355035-22355635	chr22	22355035	22355635	test	0	fa499c3498de36e335038788a01ab7aa16f789282bb5d339a53e8c27aa14c322	0.535	2396	chr22:22	0.5	0.5162056159421546	0.5146835119065216	0.3245718823354504	0.10634010066905603	0.5031904647555256	26	False
chr22:42125410-42126010	chr22	42125410	42126010	test	0	66405337a4be731af0abb6c66a9852bfd5f61728f6ac96ff80dc3ba5cf992883	0.63	5099	chr22:42	0.5	0.7836635456927961	0.4112688170929313	0.6228942644755487	0.7536645799179347	0.4897900427426333	31	True
chr22:31470568-31471168	chr22	31470568	31471168	test	0	8a82a49f0a271dff000c65a94c8d8b14562d12c29b300397699fa30860b086fe	0.4116666666666667	8620	chr22:31	0.5	0.20621588476238176	0.3432175536281553	0.7401986267395987	0.008772710906223637	0.5458010790100201	20	False
chr22:27589240-27589840	chr22	27589240	27589840	test	0	7c4b43b752999bafc58ed5d82ab8428562c9b678b3b495d1bf2f95afe8eadc39	0.45	13116	chr22:27	0.5	0.29441746289234133	0.29295881638003524	0.4211086438310827	0.06369825437879093	0.46039546944867266	22	False
chr22:33899358-33899958	chr22	33899358	33899958	test	0	c2726da98914619a48fafdb7c512847a7cebb0cb820b54006cbeda82f9519e1b	0.43333333333333335	9405	chr22:33	0.5	0.16917937745777184	0.3324390375918674	0.8274700074843249	0.7921076973760687	0.5930443251626937	21	False
chr22:32152439-32153039	chr22	32152439	32153039	test	0	5e5d90d2e6ace8a0a3f6e3129ed32d0ec1e768552e89c2e01598dbe503c063eb	0.47	6563	chr22:32	0.5	0.29764838774204466	0.37794978422101094	0.5956042618982832	0.15917066220514384	0.4032660337021902	23	False
chr22:23816410-23817010	chr22	23816410	23817010	test	0	85ed657921609951d6a6272e134077a2ac6379b5b69799836af68e86d6276037	0.5633333333333334	5846	chr22:23	0.5	0.6913917194317891	0.39309966067883384	0.4324168402960086	0.16012581957387317	0.3747323991194484	28	True
chr22:29452494-29453094	chr22	29452494	29453094	test	0	7bbf08eca6d7df6eccc9d9845d81415dc63a35b2335ce2b730d9a4127a883941	0.5466666666666666	14212	chr22:29	0.5	0.4763724588492428	0.2838531423342366	0.3672705972423755	0.018741634235765664	0.5698988266052551	27	True
chr22:26072440-26073040	chr22	26072440	26073040	test	0	9a26daa8634daca8cac57812fe3395526a6161d9d777766d98a5f91c4f525cf0	0.43333333333333335	3877	chr22:26	0.5	0.1824908865021369	0.4483687290433186	0.7074816881703829	0.2742849385899357	0.46778960076372716	21	False
chr22:40094149-40094749	chr22	40094149	40094749	test	0	12c4c6338de35d9c59ffefdd4ef161cfad5a5bbe6d2830ff17f85a681557d058	0.3233333333333333	48997	chr22:40	0.5	0.06371242131971687	0.16662400917732267	0.29118450826183206	0.20064273223444154	0.5404212684983871	16	False
chr22:20885018-20885618	chr22	20885018	20885618	test	0	513d8e3889d2d34a1b88ee0da5dafe8b0c26d1fa41def14fa6cbc4d509d14863	0.52	5895	chr22:20	0.5	0.4332983247554486	0.3919993288461121	0.4006958000259622	0.1745251245987385	0.5071330491217007	26	False
chr22:47857130-47857730	chr22	47857130	47857730	test	0	0fe5c1104e93d407f13a0befa20e5157a99a0f7361701f0f495c224360e327aa	0.41	40133	chr22:47	0.5	0.16244153007608522	0.18251427249348903	0.4511439638636194	0.04200445032684276	0.591066419633649	20	False
chr22:33533258-33533858	chr22	33533258	33533858	test	0	d8bfccf28d9e406c743dc1ea0bcd9df328ccc5019d18c10fdfc1521bab75c3b7	0.41333333333333333	38694	chr22:33	0.5	0.294876193713825	0.18554590766623963	0.2861570919307351	0.276376215263504	0.3917539577055073	20	False
chr22:19059605-19060205	chr22	19059605	19060205	test	0	9fc656178cf2a9e87a2bffb0b64160f361efb19ab7389d80c277779dae9f4711	0.6366666666666667	1937	chr22:19	0.5	0.8704484641249955	0.543956787038248	0.4425879496117569	0.3450687640731658	0.44865281247264927	31	True
chr22:16143225-16143825	chr22	16143225	16143825	test	0	3cbab80c7bd6eb0ce98cd60280bf6efac3da8fdfd9e4e1e49c7a90c596b161b2	0.25166666666666665	1759	chr22:16	0.5	0.032243576741279735	0.5571375353696715	0.4574727443879571	0.02010091979257871	0.568490619306662	12	False
chr22:25013483-25014083	chr22	25013483	25014083	test	0	3dea198d3e84ede75baa83f781c46e8b378f86377d068491fc5c8f8498d6fec5	0.465	1288	chr22:25	0.5	0.23432996068354162	0.5991106540355885	0.4487344815747542	0.6353512841023625	0.6225268996797912	23	False
chr22:45625811-45626411	chr22	45625811	45626411	test	0	8ef5211c5a1476a9865d12220567a034dfb766d7c0667c94fcbe74a4a6a020a7	0.5166666666666667	334	chr22:45	0.5	0.7280742944910775	0.7589309549160589	0.6222019243248657	0.38388761314673436	0.6179264946950576	25	True
chr22:19328407-19329007	chr22	19328407	19329007	test	0	78f8e86eaf65833e6b7e3579dae623cd00d342b745482385568e656c8147ff75	0.485	36739	chr22:19	0.5	0.35042716784241434	0.18991700739904066	0.4421407275446365	0.07843847035632534	0.4894383982824553	24	True
chr22:25400967-25401567	chr22	25400967	25401567	test	0	676e962339b8532be86eafa442ca15f6b8052c5c8519d9f7e4b05a14b22cc74b	0.57	4109	chr22:25	0.5	0.6019509429765147	0.44043644546726424	0.2156285858128333	0.5931781989897097	0.5401189501810648	28	True
chr22:28931635-28932235	chr22	28931635	28932235	test	0	1cf027b0c56cd286d4779150c416eae8ade01b7fa31ae3d7379e687003ca70f3	0.485	14547	chr22:28	0.5	0.2719538135367202	0.28124193229552985	0.7207012391116918	0.011278494727450699	0.49090449520761154	24	False
chr22:30836675-30837275	chr22	30836675	30837275	test	0	61bfb8dbc60bd1c5ab8ffac19060da958913458795d48a5e46ed0c03d17c3bc8	0.49166666666666664	14460	chr22:30	0.5	0.2853038738284569	0.28191284257382176	0.5864259703987995	0.05109849884314391	0.5830990837084612	24	False
chr22:17487317-17487917	chr22	17487317	17487917	test	0	db83d267a705c2d5435414d94b1bb29c54cbe483222d6d1a2a1d76d6d41b1c71	0.42333333333333334	10525	chr22:17	0.5	0.5137114342278373	0.31878110350105004	0.5708879691211242	0.24923513127443991	0.3766612239876712	21	False
chr22:34058415-34059015	chr22	34058415	34059015	test	0	a51b545fe53819129f55d07fc7f1db4e456c1fbb0e2e18cb00d39a935b1afffe	0.4	41243	chr22:34	0.5	0.11758562038326092	0.1802743356144798	0.06013530141750145	0.09274225964230916	0.5954497700297342	20	False
chr22:41909863-41910463	chr22	41909863	41910463	test	0	554e6eaacf5bf8a2637c5c3189392a10642cb8205464c01affab5b7249db6588	0.7683333333333333	3326	chr22:41	0.5	0.9998773612579008	0.469406172156047	0.7301293514540563	0.9997388840547128	0.5018211765103268	38	True
chr22:38919970-38920570	chr22	38919970	38920570	test	0	b76997019d1b487bc387c88b3e53a74e01c09afcfbf496b51bc24ab9e5295d56	0.41	32480	chr22:38	0.5	0.13895961743948443	0.2006201743447498	0.7074891401702266	0.03617947210901787	0.5885249647471189	20	False
chr22:30679023-30679623	chr22	30679023	30679623	test	0	9fad326e4df144d13df5b18aa97b6c7bbc7b1ff1a37fb9cfb48fd1ee9aac9530	0.445	11437	chr22:30	0.5	0.343402121682037	0.3088879497412967	0.30655980009306477	0.8855232670087994	0.4423559771084183	22	False
chr22:49276378-49276978	chr22	49276378	49276978	test	0	29ef257e43656e82db2b5676b9019d7908c73b44e0ca685191feb37e611ce548	0.5666666666666667	12478	chr22:49	0.5	0.6374170710773455	0.2987019287203818	0.3189449970873056	0.2725077095522847	0.49169378134043296	28	True
chr22:29057557-29058157	chr22	29057557	29058157	test	0	2fb66f6eae252a7b6c5e0b9f863de1f0e4134a584848293a6526b857baab59e0	0.4666666666666667	3973	chr22:29	0.5	0.46093086847664544	0.4450268854424234	0.7858348873017281	0.03106729440917293	0.5840898814923106	23	False
chr22:29403646-29404246	chr22	29403646	29404246	test	0	e89fe5d59602864ac2c68b94f304254db98c837dd75baa28795582e440b522df	0.375	5247	chr22:29	0.5	0.1650176280744874	0.4074444583473625	0.11967971550276935	0.40626728241905025	0.6041016938037914	18	False
chr22:26848112-26848712	chr22	26848112	26848712	test	0	6d34c03b72de7828844b564919bfed263a78bfc5bfbc4e0ba52f94e21abe926b	0.48333333333333334	10221	chr22:26	0.5	0.3261473876203665	0.32231028807377005	0.8254670793454472	0.9209683352146455	0.38995228902078205	24	False
chr22:48388551-48389151	chr22	48388551	48389151	test	0	dd657a62efae7704f98ff89429fcd4d43323ec2f5cfd8d1b653f811d6095e4e5	0.425	14610	chr22:48	0.5	0.18381573886542973	0.280759203396028	0.31702243528978413	0.03958121416219065	0.4362337813246356	21	False
chr22:28776350-28776950	chr22	28776350	28776950	test	0	2630563fbd2276c09bf3c61ef4998f23f593ec64b4c6c88a566908f48ce109c1	0.495	3956	chr22:28	0.5	0.4854903410630246	0.4456123967124078	0.2610293111651225	0.1487145272235219	0.4685837855988009	24	True
chr22:39930297-39930897	chr22	39930297	39930897	test	0	47aed8126efff2bffe2eb3592ec13c455c0297fdfd64073ba353b484807b0455	0.43	3994	chr22:39	0.5	0.16456194100773802	0.44430726444511787	0.06804882336921572	0.059081510691651996	0.403294940445606	21	False
chr22:50456042-50456642	chr22	50456042	50456642	test	0	dd108f305c3b933cca723566b945185a159e7fa5dc8a1f102cfb268b874dda60	0.6583333333333333	18692	chr22:50	0.5	0.9295821742196247	0.2540881247346873	0.47779469283100173	0.9317441032338235	0.48163473294258646	32	True
chr22:48392640-48393240	chr22	48392640	48393240	test	0	0d31e72a272cf28be744e115b5bbfdcb4141a626fc8423f4efdac2ee0c964f29	0.605	10521	chr22:48	0.5	0.84307416495666	0.3188267433284078	0.8258735321958968	0.7003852196183372	0.4545933277568947	30	True
chr22:49694119-49694719	chr22	49694119	49694719	test	0	8ceef3426388cfc7ab88fb4fbf8f3b9f658246b2c828896a813754506d15c626	0.5583333333333333	25011	chr22:49	0.5	0.4143772712648501	0.22479428203892807	0.22454032938548868	0.14398484558558478	0.326004769666875	27	True
chr22:42004842-42005442	chr22	42004842	42005442	test	0	8c71c7e7a62bc3b24ba34aaf43cf39a58789498edbe20d3240a3698a64a996f2	0.5083333333333333	3152	chr22:42	0.5	0.42732687514707574	0.4768099186494132	0.4283700806959319	0.03233356909756196	0.6009136522999291	25	False
chr22:16919502-16920102	chr22	16919502	16920102	test	0	d5e0de861045353db6bce0f47dea77ab3222875cadc4d81f7101b4ac744133c1	0.48	22954	chr22:16	0.5	0.7633016095484089	0.23317122862882395	0.40506736650448794	0.06876312733691788	0.530919728170831	24	False
chr22:25599271-25599871	chr22	25599271	25599871	test	0	0be392836c787c9ff0fe586563b9a714654cd537f41dceeea1666388ed873922	0.4066666666666667	18190	chr22:25	0.5	0.26305696759568814	0.2569514172419348	0.21509025671934426	0.017283716175252435	0.516468192299196	20	False
chr22:16189678-16190278	chr22	16189678	16190278	test	0	f6ac8da9a9224f649bfa4ce964cf58d26024f6502c412087e321ac1198197c9a	0.26	48212	chr22:16	0.5	0.0319683916271406	0.16786775968156256	0.19026628810686858	0.021618555682919424	0.3805123812914331	13	False
chr22:48697024-48697624	chr22	48697024	48697624	test	0	82808e6d28a5f0d512b0636353e68916c8a62bf51027755e23c66a0242a62e0f	0.4766666666666667	4078	chr22:48	0.5	0.2737106967336755	0.4414684278286507	0.1663453448322262	8.988962171158772e-05	0.4120705981785805	23	False
chr22:33837849-33838449	chr22	33837849	33838449	test	0	7ca1ae98ab117bd89f2d0bdf86f39afc109e5333490935b0a8d52971c932988d	0.41	13285	chr22:33	0.5	0.17533476875660353	0.29149478001843215	0.14082571619587259	0.1705026742531098	0.6011064213198131	20	False
chr22:42654569-42655169	chr22	42654569	42655169	test	0	4789c898680a8274d59dc257cfdf03ef49f5f82072e6dfa53d359f48e9834bb3	0.5166666666666667	5478	chr22:42	0.5	0.47057496884808175	0.4017069868007936	0.3341507125443478	0.46151535123155807	0.40811105137354015	25	False
chr22:16243630-16244230	chr22	16243630	16244230	test	0	388c5d2eea25ba383aa6177a63e718c256b45a763dc7b9f05d82413075f9cfd7	0.375	102164	chr22:16	0.5	0.12037027097577574	0.11752884096413509	0.29060044366117016	0.058877665693194484	0.5167699484783073	18	False
chr22:36478743-36479343	chr22	36478743	36479343	test	0	af391bf961f27c2fccc4570976985fda80d4d174cb880d44356ee5a198b87895	0.4683333333333333	2415	chr22:36	0.5	0.294188253495072	0.5135929973076809	0.20482771292435087	0.1118309441941642	0.49722335956494473	23	False
chr22:49320820-49321420	chr22	49320820	49321420	test	0	e33f5f73066a53611c80b13317127ea4a5d9e02111eb55d33ed0bfd8dbeeac4a	0.6233333333333333	16279	chr22:49	0.5	0.9179879694940953	0.2688421291098196	0.8594867229132851	0.7144960606517233	0.5060882235442165	31	True
chr22:15798258-15798858	chr22	15798258	15798858	test	0	0361cd2bc8dd4c6f4d6fbfcf3b306756e19532a683417595d369b6b9093cbbbb	0.33	10859	chr22:15	0.5	0.08742923701806217	0.31504204296690924	0.04851928621391706	0.04240258343344171	0.49242036745763906	16	False
chr22:16596121-16596721	chr22	16596121	16596721	test	0	3ab45584cef8422553ae9a33b1202c1bc37dda1e0a3ee243c8f757a7b3d1f867	0.4766666666666667	3412	chr22:16	0.5	0.3117197291774444	0.46589317742796893	0.4217599713226888	0.24897794875810175	0.49804102828582236	23	False
chr22:16011037-16011637	chr22	16011037	16011637	test	0	c30b710d650b93659898507d8326989cdd2cbee41112ad8c69de0ac60862365e	0.38333333333333336	95538	chr22:16	0.5	0.14015551627489373	0.12142911276985217	0.1490372262338961	0.4021277246550534	0.3613333133858738	19	False
chr22:24308482-24309082	chr22	24308482	24309082	test	0	c00e8ecc2d060ef8f78bd5a3b2736bd31d5e87c1b5e3949877b0c88e4893050d	0.36833333333333335	6994	chr22:24	0.5	0.10458842035076031	0.36971883196795546	0.09431625928072616	0.15584661655913606	0.5374159908564223	18	False
chr22:16719084-16719684	chr22	16719084	16719684	test	0	e2d55855a4250738a28f6fde5c5b0e4d238a8de8f0a1e911895c20346bc5f897	0.265	1414	chr22:16	0.5	0.030691790837329317	0.5866644277874729	0.12791258655224175	0.00865545957029335	0.585900115798215	13	False
chr22:28295567-28296167	chr22	28295567	28296167	test	0	b07679139a19bed0996ee8a0c45efce71731025292e1733bbc2033a6079d148a	0.325	7886	chr22:28	0.5	0.06471031275064812	0.3543926942979792	0.2493850112205626	0.02453633456739585	0.4508373032075907	16	False
chr22:27568528-27569128	chr22	27568528	27569128	test	0	8eccb2ba1f8ce269a4eaf21e67bf78db3c36eb408e160a6f2734f96e49d662cc	0.5233333333333333	4760	chr22:27	0.5	0.5101200872240501	0.42050744149289937	0.5778301415033954	0.09574073626747985	0.6228799679189425	26	False
chr22:15568618-15569218	chr22	15568618	15569218	test	0	9ad61038d077833f6937c59ba69d41ea5f966de906e0efca78b1287b5d5b4466	0.4083333333333333	11696	chr22:15	0.5	0.17294639529758152	0.3062512239795634	0.4174092229381827	0.03270662649376754	0.6348250384938978	20	False
chr22:49532537-49533137	chr22	49532537	49533137	test	0	fdc402911883fdfb57dc2da13a78d1d718830469ebcf642a691186f20b5b1120	0.5016666666666667	1224	chr22:49	0.5	0.5020936594663796	0.6058543842365048	0.37654951122557884	0.3005260719332146	0.461474509369139	25	False
chr22:15928854-15929454	chr22	15928854	15929454	test	0	a9e0ae6238a198e8779641c0c89bb97579a200916416df2bc0b15fe1cf570228	0.4166666666666667	13355	chr22:15	0.5	0.18514803111539063	0.29089506937642856	0.2911195173984173	0.033168089073427914	0.46570467400415	20	False
chr22:49244368-49244968	chr22	49244368	49244968	test	0	67ba8b5119fd2d3b998bd52b495e65b04f29a7b3ede86470994091322d456eed	0.5433333333333333	19532	chr22:49	0.5	0.46809455592853366	0.24950932068260925	0.19311398474235875	0.23594890247139252	0.5577248978428028	27	False
chr22:49450234-49450834	chr22	49450234	49450834	test	0	d3236f389f7322c94e15d61a014c1a31ef96c0dcd5b9dcd2bebb2669f2fe544c	0.525	10296	chr22:49	0.5	0.6475868098000332	0.3214280237908285	0.60600605635457	0.7319324807879402	0.49685115943414565	26	False
chr22:19196715-19197315	chr22	19196715	19197315	test	0	6513a1d29382a2dc7df60bd2fc5fa65920f08b158c9d3c0a6da8334ec68230e9	0.4866666666666667	614	chr22:19	0.5	0.4194876362439778	0.6923071932391406	0.925292038796461	0.749373516377496	0.5218196224508463	24	False
chr22:20971020-20971620	chr22	20971020	20971620	test	0	b09e6dff6940a88a4baf519647a1f57e5a21535cf60d068a7d454b8ff47c2ef2	0.5583333333333333	3978	chr22:20	0.5	0.43683763655781904	0.444855181726858	0.5024188075726003	0.2836129027150985	0.6331658989175155	27	True
chr22:45475663-45476263	chr22	45475663	45476263	test	0	9cfc9705d9bcdf30a76947447025f40238df477bb046ad54e24d6b402dadbe75	0.5433333333333333	26672	chr22:45	0.5	0.6043347709354823	0.2186597388975217	0.49347659041791825	0.5286945935938475	0.5084053515043853	27	True
chr22:23754209-23754809	chr22	23754209	23754809	test	0	cfdc6d9ce931a6be59341d0261c63f13e1f497dcf53f0150a112384a6ffdff65	0.54	56	chr22:23	0.5	0.5514571534125774	0.8934149387213565	0.9165727130247591	0.32084538713857547	0.5453788228120442	27	False
chr22:17903830-17904430	chr22	17903830	17904430	test	0	e29678d4aaf76d7f1a4c28f9233a4f234fe040cf2ce5f63ac0dc48f6e5620083	0.495	2681	chr22:17	0.5	0.41733271208784395	0.4991580691806925	0.2135422934444112	0.8549062794499098	0.4920133316217911	24	False
chr22:47639740-47640340	chr22	47639740	47640340	test	0	74b295f5e581db6b4fdfb3eac9622e21f10a92cb28022c50c88a33eea6b3b793	0.34833333333333333	6446	chr22:47	0.5	0.08734122436879836	0.38029061128867114	0.36771424755701354	0.017331953461072726	0.40639597058831745	17	False
chr22:25131394-25131994	chr22	25131394	25131994	test	0	b38a48a40f2974c83ce569884ddfad1178ad54cd7e7016a3eade57e98d1495fd	0.5716666666666667	19003	chr22:25	0.5	0.6059233599424994	0.25236285068897063	0.22710895175141446	0.25660722857947793	0.5901971219167987	28	True
chr22:46356980-46357580	chr22	46356980	46357580	test	0	1cc499ffa2a539457a9943b48ab79f8f7c2c54908dd87dd2164f3e3512813427	0.6316666666666667	19702	chr22:46	0.5	0.8647256763143707	0.24861317985441192	0.6664773215764804	0.8691311373139303	0.4290596337711182	31	True
chr22:46139633-46140233	chr22	46139633	46140233	test	0	43555651b4d32ae18e5b0a0a2db72e80ff8290cab4b68286f18181c3350681b6	0.6333333333333333	9990	chr22:46	0.5	0.8769228390632318	0.3250770693588551	0.4860376018096128	0.9274069244244818	0.5505022419130358	31	True
chr22:16852388-16852988	chr22	16852388	16852988	test	0	0105c6021cf2a28b52482815c7fa150d84bb7358b47d846b4489ca48a20011ab	0.37166666666666665	1467	chr22:16	0.5	0.10774007952995927	0.5817256137517436	0.3775061270696178	0.0303278579653834	0.6651853280300768	18	False
chr22:38874452-38875052	chr22	38874452	38875052	test	0	153216fcb06a69bff48be74b65c8505e14939f7db047c17da406e908a157b52a	0.5	2521	chr22:38	0.5	0.49794183191253344	0.5076602039224923	0.3422707586879415	0.011569348769440702	0.6512996518407388	25	False
chr22:19600931-19601531	chr22	19600931	19601531	test	0	d1030918673e96316efefaa4383045a470701beb6aa98e331c84b9a4dda44e79	0.5033333333333333	2590	chr22:19	0.5	0.6611066866467306	0.5039296067803922	0.5301875808355065	0.3789173663386553	0.3620117590972239	25	False
chr22:39559685-39560285	chr22	39559685	39560285	test	0	842eab391e837626408e8aca43373bfb0befb8095c8292835b8d16774dcdb633	0.635	2376	chr22:39	0.5	0.7063048116763189	0.5158406472022536	0.26755757363934196	0.8724015673153978	0.4470791333453117	31	True
chr22:26744885-26745485	chr22	26744885	26745485	test	0	4598045496a312f03fb6d72450a9c7ad25f2fbb580a64a33aed9a161fd6418fc	0.39	10147	chr22:26	0.5	0.11678367120401249	0.32318841287627326	0.12035757995185466	0.02182385893828127	0.4761187740762432	19	False
chr22:35347234-35347834	chr22	35347234	35347834	test	0	026dba294e75384046bd306f2a82d7bec63b14850dc37f7806405cb9eea2517b	0.64	10736	chr22:35	0.5	0.7849748726986204	0.3164027123498867	0.5805900629692468	0.8354831952635815	0.5553793002146313	32	True
chr22:43148586-43149186	chr22	43148586	43149186	test	0	be8ff86a414b25f6aa3b96068f9d2ef6544c6064a96f137c7ae9f10998ad5143	0.5933333333333334	2190	chr22:43	0.5	0.6963315555784902	0.5270827286042434	0.37176655377107426	0.5428033123832536	0.4067382616108929	29	True
chr22:27575060-27575660	chr22	27575060	27575660	test	0	a8409af491ffb6ee81b95711f7e93d47c5d06dc1bc0a1631d6747e0035b34962	0.525	1749	chr22:27	0.5	0.5371777128684926	0.5579147587450835	0.49167917131002575	0.42549110884671515	0.5449035155862892	26	False
chr22:22604296-22604896	chr22	22604296	22604896	test	0	e990547f6f171f1840b48bb1852904793ff76099f294526a2a0e8ad88e6e2b5a	0.5366666666666666	10069	chr22:22	0.5	0.3631321855013624	0.32412232978797517	0.39997847193543384	0.23660008581684383	0.4528845578720463	26	False
chr22:16769838-16770438	chr22	16769838	16770438	test	0	af5f222657805bd12021dd6a495b49b9b3c90bc6dab8c33703242e975e65d9a5	0.385	21567	chr22:16	0.5	0.10294136602287816	0.23938955537996198	0.555743375400927	0.035546926573149985	0.3557111757174397	19	False
chr22:37883535-37884135	chr22	37883535	37884135	test	0	d9f0c0b0470572099f4322138ba875f29a6819e8a7e93e1e2315c7500f26e8d6	0.4716666666666667	7511	chr22:37	0.5	0.30113185567302664	0.36057936703710786	0.657514731116978	0.11752915437774332	0.5080121321397069	23	False
chr22:37294771-37295371	chr22	37294771	37295371	test	0	351ae9a99361ea67569d06330afa38d1420f2943a06cb5644357ae6397499e29	0.6233333333333333	12564	chr22:37	0.5	0.787949214884845	0.29790704465545864	0.6739294243419598	0.34342110139267934	0.457501538116088	31	True
chr22:44732863-44733463	chr22	44732863	44733463	test	0	92fdd8a6576d7f41eb486e40cb9e6b269ded0b2f0f397b18de271ee842e0028c	0.56	19383	chr22:44	0.5	0.8320815262438697	0.2503029913765274	0.6808097494421401	0.7974208605624697	0.5107292101418033	28	True
chr22:37579696-37580296	chr22	37579696	37580296	test	0	194c9c9191e38e58abac770ba1768cdfbb24caacde3adf9720b6496da3edf513	0.5833333333333334	90	chr22:37	0.5	0.6748590388952715	0.8661621593860331	0.6165969394794725	0.7877390703116156	0.4210062701057183	29	True
chr22:30092875-30093475	chr22	30092875	30093475	test	0	f5364b0b567c2b7a1cd48f669924d47167f4cf2afe45cebe0bf44de8d61dce71	0.3016666666666667	12165	chr22:30	0.5	0.05198380270117492	0.30165246562455694	0.06495572238382546	0.069992008125281	0.4298148793436083	15	False
chr22:22586748-22587348	chr22	22586748	22587348	test	0	ce6d0b1e1ae11b0b6ccc536d32a5e7f8fe601ff5cbf98fd1de29753fbce08f30	0.4816666666666667	1106	chr22:22	0.5	0.4297658054367127	0.6191457208074777	0.3781337127390265	0.005675150018376892	0.5246643478491589	24	False
chr22:41346712-41347312	chr22	41346712	41347312	test	0	e0276e97fc484109afff3ca5db24ec15ab376b844532d6e3fa4b06fa67b9f8ed	0.555	20320	chr22:41	0.5	0.7486013956244202	0.24543690271437243	0.6485500946023132	0.4426751423328671	0.4273388438780341	27	True
chr22:47336978-47337578	chr22	47336978	47337578	test	0	0612a401aa2812a6859184983b2d8d18b1c2ddeaf682d83ceeb5981f9e407c8f	0.49333333333333335	8290	chr22:47	0.5	0.4132999828755699	0.34809867034148784	0.4513003016389141	0.5208050424446435	0.35405816972154497	24	False
chr22:29609489-29610089	chr22	29609489	29610089	test	0	3b4517fdd48f2cdb6ddea69ef16a26460f501a39796d3ad1e28fa8f3d7e037fb	0.31833333333333336	5791	chr22:29	0.5	0.06626858947214216	0.394347075876689	0.08104393397531379	0.07718783723985435	0.5522125220706539	15	False
chr22:35926689-35927289	chr22	35926689	35927289	test	0	b8ccc11e073e85e8bc041176a0ddc7b01389c4811eed40df4d19bd6ecee50919	0.39	11907	chr22:35	0.5	0.13711495438048044	0.3041550149091087	0.12500597840510153	0.02976976469696818	0.47583420591877695	19	False
chr22:48504351-48504951	chr22	48504351	48504951	test	0	3b22f47a062f5c58d5a766d378849978e214a20100b382482b32afa712579d53	0.6133333333333333	15099	chr22:48	0.5	0.6799410055451371	0.27709823045798243	0.48680361213842244	0.7918341516026554	0.4572926891480315	30	True
chr22:46429893-46430493	chr22	46429893	46430493	test	0	5fbe77f9b3b53f48c59e29aede92bc338fc06316bf558f4a05ebb51e53611e3f	0.6083333333333333	53211	chr22:46	0.5	0.7936266570690244	0.16038528682992134	0.6881757716548575	0.6425248026011897	0.4273542796704431	30	True
chr22:33236064-33236664	chr22	33236064	33236664	test	0	f7c8931ddad73da1cf3640f2749bf9fd5a1ccbc30872282827db644cf8dc4a9d	0.425	32872	chr22:33	0.5	0.15782627885399955	0.1995585209348993	0.33836746250976407	0.4157549645054741	0.508088101443831	21	False
chr22:50621811-50622411	chr22	50621811	50622411	test	0	af20ba6569c5b307415e906526a5fcec471537329a2128de8591d67dd893045d	0.43	6040	chr22:50	0.5	0.39411053971173116	0.38880230090537465	0.1347887079360037	0.871710217900291	0.5181860965279237	21	False
chr22:35831691-35832291	chr22	35831691	35832291	test	0	8ff53a9c7f089c02bb2e78d20a465b24ee733d022c056c78be5421ad24f09ede	0.3933333333333333	2410	chr22:35	0.5	0.14109232047309	0.5138791540612547	0.21878271374560843	0.013779077267915248	0.6114028173037473	19	False
chr22:19507031-19507631	chr22	19507031	19507631	test	0	59fc18e3d84299816ad9c87954143a38f6b3aba917ec01a8e3c9efc68aa2f364	0.585	17078	chr22:19	0.5	0.6581272899639051	0.2636666845738324	0.536914082858008	0.31721646694680283	0.3379210378358417	29	True
chr22:34601884-34602484	chr22	34601884	34602484	test	0	ec5c88d645774895bd0383b9c2ed61bfd468ca7189aeca57fe60d26cc6ba271c	0.30666666666666664	27247	chr22:34	0.5	0.0647771391221378	0.21665161327524135	0.26960066116388026	0.0036453634812832233	0.5734515566162524	15	False
chr22:20749475-20750075	chr22	20749475	20750075	test	0	31a4a992b9caf0bd686b5211af23375f61a2be6962c0f27bf1cd60a3b294c21c	0.5466666666666666	24316	chr22:20	0.5	0.5222863421781271	0.22752118689981152	0.4105543620941244	0.23414178115129106	0.4551726369050273	27	True
chr22:36230007-36230607	chr22	36230007	36230607	test	0	370a8f32bef79c479c57b619ccaeb309524658eb76432991cab2544e5235094c	0.49166666666666664	4388	chr22:36	0.5	0.26694165957523097	0.43150671940871815	0.7513539917665325	0.1757738654216972	0.471979777177384	24	True
chr22:22219763-22220363	chr22	22219763	22220363	test	0	eda37f3773ee43f903ed90ba391281fa61671260f63202e0c90f73929c5964b4	0.515	5270	chr22:22	0.5	0.4211074697931181	0.4068608074007344	0.8479249798716159	0.31020173430748	0.5688081719173864	25	False
chr22:25479066-25479666	chr22	25479066	25479666	test	0	9f4826a816c51c458718226c88c979a4c57702c5af167899dfcaad597bf88b28	0.45166666666666666	3149	chr22:25	0.5	0.24359033199630117	0.4769412242018185	0.3562534850487749	0.02922395098295367	0.5113782580870728	22	False
chr22:47755315-47755915	chr22	47755315	47755915	test	0	b00b03dcd57359585393c87dbf469628588ff96d636f5d52b5a044a0176aeb28	0.38	56422	chr22:47	0.5	0.11598647251262698	0.15607040399388028	0.1165586470356814	0.056319161987352456	0.4928248155939257	19	False
chr22:42679341-42679941	chr22	42679341	42679941	test	0	e7f902c4528e66806a6fcf5d7c4df20e3bc45c548bc2faa87b805a0e45f2a259	0.44333333333333336	15344	chr22:42	0.5	0.24522569903437114	0.2753190989601123	0.49091502570544154	0.025341272291124102	0.5159425478719718	22	False
chr22:17024576-17025176	chr22	17024576	17025176	test	0	96c1afe86185c1ba3d002ab8a94cdc55dc00959634d583f6fd462267f873e1a6	0.48833333333333334	379	chr22:17	0.5	0.2266727341467058	0.7459515966404852	0.3979296461063456	0.22979566895144338	0.45467841139987364	24	True
chr22:20209294-20209894	chr22	20209294	20209894	test	0	235e33fa4edc61728bed2428af045443080a42e4276235bc0438813231a38bc9	0.6183333333333333	2567	chr22:20	0.5	0.6707171438076681	0.5051620533809958	0.4723361448634498	0.14332552877081745	0.471102466940826	30	True
chr22:16806499-16807099	chr22	16806499	16807099	test	0	ba5312ec93d3a4716c1833c37fc2c3b012b47c5773d28748e3a2f1507a03c111	0.3466666666666667	14899	chr22:16	0.5	0.11032071917025699	0.2785774735934851	0.48114260286413396	0.036794371286882184	0.4677710049439916	17	False
chr22:48477903-48478503	chr22	48477903	48478503	test	0	56f81fae748ed26f27993b260560c8ce85e7e31e9d498e4e79c9e3d62bd88082	0.5	9856	chr22:48	0.5	0.5437757229232838	0.3267172804239607	0.23562390557726826	0.19082797048346253	0.5039348658385584	25	False
chr22:20878849-20879449	chr22	20878849	20879449	test	0	3140a3dc240f43514c6118af8420b7e84125752edeae94fafbab83d694c37bb4	0.49333333333333335	12064	chr22:20	0.5	0.5500852837098823	0.30262437674107445	0.5423077205730376	0.04254070005772752	0.6005582551755451	24	True
chr22:10524859-10525459	chr22	10524859	10525459	test	0	6438dbf7962375bc3edb189b51ee3dd91893ee76f81e5bc390ae982f11ba396b	0.265	4004	chr22:10	0.5	0.03665709859900235	0.44396599774970574	0.05647543094557159	0.034413685747105044	0.6159762283442201	13	False
chr22:27549194-27549794	chr22	27549194	27549794	test	0	285daea5757368c3ffd8b642287d3619bbeeb01d05164d5c18e4a44f6e3a6606	0.445	24094	chr22:27	0.5	0.36440930245087694	0.22841369060702224	0.6179764720982144	0.0855223354031842	0.410864224743335	22	False
chr22:40906536-40907136	chr22	40906536	40907136	test	0	cc74ff68ae742d5a324c366cee5041b6df805efb9b342c14aca080ecab427838	0.42833333333333334	10274	chr22:40	0.5	0.20333183286975143	0.32168602200521906	0.2555939015561591	0.05374645562176369	0.5805162635275205	21	False
chr22:33228683-33229283	chr22	33228683	33229283	test	0	1e5f092140afbc9e8352fbb0b2d75f216f77508b708446e38852c0a8328b6d96	0.3616666666666667	25491	chr22:33	0.5	0.07660760765148182	0.22296798506884877	0.32617620305185074	0.02877547183863403	0.5506646879373802	18	False
chr22:40613657-40614257	chr22	40613657	40614257	test	0	6e5b764c239e6e613fbdd84722aee5aa5175493b8fefe8844b181fd8db77c0b8	0.47	22761	chr22:40	0.5	0.4921285510786177	0.23400701466470705	0.2658059065393102	0.03336734071548198	0.4998643075831979	23	False
chr22:15599343-15599943	chr22	15599343	15599943	test	0	1eaeb497800e8fd4eba866bc5c953b9cd903d34a5367cdd5140783dd4d6fccfb	0.4033333333333333	3742	chr22:15	0.5	0.1659357136092984	0.45321911266542125	0.18322116315876374	0.18549356166888967	0.5284142718085527	20	False
chr22:22616204-22616804	chr22	22616204	22616804	test	0	8b6a323edcfd713cab2265452fcfe5165d94cc032892221067705921f759ff1c	0.575	17344	chr22:22	0.5	0.5918287182395624	0.26201099519040844	0.32271483721378597	0.5552036231075321	0.40446150042342927	28	True
chr22:26259781-26260381	chr22	26259781	26260381	test	0	8133ba0a967ad18acc3b0e6bd7b7da1819ee8ced5ced92cf69297485cf34513f	0.3516666666666667	5990	chr22:26	0.5	0.08277572048128023	0.3898949116715242	0.46764449210962433	0.006492909843068001	0.6104388232194082	17	False
chr22:27116187-27116787	chr22	27116187	27116787	test	0	58b86649a46626e8e0f6c8d8031c59674a422a5334ef3ab448d40746ec166dd1	0.4266666666666667	8011	chr22:27	0.5	0.1600462520287916	0.3524059170084159	0.5037861494449751	0.26753588863441574	0.5193260427806786	21	False
chr22:16000632-16001232	chr22	16000632	16001232	test	0	650b3def417ee6c2ac90a0ea04448b4f99e7d76e6c0402cd678f62f621498dcf	0.37333333333333335	85133	chr22:16	0.5	0.1186229144503515	0.1283967986839265	0.11235253963273753	0.3811426332214568	0.45292704539902906	18	False
chr22:26521868-26522468	chr22	26521868	26522468	test	0	684776246020127d0a04d4c3537fac55d7bab119f42eec61a21b2f4788f2aee3	0.4266666666666667	2918	chr22:26	0.5	0.18632040104971714	0.48745543741841596	0.26920613380478553	0.029607607595748774	0.5155106018650967	21	False
chr22:26763316-26763916	chr22	26763316	26763916	test	0	0674f6dfa71832520ff287011bd371ce2a5366ac7ee2238ba3bd9f00eab98ebf	0.5066666666666667	20782	chr22:26	0.5	0.5145451209660508	0.24314216518803358	0.2863876292559782	0.4450993188404546	0.515033465054599	25	False
chr22:45745571-45746171	chr22	45745571	45746171	test	0	c6f1af2e3aeccde9dfff420f5413db365d66a7047c530e379132a67f5f56f7e3	0.2633333333333333	14652	chr22:45	0.5	0.04304028935486787	0.28043881847514324	0.10087038535995344	0.021321085454298547	0.43058875183705825	13	False
chr22:15394706-15395306	chr22	15394706	15395306	test	0	5976333a95d3555d6eac32142acd23b6a7c70fda08ca565bb00cf8b9c068945b	0.4583333333333333	90451	chr22:15	0.5	0.22262212488338065	0.12469383347280068	0.23587720689025204	0.9259195183559541	0.6682362882853315	22	False
chr22:43639120-43639720	chr22	43639120	43639720	test	0	94aeed984aedf4e21a62143c0c59f4a6fe82b8676b89d631204803438a3ce4db	0.35333333333333333	123171	chr22:43	0.5	0.09139519899060107	0.1072220571055784	0.1712329346482827	0.3584257861853692	0.6060772988855476	17	False
chr22:23865140-23865740	chr22	23865140	23865740	test	0	3084056524e542a8eabf1897c59e73f5e1498bb8a9f0a3ba8ac858d9ca38a7b1	0.495	3253	chr22:23	0.5	0.41733271208784395	0.4724626157338415	0.2658059065393102	0.10003599840422442	0.5232389929079975	24	False
chr22:45273001-45273601	chr22	45273001	45273601	test	0	73339117e669c677e66cf93b923ffdf13e728a5f55aee4ecdbdc8c3f055805da	0.5566666666666666	4135	chr22:45	0.5	0.7995448254690554	0.43957728846426203	0.8099995069119094	0.47022403613237	0.41891831975437693	27	False
chr22:38790195-38790795	chr22	38790195	38790795	test	0	94c9c06695d2d8db89a66aafae2ed1749a4baf3026973e65889126c699958a0e	0.495	3163	chr22:38	0.5	0.43983295711810416	0.47632955897793183	0.30585860015788796	0.05703369894721791	0.4863704218799969	24	False
chr22:47875907-47876507	chr22	47875907	47876507	test	0	3e7685e3a2ab9ec8e90fedc3702a89094554f9562a59891014634dd11cc6a40e	0.31	21356	chr22:47	0.5	0.05154911727627302	0.24038074508600724	0.7654301435980115	0.023331366025126903	0.61276483189933	15	False
chr22:50095965-50096565	chr22	50095965	50096565	test	0	ece92b11ebed904f424eee5c63aad022b1745c438913215df6c6be1f1d524c4a	0.375	3521	chr22:50	0.5	0.14122611596246637	0.46157041885495326	0.29193133259540616	0.24120976786651419	0.5582701328879155	18	False
chr22:24410095-24410695	chr22	24410095	24410695	test	0	4439adedbe1ab2ec592db47d8e84c43320c2b43fc7dcf0a9939f75c6ab6e7fec	0.51	7728	chr22:24	0.5	0.3869992197333274	0.356956930028731	0.37835648242572806	0.06311203858051727	0.5422667990090623	25	True
chr22:37572351-37572951	chr22	37572351	37572951	test	0	e472a391345d1e197e420a18344fc89a9d3f49e3bf62e0f471a0b098c0f39286	0.52	6017	chr22:37	0.5	0.8277043696716879	0.38930363628045744	0.5951303439103639	0.021157983563014886	0.6308531341658825	26	False
chr22:22937599-22938199	chr22	22937599	22938199	test	0	1138f0fe8a66bd0d0f83c706b1a7a1d0faaec68b861d547e317d8fe014c9aae9	0.39	15306	chr22:22	0.5	0.11678367120401249	0.27559271460214096	0.3782540787827721	0.019023131173618556	0.46813245742522064	19	False
chr22:15338139-15338739	chr22	15338139	15338739	test	0	ad6170f4820dfb2de21fd4796ee8d455027863e41078186a54828904e95a44f8	0.4033333333333333	33884	chr22:15	0.5	0.1929546067373406	0.19689401184652913	0.5695456242775323	0.024720965917817413	0.5343653297556477	20	False
chr22:32385583-32386183	chr22	32385583	32386183	test	0	18c75c2a964709beef1b23ff67aa70c38d757b0ffbde3d61f28ee3928da1552c	0.46	2098	chr22:32	0.5	0.22550946189110005	0.5329910061075057	0.5204439007792496	0.250407685043078	0.5739732152968076	23	False
chr22:30033791-30034391	chr22	30033791	30034391	test	0	25fdf3fa8116c36282e01ce1a3581c850a12b074721abbf04ded05b7570e96a5	0.5716666666666667	27043	chr22:30	0.5	0.561295888955381	0.21735764349915307	0.5719921365723554	0.4021838382887611	0.46746276074782356	28	True
chr22:32196976-32197576	chr22	32196976	32197576	test	0	f539db911dae82be254853e7076171d5d7f0541dcb9d259ef5920af2480b1891	0.40166666666666667	5174	chr22:32	0.5	0.20494986006778593	0.40931575659127023	0.27240524212121014	0.27475044790913133	0.38355445660891035	20	False
chr22:28503235-28503835	chr22	28503235	28503835	test	0	adcabe0a71ce4375998e6fbbbc57aa9fe0b012bf66ff36e3d8d34e35d35d2635	0.335	43667	chr22:28	0.5	0.07731508289161386	0.17565494624606573	0.08035075439716792	0.027972607465003182	0.4015223816698924	16	False
chr22:35191304-35191904	chr22	35191304	35191904	test	0	484554a98aab8c39f8a672f0ea76c258662ef33232bb26b57e6741dd3610902d	0.45	39450	chr22:35	0.5	0.240543394511197	0.1839345836581778	0.2507828508006943	0.2966486908213337	0.47308490496629907	22	False
chr22:50256733-50257333	chr22	50256733	50257333	test	0	0a7a453837649e37ac816531471831ade6b80762d90c3c708e184b49efc0ec3f	0.6583333333333333	4274	chr22:50	0.5	0.9295821742196247	0.43507984933505517	0.5930485356885977	0.5917856157025069	0.47489290528589034	32	True
chr22:16918601-16919201	chr22	16918601	16919201	test	0	3397d35476570dac7dd640067ed3f736119f518ce2659ca0d0a9e8bbf936b164	0.405	22053	chr22:16	0.5	0.15577647518849125	0.23715332045486268	0.12928801297450115	0.07163382535410211	0.35069790312719823	20	False
chr22:22417390-22417990	chr22	22417390	22417990	test	0	13b2604acadd85f49c0e0ef4ac0238a5a0c62f4110c093ee6a3dc2a3f97271f4	0.44	7925	chr22:22	0.5	0.23913011072763785	0.3537689153071592	0.6687636442208605	0.09087399808799472	0.453295567104371	22	False
chr22:43813989-43814589	chr22	43813989	43814589	test	0	9a387f2d37478aeaf41c48dfe1211d9553cad179e30c1d619c8a5e25e5d0f68c	0.43833333333333335	1849	chr22:43	0.5	0.1900416452272352	0.5503233665556806	0.11911331173429476	0.1585879293343744	0.5464106142193494	21	False
chr22:24113092-24113692	chr22	24113092	24113692	test	0	5e72923724440a597dbf1ac6165fa36514ae7d9b3083b674572fe32ab7277686	0.49166666666666664	11704	chr22:24	0.5	0.38726106506426766	0.30617091126323476	0.2781687401392723	0.47317959522756714	0.5336515262780904	24	False
chr22:21924721-21925321	chr22	21924721	21925321	test	0	1f0ed1e55d291239ea9f05f5e21daec463673f13faef1bbd36ce149114ce4622	0.49166666666666664	13247	chr22:21	0.5	0.613034458903101	0.29182196803208044	0.3150310072026894	0.05243642415622209	0.600099103446585	24	False
chr22:17070480-17071080	chr22	17070480	17071080	test	0	b910c44904347e92123c827b5dc90160db6de90122f4eeab6908f802b4a930c6	0.32	9920	chr22:17	0.5	0.061759532498610485	0.32593060053688405	0.15364623168964747	0.012751943210848193	0.563399827402898	16	False
chr22:39551380-39551980	chr22	39551380	39551980	test	0	d3d3baf6d378bd4f61c450f841ec3b479ac08cb0c6bb450b4e07deb7e123ec74	0.5316666666666666	5929	chr22:39	0.5	0.5308415217966588	0.3912418313667052	0.28215765347841254	0.15498054072109796	0.5442883669373324	26	True
chr22:20106833-20107433	chr22	20106833	20107433	test	0	731fe9d67a2ee4f86d8adebcdf5b18f7655c058699847282a2be1bcb200f32e8	0.5966666666666667	4741	chr22:20	0.5	0.7401771218977151	0.4210463191747223	0.40230406199741253	0.8386722100437964	0.4591021179817958	29	True
chr22:43171592-43172192	chr22	43171592	43172192	test	0	c54acdf9f5ca0540d13d9ec7fbc9bf078cf253d9109e5f4b01ec329f993f5785	0.595	143	chr22:43	0.5	0.7369705531037832	0.8339209244092495	0.8971902851645382	0.341008437564207	0.4909509309699011	29	True
chr22:23586079-23586679	chr22	23586079	23586679	test	0	6502bab541ee38189dfedfdfc256141f74c832f584c7c7aef8ac60663b991bcd	0.48333333333333334	2521	chr22:23	0.5	0.2686781125064205	0.5076602039224923	0.32617473744634606	0.02937452987243996	0.5371573446354235	24	False
chr22:22804665-22805265	chr22	22804665	22805265	test	0	96b8ea882369eb3eea6bf5848ccc9c230d9f7ff79abcc01388934c2f403d0ec7	0.44	6781	chr22:22	0.5	0.2228131775129621	0.3737120443366374	0.3886410946880889	0.003312464647089895	0.5375914658099241	22	False
chr22:16935172-16935772	chr22	16935172	16935772	test	0	2102690812ee5baacf5f003ad5a7d64acad6486ab6b5ac7c9ed04f7aada4f8ec	0.43833333333333335	38624	chr22:16	0.5	0.20459043462152174	0.18569724986866262	0.6132276859222272	0.05415216154169516	0.4978617343902458	21	False
chr22:47244470-47245070	chr22	47244470	47245070	test	0	93dcd254520b8f9332fcc02bde8511aa32befc8c4cbdb0fd44018bebfea52d8d	0.415	12809	chr22:47	0.5	0.1450287530554334	0.2956785700000388	0.17482279561162498	0.14293545777414945	0.47686627268023835	20	False
chr22:22883618-22884218	chr22	22883618	22884218	test	0	ee346d33956957ec4935a654df97d2abb7f411179f22cd9ed997de0f13d02088	0.49833333333333335	2348	chr22:22	0.5	0.35980850766587613	0.5174768069106639	0.4382899523798919	0.10318249615250424	0.49929195591942566	24	False
chr22:42691638-42692238	chr22	42691638	42692238	test	0	2b172e7ca3cf4b99208fa16aa0b861b8f5b7005c50a2199a62e87c6c8a5a757e	0.58	3047	chr22:42	0.5	0.7435687012327216	0.4814834896878836	0.6789988936200668	0.612553742851379	0.6454774161712437	28	True
chr22:47370130-47370730	chr22	47370130	47370730	test	0	2ef8d2146454d4407824dcd5852946140c23550d70685197c061b1dc1d4e9efe	0.4633333333333333	3271	chr22:47	0.5	0.4076724739191706	0.4717024479642802	0.4981633537772445	0.04995619373341904	0.44152265972244154	23	False
chr22:34925103-34925703	chr22	34925103	34925703	test	0	ae5df8da65d355fb52da1afb39f425d72edc3803fd9508afa9f2263bf18afd4b	0.4266666666666667	72406	chr22:34	0.5	0.23175618215880722	0.13875410924515993	0.8506398126538819	0.41827825866337054	0.46970537222374537	21	False
chr22:20880793-20881393	chr22	20880793	20881393	test	0	9dea84fa7032f30282a93fafe5430227ddcb5e8a2ddc08fa826746082fdeb6cb	0.5133333333333333	10120	chr22:20	0.5	0.35194200141864884	0.32351071810767734	0.6284721544194156	0.3138174510647441	0.5241487663756023	25	True
chr22:41985163-41985763	chr22	41985163	41985763	test	0	456c241f8b7245f0979fdd5e8710f27bb2ac56a38ae2ebd4122701147783ea23	0.42333333333333334	3247	chr22:41	0.5	0.16809258163040625	0.472716968405357	0.2423722306630276	0.09930882714708224	0.4138910437324489	21	False
chr22:33249643-33250243	chr22	33249643	33250243	test	0	583b2b35cde6582654c692fc5116c904d86e43e315a3af5d2395f7163af6b5da	0.3333333333333333	46451	chr22:33	0.5	0.06992131207050618	0.17076137718847775	0.173730810877378	0.023991277263015618	0.48197306827845793	16	False
chr22:23944455-23945055	chr22	23944455	23945055	test	0	c9e48edbb2961f74a2c3a2ed7b46f19624447830544a8ea213388efccf9ae944	0.3383333333333333	6623	chr22:23	0.5	0.07323161320590589	0.3767676511316595	0.1313646252057111	0.011358564210389464	0.40421014000769684	16	False
chr22:46282798-46283398	chr22	46282798	46283398	test	0	c124d155e143acc48d23cbcb7142b700f91fa774c0c9f3e0b63147ef502a19c4	0.535	13561	chr22:46	0.5	0.5843175117218052	0.2891524267267961	0.6626522324118251	0.12970473317310197	0.49207838166450013	26	True
chr22:45030384-45030984	chr22	45030384	45030984	test	0	cd32b30f48f6696f553aa93cec48a8c9eb5f161395d7b15baca6bd0645dc6ceb	0.43333333333333335	3707	chr22:45	0.5	0.19660193321314653	0.45450671521324126	0.2153077684475728	0.03797004509438139	0.45532507061676847	21	True
chr22:17049115-17049715	chr22	17049115	17049715	test	0	618c26c8cac6f74991e947054246e19bd8b8a2abf24acc264462702a5398d670	0.3416666666666667	12130	chr22:17	0.5	0.06934760625048486	0.3019881494098113	0.19012912782903335	0.015359481407843233	0.4596860097153031	17	False
chr22:46182955-46183555	chr22	46182955	46183555	test	0	a01a95dd19a1897ed41127c6a4adc6c963fe47d96c0a693b561247ef17e3676f	0.44333333333333336	5489	chr22:46	0.5	0.26262930026990167	0.4014404846212598	0.40378724545326145	0.17736918817756475	0.4494828387172471	22	False
chr22:33749978-33750578	chr22	33749978	33750578	test	0	a38affe800f6f7915cbaf637589a780566c64f48a74bb1d379b689aa5a209e47	0.40166666666666667	11197	chr22:33	0.5	0.19038162894063002	0.31139663164914416	0.3333871960564996	0.21702734635650378	0.5317202881000609	20	False
chr22:48633186-48633786	chr22	48633186	48633786	test	0	d53398d525e69671a71388970e5191f66f73aa708648d5a50cfea541d94ca139	0.54	49106	chr22:48	0.5	0.6397156268168905	0.1664534656557018	0.7562984763895615	0.6886896569476161	0.5921631955288073	27	True
chr22:47098889-47099489	chr22	47098889	47099489	test	0	ef37681720463d118a3058fa5eb7396743ac98caedb2844bb321236bd1f85134	0.5533333333333333	18025	chr22:47	0.5	0.606186851785595	0.257914520715765	0.5162921861119083	0.9404624248327811	0.5084136774199393	27	False
chr22:45592411-45593011	chr22	45592411	45593011	test	0	b22ff90177674be53a3b47527eb7c894ee94be0e5830d6861be39c24ce15e3a5	0.5333333333333333	13950	chr22:45	0.5	0.6242672580198774	0.2859490747533835	0.3975404577180938	0.274689736248515	0.5432338202236615	26	False
chr22:48926907-48927507	chr22	48926907	48927507	test	0	c60c87c7187543c7ed762c730cad5218eec6b174eee7ee8d28dd218bcfdca131	0.44166666666666665	47615	chr22:48	0.5	0.35675144063144465	0.16883233210343385	0.3568786078042123	0.35228643571515367	0.5197393353276459	22	False
chr22:23897673-23898273	chr22	23897673	23898273	test	0	12d5255ffcb4a812e528641d47fd28d3536685edfbb70c0beeb1f6a4bb9d077c	0.555	956	chr22:23	0.5	0.5200764406269249	0.6379397690533457	0.4591756961616871	0.13640659946215936	0.423766426445662	27	True
chr22:32963437-32964037	chr22	32963437	32964037	test	0	e40c3bdf02550a1a8444f3c1a74a0efbcb45be7430509418076b0e8f577b1bd7	0.475	88801	chr22:32	0.5	0.28892894020449184	0.1258091289991656	0.44509218748925805	0.06431626759938854	0.655741396652448	23	False
chr22:26907227-26907827	chr22	26907227	26907827	test	0	a8d663ed8c0d6d13c7784f73612304b754ff225357d9eade2d087e697e92a57b	0.41	46973	chr22:26	0.5	0.1503235709058085	0.1698882218707528	0.6517593073867466	0.033603341969632244	0.6115659682616755	20	False
chr22:28004517-28005117	chr22	28004517	28005117	test	0	b16222192ea858550441a96011afb23110378d8918140c3693ae35964aaf7ad6	0.48833333333333334	2334	chr22:28	0.5	0.3371904464693162	0.5183020750516593	0.3516495637096278	0.7658242501663464	0.41551559618108913	24	True
chr22:45185070-45185670	chr22	45185070	45185670	test	0	d81bd814cf3f80912d6cc984de051356c0076a149bdf5db8e11a7055010dd648	0.43666666666666665	6381	chr22:45	0.5	0.5009834123054674	0.38161195937928377	0.5401857793352663	0.7966537621817569	0.5170975632444296	21	False
chr22:45462119-45462719	chr22	45462119	45462719	test	0	7b4dff2ec2d920e603c1a5b60fe64e72f2a5a05b565ba77b951c70bb69018a5a	0.5216666666666666	13677	chr22:45	0.5	0.483003034503422	0.2881854321018319	0.30530269090583195	0.5676623657758345	0.47550714573459296	26	False
chr22:23842160-23842760	chr22	23842160	23842760	test	0	6816d0b003963981ed6e49b694a6fadf8c5c43700a0cc940f5a8998a096d2129	0.62	335	chr22:23	0.5	0.8256448855659	0.758629303183908	0.18452872207847396	0.8092153380539518	0.5117812480926187	31	True
chr22:33476874-33477474	chr22	33476874	33477474	test	0	838327d6ef0cd94781c7141861eec839784c999e0daaa5915f6ebc0c94bb6658	0.4483333333333333	40506	chr22:33	0.5	0.39384703993529246	0.18175232259577337	0.2393043035698917	0.8205762738723791	0.5977995030746627	22	False
chr22:36883840-36884440	chr22	36883840	36884440	test	0	0e0cdc6d90b499356d69a1c0c1865db80344c2c69b7d32aa692586c2e160c1be	0.3883333333333333	5332	chr22:36	0.5	0.1581198805421941	0.40530137893313717	0.7695291015230497	0.1620461802389237	0.3766373683092816	19	False
chr22:19193855-19194455	chr22	19193855	19194455	test	0	f81371bb4919dd7f1ca4869b4006738716e4361b291080648e9ecf5efd4aee26	0.495	2246	chr22:19	0.5	0.5084585942732089	0.5236030118617538	0.3632777021062367	0.27656039649402325	0.433056072467715	24	True
chr22:30016842-30017442	chr22	30016842	30017442	test	0	b1d3a96481ff53980300483c9d23f4cf6fce64667697fc0270c2f2e97bf641a8	0.44	10094	chr22:30	0.5	0.17872279308316968	0.323822058840169	0.13921888243747718	0.3974748649075441	0.4302574466036185	22	False
chr22:27448138-27448738	chr22	27448138	27448738	test	0	5d7a9f1a88daac209e9aeaa44424126b40c77b89422cd12372845652f1c56dac	0.455	12147	chr22:27	0.5	0.3048722433872976	0.3018249557333241	0.19625400002605758	0.1384690558344829	0.5045963212636689	22	False
chr22:34359027-34359627	chr22	34359027	34359627	test	0	6632e14d54c5c6438880dbd2f8ccfb6c1f534924074f94b0a177ee6b8e9be402	0.31333333333333335	3876	chr22:34	0.5	0.06325155748121683	0.4484039989756823	0.5203722884060235	0.031605616064928906	0.48430173425252465	15	False
chr22:37028752-37029352	chr22	37028752	37029352	test	0	3d10ec49379234056121cd0f0ec7312e11289b50f856ab1d79b891f1608c29f8	0.49	4029	chr22:37	0.5	0.34091206333708024	0.443116775286383	0.16191195128286068	0.02211573998859809	0.5835940133772107	24	True
chr22:40456639-40457239	chr22	40456639	40457239	test	0	87621990a1de9ea6f9a27e6cadc55bd16ca7f556a5d2e2759661feb2ea7e7763	0.38666666666666666	6478	chr22:40	0.5	0.18166514688668128	0.3796456303922465	0.2464744964885462	0.011504808175462901	0.5822187273929097	19	False
chr22:29056213-29056813	chr22	29056213	29056813	test	0	d3c0e12ee1cb39f906d40e2f60b3a36876769c94328689b340b756c6a407c29f	0.49166666666666664	5317	chr22:29	0.5	0.40927884984982277	0.4056768177556869	0.2722621639013213	0.05056456641548722	0.5527483118560022	24	False
chr22:30600288-30600888	chr22	30600288	30600888	test	0	76c74a8e36173ffc12c2ea378fea4c38c29e0b33ce8342693399474e70cf8e10	0.5066666666666667	2280	chr22:30	0.5	0.7079047854378392	0.5215312803429367	0.314178238345354	0.034913504078328904	0.5865581218433976	25	False
chr22:16873302-16873902	chr22	16873302	16873902	test	0	108b62db65c076ffc935639c221ef0769300aa952d0a99b745d5d09862798f93	0.35833333333333334	4125	chr22:16	0.5	0.09561762642680507	0.4399070500713672	0.1968732022852495	0.055200249375287294	0.3896032840815903	17	False
chr22:48307919-48308519	chr22	48307919	48308519	test	0	18d08c85524958ee12b61cdfced490a24b20a9f67514f38f06ae5f36e7d03921	0.51	12422	chr22:48	0.5	0.47692306516996086	0.29922313720607796	0.40339822386645763	0.44599011155296736	0.4789530886054397	25	False
chr22:31225458-31226058	chr22	31225458	31226058	test	0	cefd43421253b71f0b6a3d40e7ab5069745e92807019cbd616fa80f4fac78590	0.48833333333333334	2906	chr22:31	0.5	0.2785797571427267	0.48802453820789665	0.30156989516788263	0.07423431129156274	0.5227896810146906	24	True
chr22:31962365-31962965	chr22	31962365	31962965	test	0	37b86b08b2ee852f6195a7e3546d5d41bc867255b9c509b8747ba76484dcf6e3	0.47	691	chr22:31	0.5	0.35827853396517095	0.6782415487864684	0.257442491613797	0.020737569341824198	0.48414072208754794	23	False
chr22:32560737-32561337	chr22	32560737	32561337	test	0	9845c291e038ba9334bd21efcfdd1894d25e3f4cb10c1d4074239e0137bd91f1	0.5216666666666666	19083	chr22:32	0.5	0.5289104701903576	0.25192485699012074	0.4362948358551232	0.7706478491129907	0.47161471118509646	26	False
chr22:50270597-50271197	chr22	50270597	50271197	test	0	f439c91e04f623482bd348f99ab31a4204f756854206426dfdfbd4d9e58c4008	0.6616666666666666	385	chr22:50	0.5	0.9933251389508658	0.7443065392861574	0.4903880571527228	0.9694609852471385	0.4135312006690118	33	True
chr22:10555426-10556026	chr22	10555426	10556026	test	0	98a79fc6ae4bbb035740226228653727fee3a8139a8abb8b2180d7611578b228	0.235	26563	chr22:10	0.5	0.025096057783721717	0.21904681659318878	0.4580863581473102	0.006834455150514219	0.5608111423393143	11	False
chr22:24231737-24232337	chr22	24231737	24232337	test	0	3410ce966a9f3bf0abc62dfd06fc07b36c7fd853a43c7207f52f543e9415174f	0.6566666666666666	13044	chr22:24	0.5	0.8615878310517562	0.2935896086710625	0.26102600779643925	0.36378012033220847	0.4353802068731688	32	True
chr22:49420647-49421247	chr22	49420647	49421247	test	0	90faf4b1404c39be562b35cb97c60d5bc30586c5700b834ed3a2c35b54604596	0.48833333333333334	4489	chr22:49	0.5	0.6051261707214194	0.4284234730902989	0.34668361155610333	0.6832483200833009	0.5243890040533614	24	False
chr22:43546734-43547334	chr22	43546734	43547334	test	0	c67159558ffc227cbf57668c18f24e3bbdc36d529434f2d50fce8350454af251	0.39166666666666666	30785	chr22:43	0.5	0.20368961342460995	0.2054148737122553	0.38162808124215125	0.058696710574353966	0.4254256569103946	19	False
chr22:48172409-48173009	chr22	48172409	48173009	test	0	0801d17eff59fb7b050ded08fb15fb2a98909e2f84e0ff3078f25568228fdd5a	0.465	906	chr22:48	0.5	0.23432996068354162	0.6447644485644902	0.318127412671627	0.021500290808345365	0.4497205570553312	23	False
chr22:22173600-22174200	chr22	22173600	22174200	test	0	c4965590c28c1f48a986a34ec4ee043b41396ad6892d70e723d2b5013a0669ca	0.37166666666666665	11702	chr22:22	0.5	0.10774007952995927	0.30619098319206545	0.34619149866224747	0.062465596576845216	0.5053390855945363	18	False
chr22:16595010-16595610	chr22	16595010	16595610	test	0	a3c6751c5ff1cdfa8c1f6f47c6477e7e5bae3a3e1bf3f2f2ee2ea77cd6ae2143	0.45666666666666667	2416	chr22:16	0.5	0.3489153439662194	0.5135358359534976	0.9500967592840148	0.4578429965317839	0.342112459095439	22	False
chr22:25103391-25103991	chr22	25103391	25103991	test	0	826e39c6314651574bd2d2fd84db2717b5aa647fb36280c5efbbb3776bb3bcbb	0.5	7514	chr22:25	0.5	0.6109316345637338	0.3605284665241016	0.3204621664791905	0.0541516289277614	0.6619911684180018	25	False
chr22:20390793-20391393	chr22	20390793	20391393	test	0	b42763e7209e74a676b12962ca635d3aa88c0d7f168799858d989ec5ef96760e	0.48333333333333334	3021	chr22:20	0.5	0.41142155170737954	0.48266617068778933	0.6162350961150113	0.023594280320315398	0.4218939599074929	24	False
chr22:50103528-50104128	chr22	50103528	50104128	test	0	96d8fbdcf3450453147ac5f36f44842bc61ec7dfbdd5639c6d3b76ee4713d260	0.4683333333333333	11084	chr22:50	0.5	0.33373425139055424	0.31260041698088076	0.4467363729968504	0.023607373807934675	0.5265195729541806	23	False
chr22:17416670-17417270	chr22	17416670	17417270	test	0	da88ac69ef69f9715a3693a0e4aded7bc0381ba58062ded6c2fb3107fbbe2dad	0.35333333333333333	47511	chr22:17	0.5	0.13737631200893494	0.16900205573193	0.24442486440782932	0.04023074301471945	0.49325863941796394	17	False
chr22:36769569-36770169	chr22	36769569	36770169	test	0	1941b978ec443614cc4efc4d9a7fbac52f218d801b20b31688e65ae7832ceb65	0.5233333333333333	3392	chr22:36	0.5	0.5101200872240501	0.46670190187119515	0.27882907824649444	0.8022265235837821	0.44862365181087777	26	False
chr22:20307085-20307685	chr22	20307085	20307685	test	0	41ed7c6fdc09ab9a95c4f1ff348d41ea2ac4006bae9fbda16129faa5ef8f2fe6	0.6	11363	chr22:20	0.5	0.6909205634918077	0.3096546158765765	0.4989331366552947	0.21944503531136042	0.4868821178879945	30	True
chr22:24893431-24894031	chr22	24893431	24894031	test	0	d24f9f488b04b9a09b5bc022b0f7e538831481a9ba8559d8974746fd34a50b78	0.5316666666666666	7482	chr22:24	0.5	0.6828219164939978	0.3610726180383717	0.5025791764398886	0.274393766529874	0.5140321339102569	26	False
chr22:30299698-30300298	chr22	30299698	30300298	test	0	9480801132ee7925432aa821ee8f15a8d10e3a691b4e22386ce44dbff5e349ba	0.52	517	chr22:30	0.5	0.6571273759319847	0.7121474104753898	0.23446847275066854	0.026490655086986403	0.5456064838527697	26	False
chr22:21704911-21705511	chr22	21704911	21705511	test	0	85f9f350db65786f631b15a41131285c71a16868f1710050418eb52084ce8732	0.4583333333333333	5637	chr22:21	0.5	0.3739494708897993	0.3979114102798278	0.2205062287006684	0.2599669156146394	0.5011245970318429	22	False
chr22:31109440-31110040	chr22	31109440	31110040	test	0	6ed2337ce943fba61efc45fdd899233e8ed453b146fc5527975351087d62c93f	0.51	2143	chr22:31	0.5	0.4998797934865104	0.5300704669846524	0.3904037291243852	0.07288724283523558	0.5929870486723642	25	True
chr22:39702207-39702807	chr22	39702207	39702807	test	0	8dce998b1e16806b18029be9c7a72dcacc80990ed5a063f58c14aba81fb9dbf3	0.445	21434	chr22:39	0.5	0.3859462001094516	0.24001287047656783	0.3450215879859089	0.5203040062879691	0.5906336254724331	22	False
chr22:48653301-48653901	chr22	48653301	48653901	test	0	65817aff144ce8fe2b09c1e435fbd4badcfe0285b5d251bedfcf496346e70f31	0.5733333333333334	39645	chr22:48	0.5	0.6930432760701776	0.18352571054983444	0.7681936258554141	0.9509668336815014	0.37379891230860934	28	True
chr22:23116684-23117284	chr22	23116684	23117284	test	0	0db5b0bcb6a8c7bfbf5aad0133c213875ab7c5331f0de8ca91585bb946046403	0.59	16020	chr22:23	0.5	0.6892627065965842	0.2705887107207984	0.20629592706334302	0.5690322307451436	0.5813393418539523	29	True
chr22:49071290-49071890	chr22	49071290	49071890	test	0	e59d783ac1162817e83e7a55b5effb660f8e85274b291f9bc81709e26ffcd8ec	0.425	19042	chr22:49	0.5	0.1980044169970678	0.25214903590326343	0.21642461829154241	0.41655164516849946	0.47395494185822695	21	False
chr22:47611882-47612482	chr22	47611882	47612482	test	0	10cc855bbfa43e618a84fc8893e8413a3a58e35904fa947cc7c34d0fd53646a0	0.35333333333333333	19073	chr22:47	0.5	0.16064058798704797	0.2519794781488999	0.33784446254916256	0.022682156520452343	0.41503198639317895	17	False
chr22:49197983-49198583	chr22	49197983	49198583	test	0	a89a17df40f1ab4c513dbf7c0c8479b5dbb8bdaf162c21087563d2844ab408a5	0.54	10222	chr22:49	0.5	0.6809009261422954	0.3222984736428073	0.3253260231690398	0.4070997622928496	0.5188017439412539	27	True
chr22:24843271-24843871	chr22	24843271	24843871	test	0	668c8704398f1ebe013d71c99d84176bd6628bb1123a9bb2b479a25642a4eadd	0.55	37361	chr22:24	0.5	0.4390173908167385	0.18849300183163797	0.534638437899495	0.1843324753690321	0.41053863363219334	27	True
chr22:42278048-42278648	chr22	42278048	42278648	test	0	006497a337cce69a148a0fc479fab465a388ead40dcdc6c46aceb63fa2fd8d7f	0.5416666666666666	5648	chr22:42	0.5	0.664325443455884	0.39765323639994743	0.5465810295045916	0.9454169973847677	0.5478067032554109	27	True
chr22:17135641-17136241	chr22	17135641	17136241	test	0	17b6f39ebf5726a2e878cab059f7310bcca66c08173011372f9640ae8b0f8be9	0.5333333333333333	14444	chr22:17	0.5	0.7058412240879023	0.28203677388701326	0.3588633582650034	0.11566619732906488	0.5990305207338728	26	True
chr22:33807506-33808106	chr22	33807506	33808106	test	0	3590c856ac9c070e7bb179a7e91599bc63fed73872dcdd5dd2eb712d5662aa1c	0.36666666666666664	43628	chr22:33	0.5	0.12131106052850812	0.17572649521199632	0.7286363640366109	0.10561749157360947	0.4718227871998046	18	False
chr22:48604051-48604651	chr22	48604051	48604651	test	0	6cfc22c4d09aa749e98e3a90f49bc37d96da23f8af574560e5d76c8317e139ef	0.555	19971	chr22:48	0.5	0.6733985537527948	0.24721517427561554	0.40360885257095364	0.7398490850291393	0.546101943392711	27	True
chr22:44561324-44561924	chr22	44561324	44561924	test	0	e7d84ebe7e4995628e5d37c696476b1d76dbe4011373792ef073d3e3e805e3a4	0.43166666666666664	7675	chr22:44	0.5	0.2407450640600887	0.3578307192699449	0.5160535547756837	0.007882263907016095	0.5754747005261188	21	False
chr22:31493738-31494338	chr22	31493738	31494338	test	0	6058d72db92a50df81d5d8fc01715b3d1efacf00892343583532a14b54c6cdf2	0.4583333333333333	2100	chr22:31	0.5	0.35269750821054807	0.5328599273141373	0.2793558820619979	0.12008912909880394	0.5993751525544382	22	False
chr22:41243861-41244461	chr22	41243861	41244461	test	0	48b0948a0d3a62c591383a1450ad039cce10c58d1e2fd5bdbe5207ea9e61091b	0.42833333333333334	3162	chr22:41	0.5	0.18885129487848962	0.4763731571814892	0.27707469174606275	0.02046884067613778	0.5043278369960791	21	False
chr22:48935076-48935676	chr22	48935076	48935676	test	0	96d1d4afb826b2fe7775d086abf1c1a4c9f03897553933fcfcedea2368733837	0.33666666666666667	39446	chr22:48	0.5	0.07211244727079852	0.1839429993359191	0.05879935924195269	0.09826765068435157	0.4883428287706072	16	False
chr22:43746317-43746917	chr22	43746317	43746917	test	0	089bb4ed9eb991c831ab5d521711a591f8c106607bf4536a52131010a5fcb2d9	0.45166666666666666	30042	chr22:43	0.5	0.297879155254507	0.207628458228772	0.2890387026357156	0.37293024164386673	0.46530647283754667	22	False
chr22:46347031-46347631	chr22	46347031	46347631	test	0	1b1b10dede6c255d77f576493df57390972a13eec358587c46704199e22a3fab	0.515	11187	chr22:46	0.5	0.6458156698453219	0.31150256826011014	0.16807695624862481	0.19139696827513916	0.5427409682045945	25	False
chr22:27845661-27846261	chr22	27845661	27846261	test	0	58dd928c3385f6c1917a884e968678c02707fea6a1071cd6d51b54359731cdfd	0.5333333333333333	18035	chr22:27	0.5	0.5120571048427738	0.2578558330652541	0.5332160696823495	0.33131637885146864	0.5177504243276401	26	True
chr22:30052920-30053520	chr22	30052920	30053520	test	0	f2a5aad7b039c72ac0d92297a13ed0524e4907e143722c5e7599ae3ca8e1527a	0.45666666666666667	26984	chr22:30	0.5	0.3084031313879323	0.2175631429957886	0.4687258099801072	0.10746519559831938	0.5915726968977022	22	False
chr22:49017109-49017709	chr22	49017109	49017709	test	0	ac05ec9361c36270492389ae043a15c7567ed8df2e9f9f14f9909f031e9aa27d	0.56	25895	chr22:49	0.5	0.7037691848262871	0.22146532218269763	0.5327041400749944	0.5999736036153996	0.44333003728076303	28	True
chr22:11916635-11917235	chr22	11916635	11917235	test	0	5a53f1870d97c66a05b1e61c168fe4d6bd3b278861e8e45a8d0e2c4005f60a90	0.5	19560	chr22:11	0.5	0.3025328415009457	0.24936103714696647	0.667459815766114	0.2646610007069453	0.4487644195000931	25	True
chr22:28601245-28601845	chr22	28601245	28601845	test	0	2d209eba55da99bdeab165059b94f93ed2e0e0edce5551c1999c8431d5284389	0.37333333333333335	41724	chr22:28	0.5	0.08524661909144314	0.17932887210780465	0.5065822322155279	0.04264179384260281	0.4992175897645683	18	False
chr22:48752298-48752898	chr22	48752298	48752898	test	0	9ada6fafe57e64b0b43a46f88a33db83dcc2287ac052d5b9ed0ca4b3a4adc6d4	0.6366666666666667	27696	chr22:48	0.5	0.7793155195365695	0.2151218291433058	0.6537323978597475	0.4170890013178242	0.4739593571851781	31	True
chr22:38210941-38211541	chr22	38210941	38211541	test	0	fceeed0984bfd80a55ba407b897e013cb8641b9d0079071b9f48733965beef5d	0.5516666666666666	845	chr22:38	0.5	0.7914404004221193	0.6535318912135779	0.5905250778451863	0.49713803853399285	0.5568645036658222	27	True
chr22:31127412-31128012	chr22	31127412	31128012	test	0	6b1448badb85c866192f0b73cb5e8aa04fe9b35bf336da0a04aac8528613bcd6	0.5883333333333334	47	chr22:31	0.5	0.7238924408995085	0.9021308934022477	0.7562579554209246	0.5020455358858461	0.4951745103305589	29	True
chr22:30010387-30010987	chr22	30010387	30010987	test	0	ea322a780d688103208525f384b9f36175494a13632708f9c0ee31a77ba22ba9	0.43	3639	chr22:30	0.5	0.17758779524991258	0.4570452280754527	0.23130298635468513	0.07424803431467572	0.5729422812024485	21	False
chr22:27136932-27137532	chr22	27136932	27137532	test	0	b6518abe6fa91f26146e46f9544123e1af444b934fe506d5be672a367e043d16	0.47333333333333333	6245	chr22:27	0.5	0.38752297556140086	0.3844265217740919	0.6392538636020674	0.2855005070727541	0.5481102353392946	23	False
chr22:39027557-39028157	chr22	39027557	39028157	test	0	061a5fe3b777619709b557a5a7367c22a9953361432590f7863c1ce1fa7ca886	0.5733333333333334	6356	chr22:39	0.5	0.5878108739813839	0.382124229175323	0.8258388578165969	0.9131599303016603	0.6503482786862931	28	True
chr22:16504188-16504788	chr22	16504188	16504788	test	0	c499b605c84f6cc62944de3e77120c4fdbd3dfcd63311151e1bc4fe227487f8b	0.4583333333333333	16570	chr22:16	0.5	0.2739301436308244	0.2669209074088562	0.26911406958256096	0.05304871301094344	0.5708484953083196	22	False
chr22:42915402-42916002	chr22	42915402	42916002	test	0	4fe5f99f90f423b7c2204a19c6fa2b853d4f3f3646c516de8774f95775e4ed20	0.42833333333333334	11441	chr22:42	0.5	0.23472621466023955	0.308846679558136	0.1209854278334978	0.08874874166869122	0.37205479603366404	21	False
chr22:31936933-31937533	chr22	31936933	31937533	test	0	f943f920250653e7b68c9a4fe9ef6b83e6a1ca68960100320bd0791b51af0c9c	0.48333333333333334	1183	chr22:31	0.5	0.3062830045642953	0.6103401410135799	0.4044674638124181	0.11299037744223292	0.4380889940762812	24	False
chr22:28012961-28013561	chr22	28012961	28013561	test	0	4014ae28aec376d24c81d267a60c5eabb94305a078ff343f9b8b4176771aa3f1	0.53	10778	chr22:28	0.5	0.480792061851609	0.3159359932065681	0.22026035305503078	0.606767180771546	0.5566149403665991	26	False
chr22:43783372-43783972	chr22	43783372	43783972	test	0	09c54083b2b81b9cb2f99a428692780a0468a27176219faec78117d157032849	0.4216666666666667	7013	chr22:43	0.5	0.14189991729039658	0.3693693966986073	0.10516883342298787	0.0755840666688592	0.6048735346359236	21	False
chr22:43708521-43709121	chr22	43708521	43709121	test	0	a3c57fadbca785e2723d9a3aa965a0988b8f4a6ecc614153da2eeca948b3d34a	0.3516666666666667	67838	chr22:43	0.5	0.09002541154980545	0.14311629123298353	0.07176251267709899	0.05116534450523505	0.5326205533647914	17	False
chr22:33340689-33341289	chr22	33340689	33341289	test	0	fd516a0ad9df9c6ea4df62c77391abf64b2936165c4c64be98b0bbcb69b231ef	0.46166666666666667	6422	chr22:33	0.5	0.2805856815212202	0.38077673072523743	0.2963785526780407	0.2585618008112352	0.5717679364002678	23	False
chr22:41323829-41324429	chr22	41323829	41324429	test	0	3bd3054d8d4be6f7294aa92ba03436ce7463288ae41f82b1ea5366facd0b338e	0.585	21386	chr22:41	0.5	0.8006082417344872	0.2402390504798377	0.7631115312432396	0.07002866407956947	0.5988503639288693	29	True
chr22:33309274-33309874	chr22	33309274	33309874	test	0	cbfcb3d07ef534a4e6e861e4dffccab4cf78f7ce87e25e747aad5ec98cc83208	0.5233333333333333	11290	chr22:33	0.5	0.46423637747751995	0.31041686603842994	0.5973520847473699	0.17598500989847984	0.47358955487363497	26	False
chr22:34752318-34752918	chr22	34752318	34752918	test	0	d503be527240bade4a356a8daf96592e795ca4bd2c1d2ed66d0106741bc96b02	0.4066666666666667	27700	chr22:34	0.5	0.1461302513483978	0.21510834753216668	0.6408898389329277	0.4998049255031047	0.41023099324645335	20	False
chr22:22911646-22912246	chr22	22911646	22912246	test	0	da1d7a9c117b8d22a563e974940519d8865551c049819810999f86bdd12962a8	0.5783333333333334	1373	chr22:22	0.5	0.6638330567981319	0.5906011717391929	0.5188210698440915	0.5398046477926614	0.4646477252922605	28	True
chr22:36497398-36497998	chr22	36497398	36497998	test	0	d4c4405ef1ec16e4cb22f866e3a82bc3e6197ea8da2a8cf92410373448420c48	0.5516666666666666	9341	chr22:36	0.5	0.6660518855988715	0.3332773443887416	0.30154804081128284	0.5208195440679101	0.45758461242941023	27	False
chr22:27437085-27437685	chr22	27437085	27437685	test	0	b897a2978d4162e21117ac4d49120f60f1b2ebc062789aee878f334dc946edb6	0.44	1094	chr22:27	0.5	0.3121934904421124	0.620565778347934	0.253770154501533	0.04800602964887035	0.5223466754247724	22	False
chr22:45135090-45135690	chr22	45135090	45135690	test	0	e2e7efabaaef64ba04878d1482e605d49a8a3e950ea7ec9b725b0e6bbbae3682	0.44333333333333336	20620	chr22:45	0.5	0.3193697697814325	0.24393929824424052	0.651098234552304	0.17964283522194655	0.5675123531496163	22	False
chr22:18132276-18132876	chr22	18132276	18132876	test	0	2c22cc8ce69e07df64bbec35f00bb8fa9dacdf34b489af7ccda5beb2a908b46f	0.535	1423	chr22:18	0.5	0.709277583466468	0.5858140700454955	0.44195641954344217	0.2305091831199242	0.508448089876927	26	False
chr22:33645760-33646360	chr22	33645760	33646360	test	0	0e9c03a885d94893d464a5461f6e9103d107c5cacd4f1f427409b6c2cf50deae	0.3983333333333333	11155	chr22:33	0.5	0.17184040556588895	0.3118423358312592	0.5673472111589674	0.1637045943919768	0.515968528056004	19	False
chr22:35128264-35128864	chr22	35128264	35128864	test	0	904f5f5bbaa069b5bbdcc9cadf16bef72a51f3b55df5f47021e031a1c6533a86	0.3333333333333333	5904	chr22:35	0.5	0.07613863806912707	0.39179833969305317	0.11566434832692894	0.036235415185817986	0.6058293708643196	16	False
chr22:26084851-26085451	chr22	26084851	26085451	test	0	99aeb033bf6edf5087f2adfc75521c01307985b8c16ca0c5ab4f9765b5ded2a4	0.4483333333333333	6016	chr22:26	0.5	0.2212834556932537	0.3893254822414814	0.48544202969873507	0.03439843074356194	0.47166804711885857	22	False
chr22:49711175-49711775	chr22	49711175	49711775	test	0	e7319ee387ce6cad63511ca889a218318b4542a007255118525259f8d37ed6af	0.48	13030	chr22:49	0.5	0.4257007107200543	0.29371275943625325	0.3653594941445371	0.5223209338106103	0.46206996177917764	24	False
chr22:43737601-43738201	chr22	43737601	43738201	test	0	46241cd0e71c765cd18c5e6fc4f72b0e31d2bce7259cf3e58052009ef15550c7	0.4066666666666667	38758	chr22:43	0.5	0.1350329200192977	0.1854078601978131	0.7093623841501377	0.00027135709114705687	0.5217039435409974	20	False
chr22:22020052-22020652	chr22	22020052	22020652	test	0	9cf67c2cf114e680fb38120c4fa3c89887de6a9ea5057e0f5f577fc86e0d902a	0.445	10581	chr22:22	0.5	0.23155974601221968	0.31814432396149167	0.7206401896126126	0.34471454458964107	0.35823838829818544	22	False
chr22:42151666-42152266	chr22	42151666	42152266	test	0	94b410ecb6be51192bac91fcfbc5089582702bfac85ffff752cad6966733f3ba	0.615	528	chr22:42	0.5	0.8770419023272394	0.709759775263285	0.219482094135269	0.6253425163301388	0.3712823917124063	30	True
chr22:25586973-25587573	chr22	25586973	25587573	test	0	bffef8afe858ffbf4d55718a2a3b8c8acb3ef4ffbdf7b150280a782c53447a35	0.4683333333333333	5892	chr22:25	0.5	0.3136228449063633	0.3920664015650649	0.4491136388481092	0.10380121177925053	0.47387334823227667	23	False
chr22:48348596-48349196	chr22	48348596	48349196	test	0	92e88311e8126ea37ac946a99f461192dee5af8434fc99622fc3b8970e58fd06	0.4633333333333333	1857	chr22:48	0.5	0.24810661739095177	0.5497328661679277	0.775306448643009	0.18708668849268698	0.625133807489918	23	True
chr22:29165276-29165876	chr22	29165276	29165876	test	0	b67d8fad5b0797752776d7e4e3341a816ace05056083590863604e79e9ea6505	0.505	26231	chr22:29	0.5	0.4645108817359366	0.22023874827265516	0.436813344860405	0.4275959348948716	0.4625102411621798	25	False
chr22:40756268-40756868	chr22	40756268	40756868	test	0	ddcb01faeff31cc19701b374bf7daafc8c5b0ed241011e349729e3daa608e42a	0.45	35112	chr22:40	0.5	0.29441746289234133	0.19380005119267302	0.16899666426097568	0.059880293284694186	0.5731179652053894	22	False
chr22:32506164-32506764	chr22	32506164	32506764	test	0	4cc9032c8c541f46b22cff503504010eb92608fd621cf92e417eb91012d269af	0.455	26372	chr22:32	0.5	0.4098126002491533	0.21973013552347126	0.4574628446393145	0.24607330763580154	0.5020654531331791	22	False
chr22:16193690-16194290	chr22	16193690	16194290	test	0	cd1856434bdc9a1731b3cd0ef953438f5acefec2091da3763efc103c1e68af7d	0.27	52224	chr22:16	0.5	0.03845768187882285	0.16178424936740854	0.10183061795833913	0.013707218902729868	0.5319674904099261	13	False
