example_id	shift_bp	label	prediction	status
chr17:59220177-59220777	-100	1	0.9622587374833451	scored
chr17:42676884-42677484	-100	1	0.9966027869378833	scored
chr17:7435033-7435633	-100	1	0.809139921061676	scored
chr17:56833712-56834312	-100	1	0.9988311882236296	scored
chr17:57935742-57936342	-100	1	0.8634873830200548	scored
chr17:77958315-77958915	-100	1	0.9996470750113551	scored
chr17:81295018-81295618	-100	1	0.996629656318438	scored
chr17:17836074-17836674	-100	1	0.995801090378824	scored
chr17:63773459-63774059	-100	1	0.9982977169371519	scored
chr17:75979242-75979842	-100	1	0.9979706981030436	scored
chr17:50877766-50878366	-100	1	0.19351483674070805	scored
chr17:4555067-4555667	-100	1	0.9980325074197668	scored
chr17:80260153-80260753	-100	1	0.9992469344170041	scored
chr17:48107428-48108028	-100	1	0.9923907711084303	scored
chr17:39980290-39980890	-100	1	0.9685866489207615	scored
chr17:59964487-59965087	-100	1	0.9970926538460854	scored
chr17:48908068-48908668	-100	1	0.9863335022946429	scored
chr17:1491464-1492064	-100	1	0.9997386832263463	scored
chr17:50893528-50894128	-100	1	0.6456081414283165	scored
chr17:39231074-39231674	-100	1	0.8730856262012956	scored
chr17:78723326-78723926	-100	1	0.9433704982548607	scored
chr17:20155630-20156230	-100	1	0.9899357941553315	scored
chr17:75720923-75721523	-100	1	0.9993339945966524	scored
chr17:29591507-29592107	-100	1	0.9219800136114629	scored
chr17:782014-782614	-100	1	0.9989710088529804	scored
chr17:38704882-38705482	-100	1	0.9997492266899684	scored
chr17:76540661-76541261	-100	1	0.9583520085526147	scored
chr17:48024972-48025572	-100	1	0.9970319629838704	scored
chr17:49707941-49708541	-100	1	0.9801140281455506	scored
chr17:83051591-83052191	-100	1	0.9971623644068263	scored
chr17:67366357-67366957	-100	1	0.9222412601006976	scored
chr17:50064539-50065139	-100	1	0.9148597439360312	scored
chr17:10114972-10115572	-100	1	0.9205744815379617	scored
chr17:47189221-47189821	-100	1	0.9870453743780256	scored
chr17:79074536-79075136	-100	1	0.9994199733758281	scored
chr17:75046806-75047406	-100	1	0.9979642632937185	scored
chr17:82458324-82458924	-100	1	0.9997824561964387	scored
chr17:46922556-46923156	-100	1	0.44688857116827246	scored
chr17:64263011-64263611	-100	1	0.9981913831011806	scored
chr17:77451194-77451794	-100	1	0.9897984131280868	scored
chr17:7835336-7835936	-100	1	0.9992956290371687	scored
chr17:11997220-11997820	-100	1	0.9989240275964257	scored
chr17:42017194-42017794	-100	1	0.9956127193857742	scored
chr17:36486337-36486937	-100	1	0.958564133491694	scored
chr17:15262331-15262931	-100	1	0.9966390280604658	scored
chr17:28318731-28319331	-100	1	0.9939350467995164	scored
chr17:50478527-50479127	-100	1	0.9964628189206466	scored
chr17:47492381-47492981	-100	1	0.9941293756907738	scored
chr17:64836934-64837534	-100	1	0.9990535662569788	scored
chr17:40139931-40140531	-100	1	0.9790377804316504	scored
chr17:29148637-29149237	-100	1	0.9508046306950322	scored
chr17:47889801-47890401	-100	1	0.378170460139583	scored
chr17:31859016-31859616	-100	1	0.9996841341630955	scored
chr17:27456036-27456636	-100	1	0.9994677971389476	scored
chr17:18780900-18781500	-100	1	0.9971627864458024	scored
chr17:31549746-31550346	-100	1	0.9998140862746225	scored
chr17:81119568-81120168	-100	1	0.9932258523048467	scored
chr17:3636079-3636679	-100	1	0.992062339510674	scored
chr17:75034732-75035332	-100	1	0.9898594036664945	scored
chr17:42744700-42745300	-100	1	0.9952449437950017	scored
chr17:37359022-37359622	-100	1	0.995870689679259	scored
chr17:28576696-28577296	-100	1	0.9536498526505239	scored
chr17:29929998-29930598	-100	1	0.998888299385177	scored
chr17:28335317-28335917	-100	1	0.993254147022914	scored
chr17:74453895-74454495	-100	1	0.9776265657086753	scored
chr17:28952125-28952725	-100	1	0.7932351708100744	scored
chr17:8295127-8295727	-100	1	0.970015684978551	scored
chr17:17809976-17810576	-100	1	0.9994298984956438	scored
chr17:35788686-35789286	-100	1	0.7201679322235981	scored
chr17:34579192-34579792	-100	1	0.9986135456279394	scored
chr17:61409403-61410003	-100	1	0.9995757952220328	scored
chr17:35578332-35578932	-100	1	0.9969800025249874	scored
chr17:82668444-82669044	-100	1	0.8693635532435894	scored
chr17:69235297-69235897	-100	1	0.5257070235610709	scored
chr17:75131482-75132082	-100	1	0.9997124122852853	scored
chr17:56913829-56914429	-100	1	0.9907758166297626	scored
chr17:1516379-1516979	-100	1	0.9992900536497479	scored
chr17:7614872-7615472	-100	1	0.9997109565791399	scored
chr17:43388319-43388919	-100	1	0.9795326358843808	scored
chr17:44899104-44899704	-100	1	0.991168226781017	scored
chr17:74330415-74331015	-100	1	0.8884168076969556	scored
chr17:28743659-28744259	-100	1	0.999474017735036	scored
chr17:7889056-7889656	-100	1	0.5561536625078153	scored
chr17:75869105-75869705	-100	1	0.15639734122207435	scored
chr17:4731505-4732105	-100	1	0.9889267473267629	scored
chr17:43360890-43361490	-100	1	0.995301726349868	scored
chr17:55763735-55764335	-100	1	0.07925779445772764	scored
chr17:81429140-81429740	-100	1	0.9627673220077738	scored
chr17:28644930-28645530	-100	1	0.9998715783090998	scored
chr17:76585621-76586221	-100	1	0.9998046170783014	scored
chr17:81082573-81083173	-100	1	0.8552859370832002	scored
chr17:61927396-61927996	-100	1	0.9960531580377334	scored
chr17:21287660-21288260	-100	1	0.9615491500980473	scored
chr17:81977221-81977821	-100	1	0.9992070846274868	scored
chr17:60677490-60678090	-100	1	0.985523462816279	scored
chr17:42088129-42088729	-100	1	0.0644069705159718	scored
chr17:73311789-73312389	-100	1	0.9992292696257861	scored
chr17:30291795-30292395	-100	1	0.9997903115805572	scored
chr17:48892293-48892893	-100	1	0.9739281710186501	scored
chr17:42667818-42668418	-100	1	0.6849132936230768	scored
chr17:31008395-31008995	-100	1	0.9980601169213115	scored
chr17:12020482-12021082	-100	1	0.9953024774771957	scored
chr17:16438449-16439049	-100	1	0.794776651058665	scored
chr17:81871196-81871796	-100	1	0.999809142969683	scored
chr17:6651380-6651980	-100	1	0.9064822039855467	scored
chr17:10198577-10199177	-100	1	0.9999425009167987	scored
chr17:78716800-78717400	-100	1	0.8596301560820363	scored
chr17:40317904-40318504	-100	1	0.9124738109990788	scored
chr17:64156131-64156731	-100	1	0.9446046711885977	scored
chr17:2029688-2030288	-100	1	0.9407587285967369	scored
chr17:15684002-15684602	-100	1	0.9850021383614888	scored
chr17:32486223-32486823	-100	1	0.9997735411751469	scored
chr17:67825141-67825741	-100	1	0.9997649426928287	scored
chr17:7483995-7484595	-100	1	0.9981132828446732	scored
chr17:65137062-65137662	-100	1	0.9827480803531337	scored
chr17:47895600-47896200	-100	1	0.4759003224576787	scored
chr17:59355587-59356187	-100	1	0.317206693060106	scored
chr17:50919501-50920101	-100	1	0.8576777741199204	scored
chr17:36591484-36592084	-100	1	0.9863728624349232	scored
chr17:18682044-18682644	-100	1	0.9900044259285445	scored
chr17:42120886-42121486	-100	1	0.9933975575184878	scored
chr17:55750704-55751304	-100	1	0.8145502992401771	scored
chr17:76709299-76709899	-100	1	0.9229649708852161	scored
chr17:50102047-50102647	-100	1	0.617661151061506	scored
chr17:40191497-40192097	-100	1	0.9614729942906196	scored
chr17:4263680-4264280	-100	1	0.9965631238604051	scored
chr17:78861945-78862545	-100	1	0.5687254783832475	scored
chr17:49788913-49789513	-100	1	0.9891600105933452	scored
chr17:78359898-78360498	-100	1	0.999965175150671	scored
chr17:17379296-17379896	-100	1	0.22645592149159627	scored
chr17:20908394-20908994	-100	1	0.9932979371501334	scored
chr17:8138759-8139359	-100	1	0.90311194428666	scored
chr17:4967163-4967763	-100	1	0.8746437518290663	scored
chr17:42997934-42998534	-100	1	0.9506984921350417	scored
chr17:7572445-7573045	-100	1	0.9782842012980354	scored
chr17:55699255-55699855	-100	1	0.856894811643921	scored
chr17:41930002-41930602	-100	1	0.8894756156633689	scored
chr17:7915699-7916299	-100	1	0.9997164567943602	scored
chr17:72614916-72615516	-100	1	0.15491467924914273	scored
chr17:82735260-82735860	-100	1	0.9998247715184035	scored
chr17:50161294-50161894	-100	1	0.9867898138444429	scored
chr17:1487850-1488450	-100	1	0.9996582534433662	scored
chr17:10036595-10037195	-100	1	0.9929826651382879	scored
chr17:38729912-38730512	-100	1	0.9997429494562957	scored
chr17:20226673-20227273	-100	1	0.85839104625445	scored
chr17:75205135-75205735	-100	1	0.9913149876151037	scored
chr17:76264946-76265546	-100	1	0.9997916278757387	scored
chr17:27577065-27577665	-100	1	0.7097986482497051	scored
chr17:18363245-18363845	-100	1	0.999541141424346	scored
chr17:15563236-15563836	-100	1	0.9994689831937493	scored
chr17:27332706-27333306	-100	1	0.9989799887962318	scored
chr17:75507708-75508308	-100	1	0.9271294428803363	scored
chr17:39652770-39653370	-100	1	0.7705661431590574	scored
chr17:63621907-63622507	-100	1	0.9893554676270665	scored
chr17:77088379-77088979	-100	1	0.9665718986224849	scored
chr17:16215274-16215874	-100	1	0.9981664515022817	scored
chr17:44218394-44218994	-100	1	0.9986997364500277	scored
chr17:28842465-28843065	-100	1	0.989658987308751	scored
chr17:36535181-36535781	-100	1	0.9720310398818118	scored
chr17:61863265-61863865	-100	1	0.9652183460582886	scored
chr17:41688524-41689124	-100	1	0.9952977937571839	scored
chr17:78040577-78041177	-100	1	0.9835599906539657	scored
chr17:46225125-46225725	-100	1	0.9644512446062931	scored
chr17:49566015-49566615	-100	1	0.9425180787956249	scored
chr17:79844624-79845224	-100	1	0.896543657584047	scored
chr17:31533471-31534071	-100	1	0.9161927930181694	scored
chr17:50719231-50719831	-100	1	0.989126382088962	scored
chr17:78896456-78897056	-100	1	0.9154828222566561	scored
chr17:4230027-4230627	-100	1	0.6312651308934453	scored
chr17:4710247-4710847	-100	1	0.9988378990857743	scored
chr17:63681377-63681977	-100	1	0.5262972935875324	scored
chr17:45371521-45372121	-100	1	0.9679365915771055	scored
chr17:57874354-57874954	-100	1	0.9846048486061886	scored
chr17:59331281-59331881	-100	1	0.9936661010520313	scored
chr17:74213169-74213769	-100	1	0.9840008292398453	scored
chr17:49677788-49678388	-100	1	0.9883037840930868	scored
chr17:32876956-32877556	-100	1	0.9996449625722608	scored
chr17:75525288-75525888	-100	1	0.9993826943365962	scored
chr17:50178044-50178644	-100	1	0.9507045384759405	scored
chr17:37406858-37407458	-100	1	0.9997376811934744	scored
chr17:37609187-37609787	-100	1	0.9982174858863311	scored
chr17:82022806-82023406	-100	1	0.9998012595081275	scored
chr17:42527112-42527712	-100	1	0.29688503684756784	scored
chr17:20189248-20189848	-100	1	0.9306964689298295	scored
chr17:7219580-7220180	-100	1	0.9759192335263065	scored
chr17:7014424-7015024	-100	1	0.997363393412629	scored
chr17:38799287-38799887	-100	1	0.9994763726518561	scored
chr17:58577603-58578203	-100	1	0.896093521253973	scored
chr17:17591448-17592048	-100	1	0.9987260316930568	scored
chr17:76480548-76481148	-100	1	0.6356139197875971	scored
chr17:19977552-19978152	-100	1	0.9982013871530586	scored
chr17:8479238-8479838	-100	1	0.5511784749445084	scored
chr17:81552078-81552678	-100	1	0.9996783182200942	scored
chr17:44968101-44968701	-100	1	0.9982905259885224	scored
chr17:38417603-38418203	-100	1	0.9778811632781115	scored
chr17:50930890-50931490	-100	1	0.937035598165446	scored
chr17:44344967-44345567	-100	1	0.8740447037542998	scored
chr17:75456287-75456887	-100	1	0.9875881611609822	scored
chr17:48816868-48817468	-100	1	0.9909572116796821	scored
chr17:7436851-7437451	-100	1	0.9975284410148093	scored
chr17:81512648-81513248	-100	1	0.9999496338859178	scored
chr17:57242992-57243592	-100	1	0.6875881229568341	scored
chr17:1005310-1005910	-100	1	0.983150871637349	scored
chr17:81636570-81637170	-100	1	0.9966624511472117	scored
chr17:81911298-81911898	-100	1	0.9997598044099699	scored
chr17:8186547-8187147	-100	1	0.8886427031697097	scored
chr17:996480-997080	-100	1	0.9528047210137174	scored
chr17:58992454-58993054	-100	1	0.22425328856018886	scored
chr17:47970622-47971222	-100	1	0.9435490006765772	scored
chr17:60078395-60078995	-100	1	0.9590777677999294	scored
chr17:39461225-39461825	-100	1	0.9713317448352299	scored
chr17:73644963-73645563	-100	1	0.9999137605077553	scored
chr17:77109541-77110141	-100	1	0.8679782340443867	scored
chr17:78360660-78361260	-100	1	0.9558856135348553	scored
chr17:45894114-45894714	-100	1	0.9999500318436029	scored
chr17:44308223-44308823	-100	1	0.9559014852270669	scored
chr17:38296821-38297421	-100	1	0.9892459611535549	scored
chr17:62478465-62479065	-100	1	0.9996389853297951	scored
chr17:45092965-45093565	-100	1	0.7657941732918131	scored
chr17:81094863-81095463	-100	1	0.8900065825704232	scored
chr17:34413496-34414096	-100	1	0.565444658324498	scored
chr17:50043661-50044261	-100	1	0.9325527276767814	scored
chr17:49515237-49515837	-100	1	0.8973617730259961	scored
chr17:8156144-8156744	-100	1	0.9504035793734783	scored
chr17:48023679-48024279	-100	1	0.9986313677382301	scored
chr17:40098970-40099570	-100	1	0.9876902198151581	scored
chr17:68794599-68795199	-100	1	0.5508384287011198	scored
chr17:20008989-20009589	-100	1	0.9776357403716307	scored
chr17:15414850-15415450	-100	1	0.7592604107788589	scored
chr17:80414858-80415458	-100	1	0.999697137868683	scored
chr17:59707304-59707904	-100	1	0.9700744131663063	scored
chr17:44014669-44015269	-100	1	0.9863115747631026	scored
chr17:82098093-82098693	-100	1	0.9998475371098401	scored
chr17:67717475-67718075	-100	1	0.9539997769086181	scored
chr17:59837479-59838079	-100	1	0.6961611647984286	scored
chr17:27293709-27294309	-100	1	0.885212512567736	scored
chr17:75289203-75289803	-100	1	0.9944389601283284	scored
chr17:79838401-79839001	-100	1	0.987641107178641	scored
chr17:29566796-29567396	-100	1	0.9998472018679608	scored
chr17:47694332-47694932	-100	1	0.9990571148453884	scored
chr17:57987657-57988257	-100	1	0.9952741713861801	scored
chr17:45021775-45022375	-100	1	0.9978994497604956	scored
chr17:4948690-4949290	-100	1	0.9697520230349765	scored
chr17:20852485-20853085	-100	1	0.9814285414045303	scored
chr17:21511467-21512067	-100	1	0.9985169730920664	scored
chr17:60392060-60392660	-100	1	0.9994697618608266	scored
chr17:17206228-17206828	-100	1	0.9977812588700994	scored
chr17:27245159-27245759	-100	1	0.36765943591913947	scored
chr17:56780114-56780714	-100	1	0.9975873699376935	scored
chr17:47295366-47295966	-100	1	0.9085920452435003	scored
chr17:82698435-82699035	-100	1	0.9995627025550737	scored
chr17:47100039-47100639	-100	1	0.9636371845112015	scored
chr17:50707605-50708205	-100	1	0.9948876492174569	scored
chr17:31558849-31559449	-100	1	0.9990015399454105	scored
chr17:68456534-68457134	-100	1	0.7448520510381413	scored
chr17:69326920-69327520	-100	1	0.9996018162369206	scored
chr17:4142823-4143423	-100	1	0.9923079176156461	scored
chr17:21275615-21276215	-100	1	0.9990898279334973	scored
chr17:4939945-4940545	-100	1	0.9878565254669626	scored
chr17:39730272-39730872	-100	1	0.977080053215812	scored
chr17:38434054-38434654	-100	1	0.6801972214034856	scored
chr17:31416246-31416846	-100	1	0.9433140860365156	scored
chr17:76501158-76501758	-100	1	0.9983071361399221	scored
chr17:82519330-82519930	-100	1	0.9999266264394354	scored
chr17:70169152-70169752	-100	1	0.9974145396087878	scored
chr17:74203243-74203843	-100	1	0.9479041065878318	scored
chr17:19507579-19508179	-100	1	0.9988505035124849	scored
chr17:74748257-74748857	-100	1	0.9975028781972287	scored
chr17:66302214-66302814	-100	1	0.9998028366399055	scored
chr17:3048704-3049304	-100	1	0.9894408356188331	scored
chr17:75940848-75941448	-100	1	0.9994592546797052	scored
chr17:62065730-62066330	-100	1	0.9957241091668657	scored
chr17:20320557-20321157	-100	1	0.9953610097698782	scored
chr17:64662072-64662672	-100	1	0.9996808589161249	scored
chr17:49260012-49260612	-100	1	0.9997070913697508	scored
chr17:35448082-35448682	-100	1	0.9742209100885619	scored
chr17:2392449-2393049	-100	1	0.9994154067304469	scored
chr17:60421412-60422012	-100	1	0.9979063586203484	scored
chr17:61157424-61158024	-100	1	0.7014503445509687	scored
chr17:75632924-75633524	-100	1	0.983670804023919	scored
chr17:67289451-67290051	-100	1	0.8087258745369502	scored
chr17:57604945-57605545	-100	1	0.8507426342333336	scored
chr17:75779608-75780208	-100	1	0.9993838428642933	scored
chr17:32444106-32444706	-100	1	0.9972578259517996	scored
chr17:64129938-64130538	-100	1	0.999923736239943	scored
chr17:17681048-17681648	-100	1	0.9956723425602249	scored
chr17:30667904-30668504	-100	1	0.9767761133831904	scored
chr17:1829587-1830187	-100	1	0.9995581625824986	scored
chr17:17752040-17752640	-100	1	0.9861234882595097	scored
chr17:56808365-56808965	-100	1	0.1953334134379232	scored
chr17:64506096-64506696	-100	1	0.9950025084068009	scored
chr17:39699643-39700243	-100	1	0.8615586527572562	scored
chr17:41811695-41812295	-100	1	0.9994249256000496	scored
chr17:81733619-81734219	-100	1	0.8722224002742228	scored
chr17:50918715-50919315	-100	1	0.8576884849319274	scored
chr17:64145553-64146153	-100	1	0.7997637799784305	scored
chr17:51119958-51120558	-100	1	0.9582121058725566	scored
chr17:55238241-55238841	-100	1	0.9975751305763408	scored
chr17:15699349-15699949	-100	1	0.9848602091074241	scored
chr17:47707362-47707962	-100	1	0.14954157856587558	scored
chr17:29572544-29573144	-100	1	0.9995388693124918	scored
chr17:45490531-45491131	-100	1	0.998750093188106	scored
chr17:62819660-62820260	-100	1	0.8008256675416242	scored
chr17:27893044-27893644	-100	1	0.9974348605768449	scored
chr17:76726402-76727002	-100	1	0.9995134401711302	scored
chr17:15944786-15945386	-100	1	0.9986342373281311	scored
chr17:57906783-57907383	-100	1	0.134255574729911	scored
chr17:41967181-41967781	-100	1	0.9944771330215436	scored
chr17:19992643-19993243	-100	1	0.29636363973701046	scored
chr17:17496169-17496769	-100	1	0.9987787124381861	scored
chr17:3668285-3668885	-100	1	0.9996931720593422	scored
chr17:74982063-74982663	-100	1	0.9902192080356613	scored
chr17:29293955-29294555	-100	1	0.8511592669338074	scored
chr17:15260604-15261204	-100	1	0.9995821691465416	scored
chr17:16865600-16866200	-100	1	0.9562887134524647	scored
chr17:47649424-47650024	-100	1	0.998444928523454	scored
chr17:1456053-1456653	-100	1	0.9996215645933764	scored
chr17:76569854-76570454	-100	1	0.8342816741418396	scored
chr17:15651546-15652146	-100	1	0.9564853776242797	scored
chr17:56593512-56594112	-100	1	0.9996303416469603	scored
chr17:82751463-82752063	-100	1	0.9996045082469407	scored
chr17:42422972-42423572	-100	1	0.99292038680398	scored
chr17:10697283-10697883	-100	1	0.9996071214599778	scored
chr17:18625316-18625916	-100	1	0.9897748649344762	scored
chr17:82497033-82497633	-100	1	0.9983378655434201	scored
chr17:19464542-19465142	-100	1	0.44954782550684574	scored
chr17:44689447-44690047	-100	1	0.8303700673819624	scored
chr17:46193802-46194402	-100	1	0.9974901362507647	scored
chr17:46372439-46373039	-100	1	0.9995153022745471	scored
chr17:63741620-63742220	-100	1	0.9992496188290231	scored
chr17:28571279-28571879	-100	1	0.9951970735276605	scored
chr17:83099756-83100356	-100	1	0.9347802225939611	scored
chr17:31901579-31902179	-100	1	0.9577840256212066	scored
chr17:30824453-30825053	-100	1	0.9974985810022432	scored
chr17:82738096-82738696	-100	1	0.6955048875776854	scored
chr17:4997327-4997927	-100	1	0.998119992404738	scored
chr17:40598427-40599027	-100	1	0.6185724140248854	scored
chr17:1039395-1039995	-100	1	0.9587809483631623	scored
chr17:17535844-17536444	-100	1	0.8358799309798285	scored
chr17:80833062-80833662	-100	1	0.9438914412592653	scored
chr17:8435490-8436090	-100	1	0.99841298221735	scored
chr17:2041651-2042251	-100	1	0.9996154697109346	scored
chr17:5468767-5469367	-100	1	0.9629744413701241	scored
chr17:18225188-18225788	-100	1	0.9994195627154507	scored
chr17:62694414-62695014	-100	1	0.6675341596453811	scored
chr17:57898748-57899348	-100	1	0.8896056729871935	scored
chr17:65100507-65101107	-100	1	0.979439976316796	scored
chr17:4795855-4796455	-100	1	0.9484726131132148	scored
chr17:714611-715211	-100	1	0.9949479612443781	scored
chr17:38869622-38870222	-100	1	0.9998688745454002	scored
chr17:77280914-77281514	-100	1	0.998751702879339	scored
chr17:75896264-75896864	-100	1	0.988502397992998	scored
chr17:76737171-76737771	-100	1	0.9975070054396569	scored
chr17:57955072-57955672	-100	1	0.9995936916938617	scored
chr17:68205133-68205733	-100	1	0.9998570844393596	scored
chr17:81393740-81394340	-100	1	0.9984613422237262	scored
chr17:68783825-68784425	-100	1	0.8843973518675966	scored
chr17:35809092-35809692	-100	1	0.994544590029744	scored
chr17:15231681-15232281	-100	1	0.7507794163724516	scored
chr17:40287375-40287975	-100	1	0.854048530494032	scored
chr17:10270016-10270616	-100	1	0.12132213619147443	scored
chr17:1399991-1400591	-100	1	0.9993610475504123	scored
chr17:75877121-75877721	-100	1	0.9702329942405848	scored
chr17:37489536-37490136	-100	1	0.9995698535151346	scored
chr17:16568948-16569548	-100	1	0.9987833099421822	scored
chr17:66540016-66540616	-100	1	0.9282388603857222	scored
chr17:4832989-4833589	-100	1	0.9988597067171401	scored
chr17:2336193-2336793	-100	1	0.9955192481842529	scored
chr17:40553712-40554312	-100	1	0.97273596268046	scored
chr17:76353614-76354214	-100	1	0.9997459037939495	scored
chr17:68512094-68512694	-100	1	0.9993620662402196	scored
chr17:50935273-50935873	-100	1	0.6487230760161187	scored
chr17:80454454-80455054	-100	1	0.9998707191383989	scored
chr17:58517807-58518407	-100	1	0.9957264521533227	scored
chr17:74872789-74873389	-100	1	0.9889349715946674	scored
chr17:2593593-2594193	-100	1	0.9997372583649898	scored
chr17:81927396-81927996	-100	1	0.999737784584606	scored
chr17:4987383-4987983	-100	1	0.9983358600023198	scored
chr17:15828627-15829227	-100	1	0.7172944136623518	scored
chr17:80035525-80036125	-100	1	0.9997231848131309	scored
chr17:29389951-29390551	-100	1	0.9754830309731792	scored
chr17:17063755-17064355	-100	1	0.6612471658734308	scored
chr17:40417788-40418388	-100	1	0.8783419074311336	scored
chr17:49315395-49315995	-100	1	0.22177212084634582	scored
chr17:1511593-1512193	-100	1	0.8242432878475165	scored
chr17:76279363-76279963	-100	1	0.6478603182216353	scored
chr17:41966444-41967044	-100	1	0.9892227223906538	scored
chr17:18314774-18315374	-100	1	0.9958536068288517	scored
chr17:5111710-5112310	-100	1	0.995473159299696	scored
chr17:78127213-78127813	-100	1	0.8030238257064829	scored
chr17:80101111-80101711	-100	1	0.999943366255216	scored
chr17:2399383-2399983	-100	1	0.9973644095608057	scored
chr17:48053273-48053873	-100	1	0.4161772139504908	scored
chr17:31023062-31023662	-100	1	0.40849083916713685	scored
chr17:34199847-34200447	-100	1	0.08196379897386603	scored
chr17:62703636-62704236	-100	1	0.987384380651478	scored
chr17:29615422-29616022	-100	1	0.9892902475435335	scored
chr17:43024826-43025426	-100	1	0.9952368117833098	scored
chr17:60525940-60526540	-100	1	0.9990843743454974	scored
chr17:31487675-31488275	-100	1	0.9991205152318968	scored
chr17:73232100-73232700	-100	1	0.9957945917532147	scored
chr17:50541897-50542497	-100	1	0.9997097414934496	scored
chr17:74987283-74987883	-100	1	0.86870599495339	scored
chr17:27353581-27354181	-100	1	0.9976068757846943	scored
chr17:3846033-3846633	-100	1	0.9992428692770741	scored
chr17:79918995-79919595	-100	1	0.9623036590408904	scored
chr17:55264625-55265225	-100	1	0.8804739950164204	scored
chr17:30708600-30709200	-100	1	0.9991423283113572	scored
chr17:5485997-5486597	-100	1	0.9764244001272511	scored
chr17:17021337-17021937	-100	1	0.9853807591370022	scored
chr17:7404252-7404852	-100	1	0.9243839571956117	scored
chr17:75855168-75855768	-100	1	0.9362200461906166	scored
chr17:57849868-57850468	-100	1	0.9543305959102545	scored
chr17:43778762-43779362	-100	1	0.9986361440405613	scored
chr17:63549915-63550515	-100	1	0.995229825940429	scored
chr17:58518439-58519039	-100	1	0.7903660821120141	scored
chr17:30477085-30477685	-100	1	0.6329590790770381	scored
chr17:17972152-17972752	-100	1	0.9921405938826208	scored
chr17:81130262-81130862	-100	1	0.7533559028008021	scored
chr17:27494534-27495134	-100	1	0.9280906644776092	scored
chr17:57537668-57538268	-100	1	0.5527319023847578	scored
chr17:55527429-55528029	-100	1	0.0950953352905469	scored
chr17:81128693-81129293	-100	1	0.9828289928175356	scored
chr17:44186475-44187075	-100	1	0.9966262816534132	scored
chr17:13017856-13018456	-100	1	0.9968809239021943	scored
chr17:6443948-6444548	-100	1	0.9970672613097186	scored
chr17:46579641-46580241	-100	1	0.8047172066470374	scored
chr17:36545171-36545771	-100	1	0.9997593423212678	scored
chr17:32349802-32350402	-100	1	0.9918211982658425	scored
chr17:51260134-51260734	-100	1	0.9989270902941579	scored
chr17:31500044-31500644	-100	1	0.900981481355013	scored
chr17:67377091-67377691	-100	1	0.9980306182497157	scored
chr17:81683546-81684146	-100	1	0.999497183863444	scored
chr17:63848935-63849535	-100	1	0.9998380466390957	scored
chr17:81238817-81239417	-100	1	0.9959346129103996	scored
chr17:18038980-18039580	-100	1	0.9954464684981471	scored
chr17:57899402-57900002	-100	1	0.7843429172836496	scored
chr17:78822498-78823098	-100	1	0.9818932480308464	scored
chr17:38428088-38428688	-100	1	0.9902484838652211	scored
chr17:28951207-28951807	-100	1	0.9991597343959628	scored
chr17:73342074-73342674	-100	1	0.7606570007514628	scored
chr17:45161398-45161998	-100	1	0.9583625760404416	scored
chr17:74812983-74813583	-100	1	0.9758613867794764	scored
chr17:73262231-73262831	-100	1	0.917552655302708	scored
chr17:50866200-50866800	-100	1	0.9998735319909463	scored
chr17:7685828-7686428	-100	1	0.9476623713210723	scored
chr17:65056535-65057135	-100	1	0.9995793464543821	scored
chr17:732154-732754	-100	1	0.9998786548438534	scored
chr17:8154234-8154834	-100	1	0.9450098362038146	scored
chr17:7687987-7688587	-100	1	0.782296595157148	scored
chr17:19867580-19868180	-100	1	0.999977053270151	scored
chr17:77924787-77925387	-100	1	0.6177094566683763	scored
chr17:61412247-61412847	-100	1	0.9980554055626049	scored
chr17:38464746-38465346	-100	1	0.991105935485813	scored
chr17:28041360-28041960	-100	1	0.9776238310296322	scored
chr17:80859969-80860569	-100	1	0.9750068236498354	scored
chr17:43483466-43484066	-100	1	0.9880753858657099	scored
chr17:75182778-75183378	-100	1	0.9989416765670733	scored
chr17:73310885-73311485	-100	1	0.9990149438198828	scored
chr17:28719614-28720214	-100	1	0.9902745174377997	scored
chr17:50546849-50547449	-100	1	0.9402062119601294	scored
chr17:55421696-55422296	-100	1	0.9998499970352497	scored
chr17:21043102-21043702	-100	1	0.9994668378024493	scored
chr17:28812246-28812846	-100	1	0.9979213932650942	scored
chr17:59565225-59565825	-100	1	0.9309194017173505	scored
chr17:57084804-57085404	-100	1	0.9965494933104783	scored
chr17:54968453-54969053	-100	1	0.9871613428196703	scored
chr17:36948642-36949242	-100	1	0.9997210070372057	scored
chr17:21284269-21284869	-100	1	0.9972925821776457	scored
chr17:7239342-7239942	-100	1	0.989890289495727	scored
chr17:49764083-49764683	-100	1	0.9778024492126924	scored
chr17:78313980-78314580	-100	1	0.998744253602443	scored
chr17:1628660-1629260	-100	1	0.9996162928021267	scored
chr17:47650299-47650899	-100	1	0.9803395769867626	scored
chr17:17009934-17010534	-100	1	0.9597983842067997	scored
chr17:39401467-39402067	-100	1	0.9982681890467368	scored
chr17:49788276-49788876	-100	1	0.9707896096850032	scored
chr17:18258456-18259056	-100	1	0.9989795560475113	scored
chr17:59106701-59107301	-100	1	0.999800993177591	scored
chr17:7307227-7307827	-100	1	0.9959148862774798	scored
chr17:15341353-15341953	-100	1	0.9107492785942053	scored
chr17:58692277-58692877	-100	1	0.9852148692503405	scored
chr17:54900487-54901087	-100	1	0.9881504103065105	scored
chr17:78821809-78822409	-100	1	0.47279524386677224	scored
chr17:81222816-81223416	-100	1	0.9987417224795269	scored
chr17:16589141-16589741	-100	1	0.9986983487181059	scored
chr17:57440727-57441327	-100	1	0.7862557260517969	scored
chr17:75516159-75516759	-100	1	0.9986734042293662	scored
chr17:8189882-8190482	-100	1	0.9988303509376363	scored
chr17:57861282-57861882	-100	1	0.8764530702185048	scored
chr17:29761133-29761733	-100	1	0.9996844218010073	scored
chr17:8630716-8631316	-100	1	0.9931942043122278	scored
chr17:75764849-75765449	-100	1	0.9978941516580574	scored
chr17:16653576-16654176	-100	1	0.9980850538097431	scored
chr17:10729478-10730078	-100	1	0.9979642180704102	scored
chr17:5446667-5447267	-100	1	0.3545869199333072	scored
chr17:47530758-47531358	-100	1	0.9991104450455947	scored
chr17:57256094-57256694	-100	1	0.9965834410776226	scored
chr17:35763954-35764554	-100	1	0.9905213135713977	scored
chr17:56592366-56592966	-100	1	0.95063766404941	scored
chr17:78341711-78342311	-100	1	0.9992818609338106	scored
chr17:42112545-42113145	-100	1	0.5022117654391146	scored
chr17:28598798-28599398	-100	1	0.9939019807813436	scored
chr17:68035351-68035951	-100	1	0.9976122575930446	scored
chr17:81860333-81860933	-100	1	0.9997220569598854	scored
chr17:28711088-28711688	-100	1	0.9982797394922026	scored
chr17:18362429-18363029	-100	1	0.34202229025161596	scored
chr17:21253100-21253700	-100	1	0.9996419258022229	scored
chr17:78840670-78841270	-100	1	0.9997925306759134	scored
chr17:15247786-15248386	-100	1	0.6818937774197801	scored
chr17:77734415-77735015	-100	1	0.9603404600710091	scored
chr17:39687558-39688158	-100	1	0.9523166710373774	scored
chr17:72716145-72716745	-100	1	0.9031089300281023	scored
chr17:19744720-19745320	-100	1	0.9892484609489827	scored
chr17:28726696-28727296	-100	1	0.9946070592603974	scored
chr17:30731283-30731883	-100	1	0.9905767147821466	scored
chr17:44070493-44071093	-100	1	0.996322766718658	scored
chr17:78852617-78853217	-100	1	0.5151947877392133	scored
chr17:75012092-75012692	-100	1	0.9479952690541252	scored
chr17:82583501-82584101	-100	1	0.9778452020575951	scored
chr17:81034816-81035416	-100	1	0.9979950385478771	scored
chr17:29140182-29140782	-100	1	0.8870268797832448	scored
chr17:82648238-82648838	-100	1	0.9988042113654482	scored
chr17:40121934-40122534	-100	1	0.9985285693603766	scored
chr17:14069182-14069782	-100	1	0.9675181987084169	scored
chr17:50150853-50151453	-100	1	0.9986838699907759	scored
chr17:28728702-28729302	-100	1	0.9980327731910672	scored
chr17:71975939-71976539	-100	1	0.8792254965518685	scored
chr17:2711635-2712235	-100	1	0.9993038291888119	scored
chr17:50095011-50095611	-100	1	0.9976586491380488	scored
chr17:34980481-34981081	-100	1	0.9989502615384249	scored
chr17:44326630-44327230	-100	1	0.9952667008284187	scored
chr17:77779009-77779609	-100	1	0.9792020842660514	scored
chr17:41665739-41666339	-100	1	0.987813030014105	scored
chr17:73348979-73349579	-100	1	0.8865591562138019	scored
chr17:65561341-65561941	-100	1	0.9995804003079604	scored
chr17:40542398-40542998	-100	1	0.8467978225879094	scored
chr17:44138020-44138620	-100	1	0.9214623844642091	scored
chr17:28552335-28552935	-100	1	0.9983376715453801	scored
chr17:39754210-39754810	-100	1	0.9991238216377997	scored
chr17:68019760-68020360	-100	1	0.9586104871232721	scored
chr17:21322855-21323455	-100	1	0.9760221294982954	scored
chr17:55273402-55274002	-100	1	0.9517280335687311	scored
chr17:31936677-31937277	-100	1	0.9960314017371276	scored
chr17:57662806-57663406	-100	1	0.9281913392602891	scored
chr17:35795294-35795894	-100	1	0.9998499996853943	scored
chr17:32007032-32007632	-100	1	0.9979610627530119	scored
chr17:75904667-75905267	-100	1	0.9936840051192776	scored
chr17:75589226-75589826	-100	1	0.9995649638478442	scored
chr17:50898919-50899519	-100	1	0.66495626075901	scored
chr17:64919238-64919838	-100	1	0.9997600158869273	scored
chr17:19648399-19648999	-100	1	0.998604309291067	scored
chr17:21213947-21214547	-100	1	0.9988595920733486	scored
chr17:51120606-51121206	-100	1	0.9976817214886147	scored
chr17:21551413-21552013	-100	1	0.9981748177729295	scored
chr17:28854694-28855294	-100	1	0.9463763206435214	scored
chr17:81939793-81940393	-100	1	0.9832319415978487	scored
chr17:30378557-30379157	-100	1	0.9916510706154162	scored
chr17:68101342-68101942	-100	1	0.9978826437785494	scored
chr17:51046612-51047212	-100	1	0.9272041760929971	scored
chr17:41786538-41787138	-100	1	0.9827844312816085	scored
chr17:73267493-73268093	-100	1	0.5410498844367049	scored
chr17:72540140-72540740	-100	1	0.9953657530739205	scored
chr17:67244926-67245526	-100	1	0.9991557999365314	scored
chr17:58007366-58007966	-100	1	0.9978531762715923	scored
chr17:83151206-83151806	-100	1	0.9540899611474846	scored
chr17:5419390-5419990	-100	1	0.9982978425010538	scored
chr17:58219033-58219633	-100	1	0.995067715375116	scored
chr17:32142088-32142688	-100	1	0.999503830658836	scored
chr17:7856980-7857580	-100	1	0.9997620267814524	scored
chr17:42535848-42536448	-100	1	0.9603975689257256	scored
chr17:3502400-3503000	-100	1	0.38736576067513234	scored
chr17:30970704-30971304	-100	1	0.9719892981003707	scored
chr17:46590370-46590970	-100	1	0.9995548727599053	scored
chr17:80146925-80147525	-100	1	0.9991860083424502	scored
chr17:21512821-21513421	-100	1	0.45084490472446803	scored
chr17:66459672-66460272	-100	1	0.5153962780299417	scored
chr17:5500743-5501343	-100	1	0.9967719296400047	scored
chr17:79831722-79832322	-100	1	0.9943213352347928	scored
chr17:19378070-19378670	-100	1	0.9941431169031967	scored
chr17:17280542-17281142	-100	1	0.9940884024374915	scored
chr17:17848932-17849532	-100	1	0.8959185227745128	scored
chr17:76072254-76072854	-100	1	0.9851561292213747	scored
chr17:75261358-75261958	-100	1	0.9975963861021925	scored
chr17:50372659-50373259	-100	1	0.6812108030808948	scored
chr17:79991456-79992056	-100	1	0.7128809415300565	scored
chr17:27540314-27540914	-100	1	0.9004271358349081	scored
chr17:75693528-75694128	-100	1	0.9263624675460781	scored
chr17:58083029-58083629	-100	1	0.9956436017805641	scored
chr17:64202572-64203172	-100	1	0.22320490833741968	scored
chr17:60599782-60600382	-100	1	0.9996736278368478	scored
chr17:42388223-42388823	-100	1	0.9988585800781302	scored
chr17:7931710-7932310	-100	1	0.9667032771261901	scored
chr17:17823451-17824051	-100	1	0.9881690420011877	scored
chr17:49414692-49415292	-100	1	0.8918143914443507	scored
chr17:46266572-46267172	-100	1	0.9996071431515865	scored
chr17:64975379-64975979	-100	1	0.9998869408312606	scored
chr17:66680054-66680654	-100	1	0.5149417577552118	scored
chr17:1716058-1716658	-100	1	0.9983547829489824	scored
chr17:75666995-75667595	-100	1	0.9892308878526679	scored
chr17:82037159-82037759	-100	1	0.9989702564089815	scored
chr17:30116496-30117096	-100	1	0.9869974357932668	scored
chr17:36601221-36601821	-100	1	0.9891215860078328	scored
chr17:2401421-2402021	-100	1	0.9956043237031277	scored
chr17:39632485-39633085	-100	1	0.8170042601129556	scored
chr17:75405451-75406051	-100	1	0.9999167902268191	scored
chr17:59155294-59155894	-100	1	0.9789097704489429	scored
chr17:75033617-75034217	-100	1	0.7300620522512938	scored
chr17:7583483-7584083	-100	1	0.9991094930363307	scored
chr17:29639236-29639836	-100	1	0.18291061787691595	scored
chr17:39952895-39953495	-100	1	0.9900160773132649	scored
chr17:44503250-44503850	-100	1	0.999326882144074	scored
chr17:46361500-46362100	-100	1	0.9774638702687742	scored
chr17:15999441-16000041	-100	1	0.9991436694478117	scored
chr17:73630507-73631107	-100	1	0.8653710739005082	scored
chr17:2303518-2304118	-100	1	0.9996825137771056	scored
chr17:56960782-56961382	-100	1	0.9788501868728727	scored
chr17:48026427-48027027	-100	1	0.7889129253798607	scored
chr17:81346009-81346609	-100	1	0.9998100448148677	scored
chr17:27520347-27520947	-100	1	0.9367800971327132	scored
chr17:47323555-47324155	-100	1	0.9986256271047816	scored
chr17:28902552-28903152	-100	1	0.9993110600214313	scored
chr17:17042084-17042684	-100	1	0.999514681834737	scored
chr17:77386058-77386658	-100	1	0.8724132936214974	scored
chr17:67993440-67994040	-100	1	0.9999895392013197	scored
chr17:81487681-81488281	-100	1	0.9984578938215471	scored
chr17:45197699-45198299	-100	1	0.6468324055262126	scored
chr17:65930123-65930723	-100	1	0.20059865691049072	scored
chr17:19362488-19363088	-100	1	0.9985360885445781	scored
chr17:75393676-75394276	-100	1	0.983874353431873	scored
chr17:19317151-19317751	-100	1	0.9011742731088446	scored
chr17:45051279-45051879	-100	1	0.9959034735643821	scored
chr17:75154341-75154941	-100	1	0.997546470706421	scored
chr17:44123477-44124077	-100	1	0.9966804322060197	scored
chr17:51153249-51153849	-100	1	0.9946855719596329	scored
chr17:8248966-8249566	-100	1	0.8871180531346732	scored
chr17:7887454-7888054	-100	1	0.7725395093965272	scored
chr17:42833134-42833734	-100	1	0.9994946550480547	scored
chr17:29589439-29590039	-100	1	0.9999327930217611	scored
chr17:40331912-40332512	-100	1	0.9226839317952208	scored
chr17:75878316-75878916	-100	1	0.9996274483196057	scored
chr17:79777892-79778492	-100	1	0.9999358985747834	scored
chr17:7394471-7395071	-100	1	0.9993451602282563	scored
chr17:72592545-72593145	-100	1	0.9998602806457676	scored
chr17:35022384-35022984	-100	1	0.219603972841453	scored
chr17:16285931-16286531	-100	1	0.9035754718126382	scored
chr17:18087571-18088171	-100	1	0.9836017414419435	scored
chr17:17028009-17028609	-100	1	0.8276575348818718	scored
chr17:29180133-29180733	-100	1	0.9997388379612487	scored
chr17:18183132-18183732	-100	1	0.9987071695794927	scored
chr17:4789806-4790406	-100	1	0.9971081247998762	scored
chr17:17839872-17840472	-100	1	0.9932161210471006	scored
chr17:50345719-50346319	-100	1	0.9976286673727727	scored
chr17:41918797-41919397	-100	1	0.9992320369938754	scored
chr17:68247635-68248235	-100	1	0.9999442933344357	scored
chr17:44200001-44200601	-100	1	0.999133674503345	scored
chr17:78186940-78187540	-100	1	0.9420462405266103	scored
chr17:35432305-35432905	-100	1	0.7992808498557162	scored
chr17:61399407-61400007	-100	1	0.9947333848283425	scored
chr17:42609170-42609770	-100	1	0.9987710949609812	scored
chr17:78883564-78884164	-100	1	0.9316644497826643	scored
chr17:58352017-58352617	-100	1	0.9840336713752583	scored
chr17:17476700-17477300	-100	1	0.9883579886594224	scored
chr17:42183981-42184581	-100	1	0.9990989018221113	scored
chr17:9239800-9240400	-100	1	0.9954994561080511	scored
chr17:73043006-73043606	-100	1	0.8123265777893749	scored
chr17:18857706-18858306	-100	1	0.927912254769108	scored
chr17:49192227-49192827	-100	1	0.9617712708572917	scored
chr17:3004055-3004655	-100	1	0.9643107310387014	scored
chr17:83079209-83079809	-100	1	0.9998205464160558	scored
chr17:7329115-7329715	-100	1	0.9976101616524116	scored
chr17:31094608-31095208	-100	1	0.986021291317901	scored
chr17:7251727-7252327	-100	1	0.9997015482357078	scored
chr17:42520009-42520609	-100	1	0.6119281031845637	scored
chr17:81395107-81395707	-100	1	0.997709943108543	scored
chr17:39153528-39154128	-100	1	0.9161547501647721	scored
chr17:45316831-45317431	-100	1	0.999800010330422	scored
chr17:82418042-82418642	-100	1	0.9901690343632663	scored
chr17:48054220-48054820	-100	1	0.8528514124619888	scored
chr17:59619324-59619924	-100	1	0.9981956678226716	scored
chr17:35242722-35243322	-100	1	0.8734873361377925	scored
chr17:3892801-3893401	-100	1	0.9993890556708863	scored
chr17:78782081-78782681	-100	1	0.9998942184265598	scored
chr17:35089061-35089661	-100	1	0.9988302042198771	scored
chr17:41651457-41652057	-100	1	0.975947590933716	scored
chr17:66309713-66310313	-100	1	0.5803696319143551	scored
chr17:7351400-7352000	-100	1	0.9990586219846297	scored
chr17:81967761-81968361	-100	1	0.9096227714197304	scored
chr17:81101617-81102217	-100	1	0.916171079728541	scored
chr17:79811193-79811793	-100	1	0.9954773765117919	scored
chr17:48047881-48048481	-100	1	0.9692655091910876	scored
chr17:15377441-15378041	-100	1	0.9329936441698307	scored
chr17:38702044-38702644	-100	1	0.9994945816466225	scored
chr17:81832896-81833496	-100	1	0.9997667793106999	scored
chr17:45172389-45172989	-100	1	0.8118896544722902	scored
chr17:7627575-7628175	-100	1	0.989137442283824	scored
chr17:28749933-28750533	-100	1	0.5655741610285315	scored
chr17:65106365-65106965	-100	1	0.9467636939559567	scored
chr17:32127253-32127853	-100	1	0.9265305842304847	scored
chr17:1648837-1649437	-100	1	0.9998286752545431	scored
chr17:47067214-47067814	-100	1	0.6404940556821043	scored
chr17:63827073-63827673	-100	1	0.9072826162215455	scored
chr17:2511653-2512253	-100	1	0.6792805101236608	scored
chr17:68457413-68458013	-100	1	0.9998469587280959	scored
chr17:49361958-49362558	-100	1	0.9998098445844187	scored
chr17:6640718-6641318	-100	1	0.9940837554663491	scored
chr17:45148241-45148841	-100	1	0.9954261563003914	scored
chr17:76370522-76371122	-100	1	0.2308593317017533	scored
chr17:56977793-56978393	-100	1	0.9884904702252467	scored
chr17:76384247-76384847	-100	1	0.9999167822887999	scored
chr17:5191627-5192227	-100	1	0.9960174808359351	scored
chr17:55587638-55588238	-100	1	0.7137946805081482	scored
chr17:82292612-82293212	-100	1	0.9968627105016316	scored
chr17:34638114-34638714	-100	1	0.9431391189444063	scored
chr17:50944503-50945103	-100	1	0.977450882926525	scored
chr17:32936634-32937234	-100	1	0.6559776647551762	scored
chr17:51166023-51166623	-100	1	0.9702421741445669	scored
chr17:44210257-44210857	-100	1	0.9890353112865281	scored
chr17:63842708-63843308	-100	1	0.9980123771773973	scored
chr17:79839209-79839809	-100	1	0.999619311676646	scored
chr17:17237396-17237996	-100	1	0.9312278111997507	scored
chr17:30600064-30600664	-100	1	0.9881493750758309	scored
chr17:5281762-5282362	-100	1	0.9666745440682513	scored
chr17:48830689-48831289	-100	1	0.9117885515078087	scored
chr17:1684656-1685256	-100	1	0.9975832056162113	scored
chr17:28357236-28357836	-100	1	0.9996613706483451	scored
chr17:78925691-78926291	-100	1	0.9965608195900955	scored
chr17:82241881-82242481	-100	1	0.8742943991587596	scored
chr17:51371747-51372347	-100	1	0.54240307941393	scored
chr17:82450535-82451135	-100	1	0.9999306104814211	scored
chr17:76671494-76672094	-100	1	0.9364318345236741	scored
chr17:4703869-4704469	-100	1	0.9863784311094442	scored
chr17:81387255-81387855	-100	1	0.998890993968812	scored
chr17:3659357-3659957	-100	1	0.8803036213838996	scored
chr17:15502668-15503268	-100	1	0.9742179776525033	scored
chr17:39636771-39637371	-100	1	0.9905893159628257	scored
chr17:75784780-75785380	-100	1	0.9985577000420586	scored
chr17:81165181-81165781	-100	1	0.860161190868144	scored
chr17:58631454-58632054	-100	1	0.3400268098247668	scored
chr17:75270919-75271519	-100	1	0.9986256126486632	scored
chr17:35119576-35120176	-100	1	0.9966714727469582	scored
chr17:62705680-62706280	-100	1	0.8623239289730057	scored
chr17:82212581-82213181	-100	1	0.999784710753574	scored
chr17:34252250-34252850	-100	1	0.8281958492741828	scored
chr17:38257165-38257765	-100	1	0.999669661600796	scored
chr17:77140617-77141217	-100	1	0.9997011543096375	scored
chr17:35567742-35568342	-100	1	0.9470373773096861	scored
chr17:42287107-42287707	-100	1	0.9331370981166079	scored
chr17:45060970-45061570	-100	1	0.9942399639897771	scored
chr17:10123862-10124462	-100	1	0.9594865946947364	scored
chr17:77489759-77490359	-100	1	0.9606024893578895	scored
chr17:8383293-8383893	-100	1	0.971359082415502	scored
chr17:21456847-21457447	-100	1	0.6701634643585743	scored
chr17:38351626-38352226	-100	1	0.9984933982066575	scored
chr17:79796854-79797454	-100	1	0.9998616179189059	scored
chr17:37517453-37518053	-100	0	0.716959996598223	scored
chr17:10131837-10132437	-100	0	0.008522142032920206	scored
chr17:9332611-9333211	-100	0	0.21508458535758956	scored
chr17:941243-941843	-100	0	0.03216462188974947	scored
chr17:81844563-81845163	-100	0	0.7991089378916347	scored
chr17:32509191-32509791	-100	0	0.18526765051066632	scored
chr17:10150233-10150833	-100	0	0.2455843605951823	scored
chr17:7976453-7977053	-100	0	0.3877571949107361	scored
chr17:73036663-73037263	-100	0	0.011779314523339511	scored
chr17:82032123-82032723	-100	0	0.9663008459414276	scored
chr17:32393692-32394292	-100	0	0.08443965115127271	scored
chr17:17117779-17118379	-100	0	0.23069804983537875	scored
chr17:36167573-36168173	-100	0	0.3496168352428191	scored
chr17:54443463-54444063	-100	0	0.06318250610591768	scored
chr17:42156834-42157434	-100	0	0.21365794051869608	scored
chr17:28659737-28660337	-100	0	0.28825746470753355	scored
chr17:60164828-60165428	-100	0	0.3319262994167162	scored
chr17:71708154-71708754	-100	0	0.025751582668326042	scored
chr17:10377666-10378266	-100	0	0.02333993286705465	scored
chr17:75458493-75459093	-100	0	0.09456388715326738	scored
chr17:73035623-73036223	-100	0	0.07007436419095388	scored
chr17:33003418-33004018	-100	0	0.010491888342979204	scored
chr17:72860322-72860922	-100	0	0.23181515001131808	scored
chr17:82192714-82193314	-100	0	0.20604769677371557	scored
chr17:20026206-20026806	-100	0	0.006493621397670222	scored
chr17:53057635-53058235	-100	0	0.008767770250029084	scored
chr17:38140356-38140956	-100	0	0.23423347661924596	scored
chr17:38313174-38313774	-100	0	0.006484123418561223	scored
chr17:67991556-67992156	-100	0	0.14844708639180418	scored
chr17:53138758-53139358	-100	0	0.04941584518727745	scored
chr17:42720911-42721511	-100	0	0.09811074910513193	scored
chr17:72154021-72154621	-100	0	0.06432652059231826	scored
chr17:37480242-37480842	-100	0	0.38474366132456567	scored
chr17:40625808-40626408	-100	0	0.07096628225271889	scored
chr17:40476998-40477598	-100	0	0.09704331029170842	scored
chr17:21113584-21114184	-100	0	0.09239549316142641	scored
chr17:75111420-75112020	-100	0	0.09704507859913263	scored
chr17:51336263-51336863	-100	0	0.6358257585371311	scored
chr17:69205453-69206053	-100	0	0.14664339650439695	scored
chr17:34804527-34805127	-100	0	0.23986377224618588	scored
chr17:58721726-58722326	-100	0	0.41203670449366503	scored
chr17:69982627-69983227	-100	0	0.03375281385296469	scored
chr17:18308286-18308886	-100	0	0.05089897665458498	scored
chr17:16283720-16284320	-100	0	0.027658377343090474	scored
chr17:72297523-72298123	-100	0	0.5189263026728195	scored
chr17:43487969-43488569	-100	0	0.1520335786896111	scored
chr17:74818902-74819502	-100	0	0.48969378138991476	scored
chr17:31164775-31165375	-100	0	0.0486505742551846	scored
chr17:69618987-69619587	-100	0	0.07577578303329767	scored
chr17:63972668-63973268	-100	0	0.6619102677354282	scored
chr17:6644810-6645410	-100	0	0.174822220424805	scored
chr17:46252685-46253285	-100	0	0.6300473822340356	scored
chr17:52555139-52555739	-100	0	0.04479813682385651	scored
chr17:34333901-34334501	-100	0	0.03490318162494184	scored
chr17:6053797-6054397	-100	0	0.09977625493069461	scored
chr17:73172633-73173233	-100	0	0.03537352030492836	scored
chr17:6621219-6621819	-100	0	0.020872636722689897	scored
chr17:50387740-50388340	-100	0	0.40296494889363305	scored
chr17:28151859-28152459	-100	0	0.04929114852189427	scored
chr17:79472595-79473195	-100	0	0.10310680622948094	scored
chr17:38385896-38386496	-100	0	0.009890857540334178	scored
chr17:5556545-5557145	-100	0	0.020002741254138305	scored
chr17:68467070-68467670	-100	0	0.4339685824152431	scored
chr17:3645922-3646522	-100	0	0.6830899851049129	scored
chr17:4864542-4865142	-100	0	0.02733259100548576	scored
chr17:65358081-65358681	-100	0	0.020288567693804722	scored
chr17:833825-834425	-100	0	0.129935752235872	scored
chr17:10252450-10253050	-100	0	0.2531195567533252	scored
chr17:46289747-46290347	-100	0	0.09001621176249124	scored
chr17:45146134-45146734	-100	0	0.6926633896337033	scored
chr17:27264566-27265166	-100	0	0.02716859485011957	scored
chr17:74311823-74312423	-100	0	0.800044267200458	scored
chr17:62954307-62954907	-100	0	0.016361933400024113	scored
chr17:58011062-58011662	-100	0	0.07188501943714738	scored
chr17:7647816-7648416	-100	0	0.1291409055092587	scored
chr17:1435991-1436591	-100	0	0.0915532290091955	scored
chr17:14932392-14932992	-100	0	0.19699345921539174	scored
chr17:34474764-34475364	-100	0	0.5811297738646422	scored
chr17:57059509-57060109	-100	0	0.008975465491989196	scored
chr17:21694512-21695112	-100	0	2.062805674145865e-06	scored
chr17:74063155-74063755	-100	0	0.8232651472152057	scored
chr17:53186263-53186863	-100	0	0.152335617856458	scored
chr17:22334252-22334852	-100	0	0.41555359240916406	scored
chr17:14124540-14125140	-100	0	0.09455917052279676	scored
chr17:81189040-81189640	-100	0	0.8815916594473752	scored
chr17:44115640-44116240	-100	0	0.972380157913913	scored
chr17:41824307-41824907	-100	0	0.49562636035628477	scored
chr17:61878058-61878658	-100	0	0.07259384107031652	scored
chr17:12564206-12564806	-100	0	0.04788757861804117	scored
chr17:56383842-56384442	-100	0	0.009140304144265539	scored
chr17:51639357-51639957	-100	0	0.5260783295429768	scored
chr17:60865898-60866498	-100	0	0.004153250740854416	scored
chr17:73980382-73980982	-100	0	0.21105998732902723	scored
chr17:8453910-8454510	-100	0	0.01488860597427593	scored
chr17:11432740-11433340	-100	0	0.02443590994873242	scored
chr17:66592644-66593244	-100	0	0.29179791683121453	scored
chr17:52141316-52141916	-100	0	0.28126144163440014	scored
chr17:5866994-5867594	-100	0	0.38610330734323633	scored
chr17:1518387-1518987	-100	0	0.38361077929222376	scored
chr17:80085036-80085636	-100	0	0.8477366500726915	scored
chr17:9887944-9888544	-100	0	0.3143812444626511	scored
chr17:72671754-72672354	-100	0	0.045829747554298965	scored
chr17:15469569-15470169	-100	0	0.4355033697042893	scored
chr17:72183719-72184319	-100	0	0.12010994597172175	scored
chr17:40697929-40698529	-100	0	0.11267122739994423	scored
chr17:78025357-78025957	-100	0	0.015867331463854675	scored
chr17:55859203-55859803	-100	0	0.23187941243406307	scored
chr17:81276694-81277294	-100	0	0.3167800360126673	scored
chr17:55191853-55192453	-100	0	0.033542438533259625	scored
chr17:52248901-52249501	-100	0	0.004632884638948345	scored
chr17:48089849-48090449	-100	0	0.019185639451070505	scored
chr17:78327451-78328051	-100	0	0.2932547459831479	scored
chr17:40769317-40769917	-100	0	0.023739611016959126	scored
chr17:75337361-75337961	-100	0	0.21923718316854982	scored
chr17:35513445-35514045	-100	0	0.06307408067181265	scored
chr17:20841318-20841918	-100	0	0.8611560035664274	scored
chr17:75822594-75823194	-100	0	0.9533861287881878	scored
chr17:72914091-72914691	-100	0	0.004123090319640134	scored
chr17:59973370-59973970	-100	0	0.5034367851143194	scored
chr17:6897948-6898548	-100	0	0.029774011557773882	scored
chr17:36441012-36441612	-100	0	0.4190968074109403	scored
chr17:68358814-68359414	-100	0	0.25347315602425463	scored
chr17:36864703-36865303	-100	0	0.8805295523352924	scored
chr17:28416753-28417353	-100	0	0.38230959774854095	scored
chr17:54274569-54275169	-100	0	0.0028389700037251483	scored
chr17:56235741-56236341	-100	0	0.06831278808576581	scored
chr17:43930027-43930627	-100	0	0.11151652611391052	scored
chr17:38281007-38281607	-100	0	0.005787901973839048	scored
chr17:67348175-67348775	-100	0	0.1493640013707491	scored
chr17:54289705-54290305	-100	0	0.25585466794954387	scored
chr17:31789835-31790435	-100	0	0.52304824849928	scored
chr17:71831698-71832298	-100	0	0.050999426880010565	scored
chr17:17708959-17709559	-100	0	0.9306520204118698	scored
chr17:41639790-41640390	-100	0	0.6589575179538897	scored
chr17:75005156-75005756	-100	0	0.6375914399163327	scored
chr17:8087845-8088445	-100	0	0.6611152032838524	scored
chr17:19619901-19620501	-100	0	0.0033931317977576665	scored
chr17:48182961-48183561	-100	0	0.41818258835971556	scored
chr17:70695076-70695676	-100	0	0.08036112391473073	scored
chr17:11815146-11815746	-100	0	0.1095833168484168	scored
chr17:870074-870674	-100	0	0.7277999996571164	scored
chr17:53140970-53141570	-100	0	0.17814190927416307	scored
chr17:61673869-61674469	-100	0	0.2557048848675189	scored
chr17:46364522-46365122	-100	0	0.025619610794701708	scored
chr17:43983333-43983933	-100	0	0.9597949095938706	scored
chr17:64394874-64395474	-100	0	0.10945181227181178	scored
chr17:52124019-52124619	-100	0	0.003955274573070059	scored
chr17:73718281-73718881	-100	0	0.029869535432836103	scored
chr17:62974287-62974887	-100	0	0.022616738575007032	scored
chr17:36731248-36731848	-100	0	0.6556358937735863	scored
chr17:17462876-17463476	-100	0	0.13946903426192792	scored
chr17:20335084-20335684	-100	0	0.06601600483396018	scored
chr17:71193163-71193763	-100	0	0.0018902476426227422	scored
chr17:62870285-62870885	-100	0	0.69396677420889	scored
chr17:44169732-44170332	-100	0	0.027790971118051906	scored
chr17:66401164-66401764	-100	0	0.081039225459296	scored
chr17:53572294-53572894	-100	0	0.00875916390245304	scored
chr17:16075463-16076063	-100	0	0.048003617687911004	scored
chr17:31703251-31703851	-100	0	0.042363632961152316	scored
chr17:44484113-44484713	-100	0	0.01745687909625518	scored
chr17:63015975-63016575	-100	0	0.1618719859750104	scored
chr17:1892166-1892766	-100	0	0.07229309573034738	scored
chr17:53384659-53385259	-100	0	0.0041108432471656155	scored
chr17:3813881-3814481	-100	0	0.12598669921081349	scored
chr17:40201522-40202122	-100	0	0.006976116337684982	scored
chr17:28217356-28217956	-100	0	0.014192210404586668	scored
chr17:53301546-53302146	-100	0	0.008336974730542526	scored
chr17:78212169-78212769	-100	0	0.232489408184072	scored
chr17:32939526-32940126	-100	0	0.521942651806314	scored
chr17:71781254-71781854	-100	0	0.0281843608580827	scored
chr17:15754783-15755383	-100	0	0.021712387243511322	scored
chr17:61270313-61270913	-100	0	0.0811220930691576	scored
chr17:13090726-13091326	-100	0	0.02945084941427953	scored
chr17:4575900-4576500	-100	0	0.3011485414722248	scored
chr17:77962668-77963268	-100	0	0.01709534787571009	scored
chr17:81574090-81574690	-100	0	0.12116687565562644	scored
chr17:55431256-55431856	-100	0	0.05254639595649558	scored
chr17:50713069-50713669	-100	0	0.1516603340756121	scored
chr17:6435010-6435610	-100	0	0.5357799307609659	scored
chr17:79665723-79666323	-100	0	0.12327658903503166	scored
chr17:70607554-70608154	-100	0	0.0140007334575232	scored
chr17:3456627-3457227	-100	0	0.030573443015367494	scored
chr17:74066378-74066978	-100	0	0.12125877597899475	scored
chr17:59209141-59209741	-100	0	0.10124465155210047	scored
chr17:65896611-65897211	-100	0	0.05578432325686062	scored
chr17:73107992-73108592	-100	0	0.21374957182141713	scored
chr17:15857027-15857627	-100	0	0.2597190962266383	scored
chr17:70344849-70345449	-100	0	0.09538633712511632	scored
chr17:31769754-31770354	-100	0	0.09380708590095996	scored
chr17:14051096-14051696	-100	0	0.025099280342286236	scored
chr17:73371727-73372327	-100	0	0.11991364560117884	scored
chr17:42375184-42375784	-100	0	0.013570204615605163	scored
chr17:56109534-56110134	-100	0	0.2812407382628128	scored
chr17:36873435-36874035	-100	0	0.05684977620770066	scored
chr17:61017406-61018006	-100	0	0.147626982929169	scored
chr17:35525505-35526105	-100	0	0.07736333889104578	scored
chr17:78440872-78441472	-100	0	0.7550627415667535	scored
chr17:49225632-49226232	-100	0	0.6335470676569536	scored
chr17:5758342-5758942	-100	0	0.3068875740934875	scored
chr17:64644937-64645537	-100	0	0.047478768839481676	scored
chr17:48260733-48261333	-100	0	0.1688535104703697	scored
chr17:57707733-57708333	-100	0	0.7075394027825225	scored
chr17:34109352-34109952	-100	0	0.12668625050199323	scored
chr17:14470828-14471428	-100	0	0.34888536235499157	scored
chr17:20882801-20883401	-100	0	0.017851419812036685	scored
chr17:71089438-71090038	-100	0	0.17769130958839252	scored
chr17:57718050-57718650	-100	0	0.024239199476480927	scored
chr17:54156330-54156930	-100	0	0.0026509028040436916	scored
chr17:1075307-1075907	-100	0	0.256560948570106	scored
chr17:8108601-8109201	-100	0	0.615809031327361	scored
chr17:41285497-41286097	-100	0	0.0740310595765366	scored
chr17:64797172-64797772	-100	0	0.7621041889529154	scored
chr17:28606603-28607203	-100	0	0.015484002664863343	scored
chr17:73474128-73474728	-100	0	0.6678926876710647	scored
chr17:54689033-54689633	-100	0	0.08403839953598621	scored
chr17:55226239-55226839	-100	0	0.17811183352606086	scored
chr17:41245096-41245696	-100	0	0.026404745961352786	scored
chr17:63191141-63191741	-100	0	0.05816149691263278	scored
chr17:39447967-39448567	-100	0	0.055397892190498975	scored
chr17:7004597-7005197	-100	0	0.012191176214577338	scored
chr17:10665672-10666272	-100	0	0.007366565067876626	scored
chr17:58409553-58410153	-100	0	0.044595056876673866	scored
chr17:80663517-80664117	-100	0	0.7391828098425541	scored
chr17:55270093-55270693	-100	0	0.07986634920007336	scored
chr17:2424169-2424769	-100	0	0.4208612852747037	scored
chr17:82599641-82600241	-100	0	0.8947181459584623	scored
chr17:71900250-71900850	-100	0	0.15770607857355728	scored
chr17:70621862-70622462	-100	0	0.5926761175424248	scored
chr17:79673484-79674084	-100	0	0.340294197337825	scored
chr17:81417465-81418065	-100	0	0.7954455492321362	scored
chr17:30419041-30419641	-100	0	0.29910169684107335	scored
chr17:12015973-12016573	-100	0	0.18285287455889115	scored
chr17:41134193-41134793	-100	0	0.017999826720031722	scored
chr17:68688476-68689076	-100	0	0.05532706800011914	scored
chr17:46817064-46817664	-100	0	0.7949016340862727	scored
chr17:36496757-36497357	-100	0	0.13567700202499322	scored
chr17:28158792-28159392	-100	0	0.023281411523371022	scored
chr17:35589284-35589884	-100	0	0.0692303449652722	scored
chr17:41039928-41040528	-100	0	0.06167621514976206	scored
chr17:71742559-71743159	-100	0	0.006456470807200454	scored
chr17:53548031-53548631	-100	0	0.08183411805696045	scored
chr17:44665730-44666330	-100	0	0.04452229659895849	scored
chr17:53059567-53060167	-100	0	0.013931236656185031	scored
chr17:40919459-40920059	-100	0	0.019677322255800062	scored
chr17:45658632-45659232	-100	0	0.06678222249691676	scored
chr17:56316243-56316843	-100	0	0.38611408650313855	scored
chr17:67926067-67926667	-100	0	0.037400663187176726	scored
chr17:45041098-45041698	-100	0	0.171749643212314	scored
chr17:3236918-3237518	-100	0	0.03719013453775153	scored
chr17:32175802-32176402	-100	0	0.22329839975147964	scored
chr17:8765211-8765811	-100	0	0.14871495361589657	scored
chr17:40513310-40513910	-100	0	0.18373114877410204	scored
chr17:40772551-40773151	-100	0	0.07779365379560789	scored
chr17:69581491-69582091	-100	0	0.7085566857837692	scored
chr17:29012890-29013490	-100	0	0.031618967377383865	scored
chr17:2457631-2458231	-100	0	0.009943307339862373	scored
chr17:74014594-74015194	-100	0	0.03429393963759453	scored
chr17:64639292-64639892	-100	0	0.0055344015460252706	scored
chr17:9224115-9224715	-100	0	0.9316597555163292	scored
chr17:48984455-48985055	-100	0	0.0836544323734581	scored
chr17:76600786-76601386	-100	0	0.7120683833649887	scored
chr17:19789616-19790216	-100	0	0.08801718438855305	scored
chr17:80689636-80690236	-100	0	0.042316753647873157	scored
chr17:45790353-45790953	-100	0	0.8137137808725063	scored
chr17:43965215-43965815	-100	0	0.009642378155925073	scored
chr17:50126010-50126610	-100	0	0.11387394952334352	scored
chr17:46828539-46829139	-100	0	0.11388938315216554	scored
chr17:41186371-41186971	-100	0	0.013346443382872265	scored
chr17:50115664-50116264	-100	0	0.8677691560578767	scored
chr17:69074231-69074831	-100	0	0.008706650625432048	scored
chr17:40233144-40233744	-100	0	0.05100110730719979	scored
chr17:10403912-10404512	-100	0	0.0367522561327621	scored
chr17:52781063-52781663	-100	0	0.0016084001628164945	scored
chr17:34993400-34994000	-100	0	0.015605989716984597	scored
chr17:16938519-16939119	-100	0	0.5785063307387519	scored
chr17:5893890-5894490	-100	0	0.1992193916850163	scored
chr17:33701011-33701611	-100	0	0.3087109104423128	scored
chr17:43052366-43052966	-100	0	0.1607805855485482	scored
chr17:11987145-11987745	-100	0	0.04668499200504223	scored
chr17:78277930-78278530	-100	0	0.12752088335735093	scored
chr17:58696554-58697154	-100	0	0.05174661465915328	scored
chr17:69323508-69324108	-100	0	0.01050543177601621	scored
chr17:60511118-60511718	-100	0	0.03232598359751761	scored
chr17:69131225-69131825	-100	0	0.10860364281778583	scored
chr17:71658511-71659111	-100	0	0.134356787905402	scored
chr17:63538189-63538789	-100	0	0.9708619236013024	scored
chr17:51159345-51159945	-100	0	0.020737571749137474	scored
chr17:76979300-76979900	-100	0	0.03724604054785955	scored
chr17:56153322-56153922	-100	0	0.70560739419689	scored
chr17:70468620-70469220	-100	0	0.3208229491790972	scored
chr17:12917984-12918584	-100	0	0.5362867365825352	scored
chr17:41254070-41254670	-100	0	0.032082336103379724	scored
chr17:65807468-65808068	-100	0	0.370001400690156	scored
chr17:65051523-65052123	-100	0	0.05404332009760861	scored
chr17:52270855-52271455	-100	0	0.11700831944544239	scored
chr17:1432092-1432692	-100	0	0.023001493382806836	scored
chr17:14028280-14028880	-100	0	0.10568125797374976	scored
chr17:64307490-64308090	-100	0	0.019978942559196404	scored
chr17:8816686-8817286	-100	0	0.003694446287870713	scored
chr17:38923638-38924238	-100	0	0.3998374776054241	scored
chr17:5465202-5465802	-100	0	0.2619295499031666	scored
chr17:67153883-67154483	-100	0	0.03956925444701708	scored
chr17:68344053-68344653	-100	0	0.2790243530361663	scored
chr17:3565103-3565703	-100	0	0.3236806127597974	scored
chr17:887540-888140	-100	0	0.7368161446694907	scored
chr17:75570072-75570672	-100	0	0.9845112298161324	scored
chr17:30045010-30045610	-100	0	0.0998121209753065	scored
chr17:38168940-38169540	-100	0	0.4400444666739934	scored
chr17:14730003-14730603	-100	0	0.005281594207116855	scored
chr17:40974890-40975490	-100	0	0.017864064351321058	scored
chr17:10692505-10693105	-100	0	0.2583099907561919	scored
chr17:18709520-18710120	-100	0	0.39053998543808394	scored
chr17:30996443-30997043	-100	0	0.06544177705511392	scored
chr17:46278982-46279582	-100	0	0.00729456090167553	scored
chr17:81176370-81176970	-100	0	0.1014437157927859	scored
chr17:48019657-48020257	-100	0	0.04317284674473189	scored
chr17:78961163-78961763	-100	0	0.21368822839605506	scored
chr17:45405715-45406315	-100	0	0.9797016145560382	scored
chr17:63933541-63934141	-100	0	0.31239441270905544	scored
chr17:81350381-81350981	-100	0	0.6423870571300127	scored
chr17:73837791-73838391	-100	0	0.032299818985339186	scored
chr17:80603468-80604068	-100	0	0.6398830737901643	scored
chr17:65672251-65672851	-100	0	0.018921374326052703	scored
chr17:54774561-54775161	-100	0	0.029651250913498305	scored
chr17:69417209-69417809	-100	0	0.4624480180550631	scored
chr17:56028429-56029029	-100	0	0.01475937659944573	scored
chr17:80498024-80498624	-100	0	0.9159954915799423	scored
chr17:40495952-40496552	-100	0	0.12752511323395568	scored
chr17:75521440-75522040	-100	0	0.4915990898300044	scored
chr17:8111543-8112143	-100	0	0.36444866118416847	scored
chr17:14516450-14517050	-100	0	0.011595846748462885	scored
chr17:30927521-30928121	-100	0	0.17894213172137907	scored
chr17:48338703-48339303	-100	0	0.04185777566315554	scored
chr17:57032039-57032639	-100	0	0.023383883229945883	scored
chr17:15936082-15936682	-100	0	0.0032278815804658093	scored
chr17:19927082-19927682	-100	0	0.011052662177585602	scored
chr17:70014211-70014811	-100	0	0.023267665509312908	scored
chr17:40472772-40473372	-100	0	0.0494079101435332	scored
chr17:16592670-16593270	-100	0	0.07285822428050262	scored
chr17:55378350-55378950	-100	0	0.037729706351508074	scored
chr17:62931807-62932407	-100	0	0.038073174207394776	scored
chr17:26645117-26645717	-100	0	0.21532200362056447	scored
chr17:67389881-67390481	-100	0	0.30104064091212573	scored
chr17:6919690-6920290	-100	0	0.07697459823393679	scored
chr17:62137146-62137746	-100	0	0.8118435804350763	scored
chr17:45753170-45753770	-100	0	0.1642085055689859	scored
chr17:40909277-40909877	-100	0	0.06733486974311927	scored
chr17:49894385-49894985	-100	0	0.09243015862917897	scored
chr17:42760127-42760727	-100	0	0.5522233868954933	scored
chr17:21279523-21280123	-100	0	0.6373859137187076	scored
chr17:13517582-13518182	-100	0	0.04388486218489977	scored
chr17:64694542-64695142	-100	0	0.18194766333406462	scored
chr17:62072409-62073009	-100	0	0.04583876647025377	scored
chr17:42421029-42421629	-100	0	0.49985815411951945	scored
chr17:11791980-11792580	-100	0	0.03943475944173358	scored
chr17:73177438-73178038	-100	0	0.22732430908302603	scored
chr17:63066378-63066978	-100	0	0.07804063521990194	scored
chr17:35146181-35146781	-100	0	0.21869975810018694	scored
chr17:28345338-28345938	-100	0	0.7712335446806323	scored
chr17:40904946-40905546	-100	0	0.07595848689985672	scored
chr17:8099719-8100319	-100	0	0.07383328190390136	scored
chr17:53359097-53359697	-100	0	0.04241370833394179	scored
chr17:57680342-57680942	-100	0	0.2418068516145853	scored
chr17:20772658-20773258	-100	0	0.009200145764598983	scored
chr17:61822449-61823049	-100	0	0.07543689196502554	scored
chr17:8160396-8160996	-100	0	0.5105809367296227	scored
chr17:46099120-46099720	-100	0	0.28692491777711304	scored
chr17:48209081-48209681	-100	0	0.01496625911958106	scored
chr17:75562099-75562699	-100	0	0.5532204244143332	scored
chr17:38560428-38561028	-100	0	0.6368137879913508	scored
chr17:68766317-68766917	-100	0	0.1756326937757605	scored
chr17:16267924-16268524	-100	0	0.0400992677360198	scored
chr17:52435508-52436108	-100	0	0.15593875687131284	scored
chr17:28434172-28434772	-100	0	0.0758262898250973	scored
chr17:62262798-62263398	-100	0	0.20498604215142494	scored
chr17:41139304-41139904	-100	0	0.04344608621297765	scored
chr17:45217779-45218379	-100	0	0.02581383331886031	scored
chr17:51878702-51879302	-100	0	0.015590261882623777	scored
chr17:78578048-78578648	-100	0	0.04384788754710735	scored
chr17:31805386-31805986	-100	0	0.7215664715020752	scored
chr17:74153273-74153873	-100	0	0.5088354149101519	scored
chr17:13705989-13706589	-100	0	0.014731169059505674	scored
chr17:9781087-9781687	-100	0	0.14776722397338898	scored
chr17:45207632-45208232	-100	0	0.02945587170866543	scored
chr17:78863966-78864566	-100	0	0.2385591078523851	scored
chr17:31668550-31669150	-100	0	0.014957301123152605	scored
chr17:35825199-35825799	-100	0	0.009907138252865018	scored
chr17:27954278-27954878	-100	0	0.08422404995336395	scored
chr17:61323160-61323760	-100	0	0.5304087641786801	scored
chr17:12434709-12435309	-100	0	0.20671997479139945	scored
chr17:74098769-74099369	-100	0	0.6071041748120756	scored
chr17:35099623-35100223	-100	0	0.1873271716557783	scored
chr17:26669938-26670538	-100	0	0.2732844907478326	scored
chr17:52580071-52580671	-100	0	0.304064031588502	scored
chr17:2929278-2929878	-100	0	0.6333911809558173	scored
chr17:22716236-22716836	-100	0	0.025722061670405888	scored
chr17:62489672-62490272	-100	0	0.033665863220245534	scored
chr17:27472597-27473197	-100	0	0.006381165439613111	scored
chr17:54129567-54130167	-100	0	0.04791290122136831	scored
chr17:51289143-51289743	-100	0	0.3238488182819966	scored
chr17:27805931-27806531	-100	0	0.7129984695776963	scored
chr17:82300496-82301096	-100	0	0.5365513924209078	scored
chr17:14897814-14898414	-100	0	0.08637238145648249	scored
chr17:45355945-45356545	-100	0	0.3109653819996703	scored
chr17:30629201-30629801	-100	0	0.0464493246848422	scored
chr17:38510365-38510965	-100	0	0.9998780790385822	scored
chr17:45195993-45196593	-100	0	0.25757660646153246	scored
chr17:4963596-4964196	-100	0	0.015674750389695714	scored
chr17:55824126-55824726	-100	0	0.0031427487607044867	scored
chr17:53187693-53188293	-100	0	0.02409057896501188	scored
chr17:80199337-80199937	-100	0	0.012808708417341217	scored
chr17:77047732-77048332	-100	0	0.010939207138396004	scored
chr17:66853741-66854341	-100	0	0.015208624575693185	scored
chr17:82531818-82532418	-100	0	0.34591709516511904	scored
chr17:11015431-11016031	-100	0	0.0643659478113732	scored
chr17:58643706-58644306	-100	0	0.010533161437928734	scored
chr17:72403368-72403968	-100	0	0.2557936149018967	scored
chr17:33124528-33125128	-100	0	0.07131217179207375	scored
chr17:17773763-17774363	-100	0	0.032448033712531424	scored
chr17:18263027-18263627	-100	0	0.6919779350422873	scored
chr17:4158667-4159267	-100	0	0.5483338874829513	scored
chr17:15195461-15196061	-100	0	0.03974022581279077	scored
chr17:35653357-35653957	-100	0	0.21503824976911984	scored
chr17:4094408-4095008	-100	0	0.04288250200770143	scored
chr17:48545241-48545841	-100	0	0.384489521764672	scored
chr17:13751568-13752168	-100	0	0.22312667264552374	scored
chr17:902809-903409	-100	0	0.055183770614482736	scored
chr17:61637297-61637897	-100	0	0.017986631475376248	scored
chr17:2146065-2146665	-100	0	0.05608522805622831	scored
chr17:76388485-76389085	-100	0	0.06414905971257306	scored
chr17:67323286-67323886	-100	0	0.08431078173068916	scored
chr17:28169263-28169863	-100	0	0.06396745725647411	scored
chr17:78625012-78625612	-100	0	0.029405994734697655	scored
chr17:75152144-75152744	-100	0	0.026096633506790406	scored
chr17:29154594-29155194	-100	0	0.7672930111684171	scored
chr17:76648628-76649228	-100	0	0.06993236913961966	scored
chr17:20825978-20826578	-100	0	0.016230383388478816	scored
chr17:15316490-15317090	-100	0	0.058843349587643395	scored
chr17:10862361-10862961	-100	0	0.2942079951764634	scored
chr17:38587539-38588139	-100	0	0.8018360727320507	scored
chr17:30391192-30391792	-100	0	0.44365185842478383	scored
chr17:5779440-5780040	-100	0	0.16072411728661765	scored
chr17:49224013-49224613	-100	0	0.9940699313049939	scored
chr17:29214376-29214976	-100	0	0.030321085003475905	scored
chr17:52776454-52777054	-100	0	0.15819589076859336	scored
chr17:38801985-38802585	-100	0	0.5387515002508916	scored
chr17:79968099-79968699	-100	0	0.010110911172430112	scored
chr17:28672255-28672855	-100	0	0.004875680840055057	scored
chr17:51257427-51258027	-100	0	0.07489230225627044	scored
chr17:38223789-38224389	-100	0	0.0011004079370291273	scored
chr17:29727463-29728063	-100	0	0.11901527215775143	scored
chr17:26693716-26694316	-100	0	0.09267749113031372	scored
chr17:35704773-35705373	-100	0	0.22612495377614059	scored
chr17:5054282-5054882	-100	0	0.03677503062726805	scored
chr17:64461947-64462547	-100	0	0.7563955912317712	scored
chr17:65124017-65124617	-100	0	0.09320119481703303	scored
chr17:58529526-58530126	-100	0	0.016238872944483076	scored
chr17:17790437-17791037	-100	0	0.6815915883801442	scored
chr17:39713753-39714353	-100	0	0.03563704240688052	scored
chr17:59415097-59415697	-100	0	0.36750284099191055	scored
chr17:27614503-27615103	-100	0	0.6903360960131865	scored
chr17:5633861-5634461	-100	0	0.37930620063044707	scored
chr17:80680251-80680851	-100	0	0.05047650522304361	scored
chr17:63143011-63143611	-100	0	0.15266082128370884	scored
chr17:29593165-29593765	-100	0	0.9999074145129232	scored
chr17:18044420-18045020	-100	0	0.11135411153912464	scored
chr17:12215019-12215619	-100	0	0.018194878418463477	scored
chr17:28807764-28808364	-100	0	0.1478063627010759	scored
chr17:36302187-36302787	-100	0	0.14650398806315482	scored
chr17:12335462-12336062	-100	0	0.03854066693807766	scored
chr17:49499121-49499721	-100	0	0.063881669024261	scored
chr17:1549582-1550182	-100	0	0.19937237619597434	scored
chr17:68892302-68892902	-100	0	0.024429969020030848	scored
chr17:8292195-8292795	-100	0	0.14609017402978466	scored
chr17:35978503-35979103	-100	0	0.07431779983913059	scored
chr17:27987858-27988458	-100	0	0.45501037295447416	scored
chr17:14543787-14544387	-100	0	0.21838374093771007	scored
chr17:7778417-7779017	-100	0	0.23034089135113528	scored
chr17:49663192-49663792	-100	0	0.00928229773820677	scored
chr17:20653830-20654430	-100	0	0.15427702473846505	scored
chr17:40093247-40093847	-100	0	0.662813129883706	scored
chr17:77207691-77208291	-100	0	0.4174091142339583	scored
chr17:32952414-32953014	-100	0	0.05037502527091167	scored
chr17:51626535-51627135	-100	0	0.06544642169575096	scored
chr17:73908830-73909430	-100	0	0.05064271903219651	scored
chr17:21605734-21606334	-100	0	0.014563829722043963	scored
chr17:10090833-10091433	-100	0	0.6307361077090213	scored
chr17:81816678-81817278	-100	0	0.10185179749404777	scored
chr17:67611084-67611684	-100	0	0.08655702820194676	scored
chr17:14046046-14046646	-100	0	0.39319091883477747	scored
chr17:34970046-34970646	-100	0	0.06359771434095832	scored
chr17:75343570-75344170	-100	0	0.03899477513102417	scored
chr17:63087975-63088575	-100	0	0.16002166836447237	scored
chr17:36825172-36825772	-100	0	0.24111750097232293	scored
chr17:74558003-74558603	-100	0	0.5957735279423757	scored
chr17:55502781-55503381	-100	0	0.5194516232273076	scored
chr17:8370654-8371254	-100	0	0.1043664153039734	scored
chr17:5560488-5561088	-100	0	0.019073611121836146	scored
chr17:54635072-54635672	-100	0	0.0165204582841466	scored
chr17:48124502-48125102	-100	0	0.028390051301723306	scored
chr17:13218389-13218989	-100	0	0.16530527195323655	scored
chr17:82500941-82501541	-100	0	0.02326219229327394	scored
chr17:44733969-44734569	-100	0	0.15909056213874612	scored
chr17:13048401-13049001	-100	0	0.16011350518971956	scored
chr17:36691210-36691810	-100	0	0.04576758214980024	scored
chr17:73180743-73181343	-100	0	0.10520084524186396	scored
chr17:44802434-44803034	-100	0	0.004498692223949975	scored
chr17:77896263-77896863	-100	0	0.11780599491634774	scored
chr17:3640355-3640955	-100	0	0.07522716820609318	scored
chr17:64735595-64736195	-100	0	0.0405908007116426	scored
chr17:68623672-68624272	-100	0	0.2142945255128621	scored
chr17:2671525-2672125	-100	0	0.017597663683948106	scored
chr17:67536435-67537035	-100	0	0.05538731739959985	scored
chr17:70876901-70877501	-100	0	0.05538157136239594	scored
chr17:51218621-51219221	-100	0	0.12585920631128183	scored
chr17:41826099-41826699	-100	0	0.05738740529130757	scored
chr17:30431888-30432488	-100	0	0.05082383188910098	scored
chr17:64244411-64245011	-100	0	0.4250471841744853	scored
chr17:50462890-50463490	-100	0	0.547080905330839	scored
chr17:15873221-15873821	-100	0	0.07151149228271368	scored
chr17:16813112-16813712	-100	0	0.5634141884225056	scored
chr17:20464543-20465143	-100	0	0.9164867814244192	scored
chr17:13040455-13041055	-100	0	0.05127514604450564	scored
chr17:29332756-29333356	-100	0	0.0500926800723626	scored
chr17:10853164-10853764	-100	0	0.45162016618121453	scored
chr17:30988609-30989209	-100	0	0.09762602153106108	scored
chr17:80779004-80779604	-100	0	0.7333094720395763	scored
chr17:21066380-21066980	-100	0	0.5786525607727019	scored
chr17:13444135-13444735	-100	0	0.38282927769981434	scored
chr17:78832282-78832882	-100	0	0.6081423484831436	scored
chr17:59265283-59265883	-100	0	0.006938786634896388	scored
chr17:29373701-29374301	-100	0	0.05654761777399502	scored
chr17:30980042-30980642	-100	0	0.958187689860874	scored
chr17:47033325-47033925	-100	0	0.17815543838231546	scored
chr17:48612281-48612881	-100	0	0.9835249162078215	scored
chr17:28915504-28916104	-100	0	0.06173565497778623	scored
chr17:74292640-74293240	-100	0	0.15607161551401785	scored
chr17:38716724-38717324	-100	0	0.6858840212207999	scored
chr17:78968976-78969576	-100	0	0.7022466708060877	scored
chr17:43405047-43405647	-100	0	0.024950177633088072	scored
chr17:50941719-50942319	-100	0	0.007021380164726625	scored
chr17:78802409-78803009	-100	0	0.6203492773353182	scored
chr17:5770524-5771124	-100	0	0.6531575303889859	scored
chr17:47239511-47240111	-100	0	0.2148095917906146	scored
chr17:71342504-71343104	-100	0	0.28617168602583554	scored
chr17:32541218-32541818	-100	0	0.08471748930243626	scored
chr17:10627421-10628021	-100	0	0.06549474252302138	scored
chr17:60941325-60941925	-100	0	0.438439919394473	scored
chr17:22436753-22437353	-100	0	0.08809686619413942	scored
chr17:43381736-43382336	-100	0	0.41272024788622247	scored
chr17:34019944-34020544	-100	0	0.08904254338639414	scored
chr17:64474283-64474883	-100	0	0.12740930124431665	scored
chr17:82505397-82505997	-100	0	0.006926982835643293	scored
chr17:37060849-37061449	-100	0	0.34657870512320976	scored
chr17:47599165-47599765	-100	0	0.07011500422359164	scored
chr17:58157155-58157755	-100	0	0.9702701540660498	scored
chr17:7683959-7684559	-100	0	0.17584183622355937	scored
chr17:28605423-28606023	-100	0	0.16049467044376614	scored
chr17:82635757-82636357	-100	0	0.13730749082336385	scored
chr17:3062612-3063212	-100	0	0.056429698431641445	scored
chr17:16305843-16306443	-100	0	0.08938972031178385	scored
chr17:32976557-32977157	-100	0	0.1649484651565651	scored
chr17:81317370-81317970	-100	0	0.33705110818159595	scored
chr17:80500566-80501166	-100	0	0.7539050278987041	scored
chr17:61184796-61185396	-100	0	0.05763715087028229	scored
chr17:20951554-20952154	-100	0	0.46139419188968733	scored
chr17:55820631-55821231	-100	0	0.020839181378072974	scored
chr17:44077992-44078592	-100	0	0.548744241768022	scored
chr17:55689176-55689776	-100	0	0.0828453265744392	scored
chr17:57469715-57470315	-100	0	0.19799033532397614	scored
chr17:22599642-22600242	-100	0	0.06983721373285175	scored
chr17:10001475-10002075	-100	0	0.31545577926235213	scored
chr17:80299362-80299962	-100	0	0.11461791361375788	scored
chr17:61884547-61885147	-100	0	0.04785102718424479	scored
chr17:13398768-13399368	-100	0	0.005972659952710266	scored
chr17:77527196-77527796	-100	0	0.8043615262401381	scored
chr17:57805216-57805816	-100	0	0.021073369287629276	scored
chr17:71809855-71810455	-100	0	0.025796068583852187	scored
chr17:68729200-68729800	-100	0	0.10135434947560464	scored
chr17:66048314-66048914	-100	0	0.04042933018682817	scored
chr17:17638552-17639152	-100	0	0.04715959771738808	scored
chr17:48309872-48310472	-100	0	0.21184807864085847	scored
chr17:72904629-72905229	-100	0	0.30430223435912207	scored
chr17:79284441-79285041	-100	0	0.23456749237304292	scored
chr17:74458156-74458756	-100	0	0.37081763054515776	scored
chr17:18366287-18366887	-100	0	0.08320940337732917	scored
chr17:15960983-15961583	-100	0	0.049610399380534756	scored
chr17:31704494-31705094	-100	0	0.04828620244266329	scored
chr17:42649862-42650462	-100	0	0.6164386913479012	scored
chr17:18929483-18930083	-100	0	0.22951529326726475	scored
chr17:47086103-47086703	-100	0	0.06300245289982569	scored
chr17:51429337-51429937	-100	0	0.2723084102768568	scored
chr17:11368499-11369099	-100	0	0.16302746297474466	scored
chr17:51144475-51145075	-100	0	0.24607294433388766	scored
chr17:75462854-75463454	-100	0	0.010045998638608365	scored
chr17:72672871-72673471	-100	0	0.047332165406128	scored
chr17:62881430-62882030	-100	0	0.037971910815100006	scored
chr17:50811076-50811676	-100	0	0.3051302796976048	scored
chr17:44456701-44457301	-100	0	0.01630307249868782	scored
chr17:3194815-3195415	-100	0	0.007044833677932406	scored
chr17:44755087-44755687	-100	0	0.011959632699592564	scored
chr17:49188536-49189136	-100	0	0.06285087295342072	scored
chr17:81821805-81822405	-100	0	0.8424127930688537	scored
chr17:38355921-38356521	-100	0	0.10922290861114875	scored
chr17:3643468-3644068	-100	0	0.0492119745953172	scored
chr17:80958025-80958625	-100	0	0.21291930203230147	scored
chr17:29274845-29275445	-100	0	0.00943230480126278	scored
chr17:8287729-8288329	-100	0	0.1365177274941371	scored
chr17:57329042-57329642	-100	0	0.2452594014519941	scored
chr17:6096511-6097111	-100	0	0.6912537681885979	scored
chr17:18014547-18015147	-100	0	0.5938174211356423	scored
chr17:36414424-36415024	-100	0	0.03509085630343311	scored
chr17:28322590-28323190	-100	0	0.017201018823127173	scored
chr17:52132299-52132899	-100	0	0.3542613435699479	scored
chr17:36720241-36720841	-100	0	0.22102689264178213	scored
chr17:52183058-52183658	-100	0	0.08802897200661415	scored
chr17:14785877-14786477	-100	0	0.03582452914693555	scored
chr17:82729960-82730560	-100	0	0.2804081455319244	scored
chr17:52372274-52372874	-100	0	0.012316501314949244	scored
chr17:41806847-41807447	-100	0	0.03967863866721275	scored
chr17:12542015-12542615	-100	0	0.03574302401450667	scored
chr17:44401465-44402065	-100	0	0.00851387587369117	scored
chr17:36073078-36073678	-100	0	0.13146718657255185	scored
chr17:58807323-58807923	-100	0	0.027975089079695738	scored
chr17:64492248-64492848	-100	0	0.04709370590056012	scored
chr17:2825548-2826148	-100	0	0.7033500580567061	scored
chr17:78574781-78575381	-100	0	0.820794471225135	scored
chr17:39221114-39221714	-100	0	0.06319299849483963	scored
chr17:65362858-65363458	-100	0	0.036693837611815217	scored
chr17:54122260-54122860	-100	0	0.025388083511451394	scored
chr17:75930083-75930683	-100	0	0.657779124506118	scored
chr17:58801065-58801665	-100	0	0.10079723170038184	scored
chr17:34603571-34604171	-100	0	0.5994266138648328	scored
chr17:74963052-74963652	-100	0	0.5614203492329395	scored
chr17:36767526-36768126	-100	0	0.6473209200665657	scored
chr17:76986903-76987503	-100	0	0.7470763689497139	scored
chr17:15241072-15241672	-100	0	0.03971828675950365	scored
chr17:79380697-79381297	-100	0	0.1810494728715926	scored
chr17:11830627-11831227	-100	0	0.3644023675026395	scored
chr17:53438609-53439209	-100	0	0.09251766267763468	scored
chr17:35059457-35060057	-100	0	0.011020005046703888	scored
chr17:44884484-44885084	-100	0	0.05735536919178015	scored
chr17:80154827-80155427	-100	0	0.028357925541322746	scored
chr17:6893418-6894018	-100	0	0.6121087074658148	scored
chr17:7756588-7757188	-100	0	0.13594052031698348	scored
chr17:44971562-44972162	-100	0	0.14840888510037434	scored
chr17:64765394-64765994	-100	0	0.08546545680199814	scored
chr17:52962654-52963254	-100	0	0.07682542738548494	scored
chr17:33837102-33837702	-100	0	0.030960951683182202	scored
chr17:31089304-31089904	-100	0	0.00710110481208993	scored
chr17:60159131-60159731	-100	0	0.5081216653126146	scored
chr17:74805061-74805661	-100	0	0.8929197448834776	scored
chr17:49500335-49500935	-100	0	0.337352068294676	scored
chr17:6208681-6209281	-100	0	0.25891342854096294	scored
chr17:39213528-39214128	-100	0	0.04814303894126373	scored
chr17:66631552-66632152	-100	0	0.003094580682407756	scored
chr17:51282114-51282714	-100	0	0.11597500716036681	scored
chr17:42783999-42784599	-100	0	0.6393671109689016	scored
chr17:47249366-47249966	-100	0	0.028755798450816817	scored
chr17:7609338-7609938	-100	0	0.19049251032160316	scored
chr17:28262138-28262738	-100	0	0.35847185420409405	scored
chr17:79182374-79182974	-100	0	0.9962631181940959	scored
chr17:12286961-12287561	-100	0	0.08255875685721022	scored
chr17:57246989-57247589	-100	0	0.1510037589869019	scored
chr17:28190260-28190860	-100	0	0.07415323029385544	scored
chr17:57198911-57199511	-100	0	0.08971943836932142	scored
chr17:79170453-79171053	-100	0	0.47125372789383674	scored
chr17:63398430-63399030	-100	0	0.016970288936039666	scored
chr17:63806210-63806810	-100	0	0.03336913297802233	scored
chr17:1822068-1822668	-100	0	0.05018838813333833	scored
chr17:7167467-7168067	-100	0	0.0436755599249157	scored
chr17:54673877-54674477	-100	0	0.8536780384864038	scored
chr17:79635345-79635945	-100	0	0.1330238980147145	scored
chr17:65424210-65424810	-100	0	0.06400312588764384	scored
chr17:29440524-29441124	-100	0	0.015728342328367263	scored
chr17:3345030-3345630	-100	0	0.07222584881826918	scored
chr17:1057597-1058197	-100	0	0.524633969248664	scored
chr17:62231825-62232425	-100	0	0.10337441140637055	scored
chr17:55042694-55043294	-100	0	0.018480468844850467	scored
chr17:12237139-12237739	-100	0	0.3116087122241257	scored
chr17:22685710-22686310	-100	0	0.3786593448135936	scored
chr17:54109756-54110356	-100	0	0.03709889334270249	scored
chr17:40412255-40412855	-100	0	0.015583106379658786	scored
chr17:76765256-76765856	-100	0	0.06555823721601017	scored
chr17:10333828-10334428	-100	0	0.48346321872302295	scored
chr17:52537171-52537771	-100	0	0.2819680466681703	scored
chr17:51490834-51491434	-100	0	0.04267964072539706	scored
chr17:73679713-73680313	-100	0	0.12893594335561295	scored
chr17:69649806-69650406	-100	0	0.07967109551125302	scored
chr17:44785910-44786510	-100	0	0.5629913460531849	scored
chr17:13459043-13459643	-100	0	0.018820256345980394	scored
chr17:69418411-69419011	-100	0	0.23292128951680482	scored
chr17:78629473-78630073	-100	0	0.8333050151981253	scored
chr17:76147378-76147978	-100	0	0.8679783016446889	scored
chr17:56210546-56211146	-100	0	0.01112734083723708	scored
chr17:47255023-47255623	-100	0	0.2643809758991443	scored
chr17:67205733-67206333	-100	0	0.02087506252882623	scored
chr17:48747273-48747873	-100	0	0.975188826954978	scored
chr17:7758163-7758763	-100	0	0.09840804584306366	scored
chr17:81475600-81476200	-100	0	0.8112547800264294	scored
chr17:48481754-48482354	-100	0	0.2199031803797215	scored
chr17:75991090-75991690	-100	0	0.12620176930088373	scored
chr17:60453454-60454054	-100	0	0.0099110345279545	scored
chr17:71779259-71779859	-100	0	0.18346432062740184	scored
chr17:15732202-15732802	-100	0	0.06702316585219513	scored
chr17:10104029-10104629	-100	0	0.12724561322695946	scored
chr17:71928716-71929316	-100	0	0.04482809137160868	scored
chr17:28467348-28467948	-100	0	0.5108227741741375	scored
chr17:68612519-68613119	-100	0	0.1332859988838465	scored
chr17:50792150-50792750	-100	0	0.2076394927629888	scored
chr17:42495580-42496180	-100	0	0.15627749820064044	scored
chr17:15119209-15119809	-100	0	0.10091359139670339	scored
chr17:36753925-36754525	-100	0	0.47658206320495744	scored
chr17:14288170-14288770	-100	0	0.07769464420472251	scored
chr17:29922080-29922680	-100	0	0.037225890796611975	scored
chr17:29118277-29118877	-100	0	0.39013838702383613	scored
chr17:18777633-18778233	-100	0	0.1438133163554963	scored
chr17:38275692-38276292	-100	0	0.1699902843130038	scored
chr17:29967159-29967759	-100	0	0.0468066841828203	scored
chr17:77669072-77669672	-100	0	0.05432842997790861	scored
chr17:60645077-60645677	-100	0	0.009610858996747407	scored
chr17:70466204-70466804	-100	0	0.29484569782598397	scored
chr17:36019467-36020067	-100	0	0.032070171223049886	scored
chr17:55255308-55255908	-100	0	0.21196239859327123	scored
chr17:45009680-45010280	-100	0	0.20049527058572558	scored
chr17:42115429-42116029	-100	0	0.6821386266140033	scored
chr17:34812612-34813212	-100	0	0.29069018644959865	scored
chr17:13446795-13447395	-100	0	0.1580046106238527	scored
chr17:18511987-18512587	-100	0	0.14186232859915238	scored
chr17:15176313-15176913	-100	0	0.2846441860284426	scored
chr17:65514987-65515587	-100	0	0.022699494793219553	scored
chr17:38298511-38299111	-100	0	0.08634713771231979	scored
chr17:35628186-35628786	-100	0	0.007958789969979447	scored
chr17:17399424-17400024	-100	0	0.9832210486784185	scored
chr17:41586199-41586799	-100	0	0.11979279639826734	scored
chr17:76803745-76804345	-100	0	0.0628935791338724	scored
chr17:14002890-14003490	-100	0	0.05428098148429471	scored
chr17:7694705-7695305	-100	0	0.04639542307317683	scored
chr17:1327908-1328508	-100	0	0.10682017994632015	scored
chr17:42624011-42624611	-100	0	0.036404790809870184	scored
chr17:46436792-46437392	-100	0	0.010228230265903509	scored
chr17:74845316-74845916	-100	0	0.004479543052537707	scored
chr17:65503407-65504007	-100	0	0.6926037425251046	scored
chr17:37746327-37746927	-100	0	0.442670059088582	scored
chr17:16558946-16559546	-100	0	0.00236163791720853	scored
chr17:51192299-51192899	-100	0	0.006072969498092838	scored
chr17:49519204-49519804	-100	0	0.06456194987596377	scored
chr17:80724923-80725523	-100	0	0.8208776405749468	scored
chr17:19521310-19521910	-100	0	0.39958101766075077	scored
chr17:75474192-75474792	-100	0	0.0033155057054204628	scored
chr17:31654330-31654930	-100	0	0.2841115511947442	scored
chr17:50021495-50022095	-100	0	0.7088540967772473	scored
chr17:70890218-70890818	-100	0	0.07985416313234085	scored
chr17:59886761-59887361	-100	0	0.018312711988874002	scored
chr17:40762598-40763198	-100	0	0.0113085268603973	scored
chr17:59220177-59220777	100	1	0.9650146041992367	scored
chr17:42676884-42677484	100	1	0.9686168918438018	scored
chr17:7435033-7435633	100	1	0.7557875456021693	scored
chr17:56833712-56834312	100	1	0.9985358620315454	scored
chr17:57935742-57936342	100	1	0.9143079588396541	scored
chr17:77958315-77958915	100	1	0.999717161662003	scored
chr17:81295018-81295618	100	1	0.9980350702500286	scored
chr17:17836074-17836674	100	1	0.999594874986729	scored
chr17:63773459-63774059	100	1	0.9898352329010826	scored
chr17:75979242-75979842	100	1	0.9830633854258114	scored
chr17:50877766-50878366	100	1	0.27123019299491563	scored
chr17:4555067-4555667	100	1	0.9984668330165728	scored
chr17:80260153-80260753	100	1	0.9998326141619377	scored
chr17:48107428-48108028	100	1	0.9569678393257046	scored
chr17:39980290-39980890	100	1	0.9930390141107011	scored
chr17:59964487-59965087	100	1	0.9893947936347298	scored
chr17:48908068-48908668	100	1	0.9996322097933659	scored
chr17:1491464-1492064	100	1	0.9995730775061601	scored
chr17:50893528-50894128	100	1	0.24982267762476545	scored
chr17:39231074-39231674	100	1	0.9489034517938603	scored
chr17:78723326-78723926	100	1	0.9094214776793534	scored
chr17:20155630-20156230	100	1	0.9984265963644662	scored
chr17:75720923-75721523	100	1	0.9997156488699172	scored
chr17:29591507-29592107	100	1	0.9123108754402658	scored
chr17:782014-782614	100	1	0.9928930475904495	scored
chr17:38704882-38705482	100	1	0.999843069242062	scored
chr17:76540661-76541261	100	1	0.9134158019020993	scored
chr17:48024972-48025572	100	1	0.9973270730287221	scored
chr17:49707941-49708541	100	1	0.733976297569483	scored
chr17:83051591-83052191	100	1	0.9949325386785025	scored
chr17:67366357-67366957	100	1	0.6856995575672155	scored
chr17:50064539-50065139	100	1	0.9520994155790389	scored
chr17:10114972-10115572	100	1	0.6532549264030765	scored
chr17:47189221-47189821	100	1	0.9477438195283445	scored
chr17:79074536-79075136	100	1	0.9998550526464673	scored
chr17:75046806-75047406	100	1	0.9984681644482067	scored
chr17:82458324-82458924	100	1	0.9996337976374858	scored
chr17:46922556-46923156	100	1	0.9928045549784814	scored
chr17:64263011-64263611	100	1	0.9869114775597716	scored
chr17:77451194-77451794	100	1	0.9881261419035601	scored
chr17:7835336-7835936	100	1	0.9987363130731842	scored
chr17:11997220-11997820	100	1	0.9972474526451427	scored
chr17:42017194-42017794	100	1	0.9910380688443684	scored
chr17:36486337-36486937	100	1	0.9978256707425562	scored
chr17:15262331-15262931	100	1	0.9989539087656172	scored
chr17:28318731-28319331	100	1	0.9969104910974714	scored
chr17:50478527-50479127	100	1	0.9989350312557987	scored
chr17:47492381-47492981	100	1	0.9967585945581466	scored
chr17:64836934-64837534	100	1	0.9950684997510958	scored
chr17:40139931-40140531	100	1	0.9966528182838834	scored
chr17:29148637-29149237	100	1	0.9794157834329115	scored
chr17:47889801-47890401	100	1	0.5724744045259994	scored
chr17:31859016-31859616	100	1	0.9897701685215188	scored
chr17:27456036-27456636	100	1	0.9996017525910285	scored
chr17:18780900-18781500	100	1	0.9986290937715984	scored
chr17:31549746-31550346	100	1	0.9992049371580549	scored
chr17:81119568-81120168	100	1	0.9601880898031074	scored
chr17:3636079-3636679	100	1	0.9863930380961846	scored
chr17:75034732-75035332	100	1	0.9809849274312396	scored
chr17:42744700-42745300	100	1	0.9772559883816747	scored
chr17:37359022-37359622	100	1	0.9986347274813188	scored
chr17:28576696-28577296	100	1	0.960692067378038	scored
chr17:29929998-29930598	100	1	0.9977545301284038	scored
chr17:28335317-28335917	100	1	0.9950696464666873	scored
chr17:74453895-74454495	100	1	0.9859028911336075	scored
chr17:28952125-28952725	100	1	0.9131250194772328	scored
chr17:8295127-8295727	100	1	0.9971772378573278	scored
chr17:17809976-17810576	100	1	0.9993566368968407	scored
chr17:35788686-35789286	100	1	0.797428279821813	scored
chr17:34579192-34579792	100	1	0.9990607023561441	scored
chr17:61409403-61410003	100	1	0.9941821916953341	scored
chr17:35578332-35578932	100	1	0.992930738178302	scored
chr17:82668444-82669044	100	1	0.7437229227861826	scored
chr17:69235297-69235897	100	1	0.659675947740569	scored
chr17:75131482-75132082	100	1	0.9986656150167235	scored
chr17:56913829-56914429	100	1	0.9912764091162184	scored
chr17:1516379-1516979	100	1	0.9997651990985184	scored
chr17:7614872-7615472	100	1	0.9971111150643585	scored
chr17:43388319-43388919	100	1	0.9650685657438313	scored
chr17:44899104-44899704	100	1	0.9812377300308939	scored
chr17:74330415-74331015	100	1	0.8918010518748904	scored
chr17:28743659-28744259	100	1	0.9990572837847177	scored
chr17:7889056-7889656	100	1	0.8524800033685719	scored
chr17:75869105-75869705	100	1	0.7518131600406804	scored
chr17:4731505-4732105	100	1	0.9301582774166843	scored
chr17:43360890-43361490	100	1	0.9603737050283596	scored
chr17:55763735-55764335	100	1	0.5471521890666605	scored
chr17:81429140-81429740	100	1	0.9595001129398703	scored
chr17:28644930-28645530	100	1	0.9985610089493173	scored
chr17:76585621-76586221	100	1	0.9995717529871627	scored
chr17:81082573-81083173	100	1	0.9656299502064413	scored
chr17:61927396-61927996	100	1	0.9975413264078605	scored
chr17:21287660-21288260	100	1	0.9100160757475807	scored
chr17:81977221-81977821	100	1	0.999798480035485	scored
chr17:60677490-60678090	100	1	0.9930158235288684	scored
chr17:42088129-42088729	100	1	0.454874242640163	scored
chr17:73311789-73312389	100	1	0.9985437306048476	scored
chr17:30291795-30292395	100	1	0.9988084468380866	scored
chr17:48892293-48892893	100	1	0.9471535613074599	scored
chr17:42667818-42668418	100	1	0.390511073446959	scored
chr17:31008395-31008995	100	1	0.9932518206672036	scored
chr17:12020482-12021082	100	1	0.9997015603421759	scored
chr17:16438449-16439049	100	1	0.8736811515543671	scored
chr17:81871196-81871796	100	1	0.9994402956169037	scored
chr17:6651380-6651980	100	1	0.9850845085971609	scored
chr17:10198577-10199177	100	1	0.9993951209812852	scored
chr17:78716800-78717400	100	1	0.9473629125171872	scored
chr17:40317904-40318504	100	1	0.9868533212044914	scored
chr17:64156131-64156731	100	1	0.7607657010421569	scored
chr17:2029688-2030288	100	1	0.9906822344973554	scored
chr17:15684002-15684602	100	1	0.7504514895596144	scored
chr17:32486223-32486823	100	1	0.9999214877936564	scored
chr17:67825141-67825741	100	1	0.9999448474930651	scored
chr17:7483995-7484595	100	1	0.9913420319626873	scored
chr17:65137062-65137662	100	1	0.9729351510547967	scored
chr17:47895600-47896200	100	1	0.8499340580298613	scored
chr17:59355587-59356187	100	1	0.6499718933776703	scored
chr17:50919501-50920101	100	1	0.900901826402891	scored
chr17:36591484-36592084	100	1	0.9982498572363718	scored
chr17:18682044-18682644	100	1	0.9262444514166717	scored
chr17:42120886-42121486	100	1	0.9974432212645248	scored
chr17:55750704-55751304	100	1	0.990052037518835	scored
chr17:76709299-76709899	100	1	0.8799399019560598	scored
chr17:50102047-50102647	100	1	0.6527955688984972	scored
chr17:40191497-40192097	100	1	0.7233499706517604	scored
chr17:4263680-4264280	100	1	0.9799661395698277	scored
chr17:78861945-78862545	100	1	0.5150744189860834	scored
chr17:49788913-49789513	100	1	0.9815874873786771	scored
chr17:78359898-78360498	100	1	0.9999349703865935	scored
chr17:17379296-17379896	100	1	0.5294332018565898	scored
chr17:20908394-20908994	100	1	0.9316667170220465	scored
chr17:8138759-8139359	100	1	0.8020475943041182	scored
chr17:4967163-4967763	100	1	0.6728907659766973	scored
chr17:42997934-42998534	100	1	0.9885186754723675	scored
chr17:7572445-7573045	100	1	0.990523234507947	scored
chr17:55699255-55699855	100	1	0.7310631293138173	scored
chr17:41930002-41930602	100	1	0.9822569273804859	scored
chr17:7915699-7916299	100	1	0.9998128824600475	scored
chr17:72614916-72615516	100	1	0.9140190553422032	scored
chr17:82735260-82735860	100	1	0.9998538629457696	scored
chr17:50161294-50161894	100	1	0.9969025781477178	scored
chr17:1487850-1488450	100	1	0.9998120234043427	scored
chr17:10036595-10037195	100	1	0.9351701030430729	scored
chr17:38729912-38730512	100	1	0.9996273173347647	scored
chr17:20226673-20227273	100	1	0.7787296900578374	scored
chr17:75205135-75205735	100	1	0.998118181201815	scored
chr17:76264946-76265546	100	1	0.9999175625444413	scored
chr17:27577065-27577665	100	1	0.9197759516869338	scored
chr17:18363245-18363845	100	1	0.9907364800732955	scored
chr17:15563236-15563836	100	1	0.999521184635561	scored
chr17:27332706-27333306	100	1	0.9996295561497094	scored
chr17:75507708-75508308	100	1	0.8570435198397353	scored
chr17:39652770-39653370	100	1	0.8619502318446444	scored
chr17:63621907-63622507	100	1	0.995560455759049	scored
chr17:77088379-77088979	100	1	0.9951357607609033	scored
chr17:16215274-16215874	100	1	0.9991415249110442	scored
chr17:44218394-44218994	100	1	0.9999231405368425	scored
chr17:28842465-28843065	100	1	0.9750325638292439	scored
chr17:36535181-36535781	100	1	0.9163461485833894	scored
chr17:61863265-61863865	100	1	0.943289780519635	scored
chr17:41688524-41689124	100	1	0.9987558946972952	scored
chr17:78040577-78041177	100	1	0.984255957264241	scored
chr17:46225125-46225725	100	1	0.47551628176413685	scored
chr17:49566015-49566615	100	1	0.9665373583302573	scored
chr17:79844624-79845224	100	1	0.9821431912742576	scored
chr17:31533471-31534071	100	1	0.7784193683880185	scored
chr17:50719231-50719831	100	1	0.998350280463776	scored
chr17:78896456-78897056	100	1	0.9704679333738473	scored
chr17:4230027-4230627	100	1	0.37523854620511726	scored
chr17:4710247-4710847	100	1	0.9981283560895927	scored
chr17:63681377-63681977	100	1	0.7982191796888581	scored
chr17:45371521-45372121	100	1	0.9656504072704982	scored
chr17:57874354-57874954	100	1	0.9942578574783293	scored
chr17:59331281-59331881	100	1	0.9998605053834296	scored
chr17:74213169-74213769	100	1	0.9789110338123491	scored
chr17:49677788-49678388	100	1	0.994183898542068	scored
chr17:32876956-32877556	100	1	0.9970047985935457	scored
chr17:75525288-75525888	100	1	0.9993420485554868	scored
chr17:50178044-50178644	100	1	0.934701086649472	scored
chr17:37406858-37407458	100	1	0.9986929594126085	scored
chr17:37609187-37609787	100	1	0.9928155205183301	scored
chr17:82022806-82023406	100	1	0.999739056934265	scored
chr17:42527112-42527712	100	1	0.287234237590385	scored
chr17:20189248-20189848	100	1	0.8099118187450594	scored
chr17:7219580-7220180	100	1	0.9965335862972681	scored
chr17:7014424-7015024	100	1	0.9986917049807021	scored
chr17:38799287-38799887	100	1	0.9996961017262072	scored
chr17:58577603-58578203	100	1	0.7365207407340645	scored
chr17:17591448-17592048	100	1	0.9991114780248516	scored
chr17:76480548-76481148	100	1	0.9582706256862402	scored
chr17:19977552-19978152	100	1	0.9981392123098158	scored
chr17:8479238-8479838	100	1	0.9234949322872157	scored
chr17:81552078-81552678	100	1	0.9979362508711285	scored
chr17:44968101-44968701	100	1	0.9993053326446749	scored
chr17:38417603-38418203	100	1	0.9305616952207472	scored
chr17:50930890-50931490	100	1	0.9764770984995886	scored
chr17:44344967-44345567	100	1	0.7731336628512383	scored
chr17:75456287-75456887	100	1	0.9920659247532042	scored
chr17:48816868-48817468	100	1	0.9953163457363762	scored
chr17:7436851-7437451	100	1	0.999694226285171	scored
chr17:81512648-81513248	100	1	0.9999301870671281	scored
chr17:57242992-57243592	100	1	0.8906811248855121	scored
chr17:1005310-1005910	100	1	0.9752733014895046	scored
chr17:81636570-81637170	100	1	0.9991857455461907	scored
chr17:81911298-81911898	100	1	0.9977815131559348	scored
chr17:8186547-8187147	100	1	0.9305302601312734	scored
chr17:996480-997080	100	1	0.9982464396160209	scored
chr17:58992454-58993054	100	1	0.12916881597191635	scored
chr17:47970622-47971222	100	1	0.9849354512808223	scored
chr17:60078395-60078995	100	1	0.9789630319138886	scored
chr17:39461225-39461825	100	1	0.9842894210716594	scored
chr17:73644963-73645563	100	1	0.9997379334940912	scored
chr17:77109541-77110141	100	1	0.9485661054936841	scored
chr17:78360660-78361260	100	1	0.7976879832350368	scored
chr17:45894114-45894714	100	1	0.9999461112260821	scored
chr17:44308223-44308823	100	1	0.9937245190630626	scored
chr17:38296821-38297421	100	1	0.9297831910252532	scored
chr17:62478465-62479065	100	1	0.9994001087237094	scored
chr17:45092965-45093565	100	1	0.8096633056141155	scored
chr17:81094863-81095463	100	1	0.9430707614849143	scored
chr17:34413496-34414096	100	1	0.8149363457371805	scored
chr17:50043661-50044261	100	1	0.9280813838093804	scored
chr17:49515237-49515837	100	1	0.8398674479099426	scored
chr17:8156144-8156744	100	1	0.9901187447569602	scored
chr17:48023679-48024279	100	1	0.9996133285793322	scored
chr17:40098970-40099570	100	1	0.9927186233923659	scored
chr17:68794599-68795199	100	1	0.626917775347588	scored
chr17:20008989-20009589	100	1	0.9976491810729429	scored
chr17:15414850-15415450	100	1	0.7393575231598034	scored
chr17:80414858-80415458	100	1	0.999796274564233	scored
chr17:59707304-59707904	100	1	0.9789951300266565	scored
chr17:44014669-44015269	100	1	0.9107321427871133	scored
chr17:82098093-82098693	100	1	0.9999618243482454	scored
chr17:67717475-67718075	100	1	0.9738133045349902	scored
chr17:59837479-59838079	100	1	0.7695101663055683	scored
chr17:27293709-27294309	100	1	0.9919088358843122	scored
chr17:75289203-75289803	100	1	0.9928533507356039	scored
chr17:79838401-79839001	100	1	0.9828993674447603	scored
chr17:29566796-29567396	100	1	0.9995248676626981	scored
chr17:47694332-47694932	100	1	0.9968206166977076	scored
chr17:57987657-57988257	100	1	0.9995508626910334	scored
chr17:45021775-45022375	100	1	0.982743690647251	scored
chr17:4948690-4949290	100	1	0.9762692772562588	scored
chr17:20852485-20853085	100	1	0.9577965521134499	scored
chr17:21511467-21512067	100	1	0.9951680825169804	scored
chr17:60392060-60392660	100	1	0.9981927272259561	scored
chr17:17206228-17206828	100	1	0.9918428992340415	scored
chr17:27245159-27245759	100	1	0.12073422183419584	scored
chr17:56780114-56780714	100	1	0.9913118966699446	scored
chr17:47295366-47295966	100	1	0.9204394381396259	scored
chr17:82698435-82699035	100	1	0.9989601018820299	scored
chr17:47100039-47100639	100	1	0.803389150852876	scored
chr17:50707605-50708205	100	1	0.9823418540201357	scored
chr17:31558849-31559449	100	1	0.9990713368055635	scored
chr17:68456534-68457134	100	1	0.9175988276480127	scored
chr17:69326920-69327520	100	1	0.9981648260288865	scored
chr17:4142823-4143423	100	1	0.956991046772521	scored
chr17:21275615-21276215	100	1	0.9974079090978738	scored
chr17:4939945-4940545	100	1	0.9381332179150966	scored
chr17:39730272-39730872	100	1	0.9851333980879281	scored
chr17:38434054-38434654	100	1	0.9291114812111609	scored
chr17:31416246-31416846	100	1	0.944778046891981	scored
chr17:76501158-76501758	100	1	0.9761007450652569	scored
chr17:82519330-82519930	100	1	0.9999688701667816	scored
chr17:70169152-70169752	100	1	0.996552045879948	scored
chr17:74203243-74203843	100	1	0.9780378912102893	scored
chr17:19507579-19508179	100	1	0.9860770470040189	scored
chr17:74748257-74748857	100	1	0.9996921352963453	scored
chr17:66302214-66302814	100	1	0.9998784240696496	scored
chr17:3048704-3049304	100	1	0.9722650747522025	scored
chr17:75940848-75941448	100	1	0.990744032720429	scored
chr17:62065730-62066330	100	1	0.8912759379010635	scored
chr17:20320557-20321157	100	1	0.996659205955225	scored
chr17:64662072-64662672	100	1	0.9991284112732063	scored
chr17:49260012-49260612	100	1	0.9998659556887428	scored
chr17:35448082-35448682	100	1	0.9988721710311115	scored
chr17:2392449-2393049	100	1	0.9998261703433745	scored
chr17:60421412-60422012	100	1	0.994936711815967	scored
chr17:61157424-61158024	100	1	0.3241968602934821	scored
chr17:75632924-75633524	100	1	0.9669624647191947	scored
chr17:67289451-67290051	100	1	0.2498365779016461	scored
chr17:57604945-57605545	100	1	0.9606761948952989	scored
chr17:75779608-75780208	100	1	0.9863515862923627	scored
chr17:32444106-32444706	100	1	0.997308553624667	scored
chr17:64129938-64130538	100	1	0.9992721178258588	scored
chr17:17681048-17681648	100	1	0.9996419496853224	scored
chr17:30667904-30668504	100	1	0.9756508407629313	scored
chr17:1829587-1830187	100	1	0.9992462356242269	scored
chr17:17752040-17752640	100	1	0.9958586697758478	scored
chr17:56808365-56808965	100	1	0.24946085812517724	scored
chr17:64506096-64506696	100	1	0.9970556559300114	scored
chr17:39699643-39700243	100	1	0.9911317691099482	scored
chr17:41811695-41812295	100	1	0.9934636071784885	scored
chr17:81733619-81734219	100	1	0.872527436829809	scored
chr17:50918715-50919315	100	1	0.5121254870320505	scored
chr17:64145553-64146153	100	1	0.9523032296722214	scored
chr17:51119958-51120558	100	1	0.9483578520165054	scored
chr17:55238241-55238841	100	1	0.9949033253040191	scored
chr17:15699349-15699949	100	1	0.9948569037170254	scored
chr17:47707362-47707962	100	1	0.08698671707467984	scored
chr17:29572544-29573144	100	1	0.998188846959083	scored
chr17:45490531-45491131	100	1	0.994358344162859	scored
chr17:62819660-62820260	100	1	0.6707660067341262	scored
chr17:27893044-27893644	100	1	0.9864334195184685	scored
chr17:76726402-76727002	100	1	0.9995993196629938	scored
chr17:15944786-15945386	100	1	0.9987987376439791	scored
chr17:57906783-57907383	100	1	0.4003756006333196	scored
chr17:41967181-41967781	100	1	0.9750850031687834	scored
chr17:19992643-19993243	100	1	0.3977833033993041	scored
chr17:17496169-17496769	100	1	0.999482902870695	scored
chr17:3668285-3668885	100	1	0.9989029908910751	scored
chr17:74982063-74982663	100	1	0.9863696791013774	scored
chr17:29293955-29294555	100	1	0.9572936546740374	scored
chr17:15260604-15261204	100	1	0.9920688228822184	scored
chr17:16865600-16866200	100	1	0.9575278617753518	scored
chr17:47649424-47650024	100	1	0.99553607848457	scored
chr17:1456053-1456653	100	1	0.999693721419305	scored
chr17:76569854-76570454	100	1	0.7231000769280713	scored
chr17:15651546-15652146	100	1	0.7193875880041415	scored
chr17:56593512-56594112	100	1	0.9997946115098384	scored
chr17:82751463-82752063	100	1	0.9996264384607086	scored
chr17:42422972-42423572	100	1	0.9769288430696565	scored
chr17:10697283-10697883	100	1	0.9985149244400803	scored
chr17:18625316-18625916	100	1	0.9632978242775465	scored
chr17:82497033-82497633	100	1	0.9984277813971798	scored
chr17:19464542-19465142	100	1	0.0620997641688944	scored
chr17:44689447-44690047	100	1	0.9882204459206669	scored
chr17:46193802-46194402	100	1	0.9654785561089296	scored
chr17:46372439-46373039	100	1	0.9991168302869506	scored
chr17:63741620-63742220	100	1	0.9971000743051867	scored
chr17:28571279-28571879	100	1	0.9842597968920124	scored
chr17:83099756-83100356	100	1	0.9953783241504167	scored
chr17:31901579-31902179	100	1	0.8909965783845335	scored
chr17:30824453-30825053	100	1	0.9935977776169161	scored
chr17:82738096-82738696	100	1	0.7430506526856913	scored
chr17:4997327-4997927	100	1	0.9998696791637922	scored
chr17:40598427-40599027	100	1	0.8101348114355106	scored
chr17:1039395-1039995	100	1	0.9739718036184273	scored
chr17:17535844-17536444	100	1	0.8584791139593028	scored
chr17:80833062-80833662	100	1	0.7084628023522582	scored
chr17:8435490-8436090	100	1	0.9996209681544865	scored
chr17:2041651-2042251	100	1	0.9994325024403498	scored
chr17:5468767-5469367	100	1	0.5825423133441773	scored
chr17:18225188-18225788	100	1	0.9998834394003522	scored
chr17:62694414-62695014	100	1	0.9215662815856948	scored
chr17:57898748-57899348	100	1	0.8903661826182362	scored
chr17:65100507-65101107	100	1	0.9800872044734336	scored
chr17:4795855-4796455	100	1	0.897263757518545	scored
chr17:714611-715211	100	1	0.9986605265116271	scored
chr17:38869622-38870222	100	1	0.9991339083370547	scored
chr17:77280914-77281514	100	1	0.9973340064694599	scored
chr17:75896264-75896864	100	1	0.9986896277900671	scored
chr17:76737171-76737771	100	1	0.9995640459117934	scored
chr17:57955072-57955672	100	1	0.9993103771214753	scored
chr17:68205133-68205733	100	1	0.9998980305347054	scored
chr17:81393740-81394340	100	1	0.9679514291685208	scored
chr17:68783825-68784425	100	1	0.9585904349895273	scored
chr17:35809092-35809692	100	1	0.9905255457940723	scored
chr17:15231681-15232281	100	1	0.6707592416461393	scored
chr17:40287375-40287975	100	1	0.9886217918298714	scored
chr17:10270016-10270616	100	1	0.43760944074521585	scored
chr17:1399991-1400591	100	1	0.9980255773816229	scored
chr17:75877121-75877721	100	1	0.9417539957052349	scored
chr17:37489536-37490136	100	1	0.9998835540627133	scored
chr17:16568948-16569548	100	1	0.9770771865455421	scored
chr17:66540016-66540616	100	1	0.9862715155503006	scored
chr17:4832989-4833589	100	1	0.9997057631288945	scored
chr17:2336193-2336793	100	1	0.9982054100590013	scored
chr17:40553712-40554312	100	1	0.9834513326525528	scored
chr17:76353614-76354214	100	1	0.9950882310366157	scored
chr17:68512094-68512694	100	1	0.9991761311429073	scored
chr17:50935273-50935873	100	1	0.45432717048977517	scored
chr17:80454454-80455054	100	1	0.9999575466281078	scored
chr17:58517807-58518407	100	1	0.9384363632037126	scored
chr17:74872789-74873389	100	1	0.9978408103281294	scored
chr17:2593593-2594193	100	1	0.9991398189768569	scored
chr17:81927396-81927996	100	1	0.9995593093082592	scored
chr17:4987383-4987983	100	1	0.9993943652735601	scored
chr17:15828627-15829227	100	1	0.906284608674614	scored
chr17:80035525-80036125	100	1	0.999818539717368	scored
chr17:29389951-29390551	100	1	0.9989345230117554	scored
chr17:17063755-17064355	100	1	0.6141181249820783	scored
chr17:40417788-40418388	100	1	0.9533353896427552	scored
chr17:49315395-49315995	100	1	0.11023103395971343	scored
chr17:1511593-1512193	100	1	0.9447867583564411	scored
chr17:76279363-76279963	100	1	0.6025901774383674	scored
chr17:41966444-41967044	100	1	0.9992570901455827	scored
chr17:18314774-18315374	100	1	0.9985249050715032	scored
chr17:5111710-5112310	100	1	0.973620057197302	scored
chr17:78127213-78127813	100	1	0.9554410797225521	scored
chr17:80101111-80101711	100	1	0.9996534148518352	scored
chr17:2399383-2399983	100	1	0.9986251668266473	scored
chr17:48053273-48053873	100	1	0.7594260727441531	scored
chr17:31023062-31023662	100	1	0.2769552914736164	scored
chr17:34199847-34200447	100	1	0.03203938259557675	scored
chr17:62703636-62704236	100	1	0.9996237090858096	scored
chr17:29615422-29616022	100	1	0.9995902766850296	scored
chr17:43024826-43025426	100	1	0.9960842925506823	scored
chr17:60525940-60526540	100	1	0.9954090738154446	scored
chr17:31487675-31488275	100	1	0.9996017534730388	scored
chr17:73232100-73232700	100	1	0.9771619026999625	scored
chr17:50541897-50542497	100	1	0.9989867989186071	scored
chr17:74987283-74987883	100	1	0.9930887725195257	scored
chr17:27353581-27354181	100	1	0.9948966709907887	scored
chr17:3846033-3846633	100	1	0.9930623664359493	scored
chr17:79918995-79919595	100	1	0.9747502785848399	scored
chr17:55264625-55265225	100	1	0.9884140282541715	scored
chr17:30708600-30709200	100	1	0.9998549048950287	scored
chr17:5485997-5486597	100	1	0.9946048238202189	scored
chr17:17021337-17021937	100	1	0.8577234422344607	scored
chr17:7404252-7404852	100	1	0.9588548536821211	scored
chr17:75855168-75855768	100	1	0.9972089075281076	scored
chr17:57849868-57850468	100	1	0.9851362774193727	scored
chr17:43778762-43779362	100	1	0.9946920880117431	scored
chr17:63549915-63550515	100	1	0.9985170664887436	scored
chr17:58518439-58519039	100	1	0.7063404157691382	scored
chr17:30477085-30477685	100	1	0.9597449341593304	scored
chr17:17972152-17972752	100	1	0.9455785835311891	scored
chr17:81130262-81130862	100	1	0.8948460993947773	scored
chr17:27494534-27495134	100	1	0.8874109037733917	scored
chr17:57537668-57538268	100	1	0.7600148260543949	scored
chr17:55527429-55528029	100	1	0.16152142357815963	scored
chr17:81128693-81129293	100	1	0.9857019862766083	scored
chr17:44186475-44187075	100	1	0.9979280940309129	scored
chr17:13017856-13018456	100	1	0.9824351050822892	scored
chr17:6443948-6444548	100	1	0.9985920546890922	scored
chr17:46579641-46580241	100	1	0.959425362681152	scored
chr17:36545171-36545771	100	1	0.9996943874708136	scored
chr17:32349802-32350402	100	1	0.997854140399408	scored
chr17:51260134-51260734	100	1	0.9997813326029393	scored
chr17:31500044-31500644	100	1	0.7392455599167925	scored
chr17:67377091-67377691	100	1	0.9983845062342601	scored
chr17:81683546-81684146	100	1	0.9996366253806742	scored
chr17:63848935-63849535	100	1	0.9998161949557659	scored
chr17:81238817-81239417	100	1	0.9871929579014778	scored
chr17:18038980-18039580	100	1	0.9983626155766654	scored
chr17:57899402-57900002	100	1	0.6799084068073021	scored
chr17:78822498-78823098	100	1	0.9288092438555516	scored
chr17:38428088-38428688	100	1	0.9980829463336333	scored
chr17:28951207-28951807	100	1	0.9980833543262694	scored
chr17:73342074-73342674	100	1	0.9331548630667201	scored
chr17:45161398-45161998	100	1	0.8987637604153366	scored
chr17:74812983-74813583	100	1	0.933397175531765	scored
chr17:73262231-73262831	100	1	0.9735334821670042	scored
chr17:50866200-50866800	100	1	0.9998389302058142	scored
chr17:7685828-7686428	100	1	0.8449398435720782	scored
chr17:65056535-65057135	100	1	0.9997216950502971	scored
chr17:732154-732754	100	1	0.9998737265867088	scored
chr17:8154234-8154834	100	1	0.9323746090201511	scored
chr17:7687987-7688587	100	1	0.9657311351490574	scored
chr17:19867580-19868180	100	1	0.9999207434962458	scored
chr17:77924787-77925387	100	1	0.5298924119737435	scored
chr17:61412247-61412847	100	1	0.998899629447786	scored
chr17:38464746-38465346	100	1	0.9731687709943775	scored
chr17:28041360-28041960	100	1	0.997864476389099	scored
chr17:80859969-80860569	100	1	0.9850468335886848	scored
chr17:43483466-43484066	100	1	0.9689101680997458	scored
chr17:75182778-75183378	100	1	0.9858810961238316	scored
chr17:73310885-73311485	100	1	0.9992510013062045	scored
chr17:28719614-28720214	100	1	0.9973221695636023	scored
chr17:50546849-50547449	100	1	0.9733049373487982	scored
chr17:55421696-55422296	100	1	0.9980704262090848	scored
chr17:21043102-21043702	100	1	0.9959743027555465	scored
chr17:28812246-28812846	100	1	0.9888032289752666	scored
chr17:59565225-59565825	100	1	0.9864622105539657	scored
chr17:57084804-57085404	100	1	0.9991945868318655	scored
chr17:54968453-54969053	100	1	0.9661602637223224	scored
chr17:36948642-36949242	100	1	0.9999319474574747	scored
chr17:21284269-21284869	100	1	0.9988524355707423	scored
chr17:7239342-7239942	100	1	0.9798108060327828	scored
chr17:49764083-49764683	100	1	0.43361638606620106	scored
chr17:78313980-78314580	100	1	0.9726330871869375	scored
chr17:1628660-1629260	100	1	0.9996510266475376	scored
chr17:47650299-47650899	100	1	0.9845826758620696	scored
chr17:17009934-17010534	100	1	0.957673575120768	scored
chr17:39401467-39402067	100	1	0.9972153162275721	scored
chr17:49788276-49788876	100	1	0.996320137946786	scored
chr17:18258456-18259056	100	1	0.9936093550384593	scored
chr17:59106701-59107301	100	1	0.996199838787191	scored
chr17:7307227-7307827	100	1	0.9992022815971973	scored
chr17:15341353-15341953	100	1	0.9472979144397099	scored
chr17:58692277-58692877	100	1	0.9891111146270222	scored
chr17:54900487-54901087	100	1	0.9913026036740856	scored
chr17:78821809-78822409	100	1	0.42096593310513614	scored
chr17:81222816-81223416	100	1	0.9985752785204545	scored
chr17:16589141-16589741	100	1	0.983178073340672	scored
chr17:57440727-57441327	100	1	0.766818135446755	scored
chr17:75516159-75516759	100	1	0.999607718468473	scored
chr17:8189882-8190482	100	1	0.9643199515799719	scored
chr17:57861282-57861882	100	1	0.9923843047275767	scored
chr17:29761133-29761733	100	1	0.9937155926624714	scored
chr17:8630716-8631316	100	1	0.9996465978508886	scored
chr17:75764849-75765449	100	1	0.9882608910396941	scored
chr17:16653576-16654176	100	1	0.9922607690556902	scored
chr17:10729478-10730078	100	1	0.9994455477096381	scored
chr17:5446667-5447267	100	1	0.6772211406638482	scored
chr17:47530758-47531358	100	1	0.9996609548486042	scored
chr17:57256094-57256694	100	1	0.9968501713836042	scored
chr17:35763954-35764554	100	1	0.9995019857382041	scored
chr17:56592366-56592966	100	1	0.9948059577164194	scored
chr17:78341711-78342311	100	1	0.9985660120299636	scored
chr17:42112545-42113145	100	1	0.6199625759247576	scored
chr17:28598798-28599398	100	1	0.9403135917387714	scored
chr17:68035351-68035951	100	1	0.9992483665574245	scored
chr17:81860333-81860933	100	1	0.999909982062949	scored
chr17:28711088-28711688	100	1	0.998172418448683	scored
chr17:18362429-18363029	100	1	0.8143340673617004	scored
chr17:21253100-21253700	100	1	0.998570427975673	scored
chr17:78840670-78841270	100	1	0.998171250920232	scored
chr17:15247786-15248386	100	1	0.6367431718066047	scored
chr17:77734415-77735015	100	1	0.9030242413197219	scored
chr17:39687558-39688158	100	1	0.9835706998173016	scored
chr17:72716145-72716745	100	1	0.6971754906577788	scored
chr17:19744720-19745320	100	1	0.9801967787627204	scored
chr17:28726696-28727296	100	1	0.9687176536058978	scored
chr17:30731283-30731883	100	1	0.9996818381019624	scored
chr17:44070493-44071093	100	1	0.994576615598898	scored
chr17:78852617-78853217	100	1	0.8410016289575133	scored
chr17:75012092-75012692	100	1	0.9870433904398213	scored
chr17:82583501-82584101	100	1	0.9519710643381191	scored
chr17:81034816-81035416	100	1	0.9984224652847722	scored
chr17:29140182-29140782	100	1	0.8598249448779752	scored
chr17:82648238-82648838	100	1	0.9998551896615233	scored
chr17:40121934-40122534	100	1	0.9962289011913577	scored
chr17:14069182-14069782	100	1	0.9616981687304935	scored
chr17:50150853-50151453	100	1	0.9847346586306142	scored
chr17:28728702-28729302	100	1	0.9293244445213449	scored
chr17:71975939-71976539	100	1	0.8041601760800281	scored
chr17:2711635-2712235	100	1	0.9986452055053527	scored
chr17:50095011-50095611	100	1	0.9997006720465902	scored
chr17:34980481-34981081	100	1	0.9996505849917765	scored
chr17:44326630-44327230	100	1	0.965804334817684	scored
chr17:77779009-77779609	100	1	0.949842155549405	scored
chr17:41665739-41666339	100	1	0.9664045474334065	scored
chr17:73348979-73349579	100	1	0.9550488936282251	scored
chr17:65561341-65561941	100	1	0.9980863943819712	scored
chr17:40542398-40542998	100	1	0.7950946016728285	scored
chr17:44138020-44138620	100	1	0.7990067605573105	scored
chr17:28552335-28552935	100	1	0.9842634337752769	scored
chr17:39754210-39754810	100	1	0.9975244167346671	scored
chr17:68019760-68020360	100	1	0.9892875542990708	scored
chr17:21322855-21323455	100	1	0.936175276713788	scored
chr17:55273402-55274002	100	1	0.9463272729965311	scored
chr17:31936677-31937277	100	1	0.9997623386098693	scored
chr17:57662806-57663406	100	1	0.9645482491371444	scored
chr17:35795294-35795894	100	1	0.9996291537884858	scored
chr17:32007032-32007632	100	1	0.9993780026764224	scored
chr17:75904667-75905267	100	1	0.9903176074836451	scored
chr17:75589226-75589826	100	1	0.9982394808743938	scored
chr17:50898919-50899519	100	1	0.5720892669302574	scored
chr17:64919238-64919838	100	1	0.9990620572389937	scored
chr17:19648399-19648999	100	1	0.9950481277369307	scored
chr17:21213947-21214547	100	1	0.9992168266165509	scored
chr17:51120606-51121206	100	1	0.9972026167090285	scored
chr17:21551413-21552013	100	1	0.9101539369402765	scored
chr17:28854694-28855294	100	1	0.9379534077938462	scored
chr17:81939793-81940393	100	1	0.9731047654537914	scored
chr17:30378557-30379157	100	1	0.9983371420216445	scored
chr17:68101342-68101942	100	1	0.9979711358164505	scored
chr17:51046612-51047212	100	1	0.6250006384813769	scored
chr17:41786538-41787138	100	1	0.942511115673553	scored
chr17:73267493-73268093	100	1	0.7153273888769437	scored
chr17:72540140-72540740	100	1	0.994713981390385	scored
chr17:67244926-67245526	100	1	0.9994288472695959	scored
chr17:58007366-58007966	100	1	0.9735509521356129	scored
chr17:83151206-83151806	100	1	0.953213185708357	scored
chr17:5419390-5419990	100	1	0.965126834407459	scored
chr17:58219033-58219633	100	1	0.9865234171219258	scored
chr17:32142088-32142688	100	1	0.9996694112702043	scored
chr17:7856980-7857580	100	1	0.9977260743599964	scored
chr17:42535848-42536448	100	1	0.9984592510674799	scored
chr17:3502400-3503000	100	1	0.6072778205844369	scored
chr17:30970704-30971304	100	1	0.9957705520773215	scored
chr17:46590370-46590970	100	1	0.9994649665757922	scored
chr17:80146925-80147525	100	1	0.9995792938816684	scored
chr17:21512821-21513421	100	1	0.22586032365214023	scored
chr17:66459672-66460272	100	1	0.28172067652269933	scored
chr17:5500743-5501343	100	1	0.9929079887877874	scored
chr17:79831722-79832322	100	1	0.9957920183566309	scored
chr17:19378070-19378670	100	1	0.9958608759218267	scored
chr17:17280542-17281142	100	1	0.9979151829586922	scored
chr17:17848932-17849532	100	1	0.7289775490355732	scored
chr17:76072254-76072854	100	1	0.9283427998073922	scored
chr17:75261358-75261958	100	1	0.9933871334219323	scored
chr17:50372659-50373259	100	1	0.8412668911609265	scored
chr17:79991456-79992056	100	1	0.9759320706949135	scored
chr17:27540314-27540914	100	1	0.9395092785300042	scored
chr17:75693528-75694128	100	1	0.9672808268169442	scored
chr17:58083029-58083629	100	1	0.9997386212610451	scored
chr17:64202572-64203172	100	1	0.5706766133745965	scored
chr17:60599782-60600382	100	1	0.9997269836518603	scored
chr17:42388223-42388823	100	1	0.9996775356195725	scored
chr17:7931710-7932310	100	1	0.9901043180498459	scored
chr17:17823451-17824051	100	1	0.997963736565651	scored
chr17:49414692-49415292	100	1	0.8554780710455516	scored
chr17:46266572-46267172	100	1	0.9999466230164388	scored
chr17:64975379-64975979	100	1	0.9999414650444217	scored
chr17:66680054-66680654	100	1	0.43562943787952757	scored
chr17:1716058-1716658	100	1	0.9995446724340273	scored
chr17:75666995-75667595	100	1	0.9957464767519215	scored
chr17:82037159-82037759	100	1	0.9989283732477798	scored
chr17:30116496-30117096	100	1	0.9959009001867429	scored
chr17:36601221-36601821	100	1	0.9968905236925065	scored
chr17:2401421-2402021	100	1	0.9985089681359729	scored
chr17:39632485-39633085	100	1	0.8858849755226701	scored
chr17:75405451-75406051	100	1	0.9928872002696544	scored
chr17:59155294-59155894	100	1	0.9446769496401273	scored
chr17:75033617-75034217	100	1	0.9387463394061183	scored
chr17:7583483-7584083	100	1	0.9990554925319763	scored
chr17:29639236-29639836	100	1	0.23311709487007226	scored
chr17:39952895-39953495	100	1	0.8603874627476954	scored
chr17:44503250-44503850	100	1	0.9981325590939318	scored
chr17:46361500-46362100	100	1	0.7736861721936901	scored
chr17:15999441-16000041	100	1	0.9971364430982641	scored
chr17:73630507-73631107	100	1	0.9517006318000082	scored
chr17:2303518-2304118	100	1	0.9994003626778006	scored
chr17:56960782-56961382	100	1	0.7816022286370015	scored
chr17:48026427-48027027	100	1	0.9205095655656069	scored
chr17:81346009-81346609	100	1	0.9994764901626529	scored
chr17:27520347-27520947	100	1	0.9804553830453274	scored
chr17:47323555-47324155	100	1	0.9961449888922125	scored
chr17:28902552-28903152	100	1	0.9989992002621771	scored
chr17:17042084-17042684	100	1	0.9998809797038852	scored
chr17:77386058-77386658	100	1	0.5746673445437119	scored
chr17:67993440-67994040	100	1	0.9999543744708965	scored
chr17:81487681-81488281	100	1	0.9990738122572451	scored
chr17:45197699-45198299	100	1	0.7082929820761202	scored
chr17:65930123-65930723	100	1	0.4065077189336811	scored
chr17:19362488-19363088	100	1	0.9996638739264699	scored
chr17:75393676-75394276	100	1	0.8842812641418408	scored
chr17:19317151-19317751	100	1	0.8856490120352638	scored
chr17:45051279-45051879	100	1	0.9939961676507526	scored
chr17:75154341-75154941	100	1	0.9581372246925928	scored
chr17:44123477-44124077	100	1	0.9913747741870733	scored
chr17:51153249-51153849	100	1	0.9993617966782674	scored
chr17:8248966-8249566	100	1	0.9043149655949821	scored
chr17:7887454-7888054	100	1	0.9469148153432139	scored
chr17:42833134-42833734	100	1	0.9967998791519868	scored
chr17:29589439-29590039	100	1	0.997291780099757	scored
chr17:40331912-40332512	100	1	0.9657563673297612	scored
chr17:75878316-75878916	100	1	0.9987976388480657	scored
chr17:79777892-79778492	100	1	0.9999314429577075	scored
chr17:7394471-7395071	100	1	0.9986680303785362	scored
chr17:72592545-72593145	100	1	0.9977348946768353	scored
chr17:35022384-35022984	100	1	0.7935646438604749	scored
chr17:16285931-16286531	100	1	0.9546214725461424	scored
chr17:18087571-18088171	100	1	0.9932732242208961	scored
chr17:17028009-17028609	100	1	0.8727059708761221	scored
chr17:29180133-29180733	100	1	0.9989793293458712	scored
chr17:18183132-18183732	100	1	0.9988994878179724	scored
chr17:4789806-4790406	100	1	0.999810046748785	scored
chr17:17839872-17840472	100	1	0.9938513642973283	scored
chr17:50345719-50346319	100	1	0.9994339692515019	scored
chr17:41918797-41919397	100	1	0.997607730848763	scored
chr17:68247635-68248235	100	1	0.9999105578762704	scored
chr17:44200001-44200601	100	1	0.9965113677889516	scored
chr17:78186940-78187540	100	1	0.8503505504082545	scored
chr17:35432305-35432905	100	1	0.7275347951131363	scored
chr17:61399407-61400007	100	1	0.9987651458822007	scored
chr17:42609170-42609770	100	1	0.9991843758644672	scored
chr17:78883564-78884164	100	1	0.9605085907372259	scored
chr17:58352017-58352617	100	1	0.9932457543136974	scored
chr17:17476700-17477300	100	1	0.9830673066900015	scored
chr17:42183981-42184581	100	1	0.99914214808256	scored
chr17:9239800-9240400	100	1	0.9992782877903649	scored
chr17:73043006-73043606	100	1	0.7585641564036179	scored
chr17:18857706-18858306	100	1	0.9913081495133785	scored
chr17:49192227-49192827	100	1	0.9475965465733648	scored
chr17:3004055-3004655	100	1	0.986225883144916	scored
chr17:83079209-83079809	100	1	0.9999737810370544	scored
chr17:7329115-7329715	100	1	0.9958940690675908	scored
chr17:31094608-31095208	100	1	0.992496858517366	scored
chr17:7251727-7252327	100	1	0.9991285445510105	scored
chr17:42520009-42520609	100	1	0.8472695983933797	scored
chr17:81395107-81395707	100	1	0.9798147221667433	scored
chr17:39153528-39154128	100	1	0.9438891417441567	scored
chr17:45316831-45317431	100	1	0.9994932182650109	scored
chr17:82418042-82418642	100	1	0.998048382561918	scored
chr17:48054220-48054820	100	1	0.8684553954923327	scored
chr17:59619324-59619924	100	1	0.9987139956892244	scored
chr17:35242722-35243322	100	1	0.9252454967914373	scored
chr17:3892801-3893401	100	1	0.9996432210397065	scored
chr17:78782081-78782681	100	1	0.9986314391962967	scored
chr17:35089061-35089661	100	1	0.9931394226161854	scored
chr17:41651457-41652057	100	1	0.9701579250591816	scored
chr17:66309713-66310313	100	1	0.4526533942848474	scored
chr17:7351400-7352000	100	1	0.9994442627613321	scored
chr17:81967761-81968361	100	1	0.9346040227336303	scored
chr17:81101617-81102217	100	1	0.9780417815518411	scored
chr17:79811193-79811793	100	1	0.9923833895531022	scored
chr17:48047881-48048481	100	1	0.9855108415554614	scored
chr17:15377441-15378041	100	1	0.3822284616882862	scored
chr17:38702044-38702644	100	1	0.9997587538803634	scored
chr17:81832896-81833496	100	1	0.9983822035612129	scored
chr17:45172389-45172989	100	1	0.8233014290767943	scored
chr17:7627575-7628175	100	1	0.9310003018690056	scored
chr17:28749933-28750533	100	1	0.8418114869336679	scored
chr17:65106365-65106965	100	1	0.845432402606127	scored
chr17:32127253-32127853	100	1	0.9061492332068249	scored
chr17:1648837-1649437	100	1	0.9997156982432401	scored
chr17:47067214-47067814	100	1	0.2429503764399631	scored
chr17:63827073-63827673	100	1	0.8996928182773898	scored
chr17:2511653-2512253	100	1	0.8416958466771216	scored
chr17:68457413-68458013	100	1	0.9995727188675942	scored
chr17:49361958-49362558	100	1	0.9996952902112914	scored
chr17:6640718-6641318	100	1	0.9933157325985196	scored
chr17:45148241-45148841	100	1	0.9942200311500231	scored
chr17:76370522-76371122	100	1	0.3937674860509785	scored
chr17:56977793-56978393	100	1	0.9769775164775506	scored
chr17:76384247-76384847	100	1	0.9998811653868462	scored
chr17:5191627-5192227	100	1	0.9909632484778356	scored
chr17:55587638-55588238	100	1	0.5593680748693951	scored
chr17:82292612-82293212	100	1	0.9932189411305886	scored
chr17:34638114-34638714	100	1	0.9690130383909632	scored
chr17:50944503-50945103	100	1	0.9451511837811896	scored
chr17:32936634-32937234	100	1	0.8824864009470671	scored
chr17:51166023-51166623	100	1	0.9981219354423342	scored
chr17:44210257-44210857	100	1	0.995149986839074	scored
chr17:63842708-63843308	100	1	0.9793088222559355	scored
chr17:79839209-79839809	100	1	0.9995078496933232	scored
chr17:17237396-17237996	100	1	0.6174734656822752	scored
chr17:30600064-30600664	100	1	0.9979045110643505	scored
chr17:5281762-5282362	100	1	0.9990249204839575	scored
chr17:48830689-48831289	100	1	0.9864338325889507	scored
chr17:1684656-1685256	100	1	0.9851166047890328	scored
chr17:28357236-28357836	100	1	0.9992892836199688	scored
chr17:78925691-78926291	100	1	0.9310295564721118	scored
chr17:82241881-82242481	100	1	0.9608309161413402	scored
chr17:51371747-51372347	100	1	0.3668236932393905	scored
chr17:82450535-82451135	100	1	0.9972642665648497	scored
chr17:76671494-76672094	100	1	0.9493492325029568	scored
chr17:4703869-4704469	100	1	0.9902985747105677	scored
chr17:81387255-81387855	100	1	0.9974307026448179	scored
chr17:3659357-3659957	100	1	0.9488131670094749	scored
chr17:15502668-15503268	100	1	0.6486689806651833	scored
chr17:39636771-39637371	100	1	0.9991798324111169	scored
chr17:75784780-75785380	100	1	0.989542059035915	scored
chr17:81165181-81165781	100	1	0.9794771670636003	scored
chr17:58631454-58632054	100	1	0.6822512050021878	scored
chr17:75270919-75271519	100	1	0.9981943553690577	scored
chr17:35119576-35120176	100	1	0.9946786652347449	scored
chr17:62705680-62706280	100	1	0.9115261734083393	scored
chr17:82212581-82213181	100	1	0.9998389953942636	scored
chr17:34252250-34252850	100	1	0.8192362206355546	scored
chr17:38257165-38257765	100	1	0.9975035458856102	scored
chr17:77140617-77141217	100	1	0.9999118083215688	scored
chr17:35567742-35568342	100	1	0.9492287413264233	scored
chr17:42287107-42287707	100	1	0.9742375311929292	scored
chr17:45060970-45061570	100	1	0.9917723209469538	scored
chr17:10123862-10124462	100	1	0.9446806491713213	scored
chr17:77489759-77490359	100	1	0.9794952145946446	scored
chr17:8383293-8383893	100	1	0.9926715612672402	scored
chr17:21456847-21457447	100	1	0.9174333807530392	scored
chr17:38351626-38352226	100	1	0.999706016902489	scored
chr17:79796854-79797454	100	1	0.9999412565240485	scored
chr17:37517453-37518053	100	0	0.1545045136875049	scored
chr17:10131837-10132437	100	0	0.006562524134013143	scored
chr17:9332611-9333211	100	0	0.06007287292200519	scored
chr17:941243-941843	100	0	0.06024258112237345	scored
chr17:81844563-81845163	100	0	0.8937292326555315	scored
chr17:32509191-32509791	100	0	0.07033240273954516	scored
chr17:10150233-10150833	100	0	0.2453586637048618	scored
chr17:7976453-7977053	100	0	0.329932315727751	scored
chr17:73036663-73037263	100	0	0.026366554074075742	scored
chr17:82032123-82032723	100	0	0.9823669044485509	scored
chr17:32393692-32394292	100	0	0.09800939416309307	scored
chr17:17117779-17118379	100	0	0.09361588908376979	scored
chr17:36167573-36168173	100	0	0.4252593950233769	scored
chr17:54443463-54444063	100	0	0.06304829911398942	scored
chr17:42156834-42157434	100	0	0.1129720127194153	scored
chr17:28659737-28660337	100	0	0.3358121953257284	scored
chr17:60164828-60165428	100	0	0.17591421366002405	scored
chr17:71708154-71708754	100	0	0.05768967408520036	scored
chr17:10377666-10378266	100	0	0.10571381867449405	scored
chr17:75458493-75459093	100	0	0.27217502256970383	scored
chr17:73035623-73036223	100	0	0.09778812322554975	scored
chr17:33003418-33004018	100	0	0.01363666802729064	scored
chr17:72860322-72860922	100	0	0.26225744093933295	scored
chr17:82192714-82193314	100	0	0.0417465684599478	scored
chr17:20026206-20026806	100	0	0.04701980787124641	scored
chr17:53057635-53058235	100	0	0.00416638669485889	scored
chr17:38140356-38140956	100	0	0.11268693163024474	scored
chr17:38313174-38313774	100	0	0.00857822049606596	scored
chr17:67991556-67992156	100	0	0.1801205316039936	scored
chr17:53138758-53139358	100	0	0.08676765049746132	scored
chr17:42720911-42721511	100	0	0.10172949689425231	scored
chr17:72154021-72154621	100	0	0.14000866076703533	scored
chr17:37480242-37480842	100	0	0.2696541940467262	scored
chr17:40625808-40626408	100	0	0.08809634642887859	scored
chr17:40476998-40477598	100	0	0.10799129638977444	scored
chr17:21113584-21114184	100	0	0.05819467044421376	scored
chr17:75111420-75112020	100	0	0.09813075399896641	scored
chr17:51336263-51336863	100	0	0.39892353821847387	scored
chr17:69205453-69206053	100	0	0.125054598247401	scored
chr17:34804527-34805127	100	0	0.14489997696719709	scored
chr17:58721726-58722326	100	0	0.3255970368260608	scored
chr17:69982627-69983227	100	0	0.0962091452819473	scored
chr17:18308286-18308886	100	0	0.02179100338499295	scored
chr17:16283720-16284320	100	0	0.11512901775815863	scored
chr17:72297523-72298123	100	0	0.25665405182113404	scored
chr17:43487969-43488569	100	0	0.15389755282182002	scored
chr17:74818902-74819502	100	0	0.6890104770239178	scored
chr17:31164775-31165375	100	0	0.11615878487453729	scored
chr17:69618987-69619587	100	0	0.1616699175730684	scored
chr17:63972668-63973268	100	0	0.7750531288947974	scored
chr17:6644810-6645410	100	0	0.2891831034635539	scored
chr17:46252685-46253285	100	0	0.7894238249906028	scored
chr17:52555139-52555739	100	0	0.028979661968087104	scored
chr17:34333901-34334501	100	0	0.023021184611029803	scored
chr17:6053797-6054397	100	0	0.46622151687208097	scored
chr17:73172633-73173233	100	0	0.12330124153916279	scored
chr17:6621219-6621819	100	0	0.07876567871140064	scored
chr17:50387740-50388340	100	0	0.3277291426971392	scored
chr17:28151859-28152459	100	0	0.15174785735711485	scored
chr17:79472595-79473195	100	0	0.06298747929881698	scored
chr17:38385896-38386496	100	0	0.013512625896259796	scored
chr17:5556545-5557145	100	0	0.005570093838023531	scored
chr17:68467070-68467670	100	0	0.2993223315725939	scored
chr17:3645922-3646522	100	0	0.340460548453567	scored
chr17:4864542-4865142	100	0	0.04977995294924193	scored
chr17:65358081-65358681	100	0	0.016231194148174675	scored
chr17:833825-834425	100	0	0.21742328098459743	scored
chr17:10252450-10253050	100	0	0.08945944806205776	scored
chr17:46289747-46290347	100	0	0.05515757035719286	scored
chr17:45146134-45146734	100	0	0.8966925589681943	scored
chr17:27264566-27265166	100	0	0.008345499845323975	scored
chr17:74311823-74312423	100	0	0.2891469258310451	scored
chr17:62954307-62954907	100	0	0.08715791335019571	scored
chr17:58011062-58011662	100	0	0.13652933812145096	scored
chr17:7647816-7648416	100	0	0.0926839094649575	scored
chr17:1435991-1436591	100	0	0.2644636645939364	scored
chr17:14932392-14932992	100	0	0.169763355120372	scored
chr17:34474764-34475364	100	0	0.09707795185247281	scored
chr17:57059509-57060109	100	0	0.007953257941292608	scored
chr17:21694512-21695112	100	0	8.52638803261194e-07	scored
chr17:74063155-74063755	100	0	0.6089279256503831	scored
chr17:53186263-53186863	100	0	0.1596871160464504	scored
chr17:22334252-22334852	100	0	0.21554418141496817	scored
chr17:14124540-14125140	100	0	0.11233589632730662	scored
chr17:81189040-81189640	100	0	0.9785007088930757	scored
chr17:44115640-44116240	100	0	0.9411922042873373	scored
chr17:41824307-41824907	100	0	0.4389688925496288	scored
chr17:61878058-61878658	100	0	0.013845117531523945	scored
chr17:12564206-12564806	100	0	0.020838046843365814	scored
chr17:56383842-56384442	100	0	0.03419843165789772	scored
chr17:51639357-51639957	100	0	0.24456114415994382	scored
chr17:60865898-60866498	100	0	0.011774647102866177	scored
chr17:73980382-73980982	100	0	0.33376384896260775	scored
chr17:8453910-8454510	100	0	0.05696897582709164	scored
chr17:11432740-11433340	100	0	0.06145787607999619	scored
chr17:66592644-66593244	100	0	0.23333657189117316	scored
chr17:52141316-52141916	100	0	0.2446940057615543	scored
chr17:5866994-5867594	100	0	0.30782820706092745	scored
chr17:1518387-1518987	100	0	0.08260224690344609	scored
chr17:80085036-80085636	100	0	0.8911958963515172	scored
chr17:9887944-9888544	100	0	0.28077982103797977	scored
chr17:72671754-72672354	100	0	0.02677860789856611	scored
chr17:15469569-15470169	100	0	0.38495859314227127	scored
chr17:72183719-72184319	100	0	0.1493405696250658	scored
chr17:40697929-40698529	100	0	0.03439365091093478	scored
chr17:78025357-78025957	100	0	0.020339067201904783	scored
chr17:55859203-55859803	100	0	0.49456935760121096	scored
chr17:81276694-81277294	100	0	0.7390512952649189	scored
chr17:55191853-55192453	100	0	0.027544352141736103	scored
chr17:52248901-52249501	100	0	0.05643897152046203	scored
chr17:48089849-48090449	100	0	0.016596522975119266	scored
chr17:78327451-78328051	100	0	0.21423604379291386	scored
chr17:40769317-40769917	100	0	0.4472529578532307	scored
chr17:75337361-75337961	100	0	0.05359688998852819	scored
chr17:35513445-35514045	100	0	0.09824126710338535	scored
chr17:20841318-20841918	100	0	0.7326594617032772	scored
chr17:75822594-75823194	100	0	0.9191951206764025	scored
chr17:72914091-72914691	100	0	0.009522970097017065	scored
chr17:59973370-59973970	100	0	0.5851784697933228	scored
chr17:6897948-6898548	100	0	0.03953779148626064	scored
chr17:36441012-36441612	100	0	0.3876063203720875	scored
chr17:68358814-68359414	100	0	0.18281619983727596	scored
chr17:36864703-36865303	100	0	0.49312122575403583	scored
chr17:28416753-28417353	100	0	0.29113709365551393	scored
chr17:54274569-54275169	100	0	0.005925771147359206	scored
chr17:56235741-56236341	100	0	0.04062387776591772	scored
chr17:43930027-43930627	100	0	0.05157657691117452	scored
chr17:38281007-38281607	100	0	0.018654040190557167	scored
chr17:67348175-67348775	100	0	0.07081442773522884	scored
chr17:54289705-54290305	100	0	0.16564132934143527	scored
chr17:31789835-31790435	100	0	0.6015125301683133	scored
chr17:71831698-71832298	100	0	0.07405807573572787	scored
chr17:17708959-17709559	100	0	0.8626714048207177	scored
chr17:41639790-41640390	100	0	0.5358989727193058	scored
chr17:75005156-75005756	100	0	0.35527565979032744	scored
chr17:8087845-8088445	100	0	0.31094927822678625	scored
chr17:19619901-19620501	100	0	0.005771018154075817	scored
chr17:48182961-48183561	100	0	0.25072256850178704	scored
chr17:70695076-70695676	100	0	0.03435295950283217	scored
chr17:11815146-11815746	100	0	0.03496984444279914	scored
chr17:870074-870674	100	0	0.2250741513534997	scored
chr17:53140970-53141570	100	0	0.18564178650195384	scored
chr17:61673869-61674469	100	0	0.14582516502188836	scored
chr17:46364522-46365122	100	0	0.01879845578219457	scored
chr17:43983333-43983933	100	0	0.9954536613909051	scored
chr17:64394874-64395474	100	0	0.07540391007159544	scored
chr17:52124019-52124619	100	0	0.005135142006302707	scored
chr17:73718281-73718881	100	0	0.02643861153775233	scored
chr17:62974287-62974887	100	0	0.018790190399238776	scored
chr17:36731248-36731848	100	0	0.7558390491709287	scored
chr17:17462876-17463476	100	0	0.1513567382718556	scored
chr17:20335084-20335684	100	0	0.01389525048354258	scored
chr17:71193163-71193763	100	0	0.004011162247326318	scored
chr17:62870285-62870885	100	0	0.8230936307061292	scored
chr17:44169732-44170332	100	0	0.049540210032066524	scored
chr17:66401164-66401764	100	0	0.03338142349845531	scored
chr17:53572294-53572894	100	0	0.002081956995756361	scored
chr17:16075463-16076063	100	0	0.0843261713734903	scored
chr17:31703251-31703851	100	0	0.0071599999405536	scored
chr17:44484113-44484713	100	0	0.012803152191530043	scored
chr17:63015975-63016575	100	0	0.11220497322957146	scored
chr17:1892166-1892766	100	0	0.025309088516784026	scored
chr17:53384659-53385259	100	0	0.007335465860863024	scored
chr17:3813881-3814481	100	0	0.6317894131748149	scored
chr17:40201522-40202122	100	0	0.007957898759970149	scored
chr17:28217356-28217956	100	0	0.035241863952391074	scored
chr17:53301546-53302146	100	0	0.0030740945340234182	scored
chr17:78212169-78212769	100	0	0.35224054025760476	scored
chr17:32939526-32940126	100	0	0.6528384804717592	scored
chr17:71781254-71781854	100	0	0.015149609344649609	scored
chr17:15754783-15755383	100	0	0.017536397254574253	scored
chr17:61270313-61270913	100	0	0.09068684980382034	scored
chr17:13090726-13091326	100	0	0.012175737124294733	scored
chr17:4575900-4576500	100	0	0.40860383813642004	scored
chr17:77962668-77963268	100	0	0.00973092915725941	scored
chr17:81574090-81574690	100	0	0.2899353141125599	scored
chr17:55431256-55431856	100	0	0.3584644340890752	scored
chr17:50713069-50713669	100	0	0.038453174162001155	scored
chr17:6435010-6435610	100	0	0.21131299553093694	scored
chr17:79665723-79666323	100	0	0.16128590313058103	scored
chr17:70607554-70608154	100	0	0.00958086321618066	scored
chr17:3456627-3457227	100	0	0.01945060285759914	scored
chr17:74066378-74066978	100	0	0.2797809121058344	scored
chr17:59209141-59209741	100	0	0.2804071372710955	scored
chr17:65896611-65897211	100	0	0.20262199496034244	scored
chr17:73107992-73108592	100	0	0.3956379095817162	scored
chr17:15857027-15857627	100	0	0.14304419271322472	scored
chr17:70344849-70345449	100	0	0.0755215208958175	scored
chr17:31769754-31770354	100	0	0.09084008696367168	scored
chr17:14051096-14051696	100	0	0.056436783249946686	scored
chr17:73371727-73372327	100	0	0.3451325683721136	scored
chr17:42375184-42375784	100	0	0.04579972814348997	scored
chr17:56109534-56110134	100	0	0.491673213860661	scored
chr17:36873435-36874035	100	0	0.20681092361857814	scored
chr17:61017406-61018006	100	0	0.18156117315193251	scored
chr17:35525505-35526105	100	0	0.017263721977457784	scored
chr17:78440872-78441472	100	0	0.8691066465292819	scored
chr17:49225632-49226232	100	0	0.37601523207994847	scored
chr17:5758342-5758942	100	0	0.09312075279227394	scored
chr17:64644937-64645537	100	0	0.01692078809459573	scored
chr17:48260733-48261333	100	0	0.2990718868897325	scored
chr17:57707733-57708333	100	0	0.8018676473896843	scored
chr17:34109352-34109952	100	0	0.044119084415623976	scored
chr17:14470828-14471428	100	0	0.49303224286977454	scored
chr17:20882801-20883401	100	0	0.00776410002382624	scored
chr17:71089438-71090038	100	0	0.08905786716569312	scored
chr17:57718050-57718650	100	0	0.0019029690797187015	scored
chr17:54156330-54156930	100	0	0.006428485796892118	scored
chr17:1075307-1075907	100	0	0.1808937246358874	scored
chr17:8108601-8109201	100	0	0.3285735919868692	scored
chr17:41285497-41286097	100	0	0.16142847598615573	scored
chr17:64797172-64797772	100	0	0.6502132232382892	scored
chr17:28606603-28607203	100	0	0.029613567871831514	scored
chr17:73474128-73474728	100	0	0.702760776750328	scored
chr17:54689033-54689633	100	0	0.014650325586337654	scored
chr17:55226239-55226839	100	0	0.04394700616489477	scored
chr17:41245096-41245696	100	0	0.01953904597556114	scored
chr17:63191141-63191741	100	0	0.028650570624554367	scored
chr17:39447967-39448567	100	0	0.06596028880269263	scored
chr17:7004597-7005197	100	0	0.021274688367894947	scored
chr17:10665672-10666272	100	0	0.015223448478819217	scored
chr17:58409553-58410153	100	0	0.03853286436922952	scored
chr17:80663517-80664117	100	0	0.839134551570501	scored
chr17:55270093-55270693	100	0	0.08593272223474675	scored
chr17:2424169-2424769	100	0	0.11299020610367834	scored
chr17:82599641-82600241	100	0	0.8077302957864142	scored
chr17:71900250-71900850	100	0	0.14777113900567568	scored
chr17:70621862-70622462	100	0	0.5866550784442356	scored
chr17:79673484-79674084	100	0	0.15071043870657158	scored
chr17:81417465-81418065	100	0	0.8632741209562559	scored
chr17:30419041-30419641	100	0	0.23397653152964926	scored
chr17:12015973-12016573	100	0	0.07377078953207616	scored
chr17:41134193-41134793	100	0	0.03182934436419039	scored
chr17:68688476-68689076	100	0	0.02412611147219014	scored
chr17:46817064-46817664	100	0	0.8900626519678566	scored
chr17:36496757-36497357	100	0	0.31273933159838907	scored
chr17:28158792-28159392	100	0	0.035902051295466454	scored
chr17:35589284-35589884	100	0	0.2522689952670532	scored
chr17:41039928-41040528	100	0	0.036009454259119784	scored
chr17:71742559-71743159	100	0	0.005879458357218949	scored
chr17:53548031-53548631	100	0	0.04131125541802528	scored
chr17:44665730-44666330	100	0	0.04941066387932319	scored
chr17:53059567-53060167	100	0	0.05550099962172004	scored
chr17:40919459-40920059	100	0	0.04452762324828336	scored
chr17:45658632-45659232	100	0	0.126736884552218	scored
chr17:56316243-56316843	100	0	0.24648259924328605	scored
chr17:67926067-67926667	100	0	0.08161172436919482	scored
chr17:45041098-45041698	100	0	0.4644142140821947	scored
chr17:3236918-3237518	100	0	0.09390660728875544	scored
chr17:32175802-32176402	100	0	0.1331751652989061	scored
chr17:8765211-8765811	100	0	0.12485243513842566	scored
chr17:40513310-40513910	100	0	0.04206666792506397	scored
chr17:40772551-40773151	100	0	0.012942594079537328	scored
chr17:69581491-69582091	100	0	0.4340448798029008	scored
chr17:29012890-29013490	100	0	0.015883456103028933	scored
chr17:2457631-2458231	100	0	0.004685459078294676	scored
chr17:74014594-74015194	100	0	0.04836484198108632	scored
chr17:64639292-64639892	100	0	0.021792974835761533	scored
chr17:9224115-9224715	100	0	0.8085303064398264	scored
chr17:48984455-48985055	100	0	0.052199376994089206	scored
chr17:76600786-76601386	100	0	0.1850797735389412	scored
chr17:19789616-19790216	100	0	0.043224165570025036	scored
chr17:80689636-80690236	100	0	0.10157165302197124	scored
chr17:45790353-45790953	100	0	0.6338776588997774	scored
chr17:43965215-43965815	100	0	0.0429596941353004	scored
chr17:50126010-50126610	100	0	0.037049252415909784	scored
chr17:46828539-46829139	100	0	0.06343680672984711	scored
chr17:41186371-41186971	100	0	0.03191405862481694	scored
chr17:50115664-50116264	100	0	0.38656039076245613	scored
chr17:69074231-69074831	100	0	0.0819443858626738	scored
chr17:40233144-40233744	100	0	0.023951006871146967	scored
chr17:10403912-10404512	100	0	0.12318338373241942	scored
chr17:52781063-52781663	100	0	0.0020023508527858033	scored
chr17:34993400-34994000	100	0	0.02318995460099023	scored
chr17:16938519-16939119	100	0	0.3581276455868892	scored
chr17:5893890-5894490	100	0	0.06892191281452599	scored
chr17:33701011-33701611	100	0	0.17776780479009188	scored
chr17:43052366-43052966	100	0	0.0936513592629974	scored
chr17:11987145-11987745	100	0	0.027045344280808407	scored
chr17:78277930-78278530	100	0	0.3182392839127935	scored
chr17:58696554-58697154	100	0	0.06455956506149743	scored
chr17:69323508-69324108	100	0	0.020742685677836843	scored
chr17:60511118-60511718	100	0	0.09309520434534863	scored
chr17:69131225-69131825	100	0	0.04909289254632328	scored
chr17:71658511-71659111	100	0	0.43204425958455756	scored
chr17:63538189-63538789	100	0	0.9106581154598096	scored
chr17:51159345-51159945	100	0	0.03187458168622573	scored
chr17:76979300-76979900	100	0	0.011583888306497698	scored
chr17:56153322-56153922	100	0	0.4240104015514733	scored
chr17:70468620-70469220	100	0	0.04788079818229315	scored
chr17:12917984-12918584	100	0	0.6247954071580668	scored
chr17:41254070-41254670	100	0	0.17292549768444135	scored
chr17:65807468-65808068	100	0	0.6260682239176063	scored
chr17:65051523-65052123	100	0	0.07564962820858163	scored
chr17:52270855-52271455	100	0	0.06468623499816024	scored
chr17:1432092-1432692	100	0	0.07268320071201434	scored
chr17:14028280-14028880	100	0	0.044165491530441185	scored
chr17:64307490-64308090	100	0	0.008611527133822464	scored
chr17:8816686-8817286	100	0	0.004753798976602224	scored
chr17:38923638-38924238	100	0	0.16927717039697968	scored
chr17:5465202-5465802	100	0	0.09293617166195539	scored
chr17:67153883-67154483	100	0	0.03419060827389639	scored
chr17:68344053-68344653	100	0	0.34068871406836476	scored
chr17:3565103-3565703	100	0	0.2857704622210384	scored
chr17:887540-888140	100	0	0.6308566932926799	scored
chr17:75570072-75570672	100	0	0.9703128154099397	scored
chr17:30045010-30045610	100	0	0.10391759187047685	scored
chr17:38168940-38169540	100	0	0.5804997582186673	scored
chr17:14730003-14730603	100	0	0.010935935432018748	scored
chr17:40974890-40975490	100	0	0.01296700302142194	scored
chr17:10692505-10693105	100	0	0.30344379171716346	scored
chr17:18709520-18710120	100	0	0.03592326686941484	scored
chr17:30996443-30997043	100	0	0.024361787236195392	scored
chr17:46278982-46279582	100	0	0.008262431328757662	scored
chr17:81176370-81176970	100	0	0.1740144429198314	scored
chr17:48019657-48020257	100	0	0.03884904317603179	scored
chr17:78961163-78961763	100	0	0.07963612191847853	scored
chr17:45405715-45406315	100	0	0.9507971057521369	scored
chr17:63933541-63934141	100	0	0.3508623566661915	scored
chr17:81350381-81350981	100	0	0.5234706738983883	scored
chr17:73837791-73838391	100	0	0.08271539596961869	scored
chr17:80603468-80604068	100	0	0.4363015530943855	scored
chr17:65672251-65672851	100	0	0.024422060675180983	scored
chr17:54774561-54775161	100	0	0.016509595875187955	scored
chr17:69417209-69417809	100	0	0.15009526389220365	scored
chr17:56028429-56029029	100	0	0.006437201053500768	scored
chr17:80498024-80498624	100	0	0.9747926991102314	scored
chr17:40495952-40496552	100	0	0.15164327966169838	scored
chr17:75521440-75522040	100	0	0.9210272321109952	scored
chr17:8111543-8112143	100	0	0.22498080425187475	scored
chr17:14516450-14517050	100	0	0.03343104539389972	scored
chr17:30927521-30928121	100	0	0.10091439805446384	scored
chr17:48338703-48339303	100	0	0.034172667310897784	scored
chr17:57032039-57032639	100	0	0.31967849684476596	scored
chr17:15936082-15936682	100	0	0.00893598564287098	scored
chr17:19927082-19927682	100	0	0.01124090833653788	scored
chr17:70014211-70014811	100	0	0.007732300547804962	scored
chr17:40472772-40473372	100	0	0.03635921648002382	scored
chr17:16592670-16593270	100	0	0.08915380752147416	scored
chr17:55378350-55378950	100	0	0.021927267954471728	scored
chr17:62931807-62932407	100	0	0.030123858281307772	scored
chr17:26645117-26645717	100	0	0.09587510697077907	scored
chr17:67389881-67390481	100	0	0.3505892831930536	scored
chr17:6919690-6920290	100	0	0.022100438612889923	scored
chr17:62137146-62137746	100	0	0.672458494591778	scored
chr17:45753170-45753770	100	0	0.24065611600431935	scored
chr17:40909277-40909877	100	0	0.20735423810263692	scored
chr17:49894385-49894985	100	0	0.5558664880067584	scored
chr17:42760127-42760727	100	0	0.6355377131483567	scored
chr17:21279523-21280123	100	0	0.905190556258227	scored
chr17:13517582-13518182	100	0	0.0970151064502868	scored
chr17:64694542-64695142	100	0	0.012145404089514056	scored
chr17:62072409-62073009	100	0	0.26862767100681495	scored
chr17:42421029-42421629	100	0	0.6091989279775449	scored
chr17:11791980-11792580	100	0	0.06416669416954686	scored
chr17:73177438-73178038	100	0	0.5682422608814135	scored
chr17:63066378-63066978	100	0	0.06613820075374452	scored
chr17:35146181-35146781	100	0	0.2657540935915346	scored
chr17:28345338-28345938	100	0	0.9257373190660131	scored
chr17:40904946-40905546	100	0	0.31297405240457477	scored
chr17:8099719-8100319	100	0	0.1463947261562071	scored
chr17:53359097-53359697	100	0	0.09983186584973187	scored
chr17:57680342-57680942	100	0	0.08113522314908304	scored
chr17:20772658-20773258	100	0	0.17429698237830377	scored
chr17:61822449-61823049	100	0	0.07451946374316865	scored
chr17:8160396-8160996	100	0	0.6878267412854584	scored
chr17:46099120-46099720	100	0	0.3047898111369374	scored
chr17:48209081-48209681	100	0	0.03812108373866747	scored
chr17:75562099-75562699	100	0	0.4181871833889693	scored
chr17:38560428-38561028	100	0	0.8383729849125503	scored
chr17:68766317-68766917	100	0	0.1343085404258228	scored
chr17:16267924-16268524	100	0	0.04882098092313274	scored
chr17:52435508-52436108	100	0	0.04314945887368505	scored
chr17:28434172-28434772	100	0	0.0833485489979644	scored
chr17:62262798-62263398	100	0	0.41027619641944263	scored
chr17:41139304-41139904	100	0	0.25349046789128143	scored
chr17:45217779-45218379	100	0	0.0649051762999362	scored
chr17:51878702-51879302	100	0	0.03220048331674277	scored
chr17:78578048-78578648	100	0	0.04718057037912934	scored
chr17:31805386-31805986	100	0	0.12471612913554898	scored
chr17:74153273-74153873	100	0	0.4990543289129866	scored
chr17:13705989-13706589	100	0	0.08359759605868686	scored
chr17:9781087-9781687	100	0	0.5349812988073406	scored
chr17:45207632-45208232	100	0	0.05194788960742937	scored
chr17:78863966-78864566	100	0	0.05550300644310241	scored
chr17:31668550-31669150	100	0	0.055295308844382406	scored
chr17:35825199-35825799	100	0	0.03034164668873329	scored
chr17:27954278-27954878	100	0	0.17544813032912218	scored
chr17:61323160-61323760	100	0	0.25569602540697384	scored
chr17:12434709-12435309	100	0	0.047140369067263335	scored
chr17:74098769-74099369	100	0	0.6119190454995519	scored
chr17:35099623-35100223	100	0	0.18187278300271517	scored
chr17:26669938-26670538	100	0	0.3677420351911254	scored
chr17:52580071-52580671	100	0	0.5180729480486237	scored
chr17:2929278-2929878	100	0	0.31162627108881774	scored
chr17:22716236-22716836	100	0	0.2696515243359379	scored
chr17:62489672-62490272	100	0	0.01961886229329947	scored
chr17:27472597-27473197	100	0	0.03181650200312845	scored
chr17:54129567-54130167	100	0	0.20193555881723724	scored
chr17:51289143-51289743	100	0	0.24148011447772122	scored
chr17:27805931-27806531	100	0	0.6873038537452794	scored
chr17:82300496-82301096	100	0	0.8295577355407564	scored
chr17:14897814-14898414	100	0	0.09128911149985451	scored
chr17:45355945-45356545	100	0	0.26137519078092125	scored
chr17:30629201-30629801	100	0	0.034917247054963886	scored
chr17:38510365-38510965	100	0	0.9994824939004423	scored
chr17:45195993-45196593	100	0	0.03639431993668036	scored
chr17:4963596-4964196	100	0	0.028875151844906032	scored
chr17:55824126-55824726	100	0	0.006937483541134253	scored
chr17:53187693-53188293	100	0	0.029375139885719773	scored
chr17:80199337-80199937	100	0	0.015298980716832439	scored
chr17:77047732-77048332	100	0	0.004787195280896854	scored
chr17:66853741-66854341	100	0	0.015592645834295326	scored
chr17:82531818-82532418	100	0	0.04119976070548	scored
chr17:11015431-11016031	100	0	0.4436071966543287	scored
chr17:58643706-58644306	100	0	0.030091924579067186	scored
chr17:72403368-72403968	100	0	0.4472641537505603	scored
chr17:33124528-33125128	100	0	0.2854434697022761	scored
chr17:17773763-17774363	100	0	0.056052605538955275	scored
chr17:18263027-18263627	100	0	0.5945245929558816	scored
chr17:4158667-4159267	100	0	0.12463326732794913	scored
chr17:15195461-15196061	100	0	0.011073283907624666	scored
chr17:35653357-35653957	100	0	0.21696534652218752	scored
chr17:4094408-4095008	100	0	0.4257233335336915	scored
chr17:48545241-48545841	100	0	0.17366870378728808	scored
chr17:13751568-13752168	100	0	0.2461619156316561	scored
chr17:902809-903409	100	0	0.02509399044878071	scored
chr17:61637297-61637897	100	0	0.06798715098787105	scored
chr17:2146065-2146665	100	0	0.0450944475158641	scored
chr17:76388485-76389085	100	0	0.02644472131957693	scored
chr17:67323286-67323886	100	0	0.06144886333444937	scored
chr17:28169263-28169863	100	0	0.06531516440463071	scored
chr17:78625012-78625612	100	0	0.2334535082912383	scored
chr17:75152144-75152744	100	0	0.27411281075900623	scored
chr17:29154594-29155194	100	0	0.5513497286287986	scored
chr17:76648628-76649228	100	0	0.15876571708238688	scored
chr17:20825978-20826578	100	0	0.01417468426624063	scored
chr17:15316490-15317090	100	0	0.06041649671916473	scored
chr17:10862361-10862961	100	0	0.21740524851945522	scored
chr17:38587539-38588139	100	0	0.7087892294771667	scored
chr17:30391192-30391792	100	0	0.28141180127022686	scored
chr17:5779440-5780040	100	0	0.06773495335704546	scored
chr17:49224013-49224613	100	0	0.9992071036784732	scored
chr17:29214376-29214976	100	0	0.08164197183435985	scored
chr17:52776454-52777054	100	0	0.07198264325666431	scored
chr17:38801985-38802585	100	0	0.31873819710346973	scored
chr17:79968099-79968699	100	0	0.011384755420296737	scored
chr17:28672255-28672855	100	0	0.01292805325651086	scored
chr17:51257427-51258027	100	0	0.09397798628558318	scored
chr17:38223789-38224389	100	0	0.00124429035010771	scored
chr17:29727463-29728063	100	0	0.09359291924452348	scored
chr17:26693716-26694316	100	0	0.06603972724464612	scored
chr17:35704773-35705373	100	0	0.184622185507209	scored
chr17:5054282-5054882	100	0	0.08068360693410852	scored
chr17:64461947-64462547	100	0	0.58353118946002	scored
chr17:65124017-65124617	100	0	0.26623727687044746	scored
chr17:58529526-58530126	100	0	0.026193838380688707	scored
chr17:17790437-17791037	100	0	0.910881378704854	scored
chr17:39713753-39714353	100	0	0.15091773263636438	scored
chr17:59415097-59415697	100	0	0.11160100877364856	scored
chr17:27614503-27615103	100	0	0.24108439953523517	scored
chr17:5633861-5634461	100	0	0.06580265095027148	scored
chr17:80680251-80680851	100	0	0.10370044723173981	scored
chr17:63143011-63143611	100	0	0.014774260768196901	scored
chr17:29593165-29593765	100	0	0.9999144573701643	scored
chr17:18044420-18045020	100	0	0.1674829542184914	scored
chr17:12215019-12215619	100	0	0.08273354791611381	scored
chr17:28807764-28808364	100	0	0.3809510579318552	scored
chr17:36302187-36302787	100	0	0.06549581645391216	scored
chr17:12335462-12336062	100	0	0.13304757693001212	scored
chr17:49499121-49499721	100	0	0.06036746650071854	scored
chr17:1549582-1550182	100	0	0.48571880632261744	scored
chr17:68892302-68892902	100	0	0.024528088841180077	scored
chr17:8292195-8292795	100	0	0.21657110304308996	scored
chr17:35978503-35979103	100	0	0.17152950729352856	scored
chr17:27987858-27988458	100	0	0.45262452951018545	scored
chr17:14543787-14544387	100	0	0.28413109352168747	scored
chr17:7778417-7779017	100	0	0.24453474220125707	scored
chr17:49663192-49663792	100	0	0.05851503578883237	scored
chr17:20653830-20654430	100	0	0.27298529178451275	scored
chr17:40093247-40093847	100	0	0.11428709234739245	scored
chr17:77207691-77208291	100	0	0.6554030318753359	scored
chr17:32952414-32953014	100	0	0.009792522330375432	scored
chr17:51626535-51627135	100	0	0.04666232150830485	scored
chr17:73908830-73909430	100	0	0.19913476065026156	scored
chr17:21605734-21606334	100	0	0.020382394110540894	scored
chr17:10090833-10091433	100	0	0.8305491515685544	scored
chr17:81816678-81817278	100	0	0.17485888197427835	scored
chr17:67611084-67611684	100	0	0.049658595826593155	scored
chr17:14046046-14046646	100	0	0.547494693209358	scored
chr17:34970046-34970646	100	0	0.17877707547278696	scored
chr17:75343570-75344170	100	0	0.1558938346646329	scored
chr17:63087975-63088575	100	0	0.28575595854198027	scored
chr17:36825172-36825772	100	0	0.5591038847855159	scored
chr17:74558003-74558603	100	0	0.37920730132226355	scored
chr17:55502781-55503381	100	0	0.6341805597978925	scored
chr17:8370654-8371254	100	0	0.35781289787056414	scored
chr17:5560488-5561088	100	0	0.02755274725417238	scored
chr17:54635072-54635672	100	0	0.09238782512452028	scored
chr17:48124502-48125102	100	0	0.02611057450330693	scored
chr17:13218389-13218989	100	0	0.40953408561814	scored
chr17:82500941-82501541	100	0	0.03996894644370315	scored
chr17:44733969-44734569	100	0	0.19305339691274725	scored
chr17:13048401-13049001	100	0	0.19939752884136344	scored
chr17:36691210-36691810	100	0	0.02905148768458082	scored
chr17:73180743-73181343	100	0	0.17587241867025058	scored
chr17:44802434-44803034	100	0	0.02105080462195969	scored
chr17:77896263-77896863	100	0	0.08709021179905456	scored
chr17:3640355-3640955	100	0	0.06189179619385085	scored
chr17:64735595-64736195	100	0	0.01768241047775027	scored
chr17:68623672-68624272	100	0	0.17349350654900922	scored
chr17:2671525-2672125	100	0	0.019600579950624576	scored
chr17:67536435-67537035	100	0	0.009277872428209624	scored
chr17:70876901-70877501	100	0	0.017647779075018556	scored
chr17:51218621-51219221	100	0	0.23052268235163542	scored
chr17:41826099-41826699	100	0	0.029513314942001663	scored
chr17:30431888-30432488	100	0	0.10130354466573613	scored
chr17:64244411-64245011	100	0	0.6021957238703155	scored
chr17:50462890-50463490	100	0	0.1859505430558324	scored
chr17:15873221-15873821	100	0	0.3017147442492878	scored
chr17:16813112-16813712	100	0	0.28635921317807567	scored
chr17:20464543-20465143	100	0	0.943584659118072	scored
chr17:13040455-13041055	100	0	0.2754611485037662	scored
chr17:29332756-29333356	100	0	0.034976024758212945	scored
chr17:10853164-10853764	100	0	0.15705781743603017	scored
chr17:30988609-30989209	100	0	0.07355570563629171	scored
chr17:80779004-80779604	100	0	0.937392733786384	scored
chr17:21066380-21066980	100	0	0.2804482760032781	scored
chr17:13444135-13444735	100	0	0.07735523445455429	scored
chr17:78832282-78832882	100	0	0.11778816443756378	scored
chr17:59265283-59265883	100	0	0.002727894654489175	scored
chr17:29373701-29374301	100	0	0.045306497288176345	scored
chr17:30980042-30980642	100	0	0.9001218935533134	scored
chr17:47033325-47033925	100	0	0.14978613167337496	scored
chr17:48612281-48612881	100	0	0.961211163889085	scored
chr17:28915504-28916104	100	0	0.08749396791822515	scored
chr17:74292640-74293240	100	0	0.046769714674125995	scored
chr17:38716724-38717324	100	0	0.5842672570659918	scored
chr17:78968976-78969576	100	0	0.6118428735062692	scored
chr17:43405047-43405647	100	0	0.023200511650956854	scored
chr17:50941719-50942319	100	0	0.019948686876167545	scored
chr17:78802409-78803009	100	0	0.09911298619542033	scored
chr17:5770524-5771124	100	0	0.9056141903230887	scored
chr17:47239511-47240111	100	0	0.37683871934619817	scored
chr17:71342504-71343104	100	0	0.12921776463047777	scored
chr17:32541218-32541818	100	0	0.08127432791846553	scored
chr17:10627421-10628021	100	0	0.14367945671341575	scored
chr17:60941325-60941925	100	0	0.11239664208743261	scored
chr17:22436753-22437353	100	0	0.0333051444332571	scored
chr17:43381736-43382336	100	0	0.22971323803292337	scored
chr17:34019944-34020544	100	0	0.028740342650314565	scored
chr17:64474283-64474883	100	0	0.047761316496997365	scored
chr17:82505397-82505997	100	0	0.017936133472483837	scored
chr17:37060849-37061449	100	0	0.22324449810825792	scored
chr17:47599165-47599765	100	0	0.055944756254298615	scored
chr17:58157155-58157755	100	0	0.7641555278984508	scored
chr17:7683959-7684559	100	0	0.053114670832157054	scored
chr17:28605423-28606023	100	0	0.024324875841124027	scored
chr17:82635757-82636357	100	0	0.13199560920926817	scored
chr17:3062612-3063212	100	0	0.04268802507078799	scored
chr17:16305843-16306443	100	0	0.03747883564392657	scored
chr17:32976557-32977157	100	0	0.1950234874172673	scored
chr17:81317370-81317970	100	0	0.2780728292322498	scored
chr17:80500566-80501166	100	0	0.5435806914075307	scored
chr17:61184796-61185396	100	0	0.011465227024479776	scored
chr17:20951554-20952154	100	0	0.1999296487024631	scored
chr17:55820631-55821231	100	0	0.07203549953809235	scored
chr17:44077992-44078592	100	0	0.7446641264826191	scored
chr17:55689176-55689776	100	0	0.1032272740341473	scored
chr17:57469715-57470315	100	0	0.13960680492336475	scored
chr17:22599642-22600242	100	0	0.03101200967161606	scored
chr17:10001475-10002075	100	0	0.5088889934771128	scored
chr17:80299362-80299962	100	0	0.017417003033075737	scored
chr17:61884547-61885147	100	0	0.08739725550424877	scored
chr17:13398768-13399368	100	0	0.06765591844545578	scored
chr17:77527196-77527796	100	0	0.8348327432323738	scored
chr17:57805216-57805816	100	0	0.030765740480668814	scored
chr17:71809855-71810455	100	0	0.04534831815574044	scored
chr17:68729200-68729800	100	0	0.08535127126488337	scored
chr17:66048314-66048914	100	0	0.021353387722198726	scored
chr17:17638552-17639152	100	0	0.1931881957664737	scored
chr17:48309872-48310472	100	0	0.36300088378168394	scored
chr17:72904629-72905229	100	0	0.13753333227436929	scored
chr17:79284441-79285041	100	0	0.0862878029142938	scored
chr17:74458156-74458756	100	0	0.10206869529675583	scored
chr17:18366287-18366887	100	0	0.010785554926111284	scored
chr17:15960983-15961583	100	0	0.035952640574862145	scored
chr17:31704494-31705094	100	0	0.07579838876246164	scored
chr17:42649862-42650462	100	0	0.4453016207331201	scored
chr17:18929483-18930083	100	0	0.029618768609963295	scored
chr17:47086103-47086703	100	0	0.032935630575096506	scored
chr17:51429337-51429937	100	0	0.09598834003137797	scored
chr17:11368499-11369099	100	0	0.3085782673150036	scored
chr17:51144475-51145075	100	0	0.1979308436136659	scored
chr17:75462854-75463454	100	0	0.03732932140647326	scored
chr17:72672871-72673471	100	0	0.05005153855998046	scored
chr17:62881430-62882030	100	0	0.06560414578250086	scored
chr17:50811076-50811676	100	0	0.42891498389911936	scored
chr17:44456701-44457301	100	0	0.02245570121288553	scored
chr17:3194815-3195415	100	0	0.022321003117064055	scored
chr17:44755087-44755687	100	0	0.029098119545266782	scored
chr17:49188536-49189136	100	0	0.12924722197911945	scored
chr17:81821805-81822405	100	0	0.9115168850691013	scored
chr17:38355921-38356521	100	0	0.16522896649652496	scored
chr17:3643468-3644068	100	0	0.04530149134629124	scored
chr17:80958025-80958625	100	0	0.2386196031952257	scored
chr17:29274845-29275445	100	0	0.028165724274715667	scored
chr17:8287729-8288329	100	0	0.21924814698177164	scored
chr17:57329042-57329642	100	0	0.332730273953186	scored
chr17:6096511-6097111	100	0	0.9052760034733254	scored
chr17:18014547-18015147	100	0	0.39528211573382965	scored
chr17:36414424-36415024	100	0	0.04497679983982336	scored
chr17:28322590-28323190	100	0	0.01510660011752874	scored
chr17:52132299-52132899	100	0	0.16935004756239466	scored
chr17:36720241-36720841	100	0	0.2672190921655241	scored
chr17:52183058-52183658	100	0	0.030910820097326912	scored
chr17:14785877-14786477	100	0	0.046618401564057395	scored
chr17:82729960-82730560	100	0	0.029739579578343174	scored
chr17:52372274-52372874	100	0	0.022439910837446786	scored
chr17:41806847-41807447	100	0	0.0414873309852894	scored
chr17:12542015-12542615	100	0	0.02456177584469127	scored
chr17:44401465-44402065	100	0	0.10163585874897159	scored
chr17:36073078-36073678	100	0	0.0981407496213501	scored
chr17:58807323-58807923	100	0	0.02440704579149686	scored
chr17:64492248-64492848	100	0	0.05773159836965247	scored
chr17:2825548-2826148	100	0	0.25649322396329316	scored
chr17:78574781-78575381	100	0	0.6471374710788912	scored
chr17:39221114-39221714	100	0	0.22061011376064438	scored
chr17:65362858-65363458	100	0	0.08554418132017198	scored
chr17:54122260-54122860	100	0	0.01926124496029533	scored
chr17:75930083-75930683	100	0	0.29933492678372353	scored
chr17:58801065-58801665	100	0	0.023006272606280156	scored
chr17:34603571-34604171	100	0	0.8127682087252639	scored
chr17:74963052-74963652	100	0	0.6397777751251521	scored
chr17:36767526-36768126	100	0	0.5813608362267846	scored
chr17:76986903-76987503	100	0	0.8727485974680372	scored
chr17:15241072-15241672	100	0	0.01260502160950562	scored
chr17:79380697-79381297	100	0	0.05251631636477693	scored
chr17:11830627-11831227	100	0	0.2690624151965937	scored
chr17:53438609-53439209	100	0	0.07307636889499475	scored
chr17:35059457-35060057	100	0	0.015120647035433863	scored
chr17:44884484-44885084	100	0	0.2170830003129918	scored
chr17:80154827-80155427	100	0	0.04855924385220821	scored
chr17:6893418-6894018	100	0	0.8186027029859281	scored
chr17:7756588-7757188	100	0	0.8007100760060616	scored
chr17:44971562-44972162	100	0	0.44147254347891834	scored
chr17:64765394-64765994	100	0	0.0205902007241551	scored
chr17:52962654-52963254	100	0	0.09921232831052167	scored
chr17:33837102-33837702	100	0	0.11858368613415003	scored
chr17:31089304-31089904	100	0	0.06877445836087506	scored
chr17:60159131-60159731	100	0	0.6137847192784629	scored
chr17:74805061-74805661	100	0	0.9244632597084068	scored
chr17:49500335-49500935	100	0	0.29644924449356214	scored
chr17:6208681-6209281	100	0	0.309895029665263	scored
chr17:39213528-39214128	100	0	0.1760442572850548	scored
chr17:66631552-66632152	100	0	0.008476870704857201	scored
chr17:51282114-51282714	100	0	0.047631009631621375	scored
chr17:42783999-42784599	100	0	0.9007513559358977	scored
chr17:47249366-47249966	100	0	0.0047629068851665415	scored
chr17:7609338-7609938	100	0	0.0014459577759648387	scored
chr17:28262138-28262738	100	0	0.2767022550329777	scored
chr17:79182374-79182974	100	0	0.999360051374162	scored
chr17:12286961-12287561	100	0	0.028635756257777287	scored
chr17:57246989-57247589	100	0	0.25977815535509097	scored
chr17:28190260-28190860	100	0	0.06772881726711481	scored
chr17:57198911-57199511	100	0	0.0290071561884348	scored
chr17:79170453-79171053	100	0	0.20970123616059547	scored
chr17:63398430-63399030	100	0	0.046165412387164095	scored
chr17:63806210-63806810	100	0	0.010109618129342322	scored
chr17:1822068-1822668	100	0	0.04049947895029866	scored
chr17:7167467-7168067	100	0	0.3451738520231196	scored
chr17:54673877-54674477	100	0	0.2877353398549475	scored
chr17:79635345-79635945	100	0	0.027242238479919786	scored
chr17:65424210-65424810	100	0	0.11153959647068022	scored
chr17:29440524-29441124	100	0	0.01734684293292977	scored
chr17:3345030-3345630	100	0	0.07703636295675378	scored
chr17:1057597-1058197	100	0	0.3097030727778949	scored
chr17:62231825-62232425	100	0	0.18384265977239655	scored
chr17:55042694-55043294	100	0	0.015194068834621124	scored
chr17:12237139-12237739	100	0	0.13733009657790693	scored
chr17:22685710-22686310	100	0	0.20968724907613273	scored
chr17:54109756-54110356	100	0	0.21370712396563069	scored
chr17:40412255-40412855	100	0	0.00658737315090383	scored
chr17:76765256-76765856	100	0	0.06757219972903399	scored
chr17:10333828-10334428	100	0	0.4917801880209951	scored
chr17:52537171-52537771	100	0	0.49802148397817747	scored
chr17:51490834-51491434	100	0	0.1842029155818069	scored
chr17:73679713-73680313	100	0	0.03239707135747879	scored
chr17:69649806-69650406	100	0	0.11582285613154286	scored
chr17:44785910-44786510	100	0	0.46611034075793184	scored
chr17:13459043-13459643	100	0	0.04195311303047188	scored
chr17:69418411-69419011	100	0	0.02556232677515069	scored
chr17:78629473-78630073	100	0	0.8424403706271859	scored
chr17:76147378-76147978	100	0	0.6181620647028778	scored
chr17:56210546-56211146	100	0	0.012305709399651733	scored
chr17:47255023-47255623	100	0	0.1397306425329052	scored
chr17:67205733-67206333	100	0	0.15521896379422698	scored
chr17:48747273-48747873	100	0	0.9906779331385684	scored
chr17:7758163-7758763	100	0	0.053725357595015975	scored
chr17:81475600-81476200	100	0	0.5180222102933678	scored
chr17:48481754-48482354	100	0	0.10292860999280122	scored
chr17:75991090-75991690	100	0	0.19018956525777864	scored
chr17:60453454-60454054	100	0	0.010877104347882645	scored
chr17:71779259-71779859	100	0	0.11977983158407816	scored
chr17:15732202-15732802	100	0	0.0296979091736736	scored
chr17:10104029-10104629	100	0	0.029102973404557732	scored
chr17:71928716-71929316	100	0	0.2485314712102776	scored
chr17:28467348-28467948	100	0	0.7870482597136672	scored
chr17:68612519-68613119	100	0	0.14860841010968	scored
chr17:50792150-50792750	100	0	0.2117683727399879	scored
chr17:42495580-42496180	100	0	0.039803781056120084	scored
chr17:15119209-15119809	100	0	0.09133755496277635	scored
chr17:36753925-36754525	100	0	0.5880251482707776	scored
chr17:14288170-14288770	100	0	0.051782126063841805	scored
chr17:29922080-29922680	100	0	0.02945201974040958	scored
chr17:29118277-29118877	100	0	0.7777054347881849	scored
chr17:18777633-18778233	100	0	0.11163918804992683	scored
chr17:38275692-38276292	100	0	0.2186512712183601	scored
chr17:29967159-29967759	100	0	0.018733919231950124	scored
chr17:77669072-77669672	100	0	0.060168238341128694	scored
chr17:60645077-60645677	100	0	0.002138381760263944	scored
chr17:70466204-70466804	100	0	0.04857326952230991	scored
chr17:36019467-36020067	100	0	0.06565752585544295	scored
chr17:55255308-55255908	100	0	0.07811778931955665	scored
chr17:45009680-45010280	100	0	0.06181521321288108	scored
chr17:42115429-42116029	100	0	0.197062083427531	scored
chr17:34812612-34813212	100	0	0.4697541865284408	scored
chr17:13446795-13447395	100	0	0.07873690993118278	scored
chr17:18511987-18512587	100	0	0.26288221579616794	scored
chr17:15176313-15176913	100	0	0.10235756923960938	scored
chr17:65514987-65515587	100	0	0.020245542423051523	scored
chr17:38298511-38299111	100	0	0.06144409435124097	scored
chr17:35628186-35628786	100	0	0.06406331824590858	scored
chr17:17399424-17400024	100	0	0.9535141300861515	scored
chr17:41586199-41586799	100	0	0.17622838896600151	scored
chr17:76803745-76804345	100	0	0.018566159893902385	scored
chr17:14002890-14003490	100	0	0.044583723414909855	scored
chr17:7694705-7695305	100	0	0.09412587267088367	scored
chr17:1327908-1328508	100	0	0.353604840619034	scored
chr17:42624011-42624611	100	0	0.10624555065180534	scored
chr17:46436792-46437392	100	0	0.004148120556300421	scored
chr17:74845316-74845916	100	0	0.012965972804497265	scored
chr17:65503407-65504007	100	0	0.8701672475609824	scored
chr17:37746327-37746927	100	0	0.17329797673580954	scored
chr17:16558946-16559546	100	0	0.012883430932381519	scored
chr17:51192299-51192899	100	0	0.0046149946658153975	scored
chr17:49519204-49519804	100	0	0.5278235345586972	scored
chr17:80724923-80725523	100	0	0.8734714852758768	scored
chr17:19521310-19521910	100	0	0.5069627333726179	scored
chr17:75474192-75474792	100	0	0.05174752139404882	scored
chr17:31654330-31654930	100	0	0.5791662511178957	scored
chr17:50021495-50022095	100	0	0.6948526090537744	scored
chr17:70890218-70890818	100	0	0.051201262214596616	scored
chr17:59886761-59887361	100	0	0.022453581794415218	scored
chr17:40762598-40763198	100	0	0.005658803516345113	scored
chr22:39399429-39400029	-100	1	0.9842269810592865	scored
chr22:49827587-49828187	-100	1	0.9999424683378272	scored
chr22:38705483-38706083	-100	1	0.9737421743358793	scored
chr22:31159893-31160493	-100	1	0.9595906787695156	scored
chr22:21001871-21002471	-100	1	0.9995617430675395	scored
chr22:31087560-31088160	-100	1	0.9671998082881473	scored
chr22:19447390-19447990	-100	1	0.999660324207921	scored
chr22:20264928-20265528	-100	1	0.9070013376443047	scored
chr22:37538690-37539290	-100	1	0.8635184924476635	scored
chr22:48561615-48562215	-100	1	0.9733108776366244	scored
chr22:17910433-17911033	-100	1	0.9262703424445	scored
chr22:35894787-35895387	-100	1	0.6292853425563385	scored
chr22:38316701-38317301	-100	1	0.9985733648690763	scored
chr22:49970728-49971328	-100	1	0.888717128917404	scored
chr22:38843831-38844431	-100	1	0.999828291734968	scored
chr22:41589740-41590340	-100	1	0.9738738482912752	scored
chr22:50783424-50784024	-100	1	0.9995405683476543	scored
chr22:41091320-41091920	-100	1	0.998346432052069	scored
chr22:20703044-20703644	-100	1	0.9897900283525514	scored
chr22:38050143-38050743	-100	1	0.5411402363974483	scored
chr22:30326732-30327332	-100	1	0.999736475297624	scored
chr22:37658370-37658970	-100	1	0.9998677374259121	scored
chr22:46104126-46104726	-100	1	0.9574500769178311	scored
chr22:23539497-23540097	-100	1	0.1827817542083571	scored
chr22:37608466-37609066	-100	1	0.9978432655010585	scored
chr22:41800270-41800870	-100	1	0.9876267653933181	scored
chr22:40819135-40819735	-100	1	0.9940243774061974	scored
chr22:21641865-21642465	-100	1	0.9922332062381471	scored
chr22:23069893-23070493	-100	1	0.9993423118710099	scored
chr22:35350698-35351298	-100	1	0.9807551473057698	scored
chr22:39292482-39293082	-100	1	0.9476444302765559	scored
chr22:23717091-23717691	-100	1	0.9996056776402298	scored
chr22:41478939-41479539	-100	1	0.44635525493554723	scored
chr22:26483557-26484157	-100	1	0.9994664598911877	scored
chr22:38506213-38506813	-100	1	0.9997397276941842	scored
chr22:50185549-50186149	-100	1	0.9998482303770697	scored
chr22:29352653-29353253	-100	1	0.2164434772552028	scored
chr22:30028560-30029160	-100	1	0.535689797333077	scored
chr22:46045927-46046527	-100	1	0.564671772786881	scored
chr22:21665990-21666590	-100	1	0.9983305636013288	scored
chr22:31321385-31321985	-100	1	0.1599089661607495	scored
chr22:36028703-36029303	-100	1	0.9997676055793068	scored
chr22:28772408-28773008	-100	1	0.8967182511358632	scored
chr22:45163492-45164092	-100	1	0.9990866218248087	scored
chr22:48921197-48921797	-100	1	0.8620919748041267	scored
chr22:20130933-20131533	-100	1	0.9905406093403223	scored
chr22:22297862-22298462	-100	1	0.9994907367797371	scored
chr22:35376706-35377306	-100	1	0.9506520652092562	scored
chr22:36454897-36455497	-100	1	0.9981657047208902	scored
chr22:35299847-35300447	-100	1	0.9990278787333634	scored
chr22:19291504-19292104	-100	1	0.9993391635170226	scored
chr22:37546902-37547502	-100	1	0.9015876479541373	scored
chr22:46738033-46738633	-100	1	0.9997974821307961	scored
chr22:24011027-24011627	-100	1	0.9998857863852086	scored
chr22:19868996-19869596	-100	1	0.26583538400350104	scored
chr22:27919054-27919654	-100	1	0.9992122758437161	scored
chr22:50200616-50201216	-100	1	0.9998096408159614	scored
chr22:19995450-19996050	-100	1	0.8635397257840046	scored
chr22:44684619-44685219	-100	1	0.9380970885627629	scored
chr22:41394268-41394868	-100	1	0.5276792069553576	scored
chr22:36239331-36239931	-100	1	0.1861462009941373	scored
chr22:29553561-29554161	-100	1	0.9563708456474952	scored
chr22:48537041-48537641	-100	1	0.5633867890141532	scored
chr22:40346204-40346804	-100	1	0.9694759271635947	scored
chr22:17638409-17639009	-100	1	0.9498394231227971	scored
chr22:37905929-37906529	-100	1	0.9997281669156745	scored
chr22:23974242-23974842	-100	1	0.9940774544631205	scored
chr22:37199183-37199783	-100	1	0.9991543724286716	scored
chr22:41381112-41381712	-100	1	0.9983509755753269	scored
chr22:46335360-46335960	-100	1	0.9992947542530329	scored
chr22:17158981-17159581	-100	1	0.9996431501384906	scored
chr22:23750848-23751448	-100	1	0.9964622462306519	scored
chr22:38026677-38027277	-100	1	0.9275740730650822	scored
chr22:41544285-41544885	-100	1	0.9989717355126381	scored
chr22:28741679-28742279	-100	1	0.9728832093219834	scored
chr22:46079792-46080392	-100	1	0.9857326489735091	scored
chr22:31944107-31944707	-100	1	0.9978339376899638	scored
chr22:23857450-23858050	-100	1	0.9993791848656522	scored
chr22:40856383-40856983	-100	1	0.992537768279449	scored
chr22:36387809-36388409	-100	1	0.9771696052897253	scored
chr22:19432132-19432732	-100	1	0.9999091385855889	scored
chr22:39319376-39319976	-100	1	0.9973382462973909	scored
chr22:38033333-38033933	-100	1	0.947296056694666	scored
chr22:23145067-23145667	-100	1	0.6711909576428854	scored
chr22:24588330-24588930	-100	1	0.8936895760290239	scored
chr22:43143052-43143652	-100	1	0.9997774673960365	scored
chr22:37933762-37934362	-100	1	0.9405236448288435	scored
chr22:21567354-21567954	-100	1	0.9461247833369614	scored
chr22:24155714-24156314	-100	1	0.998664235377029	scored
chr22:41620843-41621443	-100	1	0.9978850544124902	scored
chr22:31107359-31107959	-100	1	0.9964347599053642	scored
chr22:31970510-31971110	-100	1	0.9723177335314903	scored
chr22:41976515-41977115	-100	1	0.9996003760855773	scored
chr22:39519884-39520484	-100	1	0.9850415212867111	scored
chr22:42270352-42270952	-100	1	0.9997076544571165	scored
chr22:29766762-29767362	-100	1	0.8668217112330778	scored
chr22:32528221-32528821	-100	1	0.8598000053770996	scored
chr22:30802691-30803291	-100	1	0.9991059138846289	scored
chr22:48702602-48703202	-100	1	0.9421739388055825	scored
chr22:39291841-39292441	-100	1	0.9707313642883163	scored
chr22:36776106-36776706	-100	1	0.9783372217511682	scored
chr22:40043969-40044569	-100	1	0.613385656488843	scored
chr22:20079863-20080463	-100	1	0.9999088647117742	scored
chr22:38681621-38682221	-100	1	0.9974536733867325	scored
chr22:37984275-37984875	-100	1	0.6829950342852618	scored
chr22:40177580-40178180	-100	1	0.8406158636815452	scored
chr22:41946592-41947192	-100	1	0.9836009728270884	scored
chr22:39501965-39502565	-100	1	0.9487802090043509	scored
chr22:41367077-41367677	-100	1	0.9136879994061635	scored
chr22:41963674-41964274	-100	1	0.8060399808732648	scored
chr22:37807563-37808163	-100	1	0.9992098125006914	scored
chr22:41240666-41241266	-100	1	0.9495812157514204	scored
chr22:46007657-46008257	-100	1	0.9864323071563814	scored
chr22:41417856-41418456	-100	1	0.9735672690356512	scored
chr22:30396714-30397314	-100	1	0.9063487042766045	scored
chr22:43923478-43924078	-100	1	0.9933780003109185	scored
chr22:32474466-32475066	-100	1	0.9987693574391875	scored
chr22:31290513-31291113	-100	1	0.9903180857091375	scored
chr22:42090602-42091202	-100	1	0.9961312324735959	scored
chr22:42500199-42500799	-100	1	0.967988126097661	scored
chr22:38038478-38039078	-100	1	0.9855254225576889	scored
chr22:19854603-19855203	-100	1	0.9989328926498103	scored
chr22:35467652-35468252	-100	1	0.7830867401643407	scored
chr22:38201707-38202307	-100	1	0.9963619412927025	scored
chr22:17628547-17629147	-100	1	0.8029830483941113	scored
chr22:20319833-20320433	-100	1	0.9992287432471021	scored
chr22:50627855-50628455	-100	1	0.9958818858983857	scored
chr22:23966452-23967052	-100	1	0.9709491090595213	scored
chr22:50582716-50583316	-100	1	0.9997068414735051	scored
chr22:29072675-29073275	-100	1	0.992162090323248	scored
chr22:43014937-43015537	-100	1	0.9988957584635442	scored
chr22:39349600-39350200	-100	1	0.9999087458759006	scored
chr22:39469485-39470085	-100	1	0.8311671981674446	scored
chr22:37561586-37562186	-100	1	0.9609527965814849	scored
chr22:37019438-37020038	-100	1	0.9994091600830364	scored
chr22:23979752-23980352	-100	1	0.997198848762272	scored
chr22:46116315-46116915	-100	1	0.9107291854801732	scored
chr22:50474816-50475416	-100	1	0.9990512266882912	scored
chr22:30574436-30575036	-100	1	0.9991947352129836	scored
chr22:31749877-31750477	-100	1	0.9979693384310074	scored
chr22:41413641-41414241	-100	1	0.9990013626679831	scored
chr22:30195959-30196559	-100	1	0.6281458429962481	scored
chr22:30667616-30668216	-100	1	0.9878122559407352	scored
chr22:32534350-32534950	-100	1	0.9930075951401537	scored
chr22:31192928-31193528	-100	1	0.25035343604504084	scored
chr22:24247438-24248038	-100	1	0.8822037558610195	scored
chr22:24952364-24952964	-100	1	0.9953027377071025	scored
chr22:31753635-31754235	-100	1	0.9942353775892695	scored
chr22:39283447-39284047	-100	1	0.8934425408753329	scored
chr22:46053956-46054556	-100	1	0.9894393290134861	scored
chr22:30289476-30290076	-100	1	0.9985917264144478	scored
chr22:27642066-27642666	-100	1	0.9804281294097001	scored
chr22:23894019-23894619	-100	1	0.9959112151602	scored
chr22:48651079-48651679	-100	1	0.6458207195266761	scored
chr22:38181643-38182243	-100	1	0.9399300331779069	scored
chr22:39463800-39464400	-100	1	0.20527212577371534	scored
chr22:33920811-33921411	-100	1	0.9999597701306318	scored
chr22:45671517-45672117	-100	1	0.9729231002722435	scored
chr22:50562652-50563252	-100	1	0.9711467081599836	scored
chr22:42614682-42615282	-100	1	0.99802121740908	scored
chr22:46150093-46150693	-100	1	0.9997878352983893	scored
chr22:38755784-38756384	-100	1	0.9999548066611581	scored
chr22:36065603-36066203	-100	1	0.9347983437097371	scored
chr22:19479443-19480043	-100	1	0.8958655030417827	scored
chr22:21629776-21630376	-100	1	0.9979595570540596	scored
chr22:38202309-38202909	-100	1	0.9998112158838631	scored
chr22:39532653-39533253	-100	1	0.9726992821243678	scored
chr22:33971335-33971935	-100	1	0.8044147307149077	scored
chr22:38793802-38794402	-100	1	0.9277087228352009	scored
chr22:32801335-32801935	-100	1	0.9894888223866011	scored
chr22:45240682-45241282	-100	1	0.99919539776752	scored
chr22:50219242-50219842	-100	1	0.9462119749317387	scored
chr22:48600477-48601077	-100	1	0.9929772880143428	scored
chr22:46762361-46762961	-100	1	0.9980052378887714	scored
chr22:17084619-17085219	-100	1	0.9991316495674725	scored
chr22:21735685-21736285	-100	1	0.9999578274510018	scored
chr22:39405238-39405838	-100	1	0.8894098516781943	scored
chr22:49918182-49918782	-100	1	0.9967579593798145	scored
chr22:37999797-38000397	-100	1	0.7407813433109276	scored
chr22:42070658-42071258	-100	1	0.9985561785026963	scored
chr22:20495671-20496271	-100	1	0.9997531298927035	scored
chr22:37752396-37752996	-100	1	0.9878065477417924	scored
chr22:45268883-45269483	-100	1	0.9974655025805961	scored
chr22:38700722-38701322	-100	1	0.9995704687837439	scored
chr22:28883126-28883726	-100	1	0.9996781001382297	scored
chr22:43151169-43151769	-100	1	0.991396224351322	scored
chr22:42369021-42369621	-100	1	0.9994150644898556	scored
chr22:20496291-20496891	-100	1	0.977027710197554	scored
chr22:31399250-31399850	-100	1	0.9913395655810724	scored
chr22:39152542-39153142	-100	1	0.9999523013522038	scored
chr22:29603225-29603825	-100	1	0.9992995169168446	scored
chr22:30635380-30635980	-100	1	0.995298799767523	scored
chr22:31084648-31085248	-100	1	0.9901604002707631	scored
chr22:21867444-21868044	-100	1	0.9993966468509374	scored
chr22:38570042-38570642	-100	1	0.9984922355020212	scored
chr22:37968701-37969301	-100	1	0.4247119090455416	scored
chr22:31080940-31081540	-100	1	0.9981700805120144	scored
chr22:40370366-40370966	-100	1	0.9739208467859006	scored
chr22:31313241-31313841	-100	1	0.4947501053154126	scored
chr22:41468764-41469364	-100	1	0.9822072114001459	scored
chr22:19178592-19179192	-100	1	0.9996095543815484	scored
chr22:31489613-31490213	-100	1	0.999830329081438	scored
chr22:39145542-39146142	-100	1	0.9996606780794131	scored
chr22:20020746-20021346	-100	1	0.9974372550350691	scored
chr22:42867621-42868221	-100	1	0.27768458537179613	scored
chr22:49853465-49854065	-100	1	0.999989771731866	scored
chr22:20917022-20917622	-100	1	0.9988583367713003	scored
chr22:38872001-38872601	-100	1	0.9991711227621949	scored
chr22:37545851-37546451	-100	1	0.8704189704070378	scored
chr22:50525494-50526094	-100	1	0.9999314994301481	scored
chr22:36481805-36482405	-100	1	0.9631350394099673	scored
chr22:41286042-41286642	-100	1	0.9957092659148445	scored
chr22:19122246-19122846	-100	1	0.9983199915889391	scored
chr22:28800334-28800934	-100	1	0.9995123021162894	scored
chr22:35840245-35840845	-100	1	0.6228297709803509	scored
chr22:16969772-16970372	-100	1	0.4764761662766311	scored
chr22:46087765-46088365	-100	1	0.9315729868409963	scored
chr22:42079333-42079933	-100	1	0.9976549992370075	scored
chr22:39454243-39454843	-100	1	0.8901281175158832	scored
chr22:37844069-37844669	-100	1	0.9998971531248909	scored
chr22:24270535-24271135	-100	1	0.9996154885620355	scored
chr22:41508590-41509190	-100	1	0.9205938217533374	scored
chr22:40636435-40637035	-100	1	0.9982382836550258	scored
chr22:18077652-18078252	-100	1	0.98787658228373	scored
chr22:38016429-38017029	-100	1	0.9748733677857326	scored
chr22:19144482-19145082	-100	1	0.9918613503410895	scored
chr22:46027191-46027791	-100	1	0.9987938539555344	scored
chr22:18024290-18024890	-100	1	0.995132918485452	scored
chr22:32985936-32986536	-100	1	0.4638412133041294	scored
chr22:18023443-18024043	-100	1	0.9951181573685052	scored
chr22:41832743-41833343	-100	1	0.9955364465573123	scored
chr22:41204864-41205464	-100	1	0.9389237470592892	scored
chr22:44820538-44821138	-100	1	0.8297593471192282	scored
chr22:41448169-41448769	-100	1	0.9952304734606653	scored
chr22:28679589-28680189	-100	1	0.9999755419550089	scored
chr22:45164096-45164696	-100	1	0.9976067574224651	scored
chr22:23913761-23914361	-100	1	0.9973055637228813	scored
chr22:35380769-35381369	-100	1	0.9984787193000751	scored
chr22:38226461-38227061	-100	1	0.9720418687461624	scored
chr22:29267706-29268306	-100	1	0.9992430196388856	scored
chr22:31211880-31212480	-100	1	0.9795723111468513	scored
chr22:42649127-42649727	-100	1	0.9997663204140124	scored
chr22:40950932-40951532	-100	1	0.9981032803417501	scored
chr22:21937887-21938487	-100	1	0.9949442513767747	scored
chr22:17036904-17037504	-100	1	0.9789527330447582	scored
chr22:24555016-24555616	-100	1	0.9941874104944627	scored
chr22:50326801-50327401	-100	1	0.9998351574414679	scored
chr22:30423823-30424423	-100	1	0.9954360945627381	scored
chr22:41446597-41447197	-100	1	0.9988801744432783	scored
chr22:30387121-30387721	-100	1	0.9996908058461376	scored
chr22:38398578-38399178	-100	1	0.9996207447865372	scored
chr22:49949111-49949711	-100	1	0.9712953989949248	scored
chr22:20858564-20859164	-100	1	0.9976394750824373	scored
chr22:27480429-27481029	-100	1	0.6713219646630592	scored
chr22:41022399-41022999	-100	1	0.9779591381787146	scored
chr22:37675215-37675815	-100	1	0.9165154828091999	scored
chr22:26589849-26590449	-100	1	0.9994757484843289	scored
chr22:37898774-37899374	-100	1	0.8786287951860924	scored
chr22:20117041-20117641	-100	1	0.9993185639351099	scored
chr22:41197219-41197819	-100	1	0.9996674674136757	scored
chr22:36529060-36529660	-100	1	0.9969495065157877	scored
chr22:23521603-23522203	-100	1	0.9994279440650475	scored
chr22:30356648-30357248	-100	1	0.9993829240129295	scored
chr22:30968832-30969432	-100	1	0.999214134709111	scored
chr22:42857030-42857630	-100	1	0.9998882478001168	scored
chr22:19239429-19240029	-100	1	0.5362492176960639	scored
chr22:36506789-36507389	-100	1	0.9982961536169613	scored
chr22:46249995-46250595	-100	1	0.9996288010627271	scored
chr22:30591927-30592527	-100	1	0.9705459221748314	scored
chr22:40651825-40652425	-100	1	0.9808589249183755	scored
chr22:45309510-45310110	-100	1	0.9993809620548189	scored
chr22:46070754-46071354	-100	1	0.9999600772302161	scored
chr22:23180181-23180781	-100	1	0.9977802686576833	scored
chr22:29882775-29883375	-100	1	0.8720847029270119	scored
chr22:38397946-38398546	-100	1	0.9996117954709114	scored
chr22:24977396-24977996	-100	1	0.7000609984980752	scored
chr22:36281830-36282430	-100	1	0.9161733063686425	scored
chr22:48516960-48517560	-100	1	0.6038997652153701	scored
chr22:38172739-38173339	-100	1	0.854340501035173	scored
chr22:22060870-22061470	-100	1	0.9323708437219845	scored
chr22:30341112-30341712	-100	1	0.9915403196552027	scored
chr22:50507626-50508226	-100	1	0.9979452205092524	scored
chr22:30255687-30256287	-100	1	0.1764964281735481	scored
chr22:43955126-43955726	-100	1	0.999314544891059	scored
chr22:31496163-31496763	-100	1	0.9989791089751177	scored
chr22:17171279-17171879	-100	1	0.9984356519051951	scored
chr22:24592845-24593445	-100	1	0.9963245671343612	scored
chr22:23768144-23768744	-100	1	0.9978959151991416	scored
chr22:35257158-35257758	-100	1	0.8664740763448261	scored
chr22:20981683-20982283	-100	1	0.9877188322774192	scored
chr22:23960979-23961579	-100	1	0.9910303231351141	scored
chr22:42553460-42554060	-100	1	0.9907556743523892	scored
chr22:19970422-19971022	-100	1	0.7172613647250329	scored
chr22:17866092-17866692	-100	1	0.7978029104433209	scored
chr22:43187346-43187946	-100	1	0.9995439873055227	scored
chr22:31345764-31346364	-100	1	0.9998373913122997	scored
chr22:50244731-50245331	-100	1	0.9997124486643809	scored
chr22:35399676-35400276	-100	1	0.9706387058744591	scored
chr22:46035626-46036226	-100	1	0.999584248000156	scored
chr22:39040536-39041136	-100	1	0.7648385634370002	scored
chr22:44498048-44498648	-100	1	0.9993999958002525	scored
chr22:28442066-28442666	-100	1	0.9634305038565869	scored
chr22:32796781-32797381	-100	1	0.9313352722875177	scored
chr22:23128244-23128844	-100	1	0.8768599222225556	scored
chr22:50342926-50343526	-100	1	0.9979402418820005	scored
chr22:27267148-27267748	-100	0	0.6253271753219625	scored
chr22:32846239-32846839	-100	0	0.010372374229311926	scored
chr22:30910389-30910989	-100	0	0.18936525046159777	scored
chr22:47301888-47302488	-100	0	0.8109989551650698	scored
chr22:27973459-27974059	-100	0	0.03851108655754224	scored
chr22:42384798-42385398	-100	0	0.7113267000696902	scored
chr22:47440850-47441450	-100	0	0.0583413829092427	scored
chr22:30775901-30776501	-100	0	0.011910658778729372	scored
chr22:44699511-44700111	-100	0	0.6062983808632741	scored
chr22:44450866-44451466	-100	0	0.08975229096662043	scored
chr22:24807090-24807690	-100	0	0.364613643704982	scored
chr22:22183768-22184368	-100	0	0.18813394098817882	scored
chr22:39371269-39371869	-100	0	0.04820236960626069	scored
chr22:37829671-37830271	-100	0	0.30896468422698264	scored
chr22:34015232-34015832	-100	0	0.13318331499901578	scored
chr22:39593048-39593648	-100	0	0.7234160877889217	scored
chr22:47284674-47285274	-100	0	0.4074175053797635	scored
chr22:42141660-42142260	-100	0	0.18320496427764946	scored
chr22:43244349-43244949	-100	0	0.9514552734513988	scored
chr22:47286343-47286943	-100	0	0.2484121087747301	scored
chr22:48013324-48013924	-100	0	0.06576757600537333	scored
chr22:19976661-19977261	-100	0	0.13172067780196306	scored
chr22:44650089-44650689	-100	0	0.2538026013859153	scored
chr22:44324983-44325583	-100	0	0.4196036869334373	scored
chr22:28657276-28657876	-100	0	0.030598543284081632	scored
chr22:47868122-47868722	-100	0	0.017886818941709185	scored
chr22:50231665-50232265	-100	0	0.09476533911028413	scored
chr22:45424067-45424667	-100	0	0.8378228703716438	scored
chr22:15909732-15910332	-100	0	0.011792823181716143	scored
chr22:46698828-46699428	-100	0	0.21462957372763952	scored
chr22:46754826-46755426	-100	0	0.1490294668168152	scored
chr22:15230840-15231440	-100	0	0.05155299967689848	scored
chr22:32189249-32189849	-100	0	0.29337821983296003	scored
chr22:39766843-39767443	-100	0	0.02859136088201677	scored
chr22:16495707-16496307	-100	0	0.005551278345126243	scored
chr22:28051767-28052367	-100	0	0.39274157089358536	scored
chr22:48981779-48982379	-100	0	0.22403641304426897	scored
chr22:26876857-26877457	-100	0	0.022181521308460184	scored
chr22:23139648-23140248	-100	0	0.030894291088851077	scored
chr22:46204461-46205061	-100	0	0.014249443129857575	scored
chr22:34499344-34499944	-100	0	0.038473470269459006	scored
chr22:48806308-48806908	-100	0	0.8680790138923604	scored
chr22:38903557-38904157	-100	0	0.027529731539252412	scored
chr22:27419773-27420373	-100	0	0.05212422101172492	scored
chr22:22355035-22355635	-100	0	0.15656713724459845	scored
chr22:42125410-42126010	-100	0	0.7159050121819721	scored
chr22:31470568-31471168	-100	0	0.010425477632309119	scored
chr22:27589240-27589840	-100	0	0.001182812544787074	scored
chr22:33899358-33899958	-100	0	0.620039822445603	scored
chr22:32152439-32153039	-100	0	0.22709037617545721	scored
chr22:23816410-23817010	-100	0	0.4396154626695629	scored
chr22:29452494-29453094	-100	0	0.009813567314809835	scored
chr22:26072440-26073040	-100	0	0.27158732242003025	scored
chr22:40094149-40094749	-100	0	0.0318199668503914	scored
chr22:20885018-20885618	-100	0	0.035339836675227075	scored
chr22:47857130-47857730	-100	0	0.16684653522079493	scored
chr22:33533258-33533858	-100	0	0.23122629488118757	scored
chr22:19059605-19060205	-100	0	0.4472788164138197	scored
chr22:16143225-16143825	-100	0	0.004885747931829868	scored
chr22:25013483-25014083	-100	0	0.33791094438326175	scored
chr22:45625811-45626411	-100	0	0.07165705801258195	scored
chr22:19328407-19329007	-100	0	0.018496314071633935	scored
chr22:25400967-25401567	-100	0	0.9158216869861984	scored
chr22:28931635-28932235	-100	0	0.04867282783993358	scored
chr22:30836675-30837275	-100	0	0.059807252381457766	scored
chr22:17487317-17487917	-100	0	0.2585926524467618	scored
chr22:34058415-34059015	-100	0	0.07580439895040132	scored
chr22:41909863-41910463	-100	0	0.9992781622991599	scored
chr22:38919970-38920570	-100	0	0.0907723273523463	scored
chr22:30679023-30679623	-100	0	0.8073584967658024	scored
chr22:49276378-49276978	-100	0	0.37618122367921486	scored
chr22:29057557-29058157	-100	0	0.02263941622449307	scored
chr22:29403646-29404246	-100	0	0.1042182993682789	scored
chr22:26848112-26848712	-100	0	0.8914223872634282	scored
chr22:48388551-48389151	-100	0	0.00881878335907852	scored
chr22:28776350-28776950	-100	0	0.25488561631376494	scored
chr22:39930297-39930897	-100	0	0.05549170279818191	scored
chr22:50456042-50456642	-100	0	0.8796917409782711	scored
chr22:48392640-48393240	-100	0	0.20242013113413407	scored
chr22:49694119-49694719	-100	0	0.1492338070560441	scored
chr22:42004842-42005442	-100	0	0.029122892003034775	scored
chr22:16919502-16920102	-100	0	0.17446957485358905	scored
chr22:25599271-25599871	-100	0	0.006651010196773797	scored
chr22:16189678-16190278	-100	0	0.0324241930991039	scored
chr22:48697024-48697624	-100	0	0.0011473484608508812	scored
chr22:33837849-33838449	-100	0	0.21921322537187812	scored
chr22:42654569-42655169	-100	0	0.37758975057818117	scored
chr22:16243630-16244230	-100	0	0.061103573989325984	scored
chr22:36478743-36479343	-100	0	0.06367573827227847	scored
chr22:49320820-49321420	-100	0	0.6406649934348381	scored
chr22:15798258-15798858	-100	0	0.021013011272886583	scored
chr22:16596121-16596721	-100	0	0.12601355137900397	scored
chr22:16011037-16011637	-100	0	0.3591516346482649	scored
chr22:24308482-24309082	-100	0	0.09314296396766418	scored
chr22:16719084-16719684	-100	0	0.007098335123403578	scored
chr22:28295567-28296167	-100	0	0.02918315623794299	scored
chr22:27568528-27569128	-100	0	0.18310049299081396	scored
chr22:15568618-15569218	-100	0	0.038243845661881506	scored
chr22:49532537-49533137	-100	0	0.14945555543023642	scored
chr22:15928854-15929454	-100	0	0.04999258442961397	scored
chr22:49244368-49244968	-100	0	0.4099808871509932	scored
chr22:49450234-49450834	-100	0	0.6298405018423454	scored
chr22:19196715-19197315	-100	0	0.6766933278545745	scored
chr22:20971020-20971620	-100	0	0.30722207746196245	scored
chr22:45475663-45476263	-100	0	0.510981909676755	scored
chr22:23754209-23754809	-100	0	0.06850412693453556	scored
chr22:17903830-17904430	-100	0	0.9658924043544249	scored
chr22:47639740-47640340	-100	0	0.01349833473155211	scored
chr22:25131394-25131994	-100	0	0.2017529246065996	scored
chr22:46356980-46357580	-100	0	0.8507547985992665	scored
chr22:46139633-46140233	-100	0	0.89232347217534	scored
chr22:16852388-16852988	-100	0	0.01893921880877159	scored
chr22:38874452-38875052	-100	0	0.021769550119904925	scored
chr22:19600931-19601531	-100	0	0.6985865987138263	scored
chr22:39559685-39560285	-100	0	0.851404595610554	scored
chr22:26744885-26745485	-100	0	0.021727001210976687	scored
chr22:35347234-35347834	-100	0	0.7859879430131868	scored
chr22:43148586-43149186	-100	0	0.2647479302345311	scored
chr22:27575060-27575660	-100	0	0.760082695919662	scored
chr22:22604296-22604896	-100	0	0.20280827194891418	scored
chr22:16769838-16770438	-100	0	0.02690127046375442	scored
chr22:37883535-37884135	-100	0	0.09571984127735719	scored
chr22:37294771-37295371	-100	0	0.45260375126841174	scored
chr22:44732863-44733463	-100	0	0.7800273680983469	scored
chr22:37579696-37580296	-100	0	0.31264543496218217	scored
chr22:30092875-30093475	-100	0	0.09037773622580449	scored
chr22:22586748-22587348	-100	0	0.007276875782128868	scored
chr22:41346712-41347312	-100	0	0.2427605210269927	scored
chr22:47336978-47337578	-100	0	0.3534099963897628	scored
chr22:29609489-29610089	-100	0	0.10103394474183487	scored
chr22:35926689-35927289	-100	0	0.058242865505517716	scored
chr22:48504351-48504951	-100	0	0.6946895417953647	scored
chr22:46429893-46430493	-100	0	0.7480298697778464	scored
chr22:33236064-33236664	-100	0	0.3380721647134368	scored
chr22:50621811-50622411	-100	0	0.9035572632776099	scored
chr22:35831691-35832291	-100	0	0.047958605221235635	scored
chr22:19507031-19507631	-100	0	0.1762170584679936	scored
chr22:34601884-34602484	-100	0	0.0018165017109742032	scored
chr22:20749475-20750075	-100	0	0.1238844359204674	scored
chr22:36230007-36230607	-100	0	0.041040699921646766	scored
chr22:22219763-22220363	-100	0	0.23699071499416496	scored
chr22:25479066-25479666	-100	0	0.027048920896597304	scored
chr22:47755315-47755915	-100	0	0.06798717246200608	scored
chr22:42679341-42679941	-100	0	0.058321445802597405	scored
chr22:17024576-17025176	-100	0	0.7605550583452707	scored
chr22:20209294-20209894	-100	0	0.2423994840538346	scored
chr22:16806499-16807099	-100	0	0.023700598794568564	scored
chr22:48477903-48478503	-100	0	0.18652040696561326	scored
chr22:20878849-20879449	-100	0	0.05625543434539913	scored
chr22:10524859-10525459	-100	0	0.030978550020854225	scored
chr22:27549194-27549794	-100	0	0.06782815880145883	scored
chr22:40906536-40907136	-100	0	0.03102347456583969	scored
chr22:33228683-33229283	-100	0	0.055523824605194914	scored
chr22:40613657-40614257	-100	0	0.01750756763884713	scored
chr22:15599343-15599943	-100	0	0.2236626771986707	scored
chr22:22616204-22616804	-100	0	0.3881806121810294	scored
chr22:26259781-26260381	-100	0	0.015928288512154297	scored
chr22:27116187-27116787	-100	0	0.6090855715790257	scored
chr22:16000632-16001232	-100	0	0.33066999483660553	scored
chr22:26521868-26522468	-100	0	0.0164472660997596	scored
chr22:26763316-26763916	-100	0	0.42099557274565874	scored
chr22:45745571-45746171	-100	0	0.009893105110197597	scored
chr22:15394706-15395306	-100	0	0.9415097590588363	scored
chr22:43639120-43639720	-100	0	0.23275162619084666	scored
chr22:23865140-23865740	-100	0	0.2191201981677153	scored
chr22:45273001-45273601	-100	0	0.2521932574293099	scored
chr22:38790195-38790795	-100	0	0.05988168733734143	scored
chr22:47875907-47876507	-100	0	0.018432601723877534	scored
chr22:50095965-50096565	-100	0	0.11933860891629	scored
chr22:24410095-24410695	-100	0	0.03257934945263106	scored
chr22:37572351-37572951	-100	0	0.024729027481734688	scored
chr22:22937599-22938199	-100	0	0.01439387408914449	scored
chr22:15338139-15338739	-100	0	0.02442129898142657	scored
chr22:32385583-32386183	-100	0	0.19405234203195773	scored
chr22:30033791-30034391	-100	0	0.3158031668672697	scored
chr22:32196976-32197576	-100	0	0.22742701077300218	scored
chr22:28503235-28503835	-100	0	0.06595141882239527	scored
chr22:35191304-35191904	-100	0	0.23928003573761272	scored
chr22:50256733-50257333	-100	0	0.5746528526058944	scored
chr22:16918601-16919201	-100	0	0.1819112788038345	scored
chr22:22417390-22417990	-100	0	0.12648997515083435	scored
chr22:43813989-43814589	-100	0	0.04325497141810731	scored
chr22:24113092-24113692	-100	0	0.28086028194196067	scored
chr22:21924721-21925321	-100	0	0.05873773765829192	scored
chr22:17070480-17071080	-100	0	0.012902135888250678	scored
chr22:39551380-39551980	-100	0	0.17919892121653103	scored
chr22:20106833-20107433	-100	0	0.9741204630142261	scored
chr22:43171592-43172192	-100	0	0.5155134833912506	scored
chr22:23586079-23586679	-100	0	0.032907450352410765	scored
chr22:22804665-22805265	-100	0	0.002421570168104588	scored
chr22:16935172-16935772	-100	0	0.07820621920037536	scored
chr22:47244470-47245070	-100	0	0.2590950414791281	scored
chr22:22883618-22884218	-100	0	0.056087631880441545	scored
chr22:42691638-42692238	-100	0	0.823442211445777	scored
chr22:47370130-47370730	-100	0	0.1297294581914597	scored
chr22:34925103-34925703	-100	0	0.1917007058512465	scored
chr22:20880793-20881393	-100	0	0.18384480725734073	scored
chr22:41985163-41985763	-100	0	0.030546480130715738	scored
chr22:33249643-33250243	-100	0	0.037330397869954964	scored
chr22:23944455-23945055	-100	0	0.019687309738807487	scored
chr22:46282798-46283398	-100	0	0.13639198275525838	scored
chr22:45030384-45030984	-100	0	0.04663340380570927	scored
chr22:17049115-17049715	-100	0	0.021480062141112477	scored
chr22:46182955-46183555	-100	0	0.26766153633879586	scored
chr22:33749978-33750578	-100	0	0.23392457377987486	scored
chr22:48633186-48633786	-100	0	0.7508338066065908	scored
chr22:47098889-47099489	-100	0	0.927514803695736	scored
chr22:45592411-45593011	-100	0	0.15824886122057907	scored
chr22:48926907-48927507	-100	0	0.45397927234290725	scored
chr22:23897673-23898273	-100	0	0.19328512680161933	scored
chr22:32963437-32964037	-100	0	0.02921548892729047	scored
chr22:26907227-26907827	-100	0	0.01956506026819002	scored
chr22:28004517-28005117	-100	0	0.6608621604173086	scored
chr22:45185070-45185670	-100	0	0.8617061737557662	scored
chr22:45462119-45462719	-100	0	0.24062909608293953	scored
chr22:23842160-23842760	-100	0	0.9332458159943694	scored
chr22:33476874-33477474	-100	0	0.7985430941202113	scored
chr22:36883840-36884440	-100	0	0.11427822068726108	scored
chr22:19193855-19194455	-100	0	0.29713183111748603	scored
chr22:30016842-30017442	-100	0	0.2695247299689377	scored
chr22:27448138-27448738	-100	0	0.22492495317238126	scored
chr22:34359027-34359627	-100	0	0.023706823434092333	scored
chr22:37028752-37029352	-100	0	0.031643857596353325	scored
chr22:40456639-40457239	-100	0	0.010835249765087145	scored
chr22:29056213-29056813	-100	0	0.025817561887471942	scored
chr22:30600288-30600888	-100	0	0.018287060368009082	scored
chr22:16873302-16873902	-100	0	0.042643709866320864	scored
chr22:48307919-48308519	-100	0	0.6733977608553758	scored
chr22:31225458-31226058	-100	0	0.2393790289064209	scored
chr22:31962365-31962965	-100	0	0.06931258899891984	scored
chr22:32560737-32561337	-100	0	0.875954849848581	scored
chr22:50270597-50271197	-100	0	0.9497642494294289	scored
chr22:10555426-10556026	-100	0	0.003490006522350577	scored
chr22:24231737-24232337	-100	0	0.2913621085892643	scored
chr22:49420647-49421247	-100	0	0.6063582126386654	scored
chr22:43546734-43547334	-100	0	0.0099609350790292	scored
chr22:48172409-48173009	-100	0	0.01187975770289568	scored
chr22:22173600-22174200	-100	0	0.03696458208786553	scored
chr22:16595010-16595610	-100	0	0.15399452504205544	scored
chr22:25103391-25103991	-100	0	0.11633811209457351	scored
chr22:20390793-20391393	-100	0	0.01918731360815683	scored
chr22:50103528-50104128	-100	0	0.05936080928227698	scored
chr22:17416670-17417270	-100	0	0.056189382584338615	scored
chr22:36769569-36770169	-100	0	0.4414441215698277	scored
chr22:20307085-20307685	-100	0	0.5682801638301199	scored
chr22:24893431-24894031	-100	0	0.36821812436612344	scored
chr22:30299698-30300298	-100	0	0.1320122864195491	scored
chr22:21704911-21705511	-100	0	0.24492744489890628	scored
chr22:31109440-31110040	-100	0	0.11473599934154292	scored
chr22:39702207-39702807	-100	0	0.3946470965181431	scored
chr22:48653301-48653901	-100	0	0.9135860055559016	scored
chr22:23116684-23117284	-100	0	0.3233939406755417	scored
chr22:49071290-49071890	-100	0	0.5763621500432244	scored
chr22:47611882-47612482	-100	0	0.0022020799639153143	scored
chr22:49197983-49198583	-100	0	0.21729262891783996	scored
chr22:24843271-24843871	-100	0	0.45923270295381285	scored
chr22:42278048-42278648	-100	0	0.9490785769398912	scored
chr22:17135641-17136241	-100	0	0.29198178516989143	scored
chr22:33807506-33808106	-100	0	0.04877318118649195	scored
chr22:48604051-48604651	-100	0	0.7692451495205054	scored
chr22:44561324-44561924	-100	0	0.011217715140667274	scored
chr22:31493738-31494338	-100	0	0.09363655788383442	scored
chr22:41243861-41244461	-100	0	0.0317112711352091	scored
chr22:48935076-48935676	-100	0	0.21691606818492473	scored
chr22:43746317-43746917	-100	0	0.3618080387283356	scored
chr22:46347031-46347631	-100	0	0.6933775602469766	scored
chr22:27845661-27846261	-100	0	0.24690775214350788	scored
chr22:30052920-30053520	-100	0	0.0660850516309612	scored
chr22:49017109-49017709	-100	0	0.48489734739014273	scored
chr22:11916635-11917235	-100	0	0.396442092106565	scored
chr22:28601245-28601845	-100	0	0.0072216692528615165	scored
chr22:48752298-48752898	-100	0	0.5207378252438026	scored
chr22:38210941-38211541	-100	0	0.46005981465228923	scored
chr22:31127412-31128012	-100	0	0.6722931250857108	scored
chr22:30010387-30010987	-100	0	0.010652647679522276	scored
chr22:27136932-27137532	-100	0	0.5546364930930964	scored
chr22:39027557-39028157	-100	0	0.6441747322718375	scored
chr22:16504188-16504788	-100	0	0.051975401746714174	scored
chr22:42915402-42916002	-100	0	0.1281094856094418	scored
chr22:31936933-31937533	-100	0	0.04426115088636662	scored
chr22:28012961-28013561	-100	0	0.7092217684027661	scored
chr22:43783372-43783972	-100	0	0.4650464990781494	scored
chr22:43708521-43709121	-100	0	0.03653417784643891	scored
chr22:33340689-33341289	-100	0	0.40869859694920724	scored
chr22:41323829-41324429	-100	0	0.03302917291092493	scored
chr22:33309274-33309874	-100	0	0.10900881416756865	scored
chr22:34752318-34752918	-100	0	0.43738037641358357	scored
chr22:22911646-22912246	-100	0	0.14104794499251908	scored
chr22:36497398-36497998	-100	0	0.5576073065856474	scored
chr22:27437085-27437685	-100	0	0.014688356669267714	scored
chr22:45135090-45135690	-100	0	0.3648212852451732	scored
chr22:18132276-18132876	-100	0	0.19414246172032634	scored
chr22:33645760-33646360	-100	0	0.06476547014054362	scored
chr22:35128264-35128864	-100	0	0.04389163903911028	scored
chr22:26084851-26085451	-100	0	0.10566303920799375	scored
chr22:49711175-49711775	-100	0	0.24876484900153137	scored
chr22:43737601-43738201	-100	0	0.00026693767010852344	scored
chr22:22020052-22020652	-100	0	0.6937071957032913	scored
chr22:42151666-42152266	-100	0	0.5554014929018131	scored
chr22:25586973-25587573	-100	0	0.03002393986321619	scored
chr22:48348596-48349196	-100	0	0.12096186143936415	scored
chr22:29165276-29165876	-100	0	0.25821915483419805	scored
chr22:40756268-40756868	-100	0	0.0684322528018871	scored
chr22:32506164-32506764	-100	0	0.3970993330979829	scored
chr22:16193690-16194290	-100	0	0.013355590436301665	scored
chr22:39399429-39400029	100	1	0.998566224676448	scored
chr22:49827587-49828187	100	1	0.9994344793542785	scored
chr22:38705483-38706083	100	1	0.9950513358333041	scored
chr22:31159893-31160493	100	1	0.9946008559695166	scored
chr22:21001871-21002471	100	1	0.999138730971047	scored
chr22:31087560-31088160	100	1	0.9839210041393059	scored
chr22:19447390-19447990	100	1	0.9990264263985297	scored
chr22:20264928-20265528	100	1	0.9271141985295153	scored
chr22:37538690-37539290	100	1	0.8271540204184451	scored
chr22:48561615-48562215	100	1	0.8793201620567943	scored
chr22:17910433-17911033	100	1	0.832952430225429	scored
chr22:35894787-35895387	100	1	0.6766370492928112	scored
chr22:38316701-38317301	100	1	0.9998009037046164	scored
chr22:49970728-49971328	100	1	0.9967899245850592	scored
chr22:38843831-38844431	100	1	0.9973689143223925	scored
chr22:41589740-41590340	100	1	0.8812326432837727	scored
chr22:50783424-50784024	100	1	0.9964956831000795	scored
chr22:41091320-41091920	100	1	0.9990265168993985	scored
chr22:20703044-20703644	100	1	0.9695406566404875	scored
chr22:38050143-38050743	100	1	0.46012149567145455	scored
chr22:30326732-30327332	100	1	0.9960385031790518	scored
chr22:37658370-37658970	100	1	0.9999837752938915	scored
chr22:46104126-46104726	100	1	0.9726601107001263	scored
chr22:23539497-23540097	100	1	0.13528388841748673	scored
chr22:37608466-37609066	100	1	0.997351321326162	scored
chr22:41800270-41800870	100	1	0.9770619727211102	scored
chr22:40819135-40819735	100	1	0.9875937856645682	scored
chr22:21641865-21642465	100	1	0.9982479557293493	scored
chr22:23069893-23070493	100	1	0.9999745047685618	scored
chr22:35350698-35351298	100	1	0.9863160733718443	scored
chr22:39292482-39293082	100	1	0.7277483066184598	scored
chr22:23717091-23717691	100	1	0.9913007445311341	scored
chr22:41478939-41479539	100	1	0.5272107341428101	scored
chr22:26483557-26484157	100	1	0.9928305105435428	scored
chr22:38506213-38506813	100	1	0.9992974848033551	scored
chr22:50185549-50186149	100	1	0.9980945449021547	scored
chr22:29352653-29353253	100	1	0.34053995908498547	scored
chr22:30028560-30029160	100	1	0.7601101897157065	scored
chr22:46045927-46046527	100	1	0.7949495310071373	scored
chr22:21665990-21666590	100	1	0.9557249017348909	scored
chr22:31321385-31321985	100	1	0.0809240159443769	scored
chr22:36028703-36029303	100	1	0.9959046998871736	scored
chr22:28772408-28773008	100	1	0.9980016633137603	scored
chr22:45163492-45164092	100	1	0.999846875523239	scored
chr22:48921197-48921797	100	1	0.6818467150662505	scored
chr22:20130933-20131533	100	1	0.9987720172889227	scored
chr22:22297862-22298462	100	1	0.9995477899875471	scored
chr22:35376706-35377306	100	1	0.9334899358373684	scored
chr22:36454897-36455497	100	1	0.9944022084683318	scored
chr22:35299847-35300447	100	1	0.9941516458235818	scored
chr22:19291504-19292104	100	1	0.9980731489716378	scored
chr22:37546902-37547502	100	1	0.963211597064676	scored
chr22:46738033-46738633	100	1	0.9994070703553767	scored
chr22:24011027-24011627	100	1	0.9995497207088759	scored
chr22:19868996-19869596	100	1	0.38894571264630823	scored
chr22:27919054-27919654	100	1	0.9973932323973903	scored
chr22:50200616-50201216	100	1	0.9999485548954138	scored
chr22:19995450-19996050	100	1	0.9484515821960215	scored
chr22:44684619-44685219	100	1	0.8700871797858273	scored
chr22:41394268-41394868	100	1	0.30389865326471166	scored
chr22:36239331-36239931	100	1	0.3263634525252021	scored
chr22:29553561-29554161	100	1	0.9047365066221092	scored
chr22:48537041-48537641	100	1	0.6342348718227742	scored
chr22:40346204-40346804	100	1	0.9913817173558002	scored
chr22:17638409-17639009	100	1	0.9543080402271856	scored
chr22:37905929-37906529	100	1	0.9998087065468106	scored
chr22:23974242-23974842	100	1	0.9700877010338823	scored
chr22:37199183-37199783	100	1	0.9983142544548687	scored
chr22:41381112-41381712	100	1	0.9985750415991371	scored
chr22:46335360-46335960	100	1	0.9996040550187415	scored
chr22:17158981-17159581	100	1	0.9983121050900703	scored
chr22:23750848-23751448	100	1	0.9936632988859673	scored
chr22:38026677-38027277	100	1	0.8360190395142862	scored
chr22:41544285-41544885	100	1	0.9904791429626474	scored
chr22:28741679-28742279	100	1	0.9784100326824567	scored
chr22:46079792-46080392	100	1	0.9952427480201964	scored
chr22:31944107-31944707	100	1	0.9996274435260023	scored
chr22:23857450-23858050	100	1	0.9968699811694653	scored
chr22:40856383-40856983	100	1	0.9963531624389469	scored
chr22:36387809-36388409	100	1	0.9207891816330858	scored
chr22:19432132-19432732	100	1	0.9995774035342471	scored
chr22:39319376-39319976	100	1	0.9962142203660574	scored
chr22:38033333-38033933	100	1	0.9726725738526967	scored
chr22:23145067-23145667	100	1	0.989867781883713	scored
chr22:24588330-24588930	100	1	0.9638762252878144	scored
chr22:43143052-43143652	100	1	0.9995583557353793	scored
chr22:37933762-37934362	100	1	0.7637908877658192	scored
chr22:21567354-21567954	100	1	0.9956612956126089	scored
chr22:24155714-24156314	100	1	0.9997187035347445	scored
chr22:41620843-41621443	100	1	0.9975839860606687	scored
chr22:31107359-31107959	100	1	0.987525047256372	scored
chr22:31970510-31971110	100	1	0.9918837251977806	scored
chr22:41976515-41977115	100	1	0.9997991423324664	scored
chr22:39519884-39520484	100	1	0.9910862085587661	scored
chr22:42270352-42270952	100	1	0.9997348265566086	scored
chr22:29766762-29767362	100	1	0.9528666801571818	scored
chr22:32528221-32528821	100	1	0.6509664435500991	scored
chr22:30802691-30803291	100	1	0.9981620085551397	scored
chr22:48702602-48703202	100	1	0.8393462848341454	scored
chr22:39291841-39292441	100	1	0.9693332722234824	scored
chr22:36776106-36776706	100	1	0.975807900792003	scored
chr22:40043969-40044569	100	1	0.9349169977624827	scored
chr22:20079863-20080463	100	1	0.999973893654726	scored
chr22:38681621-38682221	100	1	0.9993095496686667	scored
chr22:37984275-37984875	100	1	0.6342771468917575	scored
chr22:40177580-40178180	100	1	0.3404237058702051	scored
chr22:41946592-41947192	100	1	0.9906517105331472	scored
chr22:39501965-39502565	100	1	0.9706471613439455	scored
chr22:41367077-41367677	100	1	0.941551498300494	scored
chr22:41963674-41964274	100	1	0.9141334867627634	scored
chr22:37807563-37808163	100	1	0.9990059464903405	scored
chr22:41240666-41241266	100	1	0.9455153196568563	scored
chr22:46007657-46008257	100	1	0.9813718657604645	scored
chr22:41417856-41418456	100	1	0.9777575056262995	scored
chr22:30396714-30397314	100	1	0.9920032675502495	scored
chr22:43923478-43924078	100	1	0.9994390302734953	scored
chr22:32474466-32475066	100	1	0.9995012615695131	scored
chr22:31290513-31291113	100	1	0.9988442963012863	scored
chr22:42090602-42091202	100	1	0.9977209657723561	scored
chr22:42500199-42500799	100	1	0.9802157992608491	scored
chr22:38038478-38039078	100	1	0.9984109288288302	scored
chr22:19854603-19855203	100	1	0.9990443669340174	scored
chr22:35467652-35468252	100	1	0.7781528207758169	scored
chr22:38201707-38202307	100	1	0.9997654736184821	scored
chr22:17628547-17629147	100	1	0.5363625076014186	scored
chr22:20319833-20320433	100	1	0.9927240985798882	scored
chr22:50627855-50628455	100	1	0.9973820403767916	scored
chr22:23966452-23967052	100	1	0.9926020791703902	scored
chr22:50582716-50583316	100	1	0.9998363934468179	scored
chr22:29072675-29073275	100	1	0.9972740971574372	scored
chr22:43014937-43015537	100	1	0.9981005148749871	scored
chr22:39349600-39350200	100	1	0.9998375608258017	scored
chr22:39469485-39470085	100	1	0.9868210966849326	scored
chr22:37561586-37562186	100	1	0.7465960683008183	scored
chr22:37019438-37020038	100	1	0.9975933969274234	scored
chr22:23979752-23980352	100	1	0.9919038021090621	scored
chr22:46116315-46116915	100	1	0.9730367714514271	scored
chr22:50474816-50475416	100	1	0.996306376540137	scored
chr22:30574436-30575036	100	1	0.9975222598266692	scored
chr22:31749877-31750477	100	1	0.9790309419662119	scored
chr22:41413641-41414241	100	1	0.9994756959079224	scored
chr22:30195959-30196559	100	1	0.627433226858355	scored
chr22:30667616-30668216	100	1	0.9924045547026596	scored
chr22:32534350-32534950	100	1	0.8959530621574355	scored
chr22:31192928-31193528	100	1	0.4294178378726851	scored
chr22:24247438-24248038	100	1	0.9544333471944393	scored
chr22:24952364-24952964	100	1	0.9867954656843183	scored
chr22:31753635-31754235	100	1	0.9888281342061166	scored
chr22:39283447-39284047	100	1	0.8865073982819873	scored
chr22:46053956-46054556	100	1	0.9872675307413696	scored
chr22:30289476-30290076	100	1	0.9986443652379412	scored
chr22:27642066-27642666	100	1	0.9504070375190673	scored
chr22:23894019-23894619	100	1	0.9989966220132642	scored
chr22:48651079-48651679	100	1	0.7533376157202135	scored
chr22:38181643-38182243	100	1	0.9296810368970259	scored
chr22:39463800-39464400	100	1	0.5261104420239571	scored
chr22:33920811-33921411	100	1	0.9998466015809485	scored
chr22:45671517-45672117	100	1	0.994826875996805	scored
chr22:50562652-50563252	100	1	0.9837757281738914	scored
chr22:42614682-42615282	100	1	0.9753987869499993	scored
chr22:46150093-46150693	100	1	0.9998341379756636	scored
chr22:38755784-38756384	100	1	0.9998173679257049	scored
chr22:36065603-36066203	100	1	0.9614904731039934	scored
chr22:19479443-19480043	100	1	0.9900331173605058	scored
chr22:21629776-21630376	100	1	0.980177149768915	scored
chr22:38202309-38202909	100	1	0.999708398991845	scored
chr22:39532653-39533253	100	1	0.5830411347207984	scored
chr22:33971335-33971935	100	1	0.7286553119090803	scored
chr22:38793802-38794402	100	1	0.9142138726215341	scored
chr22:32801335-32801935	100	1	0.9986603853455729	scored
chr22:45240682-45241282	100	1	0.9969202098586146	scored
chr22:50219242-50219842	100	1	0.9464337462832499	scored
chr22:48600477-48601077	100	1	0.9728742285147621	scored
chr22:46762361-46762961	100	1	0.9887221144396364	scored
chr22:17084619-17085219	100	1	0.9998257355682996	scored
chr22:21735685-21736285	100	1	0.9999055778324482	scored
chr22:39405238-39405838	100	1	0.8918451466270353	scored
chr22:49918182-49918782	100	1	0.998027392349323	scored
chr22:37999797-38000397	100	1	0.8111956200753542	scored
chr22:42070658-42071258	100	1	0.9973624043628666	scored
chr22:20495671-20496271	100	1	0.9933936294447535	scored
chr22:37752396-37752996	100	1	0.8661153097200812	scored
chr22:45268883-45269483	100	1	0.9960672588708028	scored
chr22:38700722-38701322	100	1	0.9999114216608038	scored
chr22:28883126-28883726	100	1	0.9998378031545946	scored
chr22:43151169-43151769	100	1	0.9988245633770592	scored
chr22:42369021-42369621	100	1	0.9977994031143506	scored
chr22:20496291-20496891	100	1	0.936241773594311	scored
chr22:31399250-31399850	100	1	0.999166496532925	scored
chr22:39152542-39153142	100	1	0.9991835489474369	scored
chr22:29603225-29603825	100	1	0.998547675372253	scored
chr22:30635380-30635980	100	1	0.9991632585729028	scored
chr22:31084648-31085248	100	1	0.995025892809045	scored
chr22:21867444-21868044	100	1	0.9996958729658074	scored
chr22:38570042-38570642	100	1	0.9951519418381786	scored
chr22:37968701-37969301	100	1	0.5191391019649019	scored
chr22:31080940-31081540	100	1	0.9806541405043608	scored
chr22:40370366-40370966	100	1	0.9995402788939721	scored
chr22:31313241-31313841	100	1	0.400447908656823	scored
chr22:41468764-41469364	100	1	0.9646925524552089	scored
chr22:19178592-19179192	100	1	0.9984188346773213	scored
chr22:31489613-31490213	100	1	0.9997959376030705	scored
chr22:39145542-39146142	100	1	0.9989473767542386	scored
chr22:20020746-20021346	100	1	0.9994309962846487	scored
chr22:42867621-42868221	100	1	0.19811474049502759	scored
chr22:49853465-49854065	100	1	0.9999874562619159	scored
chr22:20917022-20917622	100	1	0.9999455376805589	scored
chr22:38872001-38872601	100	1	0.9983125416001623	scored
chr22:37545851-37546451	100	1	0.9439176989485414	scored
chr22:50525494-50526094	100	1	0.9999553976553579	scored
chr22:36481805-36482405	100	1	0.9005868105974763	scored
chr22:41286042-41286642	100	1	0.9759351722212894	scored
chr22:19122246-19122846	100	1	0.9943443177259489	scored
chr22:28800334-28800934	100	1	0.9994526134859746	scored
chr22:35840245-35840845	100	1	0.6475584273421978	scored
chr22:16969772-16970372	100	1	0.1765647107763204	scored
chr22:46087765-46088365	100	1	0.9703717494136548	scored
chr22:42079333-42079933	100	1	0.9948651141036058	scored
chr22:39454243-39454843	100	1	0.9173222806798008	scored
chr22:37844069-37844669	100	1	0.9987168222238186	scored
chr22:24270535-24271135	100	1	0.9998437525054596	scored
chr22:41508590-41509190	100	1	0.9591299198505983	scored
chr22:40636435-40637035	100	1	0.9956455675070058	scored
chr22:18077652-18078252	100	1	0.9860779540224371	scored
chr22:38016429-38017029	100	1	0.979542876000205	scored
chr22:19144482-19145082	100	1	0.9789422707044751	scored
chr22:46027191-46027791	100	1	0.9998780852858155	scored
chr22:18024290-18024890	100	1	0.9965550766150633	scored
chr22:32985936-32986536	100	1	0.6867332877158916	scored
chr22:18023443-18024043	100	1	0.9955841621303849	scored
chr22:41832743-41833343	100	1	0.9932805293021768	scored
chr22:41204864-41205464	100	1	0.8964830826474754	scored
chr22:44820538-44821138	100	1	0.3166523942202712	scored
chr22:41448169-41448769	100	1	0.9679975858199598	scored
chr22:28679589-28680189	100	1	0.9998166905066987	scored
chr22:45164096-45164696	100	1	0.9953249614453354	scored
chr22:23913761-23914361	100	1	0.9705496799537396	scored
chr22:35380769-35381369	100	1	0.996900258867188	scored
chr22:38226461-38227061	100	1	0.9302369734073878	scored
chr22:29267706-29268306	100	1	0.9994351378386711	scored
chr22:31211880-31212480	100	1	0.994389978990784	scored
chr22:42649127-42649727	100	1	0.9996983023249961	scored
chr22:40950932-40951532	100	1	0.997639627484244	scored
chr22:21937887-21938487	100	1	0.9958775483602036	scored
chr22:17036904-17037504	100	1	0.9965955454878133	scored
chr22:24555016-24555616	100	1	0.8946189036549139	scored
chr22:50326801-50327401	100	1	0.9999439043087669	scored
chr22:30423823-30424423	100	1	0.982492374895563	scored
chr22:41446597-41447197	100	1	0.9956700711467201	scored
chr22:30387121-30387721	100	1	0.9981507635047027	scored
chr22:38398578-38399178	100	1	0.9995118859374863	scored
chr22:49949111-49949711	100	1	0.9717119950128063	scored
chr22:20858564-20859164	100	1	0.9985304709516191	scored
chr22:27480429-27481029	100	1	0.7868188687321832	scored
chr22:41022399-41022999	100	1	0.9648501173490895	scored
chr22:37675215-37675815	100	1	0.7304082465493131	scored
chr22:26589849-26590449	100	1	0.9956876887780172	scored
chr22:37898774-37899374	100	1	0.5761454799981532	scored
chr22:20117041-20117641	100	1	0.9999129333449657	scored
chr22:41197219-41197819	100	1	0.9999079308747026	scored
chr22:36529060-36529660	100	1	0.9967255680999639	scored
chr22:23521603-23522203	100	1	0.9988978130789906	scored
chr22:30356648-30357248	100	1	0.9986410043537988	scored
chr22:30968832-30969432	100	1	0.9997354966917916	scored
chr22:42857030-42857630	100	1	0.9997572778770696	scored
chr22:19239429-19240029	100	1	0.500474109248195	scored
chr22:36506789-36507389	100	1	0.9982746073285232	scored
chr22:46249995-46250595	100	1	0.9998437435365906	scored
chr22:30591927-30592527	100	1	0.8903515339503981	scored
chr22:40651825-40652425	100	1	0.9912759051234153	scored
chr22:45309510-45310110	100	1	0.999853863987197	scored
chr22:46070754-46071354	100	1	0.9999554517583855	scored
chr22:23180181-23180781	100	1	0.9998840263182118	scored
chr22:29882775-29883375	100	1	0.9879557675278718	scored
chr22:38397946-38398546	100	1	0.9989600170170659	scored
chr22:24977396-24977996	100	1	0.6781016346561589	scored
chr22:36281830-36282430	100	1	0.8864263905959956	scored
chr22:48516960-48517560	100	1	0.818086234190828	scored
chr22:38172739-38173339	100	1	0.6056682485880533	scored
chr22:22060870-22061470	100	1	0.828688926000602	scored
chr22:30341112-30341712	100	1	0.7453415533165241	scored
chr22:50507626-50508226	100	1	0.9998105858501486	scored
chr22:30255687-30256287	100	1	0.6536027606063838	scored
chr22:43955126-43955726	100	1	0.997024880789241	scored
chr22:31496163-31496763	100	1	0.9938317792298349	scored
chr22:17171279-17171879	100	1	0.9997854312291033	scored
chr22:24592845-24593445	100	1	0.988368536222275	scored
chr22:23768144-23768744	100	1	0.9954371129891462	scored
chr22:35257158-35257758	100	1	0.9948344711254294	scored
chr22:20981683-20982283	100	1	0.9998366395391988	scored
chr22:23960979-23961579	100	1	0.9972896998728852	scored
chr22:42553460-42554060	100	1	0.9980639369912249	scored
chr22:19970422-19971022	100	1	0.63900998860103	scored
chr22:17866092-17866692	100	1	0.8647111590948195	scored
chr22:43187346-43187946	100	1	0.9962499899236679	scored
chr22:31345764-31346364	100	1	0.9998155184592692	scored
chr22:50244731-50245331	100	1	0.99740174781707	scored
chr22:35399676-35400276	100	1	0.9954823518951424	scored
chr22:46035626-46036226	100	1	0.9997708580128659	scored
chr22:39040536-39041136	100	1	0.9548584896633816	scored
chr22:44498048-44498648	100	1	0.9964956070594249	scored
chr22:28442066-28442666	100	1	0.9284515186771454	scored
chr22:32796781-32797381	100	1	0.6523932214168956	scored
chr22:23128244-23128844	100	1	0.736087631272561	scored
chr22:50342926-50343526	100	1	0.9977486590680159	scored
chr22:27267148-27267748	100	0	0.19356754422160377	scored
chr22:32846239-32846839	100	0	0.07823419540400287	scored
chr22:30910389-30910989	100	0	0.22966614853240422	scored
chr22:47301888-47302488	100	0	0.3662405721744956	scored
chr22:27973459-27974059	100	0	0.11681190545573455	scored
chr22:42384798-42385398	100	0	0.5282438820527458	scored
chr22:47440850-47441450	100	0	0.042194219974495066	scored
chr22:30775901-30776501	100	0	0.021558140486668143	scored
chr22:44699511-44700111	100	0	0.5415946195077562	scored
chr22:44450866-44451466	100	0	0.1691256197353697	scored
chr22:24807090-24807690	100	0	0.10149039940834943	scored
chr22:22183768-22184368	100	0	0.43150929802106297	scored
chr22:39371269-39371869	100	0	0.14974010117754416	scored
chr22:37829671-37830271	100	0	0.3038166013032754	scored
chr22:34015232-34015832	100	0	0.17988763457812584	scored
chr22:39593048-39593648	100	0	0.5406149414455997	scored
chr22:47284674-47285274	100	0	0.27557412090700534	scored
chr22:42141660-42142260	100	0	0.3204980576962757	scored
chr22:43244349-43244949	100	0	0.8793627559590255	scored
chr22:47286343-47286943	100	0	0.027909629698057544	scored
chr22:48013324-48013924	100	0	0.06245314419767961	scored
chr22:19976661-19977261	100	0	0.062356693072127475	scored
chr22:44650089-44650689	100	0	0.2738839101089705	scored
chr22:44324983-44325583	100	0	0.4796119411633932	scored
chr22:28657276-28657876	100	0	0.008243559122831128	scored
chr22:47868122-47868722	100	0	0.01633669227808065	scored
chr22:50231665-50232265	100	0	0.11626810137353806	scored
chr22:45424067-45424667	100	0	0.8816056668782548	scored
chr22:15909732-15910332	100	0	0.03591971458170172	scored
chr22:46698828-46699428	100	0	0.6611072374053671	scored
chr22:46754826-46755426	100	0	0.03863386781991416	scored
chr22:15230840-15231440	100	0	0.19102303568659046	scored
chr22:32189249-32189849	100	0	0.0971163286059288	scored
chr22:39766843-39767443	100	0	0.06575517022732454	scored
chr22:16495707-16496307	100	0	0.0109297938283896	scored
chr22:28051767-28052367	100	0	0.3492284212470867	scored
chr22:48981779-48982379	100	0	0.2830397938448665	scored
chr22:26876857-26877457	100	0	0.007038371351897104	scored
chr22:23139648-23140248	100	0	0.03605665036520611	scored
chr22:46204461-46205061	100	0	0.011249639684919628	scored
chr22:34499344-34499944	100	0	0.019711351290178303	scored
chr22:48806308-48806908	100	0	0.846585162997588	scored
chr22:38903557-38904157	100	0	0.02116453125616939	scored
chr22:27419773-27420373	100	0	0.3215404821804748	scored
chr22:22355035-22355635	100	0	0.12647690967405117	scored
chr22:42125410-42126010	100	0	0.6483559495711079	scored
chr22:31470568-31471168	100	0	0.04529619651710245	scored
chr22:27589240-27589840	100	0	0.27530828931232626	scored
chr22:33899358-33899958	100	0	0.906068011780245	scored
chr22:32152439-32153039	100	0	0.10478678678339018	scored
chr22:23816410-23817010	100	0	0.19822396493453442	scored
chr22:29452494-29453094	100	0	0.04302060658391241	scored
chr22:26072440-26073040	100	0	0.18585238966448464	scored
chr22:40094149-40094749	100	0	0.12530323405297952	scored
chr22:20885018-20885618	100	0	0.28723848003403235	scored
chr22:47857130-47857730	100	0	0.013250118387226463	scored
chr22:33533258-33533858	100	0	0.2876593935512699	scored
chr22:19059605-19060205	100	0	0.6744212127658712	scored
chr22:16143225-16143825	100	0	0.027797380663923968	scored
chr22:25013483-25014083	100	0	0.2346898328931716	scored
chr22:45625811-45626411	100	0	0.643330000988184	scored
chr22:19328407-19329007	100	0	0.05111367063300346	scored
chr22:25400967-25401567	100	0	0.2875784611810896	scored
chr22:28931635-28932235	100	0	0.014102905415134662	scored
chr22:30836675-30837275	100	0	0.05001090637343286	scored
chr22:17487317-17487917	100	0	0.06500306767764358	scored
chr22:34058415-34059015	100	0	0.08046291576046234	scored
chr22:41909863-41910463	100	0	0.9998524584868657	scored
chr22:38919970-38920570	100	0	0.008498919041718053	scored
chr22:30679023-30679623	100	0	0.8812091843395291	scored
chr22:49276378-49276978	100	0	0.4131197158455979	scored
chr22:29057557-29058157	100	0	0.01214477352565369	scored
chr22:29403646-29404246	100	0	0.5105821317691449	scored
chr22:26848112-26848712	100	0	0.909404824110652	scored
chr22:48388551-48389151	100	0	0.025007669178709616	scored
chr22:28776350-28776950	100	0	0.31187431571229945	scored
chr22:39930297-39930897	100	0	0.06201152334506099	scored
chr22:50456042-50456642	100	0	0.9064747890543305	scored
chr22:48392640-48393240	100	0	0.869353120797927	scored
chr22:49694119-49694719	100	0	0.2189825923161115	scored
chr22:42004842-42005442	100	0	0.017134235589827393	scored
chr22:16919502-16920102	100	0	0.12194605493261788	scored
chr22:25599271-25599871	100	0	0.04019496105922706	scored
chr22:16189678-16190278	100	0	0.018961570030761574	scored
chr22:48697024-48697624	100	0	7.782385744792953e-06	scored
chr22:33837849-33838449	100	0	0.15436387624975356	scored
chr22:42654569-42655169	100	0	0.2056000850022961	scored
chr22:16243630-16244230	100	0	0.019959467888051127	scored
chr22:36478743-36479343	100	0	0.12542399356190964	scored
chr22:49320820-49321420	100	0	0.5965202139917994	scored
chr22:15798258-15798858	100	0	0.023474586704431276	scored
chr22:16596121-16596721	100	0	0.31012728443863374	scored
chr22:16011037-16011637	100	0	0.25453553070472784	scored
chr22:24308482-24309082	100	0	0.2692865669357403	scored
chr22:16719084-16719684	100	0	0.01156220659281336	scored
chr22:28295567-28296167	100	0	0.024430484995662874	scored
chr22:27568528-27569128	100	0	0.09743003261153188	scored
chr22:15568618-15569218	100	0	0.028133313407432647	scored
chr22:49532537-49533137	100	0	0.6096884598477269	scored
chr22:15928854-15929454	100	0	0.03778710620833748	scored
chr22:49244368-49244968	100	0	0.3319096963311006	scored
chr22:49450234-49450834	100	0	0.4669896162102001	scored
chr22:19196715-19197315	100	0	0.49599272197314653	scored
chr22:20971020-20971620	100	0	0.15487044769568573	scored
chr22:45475663-45476263	100	0	0.8836584435606927	scored
chr22:23754209-23754809	100	0	0.19956054960686787	scored
chr22:17903830-17904430	100	0	0.5612501128026528	scored
chr22:47639740-47640340	100	0	0.037653762272254164	scored
chr22:25131394-25131994	100	0	0.16028337615450716	scored
chr22:46356980-46357580	100	0	0.8882860131396008	scored
chr22:46139633-46140233	100	0	0.8877671624207982	scored
chr22:16852388-16852988	100	0	0.05385749077771912	scored
chr22:38874452-38875052	100	0	0.00869695357177248	scored
chr22:19600931-19601531	100	0	0.3908596875761388	scored
chr22:39559685-39560285	100	0	0.847540037467985	scored
chr22:26744885-26745485	100	0	0.07259076843566602	scored
chr22:35347234-35347834	100	0	0.8324951688921105	scored
chr22:43148586-43149186	100	0	0.4960899891764343	scored
chr22:27575060-27575660	100	0	0.2611437662117926	scored
chr22:22604296-22604896	100	0	0.35269239206753356	scored
chr22:16769838-16770438	100	0	0.05548733086049857	scored
chr22:37883535-37884135	100	0	0.11356577285577142	scored
chr22:37294771-37295371	100	0	0.7602339053574044	scored
chr22:44732863-44733463	100	0	0.7228524494334077	scored
chr22:37579696-37580296	100	0	0.6788247725924811	scored
chr22:30092875-30093475	100	0	0.07378247830815089	scored
chr22:22586748-22587348	100	0	0.022290472716157115	scored
chr22:41346712-41347312	100	0	0.811040330395672	scored
chr22:47336978-47337578	100	0	0.753620299622427	scored
chr22:29609489-29610089	100	0	0.0335431495636478	scored
chr22:35926689-35927289	100	0	0.04172339368322278	scored
chr22:48504351-48504951	100	0	0.5307326060172514	scored
chr22:46429893-46430493	100	0	0.6098002459205031	scored
chr22:33236064-33236664	100	0	0.4214511941155478	scored
chr22:50621811-50622411	100	0	0.6995751433999632	scored
chr22:35831691-35832291	100	0	0.011024418712387537	scored
chr22:19507031-19507631	100	0	0.47231424093849694	scored
chr22:34601884-34602484	100	0	0.01137176107042179	scored
chr22:20749475-20750075	100	0	0.11319366114135584	scored
chr22:36230007-36230607	100	0	0.16211649836714995	scored
chr22:22219763-22220363	100	0	0.2033339805895595	scored
chr22:25479066-25479666	100	0	0.0038461197160520382	scored
chr22:47755315-47755915	100	0	0.0917494109826792	scored
chr22:42679341-42679941	100	0	0.02384265717992104	scored
chr22:17024576-17025176	100	0	0.25600073623917147	scored
chr22:20209294-20209894	100	0	0.3505617202214083	scored
chr22:16806499-16807099	100	0	0.007581930628902666	scored
chr22:48477903-48478503	100	0	0.3428505736296278	scored
chr22:20878849-20879449	100	0	0.02916971645323191	scored
chr22:10524859-10525459	100	0	0.21257121670086068	scored
chr22:27549194-27549794	100	0	0.0652483215075878	scored
chr22:40906536-40907136	100	0	0.012949490033165815	scored
chr22:33228683-33229283	100	0	0.034932570100532224	scored
chr22:40613657-40614257	100	0	0.017097217536248627	scored
chr22:15599343-15599943	100	0	0.04692122362778218	scored
chr22:22616204-22616804	100	0	0.41843763155854297	scored
chr22:26259781-26260381	100	0	0.012344090712063308	scored
chr22:27116187-27116787	100	0	0.06382882526094974	scored
chr22:16000632-16001232	100	0	0.3524945779704672	scored
chr22:26521868-26522468	100	0	0.06643480386312765	scored
chr22:26763316-26763916	100	0	0.21482398118431584	scored
chr22:45745571-45746171	100	0	0.027444095248756056	scored
chr22:15394706-15395306	100	0	0.8794437294535287	scored
chr22:43639120-43639720	100	0	0.17316184055284362	scored
chr22:23865140-23865740	100	0	0.10171985886839718	scored
chr22:45273001-45273601	100	0	0.7453189938742841	scored
chr22:38790195-38790795	100	0	0.08140472831522086	scored
chr22:47875907-47876507	100	0	0.06757682186556555	scored
chr22:50095965-50096565	100	0	0.4993243782119141	scored
chr22:24410095-24410695	100	0	0.07156264055751094	scored
chr22:37572351-37572951	100	0	0.06588369851763286	scored
chr22:22937599-22938199	100	0	0.021864325598414423	scored
chr22:15338139-15338739	100	0	0.01411381826483207	scored
chr22:32385583-32386183	100	0	0.17830462586501553	scored
chr22:30033791-30034391	100	0	0.33743916355670744	scored
chr22:32196976-32197576	100	0	0.13901684766401268	scored
chr22:28503235-28503835	100	0	0.048552447751645335	scored
chr22:35191304-35191904	100	0	0.18450153344609618	scored
chr22:50256733-50257333	100	0	0.7612711347686927	scored
chr22:16918601-16919201	100	0	0.05449611799421445	scored
chr22:22417390-22417990	100	0	0.19758036902605053	scored
chr22:43813989-43814589	100	0	0.1459730321852591	scored
chr22:24113092-24113692	100	0	0.4665239172344786	scored
chr22:21924721-21925321	100	0	0.05475207612827776	scored
chr22:17070480-17071080	100	0	0.009793352863982382	scored
chr22:39551380-39551980	100	0	0.3591945972694634	scored
chr22:20106833-20107433	100	0	0.8525705837908203	scored
chr22:43171592-43172192	100	0	0.2944404446075244	scored
chr22:23586079-23586679	100	0	0.014707786492877085	scored
chr22:22804665-22805265	100	0	0.013127212714665194	scored
chr22:16935172-16935772	100	0	0.12271994663259046	scored
chr22:47244470-47245070	100	0	0.16098105313954178	scored
chr22:22883618-22884218	100	0	0.08014476115511938	scored
chr22:42691638-42692238	100	0	0.6259839856505794	scored
chr22:47370130-47370730	100	0	0.01853338908356877	scored
chr22:34925103-34925703	100	0	0.06696549878553726	scored
chr22:20880793-20881393	100	0	0.27383697191972134	scored
chr22:41985163-41985763	100	0	0.07755151839142008	scored
chr22:33249643-33250243	100	0	0.049769244268626715	scored
chr22:23944455-23945055	100	0	0.016146408098444292	scored
chr22:46282798-46283398	100	0	0.10713753413278627	scored
chr22:45030384-45030984	100	0	0.05631083748888256	scored
chr22:17049115-17049715	100	0	0.008268105573014918	scored
chr22:46182955-46183555	100	0	0.32251454287742426	scored
chr22:33749978-33750578	100	0	0.3439187345103727	scored
chr22:48633186-48633786	100	0	0.5501910630452809	scored
chr22:47098889-47099489	100	0	0.9162448460116568	scored
chr22:45592411-45593011	100	0	0.32960266774277236	scored
chr22:48926907-48927507	100	0	0.21608866955286454	scored
chr22:23897673-23898273	100	0	0.1391610199677114	scored
chr22:32963437-32964037	100	0	0.14414293698622696	scored
chr22:26907227-26907827	100	0	0.06488216931596923	scored
chr22:28004517-28005117	100	0	0.8837365397462372	scored
chr22:45185070-45185670	100	0	0.25383553006668647	scored
chr22:45462119-45462719	100	0	0.35326117292554254	scored
chr22:23842160-23842760	100	0	0.46558614573024243	scored
chr22:33476874-33477474	100	0	0.6523486087993855	scored
chr22:36883840-36884440	100	0	0.28654173587408976	scored
chr22:19193855-19194455	100	0	0.21898959845105867	scored
chr22:30016842-30017442	100	0	0.36480956418980603	scored
chr22:27448138-27448738	100	0	0.05782707572660052	scored
chr22:34359027-34359627	100	0	0.021322217640293687	scored
chr22:37028752-37029352	100	0	0.05555199020209896	scored
chr22:40456639-40457239	100	0	0.016350732757331874	scored
chr22:29056213-29056813	100	0	0.08231989713656444	scored
chr22:30600288-30600888	100	0	0.05147295745871538	scored
chr22:16873302-16873902	100	0	0.14722421722052711	scored
chr22:48307919-48308519	100	0	0.47807371768102697	scored
chr22:31225458-31226058	100	0	0.07950204304545441	scored
chr22:31962365-31962965	100	0	0.14339440345960391	scored
chr22:32560737-32561337	100	0	0.513072345307464	scored
chr22:50270597-50271197	100	0	0.9561263117486224	scored
chr22:10555426-10556026	100	0	0.011068529375385836	scored
chr22:24231737-24232337	100	0	0.3128366264755433	scored
chr22:49420647-49421247	100	0	0.46482553254336	scored
chr22:43546734-43547334	100	0	0.09458920825672461	scored
chr22:48172409-48173009	100	0	0.03526008391594872	scored
chr22:22173600-22174200	100	0	0.07102922492409851	scored
chr22:16595010-16595610	100	0	0.29849338580815526	scored
chr22:25103391-25103991	100	0	0.03905253879188561	scored
chr22:20390793-20391393	100	0	0.027272226677834677	scored
chr22:50103528-50104128	100	0	0.045900767594469684	scored
chr22:17416670-17417270	100	0	0.0287750885016728	scored
chr22:36769569-36770169	100	0	0.8157643462459863	scored
chr22:20307085-20307685	100	0	0.10799030971730628	scored
chr22:24893431-24894031	100	0	0.10067242335885102	scored
chr22:30299698-30300298	100	0	0.03809561960247374	scored
chr22:21704911-21705511	100	0	0.5611918406451987	scored
chr22:31109440-31110040	100	0	0.1854400311769675	scored
chr22:39702207-39702807	100	0	0.34186999531609763	scored
chr22:48653301-48653901	100	0	0.9063588784226929	scored
chr22:23116684-23117284	100	0	0.3482683648305782	scored
chr22:49071290-49071890	100	0	0.3896360193931269	scored
chr22:47611882-47612482	100	0	0.1026036152395379	scored
chr22:49197983-49198583	100	0	0.5332032866404021	scored
chr22:24843271-24843871	100	0	0.1822249371315445	scored
chr22:42278048-42278648	100	0	0.9466568198803206	scored
chr22:17135641-17136241	100	0	0.1198104664115145	scored
chr22:33807506-33808106	100	0	0.22790098348256094	scored
chr22:48604051-48604651	100	0	0.43747646548144475	scored
chr22:44561324-44561924	100	0	0.02242745442896929	scored
chr22:31493738-31494338	100	0	0.0989851868920843	scored
chr22:41243861-41244461	100	0	0.02040204508170145	scored
chr22:48935076-48935676	100	0	0.20848707705604683	scored
chr22:43746317-43746917	100	0	0.22418638856036285	scored
chr22:46347031-46347631	100	0	0.16098726514663989	scored
chr22:27845661-27846261	100	0	0.18089659983371162	scored
chr22:30052920-30053520	100	0	0.12179065019014733	scored
chr22:49017109-49017709	100	0	0.6397069712771807	scored
chr22:11916635-11917235	100	0	0.2414227676874417	scored
chr22:28601245-28601845	100	0	0.07889271105716196	scored
chr22:48752298-48752898	100	0	0.4807456168452681	scored
chr22:38210941-38211541	100	0	0.5707835625089424	scored
chr22:31127412-31128012	100	0	0.2503410718008269	scored
chr22:30010387-30010987	100	0	0.09182321673878742	scored
chr22:27136932-27137532	100	0	0.2293299338964746	scored
chr22:39027557-39028157	100	0	0.7529301682009362	scored
chr22:16504188-16504788	100	0	0.09568821360174641	scored
chr22:42915402-42916002	100	0	0.20184144813169463	scored
chr22:31936933-31937533	100	0	0.1621408408758691	scored
chr22:28012961-28013561	100	0	0.32075527283365696	scored
chr22:43783372-43783972	100	0	0.10621794904648502	scored
chr22:43708521-43709121	100	0	0.07406811578687936	scored
chr22:33340689-33341289	100	0	0.36224823936298184	scored
chr22:41323829-41324429	100	0	0.4203611438060794	scored
chr22:33309274-33309874	100	0	0.19964715545128287	scored
chr22:34752318-34752918	100	0	0.5849886237221391	scored
chr22:22911646-22912246	100	0	0.583152509860533	scored
chr22:36497398-36497998	100	0	0.632360623251269	scored
chr22:27437085-27437685	100	0	0.028092889777733727	scored
chr22:45135090-45135690	100	0	0.07881274769656603	scored
chr22:18132276-18132876	100	0	0.10193338732216403	scored
chr22:33645760-33646360	100	0	0.42917254970350266	scored
chr22:35128264-35128864	100	0	0.05137531301374211	scored
chr22:26084851-26085451	100	0	0.04845215531875155	scored
chr22:49711175-49711775	100	0	0.6367652395381979	scored
chr22:43737601-43738201	100	0	0.00023024313879106787	scored
chr22:22020052-22020652	100	0	0.4905294451464197	scored
chr22:42151666-42152266	100	0	0.9087952570642335	scored
chr22:25586973-25587573	100	0	0.040804403794538834	scored
chr22:48348596-48349196	100	0	0.25485771296276377	scored
chr22:29165276-29165876	100	0	0.5813728210865613	scored
chr22:40756268-40756868	100	0	0.035534027686477086	scored
chr22:32506164-32506764	100	0	0.30057691365877554	scored
chr22:16193690-16194290	100	0	0.004567992260611271	scored
